model,k,x,p_yes,p_no,sum,is_correct,p_err
Qwen/Qwen3-4B-instruct-2507,1,1,0.9999997615814777,6.023573837886479e-08,0.9999998218172161,True,2.3841852225814364e-07
Qwen/Qwen3-4B-instruct-2507,1,2,0.9999998807907247,2.510999155743982e-08,0.9999999059007162,True,1.1920927533992653e-07
Qwen/Qwen3-4B-instruct-2507,1,3,0.9999998807907247,1.9555681087850496e-08,0.9999999003464057,True,1.1920927533992653e-07
Qwen/Qwen3-4B-instruct-2507,1,4,0.9999998807907247,1.3440409951135022e-08,0.9999998942311346,True,1.1920927533992653e-07
Qwen/Qwen3-4B-instruct-2507,1,5,0.9999998807907247,1.7257827987960214e-08,0.9999998980485526,True,1.1920927533992653e-07
Qwen/Qwen3-4B-instruct-2507,1,6,0.9999998807907247,1.186112015134383e-08,0.9999998926518449,True,1.1920927533992653e-07
Qwen/Qwen3-4B-instruct-2507,1,7,0.9999998807907247,1.7257827987960214e-08,0.9999998980485526,True,1.1920927533992653e-07
Qwen/Qwen3-4B-instruct-2507,1,8,0.9999998807907247,2.215948977336598e-08,0.9999999029502145,True,1.1920927533992653e-07
Qwen/Qwen3-4B-instruct-2507,1,9,0.9999998807907247,1.3440409951135022e-08,0.9999998942311346,True,1.1920927533992653e-07
Qwen/Qwen3-4B-instruct-2507,1,10,0.9999998807907247,1.7257827987960214e-08,0.9999998980485526,True,1.1920927533992653e-07
Qwen/Qwen3-4B-instruct-2507,1,11,0.9999998807907247,1.3440409951135022e-08,0.9999998942311346,True,1.1920927533992653e-07
Qwen/Qwen3-4B-instruct-2507,1,12,0.9999998807907247,1.522997974471263e-08,0.9999998960207044,True,1.1920927533992653e-07
Qwen/Qwen3-4B-instruct-2507,1,13,0.9999998807907247,1.522997974471263e-08,0.9999998960207044,True,1.1920927533992653e-07
Qwen/Qwen3-4B-instruct-2507,1,14,0.9999998807907247,1.522997974471263e-08,0.9999998960207044,True,1.1920927533992653e-07
Qwen/Qwen3-4B-instruct-2507,1,15,0.9999998807907247,1.3440409951135022e-08,0.9999998942311346,True,1.1920927533992653e-07
Qwen/Qwen3-4B-instruct-2507,1,16,0.9999998807907247,1.522997974471263e-08,0.9999998960207044,True,1.1920927533992653e-07
Qwen/Qwen3-4B-instruct-2507,1,17,0.9999998807907247,1.3440409951135022e-08,0.9999998942311346,True,1.1920927533992653e-07
Qwen/Qwen3-4B-instruct-2507,1,18,0.9999998807907247,1.3440409951135022e-08,0.9999998942311346,True,1.1920927533992653e-07
Qwen/Qwen3-4B-instruct-2507,1,19,0.9999998807907247,1.3440409951135022e-08,0.9999998942311346,True,1.1920927533992653e-07
Qwen/Qwen3-4B-instruct-2507,1,20,0.9999998807907247,1.3440409951135022e-08,0.9999998942311346,True,1.1920927533992653e-07
Qwen/Qwen3-4B-instruct-2507,1,21,0.9999998807907247,9.237449661970594e-09,0.9999998900281744,True,1.1920927533992653e-07
Qwen/Qwen3-4B-instruct-2507,1,22,0.9999998807907247,1.0467401794744658e-08,0.9999998912581265,True,1.1920927533992653e-07
Qwen/Qwen3-4B-instruct-2507,1,23,0.9999998807907247,1.3440409951135022e-08,0.9999998942311346,True,1.1920927533992653e-07
Qwen/Qwen3-4B-instruct-2507,1,24,0.9999998807907247,1.0467401794744658e-08,0.9999998912581265,True,1.1920927533992653e-07
Qwen/Qwen3-4B-instruct-2507,1,25,0.9999998807907247,1.3440409951135022e-08,0.9999998942311346,True,1.1920927533992653e-07
Qwen/Qwen3-4B-instruct-2507,1,26,0.9999998807907247,1.186112015134383e-08,0.9999998926518449,True,1.1920927533992653e-07
Qwen/Qwen3-4B-instruct-2507,1,27,0.9999998807907247,1.3440409951135022e-08,0.9999998942311346,True,1.1920927533992653e-07
Qwen/Qwen3-4B-instruct-2507,1,28,0.9999998807907247,1.0467401794744658e-08,0.9999998912581265,True,1.1920927533992653e-07
Qwen/Qwen3-4B-instruct-2507,1,29,0.9999998807907247,1.186112015134383e-08,0.9999998926518449,True,1.1920927533992653e-07
Qwen/Qwen3-4B-instruct-2507,1,30,0.9999998807907247,1.186112015134383e-08,0.9999998926518449,True,1.1920927533992653e-07
Qwen/Qwen3-4B-instruct-2507,1,31,0.9999998807907247,1.186112015134383e-08,0.9999998926518449,True,1.1920927533992653e-07
Qwen/Qwen3-4B-instruct-2507,1,32,0.9999998807907247,1.186112015134383e-08,0.9999998926518449,True,1.1920927533992653e-07
Qwen/Qwen3-4B-instruct-2507,1,33,0.9999998807907247,1.186112015134383e-08,0.9999998926518449,True,1.1920927533992653e-07
Qwen/Qwen3-4B-instruct-2507,1,34,0.9999998807907247,1.0467401794744658e-08,0.9999998912581265,True,1.1920927533992653e-07
Qwen/Qwen3-4B-instruct-2507,1,35,0.9999998807907247,9.237449661970594e-09,0.9999998900281744,True,1.1920927533992653e-07
Qwen/Qwen3-4B-instruct-2507,1,36,0.9999998807907247,1.0467401794744658e-08,0.9999998912581265,True,1.1920927533992653e-07
Qwen/Qwen3-4B-instruct-2507,1,37,0.9999998807907247,1.186112015134383e-08,0.9999998926518449,True,1.1920927533992653e-07
Qwen/Qwen3-4B-instruct-2507,1,38,0.9999998807907247,1.0467401794744658e-08,0.9999998912581265,True,1.1920927533992653e-07
Qwen/Qwen3-4B-instruct-2507,1,39,0.9999998807907247,8.152020714470167e-09,0.9999998889427454,True,1.1920927533992653e-07
Qwen/Qwen3-4B-instruct-2507,1,40,0.9999998807907247,1.0467401794744658e-08,0.9999998912581265,True,1.1920927533992653e-07
Qwen/Qwen3-4B-instruct-2507,1,41,0.9999998807907247,9.237449661970594e-09,0.9999998900281744,True,1.1920927533992653e-07
Qwen/Qwen3-4B-instruct-2507,1,42,0.9999998807907247,7.194133030325383e-09,0.9999998879848577,True,1.1920927533992653e-07
Qwen/Qwen3-4B-instruct-2507,1,43,0.9999998807907247,9.237449661970594e-09,0.9999998900281744,True,1.1920927533992653e-07
Qwen/Qwen3-4B-instruct-2507,1,44,0.9999998807907247,7.194133030325383e-09,0.9999998879848577,True,1.1920927533992653e-07
Qwen/Qwen3-4B-instruct-2507,1,45,0.9999998807907247,8.152020714470167e-09,0.9999998889427454,True,1.1920927533992653e-07
Qwen/Qwen3-4B-instruct-2507,1,46,0.9999998807907247,6.34880011604368e-09,0.9999998871395248,True,1.1920927533992653e-07
Qwen/Qwen3-4B-instruct-2507,1,47,0.9999998807907247,7.194133030325383e-09,0.9999998879848577,True,1.1920927533992653e-07
Qwen/Qwen3-4B-instruct-2507,1,48,0.9999998807907247,7.194133030325383e-09,0.9999998879848577,True,1.1920927533992653e-07
Qwen/Qwen3-4B-instruct-2507,1,49,0.9999998807907247,9.237449661970594e-09,0.9999998900281744,True,1.1920927533992653e-07
Qwen/Qwen3-4B-instruct-2507,1,50,0.9999998807907247,1.0467401794744658e-08,0.9999998912581265,True,1.1920927533992653e-07
Qwen/Qwen3-4B-instruct-2507,1,51,0.9999998807907247,9.237449661970594e-09,0.9999998900281744,True,1.1920927533992653e-07
Qwen/Qwen3-4B-instruct-2507,1,52,0.9999998807907247,8.152020714470167e-09,0.9999998889427454,True,1.1920927533992653e-07
Qwen/Qwen3-4B-instruct-2507,1,53,0.9999998807907247,9.237449661970594e-09,0.9999998900281744,True,1.1920927533992653e-07
Qwen/Qwen3-4B-instruct-2507,1,54,0.9999998807907247,9.237449661970594e-09,0.9999998900281744,True,1.1920927533992653e-07
Qwen/Qwen3-4B-instruct-2507,1,55,0.9999998807907247,8.152020714470167e-09,0.9999998889427454,True,1.1920927533992653e-07
Qwen/Qwen3-4B-instruct-2507,2,1,2.382362851497276e-07,0.9999974966112362,0.9999977348475213,False,2.5033887638414853e-06
Qwen/Qwen3-4B-instruct-2507,2,2,0.9999998807907247,4.691164021834418e-08,0.9999999277023649,True,1.1920927533992653e-07
Qwen/Qwen3-4B-instruct-2507,2,3,2.215948977336598e-08,0.9999995231630692,0.999999545322559,False,4.7683693082944956e-07
Qwen/Qwen3-4B-instruct-2507,2,4,0.9999998807907247,3.2241867372567335e-08,0.9999999130325921,True,1.1920927533992653e-07
Qwen/Qwen3-4B-instruct-2507,2,5,1.522997974471263e-08,0.9999995231630692,0.9999995383930489,False,4.7683693082944956e-07
Qwen/Qwen3-4B-instruct-2507,2,6,0.9999997615814777,4.139937718785167e-08,0.9999998029808549,True,2.3841852225814364e-07
Qwen/Qwen3-4B-instruct-2507,2,7,1.522997974471263e-08,0.9999992847447459,0.9999992999747256,False,7.152552541356272e-07
Qwen/Qwen3-4B-instruct-2507,2,8,0.9999998807907247,2.215948977336598e-08,0.9999999029502145,True,1.1920927533992653e-07
Qwen/Qwen3-4B-instruct-2507,2,9,1.3440409951135022e-08,0.9999996423722521,0.999999655812662,False,3.5762774786007867e-07
Qwen/Qwen3-4B-instruct-2507,2,10,0.9999998807907247,2.510999155743982e-08,0.9999999059007162,True,1.1920927533992653e-07
Qwen/Qwen3-4B-instruct-2507,2,11,2.8453348089834e-08,0.9999994039539004,0.9999994324072485,False,5.960460995879657e-07
Qwen/Qwen3-4B-instruct-2507,2,12,0.9999998807907247,2.215948977336598e-08,0.9999999029502145,True,1.1920927533992653e-07
Qwen/Qwen3-4B-instruct-2507,2,13,1.9555681087850496e-08,0.9999996423722521,0.9999996619279332,False,3.5762774786007867e-07
Qwen/Qwen3-4B-instruct-2507,2,14,0.9999998807907247,3.2241867372567335e-08,0.9999999130325921,True,1.1920927533992653e-07
Qwen/Qwen3-4B-instruct-2507,2,15,1.522997974471263e-08,0.9999996423722521,0.9999996576022319,False,3.5762774786007867e-07
Qwen/Qwen3-4B-instruct-2507,2,16,0.9999998807907247,1.522997974471263e-08,0.9999998960207044,True,1.1920927533992653e-07
Qwen/Qwen3-4B-instruct-2507,2,17,1.9555681087850496e-08,0.9999996423722521,0.9999996619279332,False,3.5762774786007867e-07
Qwen/Qwen3-4B-instruct-2507,2,18,0.9999998807907247,3.6534822137210456e-08,0.9999999173255468,True,1.1920927533992653e-07
Qwen/Qwen3-4B-instruct-2507,2,19,1.3440409951135022e-08,0.9999996423722521,0.999999655812662,False,3.5762774786007867e-07
Qwen/Qwen3-4B-instruct-2507,2,20,0.9999998807907247,2.8453348089834e-08,0.9999999092440728,True,1.1920927533992653e-07
Qwen/Qwen3-4B-instruct-2507,2,21,1.1253517471925912e-07,0.9999990463265931,0.9999991588617678,False,9.536734069115482e-07
Qwen/Qwen3-4B-instruct-2507,2,22,0.9999997615814777,4.139937718785167e-08,0.9999998029808549,True,2.3841852225814364e-07
Qwen/Qwen3-4B-instruct-2507,2,23,1.1253517471925912e-07,0.9999994039539004,0.9999995164890751,False,5.960460995879657e-07
Qwen/Qwen3-4B-instruct-2507,2,24,0.9999998807907247,1.3440409951135022e-08,0.9999998942311346,True,1.1920927533992653e-07
Qwen/Qwen3-4B-instruct-2507,2,25,5.315775115378354e-08,0.9999988079084972,0.9999988610662484,False,1.1920915028440504e-06
Qwen/Qwen3-4B-instruct-2507,2,26,0.9999998807907247,2.510999155743982e-08,0.9999999059007162,True,1.1920927533992653e-07
Qwen/Qwen3-4B-instruct-2507,2,27,2.8453348089834e-08,0.9999991655356624,0.9999991939890105,False,8.344643376290151e-07
Qwen/Qwen3-4B-instruct-2507,2,28,0.9999998807907247,1.9555681087850496e-08,0.9999999003464057,True,1.1920927533992653e-07
Qwen/Qwen3-4B-instruct-2507,2,29,6.82560337633487e-08,0.9999994039539004,0.9999994722099341,False,5.960460995879657e-07
Qwen/Qwen3-4B-instruct-2507,2,30,0.9999997615814777,7.734421907141565e-08,0.9999998389256968,True,2.3841852225814364e-07
Qwen/Qwen3-4B-instruct-2507,2,31,2.8453348089834e-08,0.9999996423722521,0.9999996708256003,False,3.5762774786007867e-07
Qwen/Qwen3-4B-instruct-2507,2,32,0.9999998807907247,3.2241867372567335e-08,0.9999999130325921,True,1.1920927533992653e-07
Qwen/Qwen3-4B-instruct-2507,2,33,2.215948977336598e-08,0.9999995231630692,0.999999545322559,False,4.7683693082944956e-07
Qwen/Qwen3-4B-instruct-2507,2,34,0.9999997615814777,6.023573837886479e-08,0.9999998218172161,True,2.3841852225814364e-07
Qwen/Qwen3-4B-instruct-2507,2,35,2.510999155743982e-08,0.9999994039539004,0.9999994290638919,False,5.960460995879657e-07
Qwen/Qwen3-4B-instruct-2507,2,36,0.9999997615814777,4.139937718785167e-08,0.9999998029808549,True,2.3841852225814364e-07
Qwen/Qwen3-4B-instruct-2507,2,37,2.8453348089834e-08,0.9999996423722521,0.9999996708256003,False,3.5762774786007867e-07
Qwen/Qwen3-4B-instruct-2507,2,38,0.9999997615814777,8.764248219443636e-08,0.9999998492239599,True,2.3841852225814364e-07
Qwen/Qwen3-4B-instruct-2507,2,39,1.522997974471263e-08,0.9999996423722521,0.9999996576022319,False,3.5762774786007867e-07
Qwen/Qwen3-4B-instruct-2507,2,40,0.9999998807907247,1.522997974471263e-08,0.9999998960207044,True,1.1920927533992653e-07
Qwen/Qwen3-4B-instruct-2507,2,41,4.691164021834418e-08,0.9999995231630692,0.9999995700747094,False,4.7683693082944956e-07
Qwen/Qwen3-4B-instruct-2507,2,42,0.9999998807907247,1.9555681087850496e-08,0.9999999003464057,True,1.1920927533992653e-07
Qwen/Qwen3-4B-instruct-2507,2,43,6.82560337633487e-08,0.9999994039539004,0.9999994722099341,False,5.960460995879657e-07
Qwen/Qwen3-4B-instruct-2507,2,44,0.9999998807907247,1.186112015134383e-08,0.9999998926518449,True,1.1920927533992653e-07
Qwen/Qwen3-4B-instruct-2507,2,45,2.215948977336598e-08,0.9999994039539004,0.9999994261133902,False,5.960460995879657e-07
Qwen/Qwen3-4B-instruct-2507,2,46,0.9999998807907247,1.9555681087850496e-08,0.9999999003464057,True,1.1920927533992653e-07
Qwen/Qwen3-4B-instruct-2507,2,47,5.3157852544244216e-08,0.9999995231630692,0.9999995763209217,False,4.7683693082944956e-07
Qwen/Qwen3-4B-instruct-2507,2,48,0.9999998807907247,1.186112015134383e-08,0.9999998926518449,True,1.1920927533992653e-07
Qwen/Qwen3-4B-instruct-2507,2,49,3.6534822137210456e-08,0.9999990463265931,0.9999990828614153,False,9.536734069115482e-07
Qwen/Qwen3-4B-instruct-2507,2,50,0.9999997615814777,4.139937718785167e-08,0.9999998029808549,True,2.3841852225814364e-07
Qwen/Qwen3-4B-instruct-2507,2,51,3.6534822137210456e-08,0.9999994039539004,0.9999994404887226,False,5.960460995879657e-07
Qwen/Qwen3-4B-instruct-2507,2,52,0.9999997615814777,6.82560337633487e-08,0.9999998298375115,True,2.3841852225814364e-07
Qwen/Qwen3-4B-instruct-2507,2,53,1.9555681087850496e-08,0.9999996423722521,0.9999996619279332,False,3.5762774786007867e-07
Qwen/Qwen3-4B-instruct-2507,2,54,0.9999997615814777,6.023573837886479e-08,0.9999998218172161,True,2.3841852225814364e-07
Qwen/Qwen3-4B-instruct-2507,2,55,1.522997974471263e-08,0.9999995231630692,0.9999995383930489,False,4.7683693082944956e-07
Qwen/Qwen3-4B-instruct-2507,3,1,8.315263400842229e-07,0.9999971389852362,0.9999979705115764,False,2.861014763766434e-06
Qwen/Qwen3-4B-instruct-2507,3,2,9.931156427728716e-08,0.9999969005680498,0.9999969998796141,False,3.0994319502042345e-06
Qwen/Qwen3-4B-instruct-2507,3,3,0.9999995231630692,1.6373771305908126e-07,0.9999996869007822,True,4.7683693082944956e-07
Qwen/Qwen3-4B-instruct-2507,3,4,7.734407154916583e-08,0.9999980926550052,0.9999981699990768,False,1.907344994833693e-06
Qwen/Qwen3-4B-instruct-2507,3,5,2.2159447507533765e-08,0.999998927117538,0.9999989492769855,False,1.0728824619832267e-06
Qwen/Qwen3-4B-instruct-2507,3,6,0.9999997615814777,5.3157852544244216e-08,0.9999998147393303,True,2.3841852225814364e-07
Qwen/Qwen3-4B-instruct-2507,3,7,1.7257827987960214e-08,0.9999991655356624,0.9999991827934903,False,8.344643376290151e-07
Qwen/Qwen3-4B-instruct-2507,3,8,2.2159447507533765e-08,0.9999985694905718,0.9999985916500193,False,1.430509428246296e-06
Qwen/Qwen3-4B-instruct-2507,3,9,0.9999998807907247,2.510999155743982e-08,0.9999999059007162,True,1.1920927533992653e-07
Qwen/Qwen3-4B-instruct-2507,3,10,4.139929822488149e-08,0.9999973774024795,0.9999974188017777,False,2.6225975204852148e-06
Qwen/Qwen3-4B-instruct-2507,3,11,3.6534752452633856e-08,0.9999980926550052,0.9999981291897576,False,1.907344994833693e-06
Qwen/Qwen3-4B-instruct-2507,3,12,0.9999998807907247,3.2241867372567335e-08,0.9999999130325921,True,1.1920927533992653e-07
Qwen/Qwen3-4B-instruct-2507,3,13,3.6534752452633856e-08,0.9999983310727032,0.9999983676074556,False,1.6689272968051228e-06
Qwen/Qwen3-4B-instruct-2507,3,14,2.2159447507533765e-08,0.9999976158197796,0.9999976379792271,False,2.3841802203605766e-06
Qwen/Qwen3-4B-instruct-2507,3,15,0.9999998807907247,2.215948977336598e-08,0.9999999029502145,True,1.1920927533992653e-07
Qwen/Qwen3-4B-instruct-2507,3,16,2.2159447507533765e-08,0.9999973774024795,0.999997399561927,False,2.6225975204852148e-06
Qwen/Qwen3-4B-instruct-2507,3,17,3.6534752452633856e-08,0.9999980926550052,0.9999981291897576,False,1.907344994833693e-06
Qwen/Qwen3-4B-instruct-2507,3,18,0.9999998807907247,2.215948977336598e-08,0.9999999029502145,True,1.1920927533992653e-07
Qwen/Qwen3-4B-instruct-2507,3,19,4.691155074157667e-08,0.9999983310727032,0.999998377984254,False,1.6689272968051228e-06
Qwen/Qwen3-4B-instruct-2507,3,20,6.825577338773997e-08,0.9999970197767496,0.999997088032523,False,2.980223250403924e-06
Qwen/Qwen3-4B-instruct-2507,3,21,0.9999997615814777,3.2241867372567335e-08,0.9999997938233451,True,2.3841852225814364e-07
Qwen/Qwen3-4B-instruct-2507,3,22,3.6534682768190175e-08,0.9999970197767496,0.9999970563114323,False,2.980223250403924e-06
Qwen/Qwen3-4B-instruct-2507,3,23,3.6534752452633856e-08,0.9999984502816872,0.9999984868164397,False,1.5497183127877179e-06
Qwen/Qwen3-4B-instruct-2507,3,24,0.9999998807907247,1.9555681087850496e-08,0.9999999003464057,True,1.1920927533992653e-07
Qwen/Qwen3-4B-instruct-2507,3,25,2.2159447507533765e-08,0.9999973774024795,0.999997399561927,False,2.6225975204852148e-06
Qwen/Qwen3-4B-instruct-2507,3,26,5.315764976351624e-08,0.9999970197767496,0.9999970729343993,False,2.980223250403924e-06
Qwen/Qwen3-4B-instruct-2507,3,27,0.9999998807907247,1.522997974471263e-08,0.9999998960207044,True,1.1920927533992653e-07
Qwen/Qwen3-4B-instruct-2507,3,28,1.955564378838448e-08,0.9999971389852362,0.99999715854088,False,2.861014763766434e-06
Qwen/Qwen3-4B-instruct-2507,3,29,3.224180587614433e-08,0.9999985694905718,0.9999986017323776,False,1.430509428246296e-06
Qwen/Qwen3-4B-instruct-2507,3,30,0.9999997615814777,3.6534822137210456e-08,0.9999997981162999,True,2.3841852225814364e-07
Qwen/Qwen3-4B-instruct-2507,3,31,5.422207002319895e-06,0.9999921322487634,0.9999975544557657,False,7.8677512366232e-06
Qwen/Qwen3-4B-instruct-2507,3,32,1.5534912787802026e-06,0.9999941587791524,0.9999957122704312,False,5.841220847568884e-06
Qwen/Qwen3-4B-instruct-2507,3,33,0.9999996423722521,3.2241867372567335e-08,0.9999996746141195,True,3.5762774786007867e-07
Qwen/Qwen3-4B-instruct-2507,3,34,3.288741062985334e-06,0.9999942779868433,0.9999975667279063,False,5.7220131567392585e-06
Qwen/Qwen3-4B-instruct-2507,3,35,1.3709499342753462e-06,0.9999930859092101,0.9999944568591443,False,6.914090789900129e-06
Qwen/Qwen3-4B-instruct-2507,3,36,0.9999998807907247,1.7257827987960214e-08,0.9999998980485526,True,1.1920927533992653e-07
Qwen/Qwen3-4B-instruct-2507,3,37,6.144159617356885e-06,0.9999914170043662,0.9999975611639835,False,8.582995633776846e-06
Qwen/Qwen3-4B-instruct-2507,3,38,7.889227017802535e-06,0.9999877215940446,0.9999956108210624,False,1.227840595541263e-05
Qwen/Qwen3-4B-instruct-2507,3,39,0.9999998807907247,2.215948977336598e-08,0.9999999029502145,True,1.1920927533992653e-07
Qwen/Qwen3-4B-instruct-2507,3,40,6.825577338773997e-08,0.9999961853172863,0.9999962535730597,False,3.8146827137097716e-06
Qwen/Qwen3-4B-instruct-2507,3,41,4.691164021834418e-08,0.9999991655356624,0.9999992124473026,False,8.344643376290151e-07
Qwen/Qwen3-4B-instruct-2507,3,42,0.9999998807907247,1.522997974471263e-08,0.9999998960207044,True,1.1920927533992653e-07
Qwen/Qwen3-4B-instruct-2507,3,43,1.1253496007565217e-07,0.9999986886995842,0.9999988012345443,False,1.3113004158071817e-06
Qwen/Qwen3-4B-instruct-2507,3,44,6.023562348842112e-08,0.9999973774024795,0.999997437638103,False,2.6225975204852148e-06
Qwen/Qwen3-4B-instruct-2507,3,45,0.9999998807907247,8.152020714470167e-09,0.9999998889427454,True,1.1920927533992653e-07
Qwen/Qwen3-4B-instruct-2507,3,46,5.315775115378354e-08,0.9999973774024795,0.9999974305602307,False,2.6225975204852148e-06
Qwen/Qwen3-4B-instruct-2507,3,47,7.734407154916583e-08,0.9999980926550052,0.9999981699990768,False,1.907344994833693e-06
Qwen/Qwen3-4B-instruct-2507,3,48,0.9999997615814777,1.9555681087850496e-08,0.9999997811371588,True,2.3841852225814364e-07
Qwen/Qwen3-4B-instruct-2507,3,49,3.6534752452633856e-08,0.9999973774024795,0.999997413937232,False,2.6225975204852148e-06
Qwen/Qwen3-4B-instruct-2507,3,50,1.1253496007565217e-07,0.9999973774024795,0.9999974899374396,False,2.6225975204852148e-06
Qwen/Qwen3-4B-instruct-2507,3,51,0.9999995231630692,6.023573837886479e-08,0.9999995833988076,True,4.7683693082944956e-07
Qwen/Qwen3-4B-instruct-2507,3,52,7.734392402719739e-08,0.9999957084838798,0.9999957858278038,False,4.291516120247252e-06
Qwen/Qwen3-4B-instruct-2507,3,53,5.315775115378354e-08,0.9999986886995842,0.9999987418573354,False,1.3113004158071817e-06
Qwen/Qwen3-4B-instruct-2507,3,54,0.9999998807907247,1.522997974471263e-08,0.9999998960207044,True,1.1920927533992653e-07
Qwen/Qwen3-4B-instruct-2507,3,55,6.023562348842112e-08,0.9999973774024795,0.999997437638103,False,2.6225975204852148e-06
Qwen/Qwen3-4B-instruct-2507,4,1,4.139929822488149e-08,0.9999983310727032,0.9999983724720014,False,1.6689272968051228e-06
Qwen/Qwen3-4B-instruct-2507,4,2,4.139921926206193e-08,0.9999965429424904,0.9999965843417097,False,3.457057509592687e-06
Qwen/Qwen3-4B-instruct-2507,4,3,1.0467401794744658e-08,0.9999994039539004,0.9999994144213022,False,5.960460995879657e-07
Qwen/Qwen3-4B-instruct-2507,4,4,0.9999996423722521,1.6373771305908126e-07,0.9999998061099652,True,3.5762774786007867e-07
Qwen/Qwen3-4B-instruct-2507,4,5,1.0467401794744658e-08,0.9999990463265931,0.9999990567939949,False,9.536734069115482e-07
Qwen/Qwen3-4B-instruct-2507,4,6,2.8453239549131867e-08,0.9999970197767496,0.9999970482299891,False,2.980223250403924e-06
Qwen/Qwen3-4B-instruct-2507,4,7,8.152020714470167e-09,0.9999992847447459,0.9999992928967666,False,7.152552541356272e-07
Qwen/Qwen3-4B-instruct-2507,4,8,0.9999997615814777,5.3157852544244216e-08,0.9999998147393303,True,2.3841852225814364e-07
Qwen/Qwen3-4B-instruct-2507,4,9,7.194133030325383e-09,0.9999995231630692,0.9999995303572022,False,4.7683693082944956e-07
Qwen/Qwen3-4B-instruct-2507,4,10,2.5109895770606383e-08,0.9999970197767496,0.9999970448866453,False,2.980223250403924e-06
Qwen/Qwen3-4B-instruct-2507,4,11,7.19411930861867e-09,0.9999988079084972,0.9999988151026165,False,1.1920915028440504e-06
Qwen/Qwen3-4B-instruct-2507,4,12,0.9999997615814777,4.139937718785167e-08,0.9999998029808549,True,2.3841852225814364e-07
Qwen/Qwen3-4B-instruct-2507,4,13,7.19411930861867e-09,0.9999985694905718,0.999998576684691,False,1.430509428246296e-06
Qwen/Qwen3-4B-instruct-2507,4,14,2.2159405241782167e-08,0.9999961853172863,0.9999962074766915,False,3.8146827137097716e-06
Qwen/Qwen3-4B-instruct-2507,4,15,9.237432042950414e-09,0.9999988079084972,0.9999988171459292,False,1.1920915028440504e-06
Qwen/Qwen3-4B-instruct-2507,4,16,0.9999997615814777,2.510999155743982e-08,0.9999997866914693,True,2.3841852225814364e-07
Qwen/Qwen3-4B-instruct-2507,4,17,4.944450501938644e-09,0.9999991655356624,0.9999991704801129,False,8.344643376290151e-07
Qwen/Qwen3-4B-instruct-2507,4,18,1.0467381829779195e-08,0.9999982118638471,0.9999982223312289,False,1.7881361529248352e-06
Qwen/Qwen3-4B-instruct-2507,4,19,7.19411930861867e-09,0.999998927117538,0.9999989343116573,False,1.0728824619832267e-06
Qwen/Qwen3-4B-instruct-2507,4,20,0.9999997615814777,4.139937718785167e-08,0.9999998029808549,True,2.3841852225814364e-07
Qwen/Qwen3-4B-instruct-2507,4,21,9.237432042950414e-09,0.9999982118638471,0.9999982211012791,False,1.7881361529248352e-06
Qwen/Qwen3-4B-instruct-2507,4,22,1.7257762154696544e-08,0.9999965429424904,0.9999965602002525,False,3.457057509592687e-06
Qwen/Qwen3-4B-instruct-2507,4,23,1.0467381829779195e-08,0.9999982118638471,0.9999982223312289,False,1.7881361529248352e-06
Qwen/Qwen3-4B-instruct-2507,4,24,0.9999998807907247,1.7257827987960214e-08,0.9999998980485526,True,1.1920927533992653e-07
Qwen/Qwen3-4B-instruct-2507,4,25,7.19411930861867e-09,0.9999977350285647,0.999997742222684,False,2.2649714352951378e-06
Qwen/Qwen3-4B-instruct-2507,4,26,2.510984787732669e-08,0.999995112442896,0.9999951375527438,False,4.887557104038542e-06
Qwen/Qwen3-4B-instruct-2507,4,27,6.348788006680007e-09,0.9999984502816872,0.9999984566304753,False,1.5497183127877179e-06
Qwen/Qwen3-4B-instruct-2507,4,28,0.9999996423722521,4.139937718785167e-08,0.9999996837716293,True,3.5762774786007867e-07
Qwen/Qwen3-4B-instruct-2507,4,29,7.19411930861867e-09,0.9999984502816872,0.9999984574758065,False,1.5497183127877179e-06
Qwen/Qwen3-4B-instruct-2507,4,30,1.7257762154696544e-08,0.9999963045256735,0.9999963217834356,False,3.695474326548265e-06
Qwen/Qwen3-4B-instruct-2507,4,31,9.237432042950414e-09,0.9999988079084972,0.9999988171459292,False,1.1920915028440504e-06
Qwen/Qwen3-4B-instruct-2507,4,32,0.9999997615814777,2.215948977336598e-08,0.9999997837409675,True,2.3841852225814364e-07
Qwen/Qwen3-4B-instruct-2507,4,33,1.18610975280741e-08,0.9999985694905718,0.9999985813516693,False,1.430509428246296e-06
Qwen/Qwen3-4B-instruct-2507,4,34,2.699570779818012e-07,0.9999971389852362,0.9999974089423143,False,2.861014763766434e-06
Qwen/Qwen3-4B-instruct-2507,4,35,9.237432042950414e-09,0.9999979734461775,0.9999979826836095,False,2.026553822531696e-06
Qwen/Qwen3-4B-instruct-2507,4,36,0.9999997615814777,3.2241867372567335e-08,0.9999997938233451,True,2.3841852225814364e-07
Qwen/Qwen3-4B-instruct-2507,4,37,9.237432042950414e-09,0.999998927117538,0.9999989363549701,False,1.0728824619832267e-06
Qwen/Qwen3-4B-instruct-2507,4,38,3.059008618493715e-07,0.9999948740268748,0.9999951799277367,False,5.125973125186256e-06
Qwen/Qwen3-4B-instruct-2507,4,39,1.18610975280741e-08,0.9999982118638471,0.9999982237249446,False,1.7881361529248352e-06
Qwen/Qwen3-4B-instruct-2507,4,40,0.9999998807907247,1.3440409951135022e-08,0.9999998942311346,True,1.1920927533992653e-07
Qwen/Qwen3-4B-instruct-2507,4,41,8.76423150298272e-08,0.9999983310727032,0.9999984187150183,False,1.6689272968051228e-06
Qwen/Qwen3-4B-instruct-2507,4,42,6.47590894434166e-07,0.9999930859092101,0.9999937335001046,False,6.914090789900129e-06
Qwen/Qwen3-4B-instruct-2507,4,43,3.466320801173418e-07,0.999997854237364,0.9999982008694441,False,2.145762636018844e-06
Qwen/Qwen3-4B-instruct-2507,4,44,0.9999997615814777,2.510999155743982e-08,0.9999997866914693,True,2.3841852225814364e-07
Qwen/Qwen3-4B-instruct-2507,4,45,4.139929822488149e-08,0.9999980926550052,0.9999981340543034,False,1.907344994833693e-06
Qwen/Qwen3-4B-instruct-2507,4,46,2.9022927300980684e-06,0.9999908209686689,0.999993723261399,False,9.179031331130183e-06
Qwen/Qwen3-4B-instruct-2507,4,47,7.734407154916583e-08,0.9999983310727032,0.9999984084167748,False,1.6689272968051228e-06
Qwen/Qwen3-4B-instruct-2507,4,48,0.9999998807907247,1.3440409951135022e-08,0.9999998942311346,True,1.1920927533992653e-07
Qwen/Qwen3-4B-instruct-2507,4,49,7.734407154916583e-08,0.9999973774024795,0.9999974547465511,False,2.6225975204852148e-06
Qwen/Qwen3-4B-instruct-2507,4,50,7.484547695748798e-05,0.999914891812595,0.9999897372895524,False,8.510818740503634e-05
Qwen/Qwen3-4B-instruct-2507,4,51,1.18610975280741e-08,0.9999985694905718,0.9999985813516693,False,1.430509428246296e-06
Qwen/Qwen3-4B-instruct-2507,4,52,0.9999992847447459,4.691164021834418e-08,0.9999993316563861,True,7.152552541356272e-07
Qwen/Qwen3-4B-instruct-2507,4,53,7.19411930861867e-09,0.9999988079084972,0.9999988151026165,False,1.1920915028440504e-06
Qwen/Qwen3-4B-instruct-2507,4,54,3.65346130838794e-08,0.999995112442896,0.9999951489775091,False,4.887557104038542e-06
Qwen/Qwen3-4B-instruct-2507,4,55,8.152005165739432e-09,0.9999982118638471,0.9999982200158523,False,1.7881361529248352e-06
Qwen/Qwen3-4B-instruct-2507,5,1,2.1024298423113373e-07,0.9999979734461775,0.9999981836891617,False,2.026553822531696e-06
Qwen/Qwen3-4B-instruct-2507,5,2,2.845329381943118e-08,0.9999984502816872,0.999998478734981,False,1.5497183127877179e-06
Qwen/Qwen3-4B-instruct-2507,5,3,2.8453348089834e-08,0.9999991655356624,0.9999991939890105,False,8.344643376290151e-07
Qwen/Qwen3-4B-instruct-2507,5,4,4.139929822488149e-08,0.9999984502816872,0.9999984916809854,False,1.5497183127877179e-06
Qwen/Qwen3-4B-instruct-2507,5,5,0.9999997615814777,6.82560337633487e-08,0.9999998298375115,True,2.3841852225814364e-07
Qwen/Qwen3-4B-instruct-2507,5,6,1.955564378838448e-08,0.9999988079084972,0.9999988274641409,False,1.1920915028440504e-06
Qwen/Qwen3-4B-instruct-2507,5,7,1.0467401794744658e-08,0.9999992847447459,0.9999992952121477,False,7.152552541356272e-07
Qwen/Qwen3-4B-instruct-2507,5,8,1.18610975280741e-08,0.9999988079084972,0.9999988197695947,False,1.1920915028440504e-06
Qwen/Qwen3-4B-instruct-2507,5,9,1.3440409951135022e-08,0.9999994039539004,0.9999994173943103,False,5.960460995879657e-07
Qwen/Qwen3-4B-instruct-2507,5,10,0.9999998807907247,3.2241867372567335e-08,0.9999999130325921,True,1.1920927533992653e-07
Qwen/Qwen3-4B-instruct-2507,5,11,1.18610975280741e-08,0.999998927117538,0.9999989389786356,False,1.0728824619832267e-06
Qwen/Qwen3-4B-instruct-2507,5,12,1.955564378838448e-08,0.9999979734461775,0.9999979930018212,False,2.026553822531696e-06
Qwen/Qwen3-4B-instruct-2507,5,13,1.3440409951135022e-08,0.9999991655356624,0.9999991789760723,False,8.344643376290151e-07
Qwen/Qwen3-4B-instruct-2507,5,14,1.18610975280741e-08,0.9999985694905718,0.9999985813516693,False,1.430509428246296e-06
Qwen/Qwen3-4B-instruct-2507,5,15,0.9999998807907247,3.2241867372567335e-08,0.9999999130325921,True,1.1920927533992653e-07
Qwen/Qwen3-4B-instruct-2507,5,16,1.3440384315611926e-08,0.9999982118638471,0.9999982253042314,False,1.7881361529248352e-06
Qwen/Qwen3-4B-instruct-2507,5,17,1.18610975280741e-08,0.999998927117538,0.9999989389786356,False,1.0728824619832267e-06
Qwen/Qwen3-4B-instruct-2507,5,18,1.5229950695859287e-08,0.9999985694905718,0.9999985847205225,False,1.430509428246296e-06
Qwen/Qwen3-4B-instruct-2507,5,19,1.7257795071296986e-08,0.9999985694905718,0.9999985867483668,False,1.430509428246296e-06
Qwen/Qwen3-4B-instruct-2507,5,20,0.9999998807907247,3.2241867372567335e-08,0.9999999130325921,True,1.1920927533992653e-07
Qwen/Qwen3-4B-instruct-2507,5,21,2.2159447507533765e-08,0.9999988079084972,0.9999988300679447,False,1.1920915028440504e-06
Qwen/Qwen3-4B-instruct-2507,5,22,1.18610975280741e-08,0.9999985694905718,0.9999985813516693,False,1.430509428246296e-06
Qwen/Qwen3-4B-instruct-2507,5,23,1.7257827987960214e-08,0.9999991655356624,0.9999991827934903,False,8.344643376290151e-07
Qwen/Qwen3-4B-instruct-2507,5,24,1.3440384315611926e-08,0.9999984502816872,0.9999984637220716,False,1.5497183127877179e-06
Qwen/Qwen3-4B-instruct-2507,5,25,0.9999998807907247,1.522997974471263e-08,0.9999998960207044,True,1.1920927533992653e-07
Qwen/Qwen3-4B-instruct-2507,5,26,1.955564378838448e-08,0.9999979734461775,0.9999979930018212,False,2.026553822531696e-06
Qwen/Qwen3-4B-instruct-2507,5,27,1.7257795071296986e-08,0.9999984502816872,0.9999984675394823,False,1.5497183127877179e-06
Qwen/Qwen3-4B-instruct-2507,5,28,1.3440384315611926e-08,0.9999984502816872,0.9999984637220716,False,1.5497183127877179e-06
Qwen/Qwen3-4B-instruct-2507,5,29,2.2159447507533765e-08,0.9999984502816872,0.9999984724411347,False,1.5497183127877179e-06
Qwen/Qwen3-4B-instruct-2507,5,30,0.9999998807907247,2.510999155743982e-08,0.9999999059007162,True,1.1920927533992653e-07
Qwen/Qwen3-4B-instruct-2507,5,31,1.522997974471263e-08,0.9999991655356624,0.9999991807656421,False,8.344643376290151e-07
Qwen/Qwen3-4B-instruct-2507,5,32,1.3440384315611926e-08,0.9999988079084972,0.9999988213488815,False,1.1920915028440504e-06
Qwen/Qwen3-4B-instruct-2507,5,33,1.955564378838448e-08,0.999998927117538,0.9999989466731818,False,1.0728824619832267e-06
Qwen/Qwen3-4B-instruct-2507,5,34,2.2159447507533765e-08,0.999998927117538,0.9999989492769855,False,1.0728824619832267e-06
Qwen/Qwen3-4B-instruct-2507,5,35,0.9999997615814777,2.8453348089834e-08,0.9999997900348259,True,2.3841852225814364e-07
Qwen/Qwen3-4B-instruct-2507,5,36,2.2159447507533765e-08,0.9999984502816872,0.9999984724411347,False,1.5497183127877179e-06
Qwen/Qwen3-4B-instruct-2507,5,37,1.522997974471263e-08,0.9999990463265931,0.9999990615565728,False,9.536734069115482e-07
Qwen/Qwen3-4B-instruct-2507,5,38,3.224180587614433e-08,0.9999985694905718,0.9999986017323776,False,1.430509428246296e-06
Qwen/Qwen3-4B-instruct-2507,5,39,3.224180587614433e-08,0.9999986886995842,0.9999987209413901,False,1.3113004158071817e-06
Qwen/Qwen3-4B-instruct-2507,5,40,0.9999998807907247,1.522997974471263e-08,0.9999998960207044,True,1.1920927533992653e-07
Qwen/Qwen3-4B-instruct-2507,5,41,2.5109943663977427e-08,0.9999988079084972,0.9999988330184408,False,1.1920915028440504e-06
Qwen/Qwen3-4B-instruct-2507,5,42,2.2159447507533765e-08,0.9999982118638471,0.9999982340232946,False,1.7881361529248352e-06
Qwen/Qwen3-4B-instruct-2507,5,43,2.5109943663977427e-08,0.999998927117538,0.9999989522274817,False,1.0728824619832267e-06
Qwen/Qwen3-4B-instruct-2507,5,44,1.5229950695859287e-08,0.9999985694905718,0.9999985847205225,False,1.430509428246296e-06
Qwen/Qwen3-4B-instruct-2507,5,45,0.9999998807907247,1.522997974471263e-08,0.9999998960207044,True,1.1920927533992653e-07
Qwen/Qwen3-4B-instruct-2507,5,46,3.224180587614433e-08,0.999997854237364,0.9999978864791699,False,2.145762636018844e-06
Qwen/Qwen3-4B-instruct-2507,5,47,2.2159447507533765e-08,0.9999988079084972,0.9999988300679447,False,1.1920915028440504e-06
Qwen/Qwen3-4B-instruct-2507,5,48,1.7257795071296986e-08,0.9999979734461775,0.9999979907039726,False,2.026553822531696e-06
Qwen/Qwen3-4B-instruct-2507,5,49,1.955564378838448e-08,0.9999988079084972,0.9999988274641409,False,1.1920915028440504e-06
Qwen/Qwen3-4B-instruct-2507,5,50,0.9999998807907247,1.7257827987960214e-08,0.9999998980485526,True,1.1920927533992653e-07
Qwen/Qwen3-4B-instruct-2507,5,51,0.2689403152275393,0.731055550035914,0.9999958652634533,False,0.26894444996408595
Qwen/Qwen3-4B-instruct-2507,5,52,0.18242356736428147,0.8175656714805456,0.999989238844827,False,0.1824343285194544
Qwen/Qwen3-4B-instruct-2507,5,53,0.0140635795780399,0.9859331362928984,0.9999967158709383,False,0.01406686370710164
Qwen/Qwen3-4B-instruct-2507,5,54,0.00033534939459671937,0.9996628706005333,0.9999982199951299,False,0.00033712939946672904
Qwen/Qwen3-4B-instruct-2507,5,55,0.9999998807907247,2.215948977336598e-08,0.9999999029502145,True,1.1920927533992653e-07
Qwen/Qwen3-4B-instruct-2507,6,1,2.5109895770606383e-08,0.9999970197767496,0.9999970448866453,False,2.980223250403924e-06
Qwen/Qwen3-4B-instruct-2507,6,2,2.8453185278936072e-08,0.999995112442896,0.9999951408960812,False,4.887557104038542e-06
Qwen/Qwen3-4B-instruct-2507,6,3,1.955564378838448e-08,0.9999979734461775,0.9999979930018212,False,2.026553822531696e-06
Qwen/Qwen3-4B-instruct-2507,6,4,6.023539370819118e-08,0.999995112442896,0.9999951726782896,False,4.887557104038542e-06
Qwen/Qwen3-4B-instruct-2507,6,5,2.2159447507533765e-08,0.9999983310727032,0.9999983532321507,False,1.6689272968051228e-06
Qwen/Qwen3-4B-instruct-2507,6,6,0.9999995231630692,2.382369667501818e-07,0.9999997614000359,True,4.7683693082944956e-07
Qwen/Qwen3-4B-instruct-2507,6,7,2.2159447507533765e-08,0.999997854237364,0.9999978763968115,False,2.145762636018844e-06
Qwen/Qwen3-4B-instruct-2507,6,8,1.2751808625923227e-07,0.9999920130413283,0.9999921405594147,False,7.98695867165744e-06
Qwen/Qwen3-4B-instruct-2507,6,9,4.139929822488149e-08,0.9999976158197796,0.9999976572190779,False,2.3841802203605766e-06
Qwen/Qwen3-4B-instruct-2507,6,10,2.510984787732669e-08,0.9999936819476216,0.9999937070574695,False,6.318052378384564e-06
Qwen/Qwen3-4B-instruct-2507,6,11,1.5229921647061352e-08,0.9999970197767496,0.9999970350066713,False,2.980223250403924e-06
Qwen/Qwen3-4B-instruct-2507,6,12,0.9999997615814777,6.023573837886479e-08,0.9999998218172161,True,2.3841852225814364e-07
Qwen/Qwen3-4B-instruct-2507,6,13,1.3440384315611926e-08,0.9999977350285647,0.9999977484689491,False,2.2649714352951378e-06
Qwen/Qwen3-4B-instruct-2507,6,14,1.9555531890413292e-08,0.9999920130413283,0.9999920325968602,False,7.98695867165744e-06
Qwen/Qwen3-4B-instruct-2507,6,15,2.2159405241782167e-08,0.9999961853172863,0.9999962074766915,False,3.8146827137097716e-06
Qwen/Qwen3-4B-instruct-2507,6,16,2.510984787732669e-08,0.9999936819476216,0.9999937070574695,False,6.318052378384564e-06
Qwen/Qwen3-4B-instruct-2507,6,17,1.18610975280741e-08,0.9999982118638471,0.9999982237249446,False,1.7881361529248352e-06
Qwen/Qwen3-4B-instruct-2507,6,18,0.9999997615814777,4.139937718785167e-08,0.9999998029808549,True,2.3841852225814364e-07
Qwen/Qwen3-4B-instruct-2507,6,19,1.3440384315611926e-08,0.9999977350285647,0.9999977484689491,False,2.2649714352951378e-06
Qwen/Qwen3-4B-instruct-2507,6,20,4.139906133687463e-08,0.9999920130413283,0.9999920544403896,False,7.98695867165744e-06
Qwen/Qwen3-4B-instruct-2507,6,21,3.653454339970154e-08,0.9999920130413283,0.9999920495758717,False,7.98695867165744e-06
Qwen/Qwen3-4B-instruct-2507,6,22,2.2159362976111183e-08,0.999995112442896,0.999995134602259,False,4.887557104038542e-06
Qwen/Qwen3-4B-instruct-2507,6,23,2.2159405241782167e-08,0.9999965429424904,0.9999965651018956,False,3.457057509592687e-06
Qwen/Qwen3-4B-instruct-2507,6,24,0.9999997615814777,3.6534822137210456e-08,0.9999997981162999,True,2.3841852225814364e-07
Qwen/Qwen3-4B-instruct-2507,6,25,1.5229892598318825e-08,0.9999936819476216,0.9999936971775142,False,6.318052378384564e-06
Qwen/Qwen3-4B-instruct-2507,6,26,4.6911192836213296e-08,0.9999897481064004,0.9999897950175932,False,1.0251893599599882e-05
Qwen/Qwen3-4B-instruct-2507,6,27,3.2241682883650204e-08,0.9999936819476216,0.9999937141893045,False,6.318052378384564e-06
Qwen/Qwen3-4B-instruct-2507,6,28,2.8453076738855012e-08,0.9999897481064004,0.9999897765594772,False,1.0251893599599882e-05
Qwen/Qwen3-4B-instruct-2507,6,29,1.5229950695859287e-08,0.999997854237364,0.9999978694673147,False,2.145762636018844e-06
Qwen/Qwen3-4B-instruct-2507,6,30,0.9999996423722521,4.691164021834418e-08,0.9999996892838924,True,3.5762774786007867e-07
Qwen/Qwen3-4B-instruct-2507,6,31,1.7257795071296986e-08,0.9999977350285647,0.9999977522863598,False,2.2649714352951378e-06
Qwen/Qwen3-4B-instruct-2507,6,32,3.2241559891625255e-08,0.9999897481064004,0.9999897803479603,False,1.0251893599599882e-05
Qwen/Qwen3-4B-instruct-2507,6,33,3.2241682883650204e-08,0.999995112442896,0.9999951446845788,False,4.887557104038542e-06
Qwen/Qwen3-4B-instruct-2507,6,34,6.023539370819118e-08,0.9999936819476216,0.9999937421830153,False,6.318052378384564e-06
Qwen/Qwen3-4B-instruct-2507,6,35,2.2159405241782167e-08,0.9999957084838798,0.999995730643285,False,4.291516120247252e-06
Qwen/Qwen3-4B-instruct-2507,6,36,0.9999997615814777,2.8453348089834e-08,0.9999997900348259,True,2.3841852225814364e-07
Qwen/Qwen3-4B-instruct-2507,6,37,1.7257795071296986e-08,0.9999977350285647,0.9999977522863598,False,2.2649714352951378e-06
Qwen/Qwen3-4B-instruct-2507,6,38,4.139906133687463e-08,0.9999920130413283,0.9999920544403896,False,7.98695867165744e-06
Qwen/Qwen3-4B-instruct-2507,6,39,4.139914029939298e-08,0.999995112442896,0.9999951538420363,False,4.887557104038542e-06
Qwen/Qwen3-4B-instruct-2507,6,40,6.023516392883777e-08,0.9999897481064004,0.9999898083415644,False,1.0251893599599882e-05
Qwen/Qwen3-4B-instruct-2507,6,41,1.7257795071296986e-08,0.9999974966112362,0.9999975138690312,False,2.5033887638414853e-06
Qwen/Qwen3-4B-instruct-2507,6,42,0.9999997615814777,1.7257827987960214e-08,0.9999997788393057,True,2.3841852225814364e-07
Qwen/Qwen3-4B-instruct-2507,6,43,2.2159447507533765e-08,0.9999973774024795,0.999997399561927,False,2.6225975204852148e-06
Qwen/Qwen3-4B-instruct-2507,6,44,4.139906133687463e-08,0.9999920130413283,0.9999920544403896,False,7.98695867165744e-06
Qwen/Qwen3-4B-instruct-2507,6,45,4.139914029939298e-08,0.999995112442896,0.9999951538420363,False,4.887557104038542e-06
Qwen/Qwen3-4B-instruct-2507,6,46,6.825538282618921e-08,0.9999897481064004,0.9999898163617832,False,1.0251893599599882e-05
Qwen/Qwen3-4B-instruct-2507,6,47,1.7257762154696544e-08,0.9999970197767496,0.9999970370345117,False,2.980223250403924e-06
Qwen/Qwen3-4B-instruct-2507,6,48,0.9999997615814777,2.510999155743982e-08,0.9999997866914693,True,2.3841852225814364e-07
Qwen/Qwen3-4B-instruct-2507,6,49,1.7257729238158885e-08,0.9999936819476216,0.9999936992053509,False,6.318052378384564e-06
Qwen/Qwen3-4B-instruct-2507,6,50,8.764164637457892e-08,0.9999897481064004,0.9999898357480468,False,1.0251893599599882e-05
Qwen/Qwen3-4B-instruct-2507,6,51,6.023539370819118e-08,0.999995112442896,0.9999951726782896,False,4.887557104038542e-06
Qwen/Qwen3-4B-instruct-2507,6,52,6.023516392883777e-08,0.9999897481064004,0.9999898083415644,False,1.0251893599599882e-05
Qwen/Qwen3-4B-instruct-2507,6,53,2.2159447507533765e-08,0.9999973774024795,0.999997399561927,False,2.6225975204852148e-06
Qwen/Qwen3-4B-instruct-2507,6,54,0.9999997615814777,2.215948977336598e-08,0.9999997837409675,True,2.3841852225814364e-07
Qwen/Qwen3-4B-instruct-2507,6,55,2.510984787732669e-08,0.9999936819476216,0.9999937070574695,False,6.318052378384564e-06
Qwen/Qwen3-4B-instruct-2507,7,1,2.1024278372789506e-07,0.9999972581939645,0.9999974684367482,False,2.741806035544414e-06
Qwen/Qwen3-4B-instruct-2507,7,2,2.2159405241782167e-08,0.9999966621509202,0.9999966843103254,False,3.337849079798616e-06
Qwen/Qwen3-4B-instruct-2507,7,3,6.825590357542018e-08,0.9999976158197796,0.9999976840756832,False,2.3841802203605766e-06
Qwen/Qwen3-4B-instruct-2507,7,4,5.315764976351624e-08,0.9999964237340748,0.9999964768917246,False,3.5762659251759032e-06
Qwen/Qwen3-4B-instruct-2507,7,5,3.6534752452633856e-08,0.9999984502816872,0.9999984868164397,False,1.5497183127877179e-06
Qwen/Qwen3-4B-instruct-2507,7,6,3.224180587614433e-08,0.9999972581939645,0.9999972904357703,False,2.741806035544414e-06
Qwen/Qwen3-4B-instruct-2507,7,7,0.9999995231630692,2.382369667501818e-07,0.9999997614000359,True,4.7683693082944956e-07
Qwen/Qwen3-4B-instruct-2507,7,8,2.5109895770606383e-08,0.9999970197767496,0.9999970448866453,False,2.980223250403924e-06
Qwen/Qwen3-4B-instruct-2507,7,9,1.0467401794744658e-08,0.9999992847447459,0.9999992952121477,False,7.152552541356272e-07
Qwen/Qwen3-4B-instruct-2507,7,10,1.18610975280741e-08,0.9999974966112362,0.9999975084723337,False,2.5033887638414853e-06
Qwen/Qwen3-4B-instruct-2507,7,11,1.7257795071296986e-08,0.9999977350285647,0.9999977522863598,False,2.2649714352951378e-06
Qwen/Qwen3-4B-instruct-2507,7,12,7.19411930861867e-09,0.9999982118638471,0.9999982190579664,False,1.7881361529248352e-06
Qwen/Qwen3-4B-instruct-2507,7,13,2.2159447507533765e-08,0.9999977350285647,0.9999977571880122,False,2.2649714352951378e-06
Qwen/Qwen3-4B-instruct-2507,7,14,0.9999997615814777,3.2241867372567335e-08,0.9999997938233451,True,2.3841852225814364e-07
Qwen/Qwen3-4B-instruct-2507,7,15,8.152005165739432e-09,0.9999984502816872,0.9999984584336924,False,1.5497183127877179e-06
Qwen/Qwen3-4B-instruct-2507,7,16,7.19411930861867e-09,0.9999982118638471,0.9999982190579664,False,1.7881361529248352e-06
Qwen/Qwen3-4B-instruct-2507,7,17,1.955564378838448e-08,0.9999977350285647,0.9999977545842085,False,2.2649714352951378e-06
Qwen/Qwen3-4B-instruct-2507,7,18,9.237432042950414e-09,0.9999977350285647,0.9999977442659967,False,2.2649714352951378e-06
Qwen/Qwen3-4B-instruct-2507,7,19,2.845329381943118e-08,0.9999973774024795,0.9999974058557733,False,2.6225975204852148e-06
Qwen/Qwen3-4B-instruct-2507,7,20,1.955560648898961e-08,0.9999958276922101,0.9999958472478165,False,4.172307789929164e-06
Qwen/Qwen3-4B-instruct-2507,7,21,0.9999997615814777,2.215948977336598e-08,0.9999997837409675,True,2.3841852225814364e-07
Qwen/Qwen3-4B-instruct-2507,7,22,1.7257795071296986e-08,0.9999971389852362,0.9999971562430313,False,2.861014763766434e-06
Qwen/Qwen3-4B-instruct-2507,7,23,2.5109895770606383e-08,0.9999966621509202,0.9999966872608159,False,3.337849079798616e-06
Qwen/Qwen3-4B-instruct-2507,7,24,6.348788006680007e-09,0.9999977350285647,0.9999977413773528,False,2.2649714352951378e-06
Qwen/Qwen3-4B-instruct-2507,7,25,1.0467381829779195e-08,0.9999971389852362,0.9999971494526181,False,2.861014763766434e-06
Qwen/Qwen3-4B-instruct-2507,7,26,4.139914029939298e-08,0.9999935627400018,0.9999936041391422,False,6.4372599981599166e-06
Qwen/Qwen3-4B-instruct-2507,7,27,1.7257762154696544e-08,0.9999952316511552,0.9999952489089173,False,4.768348844774728e-06
Qwen/Qwen3-4B-instruct-2507,7,28,0.9999997615814777,2.215948977336598e-08,0.9999997837409675,True,2.3841852225814364e-07
Qwen/Qwen3-4B-instruct-2507,7,29,2.5109895770606383e-08,0.9999965429424904,0.9999965680523861,False,3.457057509592687e-06
Qwen/Qwen3-4B-instruct-2507,7,30,2.2159405241782167e-08,0.9999963045256735,0.9999963266850787,False,3.695474326548265e-06
Qwen/Qwen3-4B-instruct-2507,7,31,8.764198070156538e-08,0.9999949932351057,0.9999950808770863,False,5.006764894344151e-06
Qwen/Qwen3-4B-instruct-2507,7,32,2.510984787732669e-08,0.9999945164027223,0.9999945415125702,False,5.483597277700092e-06
Qwen/Qwen3-4B-instruct-2507,7,33,6.825564320030807e-08,0.9999935627400018,0.9999936309956451,False,6.4372599981599166e-06
Qwen/Qwen3-4B-instruct-2507,7,34,7.734377650551034e-08,0.9999949932351057,0.9999950705788822,False,5.006764894344151e-06
Qwen/Qwen3-4B-instruct-2507,7,35,0.9999997615814777,1.7257827987960214e-08,0.9999997788393057,True,2.3841852225814364e-07
Qwen/Qwen3-4B-instruct-2507,7,36,1.3440358680137724e-08,0.9999963045256735,0.9999963179660322,False,3.695474326548265e-06
Qwen/Qwen3-4B-instruct-2507,7,37,8.764181353791273e-08,0.9999928474936721,0.9999929351354857,False,7.152506327878783e-06
Qwen/Qwen3-4B-instruct-2507,7,38,3.466287743919842e-07,0.9999880792130387,0.999988425841813,False,1.1920786961328034e-05
Qwen/Qwen3-4B-instruct-2507,7,39,0.022976058153067004,0.9769668909793678,0.9999429491324349,False,0.02303310902063216
Qwen/Qwen3-4B-instruct-2507,7,40,5.3157548373442334e-08,0.999994397195003,0.9999944503525514,False,5.602804996951427e-06
Qwen/Qwen3-4B-instruct-2507,7,41,6.023550859819657e-08,0.9999969005680498,0.9999969608035584,False,3.0994319502042345e-06
Qwen/Qwen3-4B-instruct-2507,7,42,0.9999998807907247,1.522997974471263e-08,0.9999998960207044,True,1.1920927533992653e-07
Qwen/Qwen3-4B-instruct-2507,7,43,1.8553825154416246e-07,0.9999948740268748,0.9999950595651264,False,5.125973125186256e-06
Qwen/Qwen3-4B-instruct-2507,7,44,8.764198070156538e-08,0.9999935627400018,0.9999936503819825,False,6.4372599981599166e-06
Qwen/Qwen3-4B-instruct-2507,7,45,1.3440384315611926e-08,0.9999974966112362,0.9999975100516205,False,2.5033887638414853e-06
Qwen/Qwen3-4B-instruct-2507,7,46,6.02352788184049e-08,0.9999928474936721,0.9999929077289509,False,7.152506327878783e-06
Qwen/Qwen3-4B-instruct-2507,7,47,5.315764976351624e-08,0.9999957084838798,0.9999957616415295,False,4.291516120247252e-06
Qwen/Qwen3-4B-instruct-2507,7,48,1.1861074904847522e-08,0.9999966621509202,0.9999966740119951,False,3.337849079798616e-06
Qwen/Qwen3-4B-instruct-2507,7,49,0.9999997615814777,1.186112015134383e-08,0.9999997734425979,True,2.3841852225814364e-07
Qwen/Qwen3-4B-instruct-2507,7,50,1.275184510919254e-07,0.999995112442896,0.9999952399613471,False,4.887557104038542e-06
Qwen/Qwen3-4B-instruct-2507,7,51,9.931137485569145e-08,0.9999949932351057,0.9999950925464806,False,5.006764894344151e-06
Qwen/Qwen3-4B-instruct-2507,7,52,4.450776097128312e-07,0.9999827149515604,0.9999831600291702,False,1.7285048439563688e-05
Qwen/Qwen3-4B-instruct-2507,7,53,5.315764976351624e-08,0.9999960661089133,0.9999961192665631,False,3.933891086660424e-06
Qwen/Qwen3-4B-instruct-2507,7,54,1.7257762154696544e-08,0.9999963045256735,0.9999963217834356,False,3.695474326548265e-06
Qwen/Qwen3-4B-instruct-2507,7,55,4.139914029939298e-08,0.9999945164027223,0.9999945578018626,False,5.483597277700092e-06
Qwen/Qwen3-4B-instruct-2507,8,1,2.5109943663977427e-08,0.9999982118638471,0.9999982369737908,False,1.7881361529248352e-06
Qwen/Qwen3-4B-instruct-2507,8,2,1.7257762154696544e-08,0.9999963045256735,0.9999963217834356,False,3.695474326548265e-06
Qwen/Qwen3-4B-instruct-2507,8,3,9.237449661970594e-09,0.9999994039539004,0.9999994131913501,False,5.960460995879657e-07
Qwen/Qwen3-4B-instruct-2507,8,4,4.139921926206193e-08,0.9999957084838798,0.999995749883099,False,4.291516120247252e-06
Qwen/Qwen3-4B-instruct-2507,8,5,9.237432042950414e-09,0.999998927117538,0.9999989363549701,False,1.0728824619832267e-06
Qwen/Qwen3-4B-instruct-2507,8,6,1.18610975280741e-08,0.9999977350285647,0.9999977468896623,False,2.2649714352951378e-06
Qwen/Qwen3-4B-instruct-2507,8,7,9.237449661970594e-09,0.9999994039539004,0.9999994131913501,False,5.960460995879657e-07
Qwen/Qwen3-4B-instruct-2507,8,8,0.9999994039539004,2.6995759288455584e-07,0.9999996739114932,True,5.960460995879657e-07
Qwen/Qwen3-4B-instruct-2507,8,9,7.194133030325383e-09,0.9999992847447459,0.9999992919388789,False,7.152552541356272e-07
Qwen/Qwen3-4B-instruct-2507,8,10,7.19411930861867e-09,0.9999974966112362,0.9999975038053555,False,2.5033887638414853e-06
Qwen/Qwen3-4B-instruct-2507,8,11,7.19411930861867e-09,0.9999988079084972,0.9999988151026165,False,1.1920915028440504e-06
Qwen/Qwen3-4B-instruct-2507,8,12,7.19411930861867e-09,0.9999977350285647,0.999997742222684,False,2.2649714352951378e-06
Qwen/Qwen3-4B-instruct-2507,8,13,7.19411930861867e-09,0.9999985694905718,0.999998576684691,False,1.430509428246296e-06
Qwen/Qwen3-4B-instruct-2507,8,14,5.602785751061334e-09,0.9999979734461775,0.9999979790489633,False,2.026553822531696e-06
Qwen/Qwen3-4B-instruct-2507,8,15,7.19411930861867e-09,0.9999988079084972,0.9999988151026165,False,1.1920915028440504e-06
Qwen/Qwen3-4B-instruct-2507,8,16,0.9999997615814777,4.139937718785167e-08,0.9999998029808549,True,2.3841852225814364e-07
Qwen/Qwen3-4B-instruct-2507,8,17,4.944450501938644e-09,0.9999990463265931,0.9999990512710436,False,9.536734069115482e-07
Qwen/Qwen3-4B-instruct-2507,8,18,5.602785751061334e-09,0.9999984502816872,0.999998455884473,False,1.5497183127877179e-06
Qwen/Qwen3-4B-instruct-2507,8,19,4.363462252943702e-09,0.9999990463265931,0.9999990506900553,False,9.536734069115482e-07
Qwen/Qwen3-4B-instruct-2507,8,20,9.23741442396384e-09,0.9999966621509202,0.9999966713883346,False,3.337849079798616e-06
Qwen/Qwen3-4B-instruct-2507,8,21,7.19411930861867e-09,0.9999977350285647,0.999997742222684,False,2.2649714352951378e-06
Qwen/Qwen3-4B-instruct-2507,8,22,6.348788006680007e-09,0.9999974966112362,0.9999975029600242,False,2.5033887638414853e-06
Qwen/Qwen3-4B-instruct-2507,8,23,8.152005165739432e-09,0.9999982118638471,0.9999982200158523,False,1.7881361529248352e-06
Qwen/Qwen3-4B-instruct-2507,8,24,0.9999995231630692,6.82560337633487e-08,0.9999995914191029,True,4.7683693082944956e-07
Qwen/Qwen3-4B-instruct-2507,8,25,5.602785751061334e-09,0.9999974966112362,0.999997502214022,False,2.5033887638414853e-06
Qwen/Qwen3-4B-instruct-2507,8,26,7.194105586938129e-09,0.9999958276922101,0.9999958348863156,False,4.172307789929164e-06
Qwen/Qwen3-4B-instruct-2507,8,27,4.9444410711567335e-09,0.9999974966112362,0.9999975015556772,False,2.5033887638414853e-06
Qwen/Qwen3-4B-instruct-2507,8,28,8.151989617038353e-09,0.9999952316511552,0.9999952398031449,False,4.768348844774728e-06
Qwen/Qwen3-4B-instruct-2507,8,29,6.348788006680007e-09,0.9999979734461775,0.9999979797949655,False,2.026553822531696e-06
Qwen/Qwen3-4B-instruct-2507,8,30,6.348775897339431e-09,0.9999966621509202,0.9999966684996962,False,3.337849079798616e-06
Qwen/Qwen3-4B-instruct-2507,8,31,6.348788006680007e-09,0.9999985694905718,0.9999985758393598,False,1.430509428246296e-06
Qwen/Qwen3-4B-instruct-2507,8,32,0.9999997615814777,3.2241867372567335e-08,0.9999997938233451,True,2.3841852225814364e-07
Qwen/Qwen3-4B-instruct-2507,8,33,5.602785751061334e-09,0.9999979734461775,0.9999979790489633,False,2.026553822531696e-06
Qwen/Qwen3-4B-instruct-2507,8,34,1.3440358680137724e-08,0.9999963045256735,0.9999963179660322,False,3.695474326548265e-06
Qwen/Qwen3-4B-instruct-2507,8,35,7.19411930861867e-09,0.9999979734461775,0.9999979806402968,False,2.026553822531696e-06
Qwen/Qwen3-4B-instruct-2507,8,36,1.0467361864851814e-08,0.9999963045256735,0.9999963149930353,False,3.695474326548265e-06
Qwen/Qwen3-4B-instruct-2507,8,37,8.152005165739432e-09,0.9999985694905718,0.9999985776425769,False,1.430509428246296e-06
Qwen/Qwen3-4B-instruct-2507,8,38,2.8453185278936072e-08,0.9999936819476216,0.9999937104008069,False,6.318052378384564e-06
Qwen/Qwen3-4B-instruct-2507,8,39,6.348788006680007e-09,0.9999982118638471,0.9999982182126351,False,1.7881361529248352e-06
Qwen/Qwen3-4B-instruct-2507,8,40,0.9999996423722521,2.8453348089834e-08,0.9999996708256003,True,3.5762774786007867e-07
Qwen/Qwen3-4B-instruct-2507,8,41,6.348788006680007e-09,0.9999984502816872,0.9999984566304753,False,1.5497183127877179e-06
Qwen/Qwen3-4B-instruct-2507,8,42,1.3440358680137724e-08,0.9999952316511552,0.9999952450915139,False,4.768348844774728e-06
Qwen/Qwen3-4B-instruct-2507,8,43,8.152005165739432e-09,0.9999979734461775,0.9999979815981827,False,2.026553822531696e-06
Qwen/Qwen3-4B-instruct-2507,8,44,1.955556918966588e-08,0.9999938011552557,0.9999938207108249,False,6.198844744287335e-06
Qwen/Qwen3-4B-instruct-2507,8,45,9.237432042950414e-09,0.9999979734461775,0.9999979826836095,False,2.026553822531696e-06
Qwen/Qwen3-4B-instruct-2507,8,46,1.5229892598318825e-08,0.9999938011552557,0.9999938163851483,False,6.198844744287335e-06
Qwen/Qwen3-4B-instruct-2507,8,47,7.19411930861867e-09,0.9999984502816872,0.9999984574758065,False,1.5497183127877179e-06
Qwen/Qwen3-4B-instruct-2507,8,48,0.9999997615814777,1.9555681087850496e-08,0.9999997811371588,True,2.3841852225814364e-07
Qwen/Qwen3-4B-instruct-2507,8,49,8.151989617038353e-09,0.9999963045256735,0.9999963126776631,False,3.695474326548265e-06
Qwen/Qwen3-4B-instruct-2507,8,50,2.2159320710520812e-08,0.9999920130413283,0.999992035200649,False,7.98695867165744e-06
Qwen/Qwen3-4B-instruct-2507,8,51,1.0467381829779195e-08,0.9999971389852362,0.9999971494526181,False,2.861014763766434e-06
Qwen/Qwen3-4B-instruct-2507,8,52,2.5109799984138346e-08,0.9999920130413283,0.9999920381511284,False,7.98695867165744e-06
Qwen/Qwen3-4B-instruct-2507,8,53,7.19411930861867e-09,0.9999982118638471,0.9999982190579664,False,1.7881361529248352e-06
Qwen/Qwen3-4B-instruct-2507,8,54,1.0467361864851814e-08,0.9999952316511552,0.9999952421185171,False,4.768348844774728e-06
Qwen/Qwen3-4B-instruct-2507,8,55,7.19411930861867e-09,0.9999971389852362,0.9999971461793555,False,2.861014763766434e-06
Qwen/Qwen3-4B-instruct-2507,9,1,3.059014453095186e-07,0.9999973774024795,0.9999976833039248,False,2.6225975204852148e-06
Qwen/Qwen3-4B-instruct-2507,9,2,2.845329381943118e-08,0.9999979734461775,0.9999980018994713,False,2.026553822531696e-06
Qwen/Qwen3-4B-instruct-2507,9,3,5.714991385721822e-07,0.9999971389852362,0.9999977104843748,False,2.861014763766434e-06
Qwen/Qwen3-4B-instruct-2507,9,4,5.315775115378354e-08,0.9999976158197796,0.9999976689775308,False,2.3841802203605766e-06
Qwen/Qwen3-4B-instruct-2507,9,5,4.691155074157667e-08,0.9999983310727032,0.999998377984254,False,1.6689272968051228e-06
Qwen/Qwen3-4B-instruct-2507,9,6,2.260314317704706e-06,0.9999935627400018,0.9999958230543196,False,6.4372599981599166e-06
Qwen/Qwen3-4B-instruct-2507,9,7,2.215948977336598e-08,0.9999990463265931,0.9999990684860829,False,9.536734069115482e-07
Qwen/Qwen3-4B-instruct-2507,9,8,3.6534752452633856e-08,0.9999980926550052,0.9999981291897576,False,1.907344994833693e-06
Qwen/Qwen3-4B-instruct-2507,9,9,0.9999996423722521,1.8553913626159784e-07,0.9999998279113884,True,3.5762774786007867e-07
Qwen/Qwen3-4B-instruct-2507,9,10,1.7257762154696544e-08,0.9999952316511552,0.9999952489089173,False,4.768348844774728e-06
Qwen/Qwen3-4B-instruct-2507,9,11,1.7257795071296986e-08,0.9999971389852362,0.9999971562430313,False,2.861014763766434e-06
Qwen/Qwen3-4B-instruct-2507,9,12,3.6534682768190175e-08,0.9999957084838798,0.9999957450185625,False,4.291516120247252e-06
Qwen/Qwen3-4B-instruct-2507,9,13,1.18610975280741e-08,0.9999984502816872,0.9999984621427848,False,1.5497183127877179e-06
Qwen/Qwen3-4B-instruct-2507,9,14,1.0467381829779195e-08,0.9999977350285647,0.9999977454959466,False,2.2649714352951378e-06
Qwen/Qwen3-4B-instruct-2507,9,15,1.5229950695859287e-08,0.9999979734461775,0.9999979886761282,False,2.026553822531696e-06
Qwen/Qwen3-4B-instruct-2507,9,16,1.1861074904847522e-08,0.9999966621509202,0.9999966740119951,False,3.337849079798616e-06
Qwen/Qwen3-4B-instruct-2507,9,17,1.18610975280741e-08,0.9999984502816872,0.9999984621427848,False,1.5497183127877179e-06
Qwen/Qwen3-4B-instruct-2507,9,18,0.9999997615814777,6.82560337633487e-08,0.9999998298375115,True,2.3841852225814364e-07
Qwen/Qwen3-4B-instruct-2507,9,19,1.5229950695859287e-08,0.9999982118638471,0.9999982270937978,False,1.7881361529248352e-06
Qwen/Qwen3-4B-instruct-2507,9,20,1.5229921647061352e-08,0.9999957084838798,0.9999957237138014,False,4.291516120247252e-06
Qwen/Qwen3-4B-instruct-2507,9,21,2.8453239549131867e-08,0.9999970197767496,0.9999970482299891,False,2.980223250403924e-06
Qwen/Qwen3-4B-instruct-2507,9,22,1.18610975280741e-08,0.9999971389852362,0.9999971508463338,False,2.861014763766434e-06
Qwen/Qwen3-4B-instruct-2507,9,23,1.3440384315611926e-08,0.9999979734461775,0.9999979868865618,False,2.026553822531696e-06
Qwen/Qwen3-4B-instruct-2507,9,24,1.7257762154696544e-08,0.9999961853172863,0.9999962025750484,False,3.8146827137097716e-06
Qwen/Qwen3-4B-instruct-2507,9,25,9.23741442396384e-09,0.9999966621509202,0.9999966713883346,False,3.337849079798616e-06
Qwen/Qwen3-4B-instruct-2507,9,26,1.3440358680137724e-08,0.9999963045256735,0.9999963179660322,False,3.695474326548265e-06
Qwen/Qwen3-4B-instruct-2507,9,27,0.9999997615814777,4.139937718785167e-08,0.9999998029808549,True,2.3841852225814364e-07
Qwen/Qwen3-4B-instruct-2507,9,28,1.0467361864851814e-08,0.9999958276922101,0.9999958381595719,False,4.172307789929164e-06
Qwen/Qwen3-4B-instruct-2507,9,29,1.5229950695859287e-08,0.9999974966112362,0.9999975118411869,False,2.5033887638414853e-06
Qwen/Qwen3-4B-instruct-2507,9,30,4.139906133687463e-08,0.9999929667012066,0.9999930081002679,False,7.033298793368559e-06
Qwen/Qwen3-4B-instruct-2507,9,31,3.224174437983862e-08,0.9999965429424904,0.9999965751842348,False,3.457057509592687e-06
Qwen/Qwen3-4B-instruct-2507,9,32,2.510984787732669e-08,0.999995112442896,0.9999951375527438,False,4.887557104038542e-06
Qwen/Qwen3-4B-instruct-2507,9,33,8.764198070156538e-08,0.999995112442896,0.9999952000848766,False,4.887557104038542e-06
Qwen/Qwen3-4B-instruct-2507,9,34,4.139921926206193e-08,0.9999957084838798,0.999995749883099,False,4.291516120247252e-06
Qwen/Qwen3-4B-instruct-2507,9,35,2.5109895770606383e-08,0.9999961853172863,0.999996210427182,False,3.8146827137097716e-06
Qwen/Qwen3-4B-instruct-2507,9,36,0.9999996423722521,6.023573837886479e-08,0.9999997026079905,True,3.5762774786007867e-07
Qwen/Qwen3-4B-instruct-2507,9,37,4.139921926206193e-08,0.9999957084838798,0.999995749883099,False,4.291516120247252e-06
Qwen/Qwen3-4B-instruct-2507,9,38,5.3157548373442334e-08,0.9999945164027223,0.9999945695602707,False,5.483597277700092e-06
Qwen/Qwen3-4B-instruct-2507,9,39,6.475890416644057e-07,0.9999903441405488,0.9999909917295904,False,9.655859451229709e-06
Qwen/Qwen3-4B-instruct-2507,9,40,1.7257762154696544e-08,0.9999952316511552,0.9999952489089173,False,4.768348844774728e-06
Qwen/Qwen3-4B-instruct-2507,9,41,2.5109895770606383e-08,0.9999965429424904,0.9999965680523861,False,3.457057509592687e-06
Qwen/Qwen3-4B-instruct-2507,9,42,4.139914029939298e-08,0.9999936819476216,0.999993723346762,False,6.318052378384564e-06
Qwen/Qwen3-4B-instruct-2507,9,43,2.5109943663977427e-08,0.9999976158197796,0.9999976409297233,False,2.3841802203605766e-06
Qwen/Qwen3-4B-instruct-2507,9,44,1.955560648898961e-08,0.9999963045256735,0.9999963240812799,False,3.695474326548265e-06
Qwen/Qwen3-4B-instruct-2507,9,45,0.9999997615814777,2.510999155743982e-08,0.9999997866914693,True,2.3841852225814364e-07
Qwen/Qwen3-4B-instruct-2507,9,46,1.7257762154696544e-08,0.9999963045256735,0.9999963217834356,False,3.695474326548265e-06
Qwen/Qwen3-4B-instruct-2507,9,47,1.955564378838448e-08,0.9999979734461775,0.9999979930018212,False,2.026553822531696e-06
Qwen/Qwen3-4B-instruct-2507,9,48,6.023539370819118e-08,0.9999936819476216,0.9999937421830153,False,6.318052378384564e-06
Qwen/Qwen3-4B-instruct-2507,9,49,1.7257762154696544e-08,0.9999952316511552,0.9999952489089173,False,4.768348844774728e-06
Qwen/Qwen3-4B-instruct-2507,9,50,2.8453185278936072e-08,0.999995112442896,0.9999951408960812,False,4.887557104038542e-06
Qwen/Qwen3-4B-instruct-2507,9,51,1.275183294809117e-07,0.9999945164027223,0.9999946439210518,False,5.483597277700092e-06
Qwen/Qwen3-4B-instruct-2507,9,52,2.510984787732669e-08,0.9999936819476216,0.9999937070574695,False,6.318052378384564e-06
Qwen/Qwen3-4B-instruct-2507,9,53,2.5109895770606383e-08,0.9999970197767496,0.9999970448866453,False,2.980223250403924e-06
Qwen/Qwen3-4B-instruct-2507,9,54,0.9999997615814777,2.8453348089834e-08,0.9999997900348259,True,2.3841852225814364e-07
Qwen/Qwen3-4B-instruct-2507,9,55,2.2159405241782167e-08,0.9999952316511552,0.9999952538105604,False,4.768348844774728e-06
Qwen/Qwen3-4B-instruct-2507,10,1,1.7257795071296986e-08,0.9999985694905718,0.9999985867483668,False,1.430509428246296e-06
Qwen/Qwen3-4B-instruct-2507,10,2,1.7257795071296986e-08,0.9999979734461775,0.9999979907039726,False,2.026553822531696e-06
Qwen/Qwen3-4B-instruct-2507,10,3,9.237449661970594e-09,0.9999995231630692,0.9999995324005189,False,4.7683693082944956e-07
Qwen/Qwen3-4B-instruct-2507,10,4,9.237449661970594e-09,0.9999992847447459,0.9999992939821956,False,7.152552541356272e-07
Qwen/Qwen3-4B-instruct-2507,10,5,8.152020714470167e-09,0.9999994039539004,0.9999994121059211,False,5.960460995879657e-07
Qwen/Qwen3-4B-instruct-2507,10,6,1.0467381829779195e-08,0.999998927117538,0.9999989375849199,False,1.0728824619832267e-06
Qwen/Qwen3-4B-instruct-2507,10,7,9.237449661970594e-09,0.9999996423722521,0.9999996516097018,False,3.5762774786007867e-07
Qwen/Qwen3-4B-instruct-2507,10,8,9.237449661970594e-09,0.9999991655356624,0.9999991747731121,False,8.344643376290151e-07
Qwen/Qwen3-4B-instruct-2507,10,9,6.34880011604368e-09,0.9999997615814777,0.9999997679302779,False,2.3841852225814364e-07
Qwen/Qwen3-4B-instruct-2507,10,10,0.9999997615814777,6.023573837886479e-08,0.9999998218172161,True,2.3841852225814364e-07
Qwen/Qwen3-4B-instruct-2507,10,11,6.34880011604368e-09,0.9999992847447459,0.999999291093546,False,7.152552541356272e-07
Qwen/Qwen3-4B-instruct-2507,10,12,9.237449661970594e-09,0.9999990463265931,0.9999990555640428,False,9.536734069115482e-07
Qwen/Qwen3-4B-instruct-2507,10,13,5.602796437537268e-09,0.9999995231630692,0.9999995287658656,False,4.7683693082944956e-07
Qwen/Qwen3-4B-instruct-2507,10,14,5.602796437537268e-09,0.9999991655356624,0.9999991711384588,False,8.344643376290151e-07
Qwen/Qwen3-4B-instruct-2507,10,15,5.602796437537268e-09,0.9999995231630692,0.9999995287658656,False,4.7683693082944956e-07
Qwen/Qwen3-4B-instruct-2507,10,16,7.194133030325383e-09,0.9999990463265931,0.9999990535207262,False,9.536734069115482e-07
Qwen/Qwen3-4B-instruct-2507,10,17,5.602796437537268e-09,0.9999996423722521,0.9999996479750486,False,3.5762774786007867e-07
Qwen/Qwen3-4B-instruct-2507,10,18,5.602796437537268e-09,0.9999994039539004,0.9999994095566969,False,5.960460995879657e-07
Qwen/Qwen3-4B-instruct-2507,10,19,6.34880011604368e-09,0.9999996423722521,0.9999996487210523,False,3.5762774786007867e-07
Qwen/Qwen3-4B-instruct-2507,10,20,0.9999997615814777,4.691164021834418e-08,0.999999808493118,True,2.3841852225814364e-07
Qwen/Qwen3-4B-instruct-2507,10,21,5.602796437537268e-09,0.9999994039539004,0.9999994095566969,False,5.960460995879657e-07
Qwen/Qwen3-4B-instruct-2507,10,22,4.944450501938644e-09,0.9999994039539004,0.9999994088983509,False,5.960460995879657e-07
Qwen/Qwen3-4B-instruct-2507,10,23,6.34880011604368e-09,0.9999995231630692,0.9999995295118693,False,4.7683693082944956e-07
Qwen/Qwen3-4B-instruct-2507,10,24,6.34880011604368e-09,0.9999991655356624,0.9999991718844625,False,8.344643376290151e-07
Qwen/Qwen3-4B-instruct-2507,10,25,3.398267819495071e-09,0.9999994039539004,0.9999994073521682,False,5.960460995879657e-07
Qwen/Qwen3-4B-instruct-2507,10,26,4.944450501938644e-09,0.9999991655356624,0.9999991704801129,False,8.344643376290151e-07
Qwen/Qwen3-4B-instruct-2507,10,27,5.602796437537268e-09,0.9999994039539004,0.9999994095566969,False,5.960460995879657e-07
Qwen/Qwen3-4B-instruct-2507,10,28,5.602796437537268e-09,0.9999990463265931,0.9999990519293895,False,9.536734069115482e-07
Qwen/Qwen3-4B-instruct-2507,10,29,5.602796437537268e-09,0.9999996423722521,0.9999996479750486,False,3.5762774786007867e-07
Qwen/Qwen3-4B-instruct-2507,10,30,0.9999998807907247,2.510999155743982e-08,0.9999999059007162,True,1.1920927533992653e-07
Qwen/Qwen3-4B-instruct-2507,10,31,4.363462252943702e-09,0.9999996423722521,0.9999996467357144,False,3.5762774786007867e-07
Qwen/Qwen3-4B-instruct-2507,10,32,5.602796437537268e-09,0.9999990463265931,0.9999990519293895,False,9.536734069115482e-07
Qwen/Qwen3-4B-instruct-2507,10,33,6.34880011604368e-09,0.9999995231630692,0.9999995295118693,False,4.7683693082944956e-07
Qwen/Qwen3-4B-instruct-2507,10,34,5.602796437537268e-09,0.9999994039539004,0.9999994095566969,False,5.960460995879657e-07
Qwen/Qwen3-4B-instruct-2507,10,35,4.363462252943702e-09,0.9999995231630692,0.9999995275265314,False,4.7683693082944956e-07
Qwen/Qwen3-4B-instruct-2507,10,36,7.194133030325383e-09,0.9999990463265931,0.9999990535207262,False,9.536734069115482e-07
Qwen/Qwen3-4B-instruct-2507,10,37,5.602796437537268e-09,0.9999996423722521,0.9999996479750486,False,3.5762774786007867e-07
Qwen/Qwen3-4B-instruct-2507,10,38,7.19411930861867e-09,0.999998927117538,0.9999989343116573,False,1.0728824619832267e-06
Qwen/Qwen3-4B-instruct-2507,10,39,6.34880011604368e-09,0.9999995231630692,0.9999995295118693,False,4.7683693082944956e-07
Qwen/Qwen3-4B-instruct-2507,10,40,0.9999998807907247,1.3440409951135022e-08,0.9999998942311346,True,1.1920927533992653e-07
Qwen/Qwen3-4B-instruct-2507,10,41,5.602796437537268e-09,0.9999995231630692,0.9999995287658656,False,4.7683693082944956e-07
Qwen/Qwen3-4B-instruct-2507,10,42,6.34880011604368e-09,0.9999992847447459,0.999999291093546,False,7.152552541356272e-07
Qwen/Qwen3-4B-instruct-2507,10,43,5.602796437537268e-09,0.9999996423722521,0.9999996479750486,False,3.5762774786007867e-07
Qwen/Qwen3-4B-instruct-2507,10,44,4.944450501938644e-09,0.9999992847447459,0.9999992896891964,False,7.152552541356272e-07
Qwen/Qwen3-4B-instruct-2507,10,45,5.602796437537268e-09,0.9999994039539004,0.9999994095566969,False,5.960460995879657e-07
Qwen/Qwen3-4B-instruct-2507,10,46,8.152005165739432e-09,0.9999988079084972,0.9999988160605023,False,1.1920915028440504e-06
Qwen/Qwen3-4B-instruct-2507,10,47,4.944450501938644e-09,0.9999996423722521,0.9999996473167027,False,3.5762774786007867e-07
Qwen/Qwen3-4B-instruct-2507,10,48,6.348788006680007e-09,0.999998927117538,0.9999989334663261,False,1.0728824619832267e-06
Qwen/Qwen3-4B-instruct-2507,10,49,4.944450501938644e-09,0.9999994039539004,0.9999994088983509,False,5.960460995879657e-07
Qwen/Qwen3-4B-instruct-2507,10,50,0.9999998807907247,1.9555681087850496e-08,0.9999999003464057,True,1.1920927533992653e-07
Qwen/Qwen3-4B-instruct-2507,10,51,4.944450501938644e-09,0.9999996423722521,0.9999996473167027,False,3.5762774786007867e-07
Qwen/Qwen3-4B-instruct-2507,10,52,8.152005165739432e-09,0.9999985694905718,0.9999985776425769,False,1.430509428246296e-06
Qwen/Qwen3-4B-instruct-2507,10,53,4.944450501938644e-09,0.9999995231630692,0.9999995281075197,False,4.7683693082944956e-07
Qwen/Qwen3-4B-instruct-2507,10,54,7.19411930861867e-09,0.999998927117538,0.9999989343116573,False,1.0728824619832267e-06
Qwen/Qwen3-4B-instruct-2507,10,55,7.19411930861867e-09,0.9999988079084972,0.9999988151026165,False,1.1920915028440504e-06
Qwen/Qwen3-4B-instruct-2507,11,1,7.484512006729352e-05,0.999910362648254,0.9999852077683212,False,8.963735174605247e-05
Qwen/Qwen3-4B-instruct-2507,11,2,6.962178568978139e-06,0.9999814036965474,0.9999883658751164,False,1.8596303452578233e-05
Qwen/Qwen3-4B-instruct-2507,11,3,1.0676979006009105e-06,0.9999946356109105,0.9999957033088112,False,5.364389089490551e-06
Qwen/Qwen3-4B-instruct-2507,11,4,1.4738875921730212e-05,0.9999781851762466,0.9999929240521683,False,2.1814823753407708e-05
Qwen/Qwen3-4B-instruct-2507,11,5,1.7603362394025924e-06,0.999994397195003,0.9999961575312425,False,5.602804996951427e-06
Qwen/Qwen3-4B-instruct-2507,11,6,6.144130319790621e-06,0.9999867679437158,0.9999929120740355,False,1.3232056284229188e-05
Qwen/Qwen3-4B-instruct-2507,11,7,2.102425832248476e-07,0.9999959469005546,0.9999961571431378,False,4.053099445400221e-06
Qwen/Qwen3-4B-instruct-2507,11,8,1.0676968823653307e-06,0.9999934435319415,0.9999945112288239,False,6.556468058471765e-06
Qwen/Qwen3-4B-instruct-2507,11,9,4.450839766446488e-07,0.9999969005680498,0.9999973456520265,False,3.0994319502042345e-06
Qwen/Qwen3-4B-instruct-2507,11,10,0.00015843382357226923,0.9998265805692722,0.9999850143928445,False,0.00017341943072779475
Qwen/Qwen3-4B-instruct-2507,11,11,0.9999996423722521,9.931194312156244e-08,0.9999997416841953,True,3.5762774786007867e-07
Qwen/Qwen3-4B-instruct-2507,11,12,1.855371898888086e-07,0.9999895096921129,0.9999896952293027,False,1.0490307887134342e-05
Qwen/Qwen3-4B-instruct-2507,11,13,1.1253474543245463e-07,0.9999955892755635,0.999995701810309,False,4.410724436465507e-06
Qwen/Qwen3-4B-instruct-2507,11,14,5.043428527566997e-07,0.9999903441405488,0.9999908484834015,False,9.655859451229709e-06
Qwen/Qwen3-4B-instruct-2507,11,15,4.691146126497983e-08,0.9999961853172863,0.9999962322287476,False,3.8146827137097716e-06
Qwen/Qwen3-4B-instruct-2507,11,16,8.764164637457892e-08,0.9999896288992495,0.9999897165408959,False,1.037110075052805e-05
Qwen/Qwen3-4B-instruct-2507,11,17,8.764198070156538e-08,0.9999935627400018,0.9999936503819825,False,6.4372599981599166e-06
Qwen/Qwen3-4B-instruct-2507,11,18,1.444967843797534e-07,0.9999917746265009,0.9999919191232853,False,8.225373499093358e-06
Qwen/Qwen3-4B-instruct-2507,11,19,2.699550183806035e-07,0.9999893904859,0.9999896604409183,False,1.0609514100035078e-05
Qwen/Qwen3-4B-instruct-2507,11,20,5.043399668920043e-07,0.999984503032491,0.9999850073724579,False,1.5496967509021076e-05
Qwen/Qwen3-4B-instruct-2507,11,21,5.04340928845068e-07,0.9999862911193472,0.999986795460276,False,1.3708880652774091e-05
Qwen/Qwen3-4B-instruct-2507,11,22,0.9999997615814777,3.6534822137210456e-08,0.9999997981162999,True,2.3841852225814364e-07
Qwen/Qwen3-4B-instruct-2507,11,23,1.4449719778896098e-07,0.9999942779868433,0.999994422484041,False,5.7220131567392585e-06
Qwen/Qwen3-4B-instruct-2507,11,24,6.825538282618921e-08,0.9999896288992495,0.9999896971546323,False,1.037110075052805e-05
Qwen/Qwen3-4B-instruct-2507,11,25,4.139906133687463e-08,0.9999928474936721,0.9999928888927334,False,7.152506327878783e-06
Qwen/Qwen3-4B-instruct-2507,11,26,9.422212199716861e-07,0.9999746090656421,0.999975551286862,False,2.5390934357938377e-05
Qwen/Qwen3-4B-instruct-2507,11,27,6.02352788184049e-08,0.9999918938339075,0.9999919540691863,False,8.106166092480827e-06
Qwen/Qwen3-4B-instruct-2507,11,28,2.1023877370327672e-07,0.9999781851762466,0.9999783954150203,False,2.1814823753407708e-05
Qwen/Qwen3-4B-instruct-2507,11,29,9.931099601358393e-08,0.9999908209686689,0.9999909202796649,False,9.179031331130183e-06
Qwen/Qwen3-4B-instruct-2507,11,30,5.71492053303449e-07,0.999984503032491,0.9999850745245443,False,1.5496967509021076e-05
Qwen/Qwen3-4B-instruct-2507,11,31,5.714936883576678e-07,0.9999878408000585,0.9999884122937469,False,1.215919994146386e-05
Qwen/Qwen3-4B-instruct-2507,11,32,2.382324227839884e-07,0.9999806884689187,0.9999809267013415,False,1.9311531081256383e-05
Qwen/Qwen3-4B-instruct-2507,11,33,0.9999997615814777,2.510999155743982e-08,0.9999997866914693,True,2.3841852225814364e-07
Qwen/Qwen3-4B-instruct-2507,11,34,3.1200921057686426e-05,0.9999374190384885,0.9999686199595462,False,6.258096151146031e-05
Qwen/Qwen3-4B-instruct-2507,11,35,3.9278111031949866e-07,0.9999864103261001,0.9999868031072104,False,1.3589673899860877e-05
Qwen/Qwen3-4B-instruct-2507,11,36,1.7603060214876799e-06,0.99997663552505,0.9999783958310715,False,2.336447494999394e-05
Qwen/Qwen3-4B-instruct-2507,11,37,2.6995476093155864e-07,0.9999880792130387,0.9999883491677996,False,1.1920786961328034e-05
Qwen/Qwen3-4B-instruct-2507,11,38,5.8287881642341374e-05,0.999883188544078,0.9999414764257203,False,0.0001168114559220168
Qwen/Qwen3-4B-instruct-2507,11,39,5.828860428634479e-05,0.9998961794900081,0.9999544680942944,False,0.00010382050999191428
Qwen/Qwen3-4B-instruct-2507,11,40,4.2227304620416605e-06,0.9999712713868034,0.9999754941172655,False,2.8728613196582486e-05
Qwen/Qwen3-4B-instruct-2507,11,41,6.475822482206359e-07,0.9999802116501774,0.9999808592324256,False,1.9788349822635887e-05
Qwen/Qwen3-4B-instruct-2507,11,42,5.714882381951305e-07,0.9999778275635193,0.9999783990517574,False,2.217243648072742e-05
Qwen/Qwen3-4B-instruct-2507,11,43,5.714931433390751e-07,0.9999862911193472,0.9999868626124906,False,1.3708880652774091e-05
Qwen/Qwen3-4B-instruct-2507,11,44,0.9999997615814777,2.510999155743982e-08,0.9999997866914693,True,2.3841852225814364e-07
Qwen/Qwen3-4B-instruct-2507,11,45,3.058988197476206e-07,0.9999880792130387,0.9999883851118584,False,1.1920786961328034e-05
Qwen/Qwen3-4B-instruct-2507,11,46,2.2602625838076723e-06,0.9999700793634253,0.9999723396260091,False,2.9920636574698456e-05
Qwen/Qwen3-4B-instruct-2507,11,47,3.0589765283845506e-07,0.9999847414437658,0.9999850473414187,False,1.5258556234187814e-05
Qwen/Qwen3-4B-instruct-2507,11,48,2.699519290082697e-07,0.9999780659713836,0.9999783359233126,False,2.1934028616388268e-05
Qwen/Qwen3-4B-instruct-2507,11,49,3.058938604144094e-07,0.9999719866022398,0.9999722924961003,False,2.8013397760151548e-05
Qwen/Qwen3-4B-instruct-2507,11,50,5.4221139247667734e-06,0.9999754434898208,0.9999808656037456,False,2.4556510179185587e-05
Qwen/Qwen3-4B-instruct-2507,11,51,6.143925240738374e-06,0.9999536297383403,0.9999597736635811,False,4.637026165965619e-05
Qwen/Qwen3-4B-instruct-2507,11,52,1.0129581588635872e-05,0.9999496962111042,0.9999598257926928,False,5.030378889581133e-05
Qwen/Qwen3-4B-instruct-2507,11,53,2.6995476093155864e-07,0.9999880792130387,0.9999883491677996,False,1.1920786961328034e-05
Qwen/Qwen3-4B-instruct-2507,11,54,4.450754874224652e-07,0.9999779467683537,0.9999783918438412,False,2.2053231646279592e-05
Qwen/Qwen3-4B-instruct-2507,11,55,0.9999996423722521,3.2241867372567335e-08,0.9999996746141195,True,3.5762774786007867e-07
Qwen/Qwen3-4B-instruct-2507,12,1,2.5109943663977427e-08,0.9999971389852362,0.9999971640951799,False,2.861014763766434e-06
Qwen/Qwen3-4B-instruct-2507,12,2,1.7257762154696544e-08,0.9999963045256735,0.9999963217834356,False,3.695474326548265e-06
Qwen/Qwen3-4B-instruct-2507,12,3,1.3440384315611926e-08,0.9999982118638471,0.9999982253042314,False,1.7881361529248352e-06
Qwen/Qwen3-4B-instruct-2507,12,4,2.5109895770606383e-08,0.9999961853172863,0.999996210427182,False,3.8146827137097716e-06
Qwen/Qwen3-4B-instruct-2507,12,5,1.0467381829779195e-08,0.9999988079084972,0.999998818375879,False,1.1920915028440504e-06
Qwen/Qwen3-4B-instruct-2507,12,6,2.9022927300980684e-06,0.9999907017622996,0.9999936040550298,False,9.29823770035032e-06
Qwen/Qwen3-4B-instruct-2507,12,7,8.152005165739432e-09,0.999998927117538,0.9999989352695432,False,1.0728824619832267e-06
Qwen/Qwen3-4B-instruct-2507,12,8,4.691128231229814e-08,0.9999920130413283,0.9999920599526106,False,7.98695867165744e-06
Qwen/Qwen3-4B-instruct-2507,12,9,1.3440384315611926e-08,0.9999984502816872,0.9999984637220716,False,1.5497183127877179e-06
Qwen/Qwen3-4B-instruct-2507,12,10,7.19411930861867e-09,0.9999974966112362,0.9999975038053555,False,2.5033887638414853e-06
Qwen/Qwen3-4B-instruct-2507,12,11,1.0467381829779195e-08,0.9999982118638471,0.9999982223312289,False,1.7881361529248352e-06
Qwen/Qwen3-4B-instruct-2507,12,12,0.9999995231630692,2.1024338523818466e-07,0.9999997334064544,True,4.7683693082944956e-07
Qwen/Qwen3-4B-instruct-2507,12,13,1.0467381829779195e-08,0.9999982118638471,0.9999982223312289,False,1.7881361529248352e-06
Qwen/Qwen3-4B-instruct-2507,12,14,9.23741442396384e-09,0.9999963045256735,0.9999963137630878,False,3.695474326548265e-06
Qwen/Qwen3-4B-instruct-2507,12,15,9.237432042950414e-09,0.9999979734461775,0.9999979826836095,False,2.026553822531696e-06
Qwen/Qwen3-4B-instruct-2507,12,16,1.9555531890413292e-08,0.9999920130413283,0.9999920325968602,False,7.98695867165744e-06
Qwen/Qwen3-4B-instruct-2507,12,17,6.348788006680007e-09,0.9999988079084972,0.9999988142572852,False,1.1920915028440504e-06
Qwen/Qwen3-4B-instruct-2507,12,18,4.691137178855366e-08,0.9999936819476216,0.9999937288589934,False,6.318052378384564e-06
Qwen/Qwen3-4B-instruct-2507,12,19,4.9444410711567335e-09,0.999998927117538,0.9999989320619791,False,1.0728824619832267e-06
Qwen/Qwen3-4B-instruct-2507,12,20,1.1861052281664094e-08,0.9999936819476216,0.9999936938086739,False,6.318052378384564e-06
Qwen/Qwen3-4B-instruct-2507,12,21,9.23741442396384e-09,0.9999963045256735,0.9999963137630878,False,3.695474326548265e-06
Qwen/Qwen3-4B-instruct-2507,12,22,9.23741442396384e-09,0.9999957084838798,0.9999957177212941,False,4.291516120247252e-06
Qwen/Qwen3-4B-instruct-2507,12,23,9.237432042950414e-09,0.9999984502816872,0.9999984595191193,False,1.5497183127877179e-06
Qwen/Qwen3-4B-instruct-2507,12,24,0.9999997615814777,3.6534822137210456e-08,0.9999997981162999,True,2.3841852225814364e-07
Qwen/Qwen3-4B-instruct-2507,12,25,6.348788006680007e-09,0.9999974966112362,0.9999975029600242,False,2.5033887638414853e-06
Qwen/Qwen3-4B-instruct-2507,12,26,8.151989617038353e-09,0.9999952316511552,0.9999952398031449,False,4.768348844774728e-06
Qwen/Qwen3-4B-instruct-2507,12,27,9.23741442396384e-09,0.9999966621509202,0.9999966713883346,False,3.337849079798616e-06
Qwen/Qwen3-4B-instruct-2507,12,28,8.151958519725165e-09,0.9999921322487634,0.9999921404007219,False,7.8677512366232e-06
Qwen/Qwen3-4B-instruct-2507,12,29,6.348788006680007e-09,0.9999982118638471,0.9999982182126351,False,1.7881361529248352e-06
Qwen/Qwen3-4B-instruct-2507,12,30,1.5229921647061352e-08,0.9999952316511552,0.9999952468810769,False,4.768348844774728e-06
Qwen/Qwen3-4B-instruct-2507,12,31,6.348788006680007e-09,0.9999984502816872,0.9999984566304753,False,1.5497183127877179e-06
Qwen/Qwen3-4B-instruct-2507,12,32,1.7257663405271917e-08,0.9999897481064004,0.9999897653640638,False,1.0251893599599882e-05
Qwen/Qwen3-4B-instruct-2507,12,33,1.1861074904847522e-08,0.9999958276922101,0.999995839553285,False,4.172307789929164e-06
Qwen/Qwen3-4B-instruct-2507,12,34,1.7257762154696544e-08,0.9999961853172863,0.9999962025750484,False,3.8146827137097716e-06
Qwen/Qwen3-4B-instruct-2507,12,35,8.152005165739432e-09,0.9999971389852362,0.9999971471372414,False,2.861014763766434e-06
Qwen/Qwen3-4B-instruct-2507,12,36,0.9999997615814777,2.8453348089834e-08,0.9999997900348259,True,2.3841852225814364e-07
Qwen/Qwen3-4B-instruct-2507,12,37,8.152005165739432e-09,0.9999979734461775,0.9999979815981827,False,2.026553822531696e-06
Qwen/Qwen3-4B-instruct-2507,12,38,1.0467361864851814e-08,0.9999952316511552,0.9999952421185171,False,4.768348844774728e-06
Qwen/Qwen3-4B-instruct-2507,12,39,1.1861074904847522e-08,0.9999963045256735,0.9999963163867484,False,3.695474326548265e-06
Qwen/Qwen3-4B-instruct-2507,12,40,1.725769632168401e-08,0.9999920130413283,0.9999920302990246,False,7.98695867165744e-06
Qwen/Qwen3-4B-instruct-2507,12,41,7.19411930861867e-09,0.9999984502816872,0.9999984574758065,False,1.5497183127877179e-06
Qwen/Qwen3-4B-instruct-2507,12,42,7.734318642157583e-08,0.9999868871505255,0.9999869644937119,False,1.3112849474472554e-05
Qwen/Qwen3-4B-instruct-2507,12,43,9.237432042950414e-09,0.9999982118638471,0.9999982211012791,False,1.7881361529248352e-06
Qwen/Qwen3-4B-instruct-2507,12,44,2.2159320710520812e-08,0.9999920130413283,0.999992035200649,False,7.98695867165744e-06
Qwen/Qwen3-4B-instruct-2507,12,45,1.0467381829779195e-08,0.9999971389852362,0.9999971494526181,False,2.861014763766434e-06
Qwen/Qwen3-4B-instruct-2507,12,46,1.5229863549631703e-08,0.9999920130413283,0.9999920282711919,False,7.98695867165744e-06
Qwen/Qwen3-4B-instruct-2507,12,47,9.237432042950414e-09,0.9999982118638471,0.9999982211012791,False,1.7881361529248352e-06
Qwen/Qwen3-4B-instruct-2507,12,48,0.9999997615814777,1.9555681087850496e-08,0.9999997811371588,True,2.3841852225814364e-07
Qwen/Qwen3-4B-instruct-2507,12,49,8.151989617038353e-09,0.9999966621509202,0.9999966703029098,False,3.337849079798616e-06
Qwen/Qwen3-4B-instruct-2507,12,50,1.1861052281664094e-08,0.9999938011552557,0.999993813016308,False,6.198844744287335e-06
Qwen/Qwen3-4B-instruct-2507,12,51,1.7257762154696544e-08,0.9999963045256735,0.9999963217834356,False,3.695474326548265e-06
Qwen/Qwen3-4B-instruct-2507,12,52,1.725769632168401e-08,0.9999920130413283,0.9999920302990246,False,7.98695867165744e-06
Qwen/Qwen3-4B-instruct-2507,12,53,9.237432042950414e-09,0.9999977350285647,0.9999977442659967,False,2.2649714352951378e-06
Qwen/Qwen3-4B-instruct-2507,12,54,0.00020342490812000265,0.9997864225814329,0.9999898474895529,False,0.00021357741856709023
Qwen/Qwen3-4B-instruct-2507,12,55,9.23741442396384e-09,0.9999952316511552,0.9999952408885696,False,4.768348844774728e-06
Qwen/Qwen3-4B-instruct-2507,13,1,1.2751857270305506e-07,0.9999961853172863,0.999996312835859,False,3.8146827137097716e-06
Qwen/Qwen3-4B-instruct-2507,13,2,1.7257762154696544e-08,0.9999963045256735,0.9999963217834356,False,3.695474326548265e-06
Qwen/Qwen3-4B-instruct-2507,13,3,2.845329381943118e-08,0.9999982118638471,0.9999982403171409,False,1.7881361529248352e-06
Qwen/Qwen3-4B-instruct-2507,13,4,1.3440384315611926e-08,0.9999979734461775,0.9999979868865618,False,2.026553822531696e-06
Qwen/Qwen3-4B-instruct-2507,13,5,2.2159447507533765e-08,0.9999977350285647,0.9999977571880122,False,2.2649714352951378e-06
Qwen/Qwen3-4B-instruct-2507,13,6,1.5229950695859287e-08,0.9999974966112362,0.9999975118411869,False,2.5033887638414853e-06
Qwen/Qwen3-4B-instruct-2507,13,7,1.955564378838448e-08,0.9999977350285647,0.9999977545842085,False,2.2649714352951378e-06
Qwen/Qwen3-4B-instruct-2507,13,8,1.7257762154696544e-08,0.9999966621509202,0.9999966794086823,False,3.337849079798616e-06
Qwen/Qwen3-4B-instruct-2507,13,9,1.0467401794744658e-08,0.9999991655356624,0.9999991760030642,False,8.344643376290151e-07
Qwen/Qwen3-4B-instruct-2507,13,10,8.152005165739432e-09,0.9999977350285647,0.9999977431805699,False,2.2649714352951378e-06
Qwen/Qwen3-4B-instruct-2507,13,11,8.152005165739432e-09,0.9999982118638471,0.9999982200158523,False,1.7881361529248352e-06
Qwen/Qwen3-4B-instruct-2507,13,12,6.348788006680007e-09,0.9999984502816872,0.9999984566304753,False,1.5497183127877179e-06
Qwen/Qwen3-4B-instruct-2507,13,13,0.9999996423722521,1.1253517471925912e-07,0.9999997549074269,True,3.5762774786007867e-07
Qwen/Qwen3-4B-instruct-2507,13,14,2.510984787732669e-08,0.9999949932351057,0.9999950183449535,False,5.006764894344151e-06
Qwen/Qwen3-4B-instruct-2507,13,15,9.237432042950414e-09,0.9999974966112362,0.9999975058486682,False,2.5033887638414853e-06
Qwen/Qwen3-4B-instruct-2507,13,16,7.194105586938129e-09,0.9999966621509202,0.9999966693450257,False,3.337849079798616e-06
Qwen/Qwen3-4B-instruct-2507,13,17,1.5229921647061352e-08,0.9999958276922101,0.9999958429221317,False,4.172307789929164e-06
Qwen/Qwen3-4B-instruct-2507,13,18,7.194105586938129e-09,0.9999963045256735,0.999996311719779,False,3.695474326548265e-06
Qwen/Qwen3-4B-instruct-2507,13,19,1.5229921647061352e-08,0.9999963045256735,0.9999963197555951,False,3.695474326548265e-06
Qwen/Qwen3-4B-instruct-2507,13,20,1.0467361864851814e-08,0.9999952316511552,0.9999952421185171,False,4.768348844774728e-06
Qwen/Qwen3-4B-instruct-2507,13,21,1.5229892598318825e-08,0.9999936819476216,0.9999936971775142,False,6.318052378384564e-06
Qwen/Qwen3-4B-instruct-2507,13,22,9.23741442396384e-09,0.9999958276922101,0.9999958369296245,False,4.172307789929164e-06
Qwen/Qwen3-4B-instruct-2507,13,23,1.7257762154696544e-08,0.9999963045256735,0.9999963217834356,False,3.695474326548265e-06
Qwen/Qwen3-4B-instruct-2507,13,24,7.194091865283758e-09,0.9999946356109105,0.9999946428050024,False,5.364389089490551e-06
Qwen/Qwen3-4B-instruct-2507,13,25,8.151989617038353e-09,0.9999952316511552,0.9999952398031449,False,4.768348844774728e-06
Qwen/Qwen3-4B-instruct-2507,13,26,0.9999997615814777,2.215948977336598e-08,0.9999997837409675,True,2.3841852225814364e-07
Qwen/Qwen3-4B-instruct-2507,13,27,1.344033304471242e-08,0.9999946356109105,0.9999946490512436,False,5.364389089490551e-06
Qwen/Qwen3-4B-instruct-2507,13,28,9.23739680501087e-09,0.9999938011552557,0.9999938103926526,False,6.198844744287335e-06
Qwen/Qwen3-4B-instruct-2507,13,29,1.5229921647061352e-08,0.9999958276922101,0.9999958429221317,False,4.172307789929164e-06
Qwen/Qwen3-4B-instruct-2507,13,30,1.1861074904847522e-08,0.9999963045256735,0.9999963163867484,False,3.695474326548265e-06
Qwen/Qwen3-4B-instruct-2507,13,31,4.139914029939298e-08,0.9999935627400018,0.9999936041391422,False,6.4372599981599166e-06
Qwen/Qwen3-4B-instruct-2507,13,32,1.5229892598318825e-08,0.9999938011552557,0.9999938163851483,False,6.198844744287335e-06
Qwen/Qwen3-4B-instruct-2507,13,33,4.139906133687463e-08,0.9999918938339075,0.9999919352329688,False,8.106166092480827e-06
Qwen/Qwen3-4B-instruct-2507,13,34,7.734348146298033e-08,0.9999896288992495,0.999989706242731,False,1.037110075052805e-05
Qwen/Qwen3-4B-instruct-2507,13,35,1.5229892598318825e-08,0.9999946356109105,0.9999946508408031,False,5.364389089490551e-06
Qwen/Qwen3-4B-instruct-2507,13,36,1.5229863549631703e-08,0.9999921322487634,0.999992147478627,False,7.8677512366232e-06
Qwen/Qwen3-4B-instruct-2507,13,37,5.3157345593874676e-08,0.9999896288992495,0.9999896820565951,False,1.037110075052805e-05
Qwen/Qwen3-4B-instruct-2507,13,38,2.1023977620226084e-07,0.9999829533624089,0.9999831636021852,False,1.704663759105607e-05
Qwen/Qwen3-4B-instruct-2507,13,39,0.9999997615814777,1.3440409951135022e-08,0.9999997750218876,True,2.3841852225814364e-07
Qwen/Qwen3-4B-instruct-2507,13,40,3.2241559891625255e-08,0.9999909401759619,0.9999909724175218,False,9.059824038093467e-06
Qwen/Qwen3-4B-instruct-2507,13,41,8.764181353791273e-08,0.9999918938339075,0.9999919814757211,False,8.106166092480827e-06
Qwen/Qwen3-4B-instruct-2507,13,42,2.8453076738855012e-08,0.9999908209686689,0.9999908494217457,False,9.179031331130183e-06
Qwen/Qwen3-4B-instruct-2507,13,43,1.2751784303801675e-07,0.9999908209686689,0.9999909484865119,False,9.179031331130183e-06
Qwen/Qwen3-4B-instruct-2507,13,44,4.139906133687463e-08,0.9999918938339075,0.9999919352329688,False,8.106166092480827e-06
Qwen/Qwen3-4B-instruct-2507,13,45,1.5229892598318825e-08,0.9999946356109105,0.9999946508408031,False,5.364389089490551e-06
Qwen/Qwen3-4B-instruct-2507,13,46,4.1398903412289764e-08,0.9999883176260755,0.999988359024979,False,1.168237392445981e-05
Qwen/Qwen3-4B-instruct-2507,13,47,5.3157244204380926e-08,0.9999883176260755,0.9999883707833197,False,1.168237392445981e-05
Qwen/Qwen3-4B-instruct-2507,13,48,1.5229863549631703e-08,0.9999921322487634,0.999992147478627,False,7.8677512366232e-06
Qwen/Qwen3-4B-instruct-2507,13,49,4.1398824450223246e-08,0.9999867679437158,0.9999868093425403,False,1.3232056284229188e-05
Qwen/Qwen3-4B-instruct-2507,13,50,6.02352788184049e-08,0.9999918938339075,0.9999919540691863,False,8.106166092480827e-06
Qwen/Qwen3-4B-instruct-2507,13,51,8.764164637457892e-08,0.9999896288992495,0.9999897165408959,False,1.037110075052805e-05
Qwen/Qwen3-4B-instruct-2507,13,52,0.9999996423722521,2.510999155743982e-08,0.9999996674822437,True,3.5762774786007867e-07
Qwen/Qwen3-4B-instruct-2507,13,53,6.825538282618921e-08,0.9999896288992495,0.9999896971546323,False,1.037110075052805e-05
Qwen/Qwen3-4B-instruct-2507,13,54,1.9555531890413292e-08,0.9999918938339075,0.9999919133894394,False,8.106166092480827e-06
Qwen/Qwen3-4B-instruct-2507,13,55,3.2241559891625255e-08,0.9999908209686689,0.9999908532102287,False,9.179031331130183e-06
Qwen/Qwen3-4B-instruct-2507,14,1,1.3440384315611926e-08,0.9999971389852362,0.9999971524256206,False,2.861014763766434e-06
Qwen/Qwen3-4B-instruct-2507,14,2,1.3440307409336009e-08,0.9999920130413283,0.9999920264816358,False,7.98695867165744e-06
Qwen/Qwen3-4B-instruct-2507,14,3,8.152005165739432e-09,0.9999988079084972,0.9999988160605023,False,1.1920915028440504e-06
Qwen/Qwen3-4B-instruct-2507,14,4,1.3440358680137724e-08,0.9999958276922101,0.9999958411325688,False,4.172307789929164e-06
Qwen/Qwen3-4B-instruct-2507,14,5,8.152005165739432e-09,0.9999988079084972,0.9999988160605023,False,1.1920915028440504e-06
Qwen/Qwen3-4B-instruct-2507,14,6,9.237432042950414e-09,0.9999977350285647,0.9999977442659967,False,2.2649714352951378e-06
Qwen/Qwen3-4B-instruct-2507,14,7,2.5109943663977427e-08,0.9999984502816872,0.9999984753916309,False,1.5497183127877179e-06
Qwen/Qwen3-4B-instruct-2507,14,8,1.0467381829779195e-08,0.9999971389852362,0.9999971494526181,False,2.861014763766434e-06
Qwen/Qwen3-4B-instruct-2507,14,9,6.34880011604368e-09,0.9999990463265931,0.9999990526753932,False,9.536734069115482e-07
Qwen/Qwen3-4B-instruct-2507,14,10,5.602785751061334e-09,0.9999979734461775,0.9999979790489633,False,2.026553822531696e-06
Qwen/Qwen3-4B-instruct-2507,14,11,5.602785751061334e-09,0.9999982118638471,0.9999982174666329,False,1.7881361529248352e-06
Qwen/Qwen3-4B-instruct-2507,14,12,5.602785751061334e-09,0.9999979734461775,0.9999979790489633,False,2.026553822531696e-06
Qwen/Qwen3-4B-instruct-2507,14,13,7.19411930861867e-09,0.999998927117538,0.9999989343116573,False,1.0728824619832267e-06
Qwen/Qwen3-4B-instruct-2507,14,14,0.9999994039539004,2.3823673954981372e-07,0.99999964219064,True,5.960460995879657e-07
Qwen/Qwen3-4B-instruct-2507,14,15,5.602785751061334e-09,0.9999984502816872,0.999998455884473,False,1.5497183127877179e-06
Qwen/Qwen3-4B-instruct-2507,14,16,8.151989617038353e-09,0.9999952316511552,0.9999952398031449,False,4.768348844774728e-06
Qwen/Qwen3-4B-instruct-2507,14,17,5.602785751061334e-09,0.9999988079084972,0.999998813511283,False,1.1920915028440504e-06
Qwen/Qwen3-4B-instruct-2507,14,18,6.348788006680007e-09,0.9999974966112362,0.9999975029600242,False,2.5033887638414853e-06
Qwen/Qwen3-4B-instruct-2507,14,19,4.363453930307876e-09,0.999998927117538,0.999998931480992,False,1.0728824619832267e-06
Qwen/Qwen3-4B-instruct-2507,14,20,8.151989617038353e-09,0.9999966621509202,0.9999966703029098,False,3.337849079798616e-06
Qwen/Qwen3-4B-instruct-2507,14,21,5.3157548373442334e-08,0.9999949932351057,0.999995046392654,False,5.006764894344151e-06
Qwen/Qwen3-4B-instruct-2507,14,22,5.602785751061334e-09,0.9999971389852362,0.999997144588022,False,2.861014763766434e-06
Qwen/Qwen3-4B-instruct-2507,14,23,6.348788006680007e-09,0.9999984502816872,0.9999984566304753,False,1.5497183127877179e-06
Qwen/Qwen3-4B-instruct-2507,14,24,6.348775897339431e-09,0.9999963045256735,0.9999963108744494,False,3.695474326548265e-06
Qwen/Qwen3-4B-instruct-2507,14,25,4.9444410711567335e-09,0.9999977350285647,0.9999977399730058,False,2.2649714352951378e-06
Qwen/Qwen3-4B-instruct-2507,14,26,5.602775064605783e-09,0.9999963045256735,0.9999963101284485,False,3.695474326548265e-06
Qwen/Qwen3-4B-instruct-2507,14,27,6.348788006680007e-09,0.9999979734461775,0.9999979797949655,False,2.026553822531696e-06
Qwen/Qwen3-4B-instruct-2507,14,28,0.9999997615814777,2.8453348089834e-08,0.9999997900348259,True,2.3841852225814364e-07
Qwen/Qwen3-4B-instruct-2507,14,29,5.602785751061334e-09,0.9999988079084972,0.999998813511283,False,1.1920915028440504e-06
Qwen/Qwen3-4B-instruct-2507,14,30,4.9444410711567335e-09,0.9999977350285647,0.9999977399730058,False,2.2649714352951378e-06
Qwen/Qwen3-4B-instruct-2507,14,31,6.348788006680007e-09,0.9999982118638471,0.9999982182126351,False,1.7881361529248352e-06
Qwen/Qwen3-4B-instruct-2507,14,32,1.0467361864851814e-08,0.9999952316511552,0.9999952421185171,False,4.768348844774728e-06
Qwen/Qwen3-4B-instruct-2507,14,33,6.348788006680007e-09,0.9999979734461775,0.9999979797949655,False,2.026553822531696e-06
Qwen/Qwen3-4B-instruct-2507,14,34,1.18610975280741e-08,0.9999974966112362,0.9999975084723337,False,2.5033887638414853e-06
Qwen/Qwen3-4B-instruct-2507,14,35,3.6534682768190175e-08,0.9999961853172863,0.999996221851969,False,3.8146827137097716e-06
Qwen/Qwen3-4B-instruct-2507,14,36,9.23741442396384e-09,0.9999963045256735,0.9999963137630878,False,3.695474326548265e-06
Qwen/Qwen3-4B-instruct-2507,14,37,8.152005165739432e-09,0.9999988079084972,0.9999988160605023,False,1.1920915028440504e-06
Qwen/Qwen3-4B-instruct-2507,14,38,1.5229921647061352e-08,0.9999952316511552,0.9999952468810769,False,4.768348844774728e-06
Qwen/Qwen3-4B-instruct-2507,14,39,7.19411930861867e-09,0.9999979734461775,0.9999979806402968,False,2.026553822531696e-06
Qwen/Qwen3-4B-instruct-2507,14,40,1.3440358680137724e-08,0.9999952316511552,0.9999952450915139,False,4.768348844774728e-06
Qwen/Qwen3-4B-instruct-2507,14,41,1.0467381829779195e-08,0.9999982118638471,0.9999982223312289,False,1.7881361529248352e-06
Qwen/Qwen3-4B-instruct-2507,14,42,0.9999997615814777,2.510999155743982e-08,0.9999997866914693,True,2.3841852225814364e-07
Qwen/Qwen3-4B-instruct-2507,14,43,8.152005165739432e-09,0.9999984502816872,0.9999984584336924,False,1.5497183127877179e-06
Qwen/Qwen3-4B-instruct-2507,14,44,1.1861074904847522e-08,0.9999963045256735,0.9999963163867484,False,3.695474326548265e-06
Qwen/Qwen3-4B-instruct-2507,14,45,9.237432042950414e-09,0.9999979734461775,0.9999979826836095,False,2.026553822531696e-06
Qwen/Qwen3-4B-instruct-2507,14,46,1.344033304471242e-08,0.9999946356109105,0.9999946490512436,False,5.364389089490551e-06
Qwen/Qwen3-4B-instruct-2507,14,47,8.152005165739432e-09,0.9999985694905718,0.9999985776425769,False,1.430509428246296e-06
Qwen/Qwen3-4B-instruct-2507,14,48,1.0467361864851814e-08,0.9999963045256735,0.9999963149930353,False,3.695474326548265e-06
Qwen/Qwen3-4B-instruct-2507,14,49,1.444965087742721e-07,0.9999896288992495,0.9999897733957582,False,1.037110075052805e-05
Qwen/Qwen3-4B-instruct-2507,14,50,1.5229892598318825e-08,0.9999938011552557,0.9999938163851483,False,6.198844744287335e-06
Qwen/Qwen3-4B-instruct-2507,14,51,9.237432042950414e-09,0.9999982118638471,0.9999982211012791,False,1.7881361529248352e-06
Qwen/Qwen3-4B-instruct-2507,14,52,1.5229892598318825e-08,0.9999938011552557,0.9999938163851483,False,6.198844744287335e-06
Qwen/Qwen3-4B-instruct-2507,14,53,7.19411930861867e-09,0.9999984502816872,0.9999984574758065,False,1.5497183127877179e-06
Qwen/Qwen3-4B-instruct-2507,14,54,1.344033304471242e-08,0.999995112442896,0.999995125883229,False,4.887557104038542e-06
Qwen/Qwen3-4B-instruct-2507,14,55,7.19411930861867e-09,0.9999974966112362,0.9999975038053555,False,2.5033887638414853e-06
Qwen/Qwen3-4B-instruct-2507,15,1,1.955564378838448e-08,0.9999971389852362,0.99999715854088,False,2.861014763766434e-06
Qwen/Qwen3-4B-instruct-2507,15,2,8.152005165739432e-09,0.9999977350285647,0.9999977431805699,False,2.2649714352951378e-06
Qwen/Qwen3-4B-instruct-2507,15,3,1.7257795071296986e-08,0.9999979734461775,0.9999979907039726,False,2.026553822531696e-06
Qwen/Qwen3-4B-instruct-2507,15,4,9.237432042950414e-09,0.9999979734461775,0.9999979826836095,False,2.026553822531696e-06
Qwen/Qwen3-4B-instruct-2507,15,5,1.1253474543245463e-07,0.9999960661089133,0.9999961786436588,False,3.933891086660424e-06
Qwen/Qwen3-4B-instruct-2507,15,6,3.224174437983862e-08,0.9999957084838798,0.9999957407256241,False,4.291516120247252e-06
Qwen/Qwen3-4B-instruct-2507,15,7,7.19411930861867e-09,0.999998927117538,0.9999989343116573,False,1.0728824619832267e-06
Qwen/Qwen3-4B-instruct-2507,15,8,8.152005165739432e-09,0.9999977350285647,0.9999977431805699,False,2.2649714352951378e-06
Qwen/Qwen3-4B-instruct-2507,15,9,1.18610975280741e-08,0.9999984502816872,0.9999984621427848,False,1.5497183127877179e-06
Qwen/Qwen3-4B-instruct-2507,15,10,1.0467361864851814e-08,0.9999966621509202,0.9999966726182821,False,3.337849079798616e-06
Qwen/Qwen3-4B-instruct-2507,15,11,7.19411930861867e-09,0.9999977350285647,0.999997742222684,False,2.2649714352951378e-06
Qwen/Qwen3-4B-instruct-2507,15,12,1.1861074904847522e-08,0.9999963045256735,0.9999963163867484,False,3.695474326548265e-06
Qwen/Qwen3-4B-instruct-2507,15,13,6.348788006680007e-09,0.9999988079084972,0.9999988142572852,False,1.1920915028440504e-06
Qwen/Qwen3-4B-instruct-2507,15,14,7.19411930861867e-09,0.9999979734461775,0.9999979806402968,False,2.026553822531696e-06
Qwen/Qwen3-4B-instruct-2507,15,15,0.9999995231630692,2.1024338523818466e-07,0.9999997334064544,True,4.7683693082944956e-07
Qwen/Qwen3-4B-instruct-2507,15,16,6.348788006680007e-09,0.9999977350285647,0.9999977413773528,False,2.2649714352951378e-06
Qwen/Qwen3-4B-instruct-2507,15,17,6.348788006680007e-09,0.9999988079084972,0.9999988142572852,False,1.1920915028440504e-06
Qwen/Qwen3-4B-instruct-2507,15,18,1.1861074904847522e-08,0.9999963045256735,0.9999963163867484,False,3.695474326548265e-06
Qwen/Qwen3-4B-instruct-2507,15,19,5.602796437537268e-09,0.9999991655356624,0.9999991711384588,False,8.344643376290151e-07
Qwen/Qwen3-4B-instruct-2507,15,20,2.2159320710520812e-08,0.9999920130413283,0.999992035200649,False,7.98695867165744e-06
Qwen/Qwen3-4B-instruct-2507,15,21,1.0467381829779195e-08,0.9999977350285647,0.9999977454959466,False,2.2649714352951378e-06
Qwen/Qwen3-4B-instruct-2507,15,22,6.348788006680007e-09,0.9999979734461775,0.9999979797949655,False,2.026553822531696e-06
Qwen/Qwen3-4B-instruct-2507,15,23,9.237432042950414e-09,0.9999984502816872,0.9999984595191193,False,1.5497183127877179e-06
Qwen/Qwen3-4B-instruct-2507,15,24,9.23741442396384e-09,0.9999966621509202,0.9999966713883346,False,3.337849079798616e-06
Qwen/Qwen3-4B-instruct-2507,15,25,1.344033304471242e-08,0.9999936819476216,0.9999936953879547,False,6.318052378384564e-06
Qwen/Qwen3-4B-instruct-2507,15,26,7.19411930861867e-09,0.9999971389852362,0.9999971461793555,False,2.861014763766434e-06
Qwen/Qwen3-4B-instruct-2507,15,27,1.1861074904847522e-08,0.9999963045256735,0.9999963163867484,False,3.695474326548265e-06
Qwen/Qwen3-4B-instruct-2507,15,28,8.151989617038353e-09,0.9999966621509202,0.9999966703029098,False,3.337849079798616e-06
Qwen/Qwen3-4B-instruct-2507,15,29,7.19411930861867e-09,0.9999988079084972,0.9999988151026165,False,1.1920915028440504e-06
Qwen/Qwen3-4B-instruct-2507,15,30,0.9999997615814777,6.023573837886479e-08,0.9999998218172161,True,2.3841852225814364e-07
Qwen/Qwen3-4B-instruct-2507,15,31,1.0467381829779195e-08,0.9999982118638471,0.9999982223312289,False,1.7881361529248352e-06
Qwen/Qwen3-4B-instruct-2507,15,32,8.151989617038353e-09,0.9999958276922101,0.9999958358441997,False,4.172307789929164e-06
Qwen/Qwen3-4B-instruct-2507,15,33,1.7257762154696544e-08,0.9999963045256735,0.9999963217834356,False,3.695474326548265e-06
Qwen/Qwen3-4B-instruct-2507,15,34,1.5229921647061352e-08,0.9999970197767496,0.9999970350066713,False,2.980223250403924e-06
Qwen/Qwen3-4B-instruct-2507,15,35,1.5229892598318825e-08,0.9999938011552557,0.9999938163851483,False,6.198844744287335e-06
Qwen/Qwen3-4B-instruct-2507,15,36,2.2159362976111183e-08,0.9999945164027223,0.9999945385620853,False,5.483597277700092e-06
Qwen/Qwen3-4B-instruct-2507,15,37,9.237432042950414e-09,0.9999984502816872,0.9999984595191193,False,1.5497183127877179e-06
Qwen/Qwen3-4B-instruct-2507,15,38,1.3440358680137724e-08,0.9999958276922101,0.9999958411325688,False,4.172307789929164e-06
Qwen/Qwen3-4B-instruct-2507,15,39,1.955560648898961e-08,0.9999952316511552,0.9999952512067617,False,4.768348844774728e-06
Qwen/Qwen3-4B-instruct-2507,15,40,1.5229892598318825e-08,0.9999938011552557,0.9999938163851483,False,6.198844744287335e-06
Qwen/Qwen3-4B-instruct-2507,15,41,8.152005165739432e-09,0.9999982118638471,0.9999982200158523,False,1.7881361529248352e-06
Qwen/Qwen3-4B-instruct-2507,15,42,1.955560648898961e-08,0.9999957084838798,0.9999957280394862,False,4.291516120247252e-06
Qwen/Qwen3-4B-instruct-2507,15,43,9.237432042950414e-09,0.9999985694905718,0.9999985787280038,False,1.430509428246296e-06
Qwen/Qwen3-4B-instruct-2507,15,44,8.151989617038353e-09,0.9999966621509202,0.9999966703029098,False,3.337849079798616e-06
Qwen/Qwen3-4B-instruct-2507,15,45,0.9999997615814777,1.9555681087850496e-08,0.9999997811371588,True,2.3841852225814364e-07
Qwen/Qwen3-4B-instruct-2507,15,46,9.23741442396384e-09,0.9999966621509202,0.9999966713883346,False,3.337849079798616e-06
Qwen/Qwen3-4B-instruct-2507,15,47,9.237432042950414e-09,0.9999982118638471,0.9999982211012791,False,1.7881361529248352e-06
Qwen/Qwen3-4B-instruct-2507,15,48,1.0467381829779195e-08,0.9999971389852362,0.9999971494526181,False,2.861014763766434e-06
Qwen/Qwen3-4B-instruct-2507,15,49,1.0467361864851814e-08,0.9999963045256735,0.9999963149930353,False,3.695474326548265e-06
Qwen/Qwen3-4B-instruct-2507,15,50,3.653447371565659e-08,0.9999897481064004,0.9999897846408741,False,1.0251893599599882e-05
Qwen/Qwen3-4B-instruct-2507,15,51,2.8453185278936072e-08,0.999995112442896,0.9999951408960812,False,4.887557104038542e-06
Qwen/Qwen3-4B-instruct-2507,15,52,1.955556918966588e-08,0.9999938011552557,0.9999938207108249,False,6.198844744287335e-06
Qwen/Qwen3-4B-instruct-2507,15,53,1.7257795071296986e-08,0.9999971389852362,0.9999971562430313,False,2.861014763766434e-06
Qwen/Qwen3-4B-instruct-2507,15,54,3.224162138757908e-08,0.9999920130413283,0.9999920452829497,False,7.98695867165744e-06
Qwen/Qwen3-4B-instruct-2507,15,55,3.224162138757908e-08,0.9999920130413283,0.9999920452829497,False,7.98695867165744e-06
Qwen/Qwen3-4B-instruct-2507,16,1,2.2159447507533765e-08,0.9999977350285647,0.9999977571880122,False,2.2649714352951378e-06
Qwen/Qwen3-4B-instruct-2507,16,2,1.0467381829779195e-08,0.9999971389852362,0.9999971494526181,False,2.861014763766434e-06
Qwen/Qwen3-4B-instruct-2507,16,3,1.0467381829779195e-08,0.999998927117538,0.9999989375849199,False,1.0728824619832267e-06
Qwen/Qwen3-4B-instruct-2507,16,4,1.1861074904847522e-08,0.9999963045256735,0.9999963163867484,False,3.695474326548265e-06
Qwen/Qwen3-4B-instruct-2507,16,5,9.237432042950414e-09,0.9999988079084972,0.9999988171459292,False,1.1920915028440504e-06
Qwen/Qwen3-4B-instruct-2507,16,6,1.18610975280741e-08,0.9999971389852362,0.9999971508463338,False,2.861014763766434e-06
Qwen/Qwen3-4B-instruct-2507,16,7,1.0467381829779195e-08,0.9999988079084972,0.999998818375879,False,1.1920915028440504e-06
Qwen/Qwen3-4B-instruct-2507,16,8,0.00020342607212999405,0.9997917847333165,0.9999952108054465,False,0.00020821526668346468
Qwen/Qwen3-4B-instruct-2507,16,9,7.194133030325383e-09,0.9999994039539004,0.9999994111480335,False,5.960460995879657e-07
Qwen/Qwen3-4B-instruct-2507,16,10,7.19411930861867e-09,0.9999971389852362,0.9999971461793555,False,2.861014763766434e-06
Qwen/Qwen3-4B-instruct-2507,16,11,6.348788006680007e-09,0.9999982118638471,0.9999982182126351,False,1.7881361529248352e-06
Qwen/Qwen3-4B-instruct-2507,16,12,8.152005165739432e-09,0.9999971389852362,0.9999971471372414,False,2.861014763766434e-06
Qwen/Qwen3-4B-instruct-2507,16,13,5.602785751061334e-09,0.999998927117538,0.9999989327203238,False,1.0728824619832267e-06
Qwen/Qwen3-4B-instruct-2507,16,14,4.9444410711567335e-09,0.9999982118638471,0.9999982168082882,False,1.7881361529248352e-06
Qwen/Qwen3-4B-instruct-2507,16,15,6.34880011604368e-09,0.9999992847447459,0.999999291093546,False,7.152552541356272e-07
Qwen/Qwen3-4B-instruct-2507,16,16,0.9999996423722521,1.4449802461092448e-07,0.9999997868702768,True,3.5762774786007867e-07
Qwen/Qwen3-4B-instruct-2507,16,17,8.152005165739432e-09,0.9999982118638471,0.9999982200158523,False,1.7881361529248352e-06
Qwen/Qwen3-4B-instruct-2507,16,18,6.348788006680007e-09,0.9999974966112362,0.9999975029600242,False,2.5033887638414853e-06
Qwen/Qwen3-4B-instruct-2507,16,19,4.363453930307876e-09,0.9999988079084972,0.9999988122719511,False,1.1920915028440504e-06
Qwen/Qwen3-4B-instruct-2507,16,20,6.348775897339431e-09,0.9999952316511552,0.9999952379999312,False,4.768348844774728e-06
Qwen/Qwen3-4B-instruct-2507,16,21,5.602785751061334e-09,0.9999982118638471,0.9999982174666329,False,1.7881361529248352e-06
Qwen/Qwen3-4B-instruct-2507,16,22,5.602775064605783e-09,0.9999966621509202,0.9999966677536952,False,3.337849079798616e-06
Qwen/Qwen3-4B-instruct-2507,16,23,4.9444410711567335e-09,0.9999988079084972,0.9999988128529382,False,1.1920915028440504e-06
Qwen/Qwen3-4B-instruct-2507,16,24,1.0467361864851814e-08,0.9999952316511552,0.9999952421185171,False,4.768348844774728e-06
Qwen/Qwen3-4B-instruct-2507,16,25,4.363453930307876e-09,0.9999977350285647,0.9999977393920186,False,2.2649714352951378e-06
Qwen/Qwen3-4B-instruct-2507,16,26,4.363453930307876e-09,0.9999971389852362,0.9999971433486902,False,2.861014763766434e-06
Qwen/Qwen3-4B-instruct-2507,16,27,5.602785751061334e-09,0.9999979734461775,0.9999979790489633,False,2.026553822531696e-06
Qwen/Qwen3-4B-instruct-2507,16,28,3.850727233380951e-09,0.9999963045256735,0.9999963083764006,False,3.695474326548265e-06
Qwen/Qwen3-4B-instruct-2507,16,29,5.602785751061334e-09,0.9999985694905718,0.9999985750933575,False,1.430509428246296e-06
Qwen/Qwen3-4B-instruct-2507,16,30,4.9444410711567335e-09,0.9999971389852362,0.9999971439296773,False,2.861014763766434e-06
Qwen/Qwen3-4B-instruct-2507,16,31,7.19411930861867e-09,0.9999982118638471,0.9999982190579664,False,1.7881361529248352e-06
Qwen/Qwen3-4B-instruct-2507,16,32,0.9999997615814777,3.2241867372567335e-08,0.9999997938233451,True,2.3841852225814364e-07
Qwen/Qwen3-4B-instruct-2507,16,33,6.348788006680007e-09,0.9999982118638471,0.9999982182126351,False,1.7881361529248352e-06
Qwen/Qwen3-4B-instruct-2507,16,34,8.152005165739432e-09,0.9999971389852362,0.9999971471372414,False,2.861014763766434e-06
Qwen/Qwen3-4B-instruct-2507,16,35,4.9444410711567335e-09,0.9999982118638471,0.9999982168082882,False,1.7881361529248352e-06
Qwen/Qwen3-4B-instruct-2507,16,36,9.23741442396384e-09,0.9999958276922101,0.9999958369296245,False,4.172307789929164e-06
Qwen/Qwen3-4B-instruct-2507,16,37,4.9444410711567335e-09,0.999998927117538,0.9999989320619791,False,1.0728824619832267e-06
Qwen/Qwen3-4B-instruct-2507,16,38,6.348775897339431e-09,0.9999963045256735,0.9999963108744494,False,3.695474326548265e-06
Qwen/Qwen3-4B-instruct-2507,16,39,6.348788006680007e-09,0.9999982118638471,0.9999982182126351,False,1.7881361529248352e-06
Qwen/Qwen3-4B-instruct-2507,16,40,2.2159362976111183e-08,0.9999936819476216,0.9999937041069846,False,6.318052378384564e-06
Qwen/Qwen3-4B-instruct-2507,16,41,5.602785751061334e-09,0.9999984502816872,0.999998455884473,False,1.5497183127877179e-06
Qwen/Qwen3-4B-instruct-2507,16,42,7.19411930861867e-09,0.9999971389852362,0.9999971461793555,False,2.861014763766434e-06
Qwen/Qwen3-4B-instruct-2507,16,43,5.602785751061334e-09,0.9999982118638471,0.9999982174666329,False,1.7881361529248352e-06
Qwen/Qwen3-4B-instruct-2507,16,44,7.194105586938129e-09,0.9999952316511552,0.9999952388452608,False,4.768348844774728e-06
Qwen/Qwen3-4B-instruct-2507,16,45,5.602785751061334e-09,0.9999982118638471,0.9999982174666329,False,1.7881361529248352e-06
Qwen/Qwen3-4B-instruct-2507,16,46,6.348788006680007e-09,0.9999971389852362,0.9999971453340243,False,2.861014763766434e-06
Qwen/Qwen3-4B-instruct-2507,16,47,4.9444410711567335e-09,0.9999985694905718,0.9999985744350128,False,1.430509428246296e-06
Qwen/Qwen3-4B-instruct-2507,16,48,0.999995112442896,2.902306569341241e-06,0.9999980147494653,True,4.887557104038542e-06
Qwen/Qwen3-4B-instruct-2507,16,49,6.348788006680007e-09,0.9999974966112362,0.9999975029600242,False,2.5033887638414853e-06
Qwen/Qwen3-4B-instruct-2507,16,50,7.194105586938129e-09,0.9999952316511552,0.9999952388452608,False,4.768348844774728e-06
Qwen/Qwen3-4B-instruct-2507,16,51,9.23741442396384e-09,0.9999963045256735,0.9999963137630878,False,3.695474326548265e-06
Qwen/Qwen3-4B-instruct-2507,16,52,6.348775897339431e-09,0.9999963045256735,0.9999963108744494,False,3.695474326548265e-06
Qwen/Qwen3-4B-instruct-2507,16,53,5.602785751061334e-09,0.9999982118638471,0.9999982174666329,False,1.7881361529248352e-06
Qwen/Qwen3-4B-instruct-2507,16,54,7.194105586938129e-09,0.9999963045256735,0.999996311719779,False,3.695474326548265e-06
Qwen/Qwen3-4B-instruct-2507,16,55,5.602785751061334e-09,0.9999977350285647,0.9999977406313505,False,2.2649714352951378e-06
Qwen/Qwen3-4B-instruct-2507,17,1,6.023550859819657e-08,0.9999961853172863,0.9999962455527949,False,3.8146827137097716e-06
Qwen/Qwen3-4B-instruct-2507,17,2,1.7257762154696544e-08,0.9999952316511552,0.9999952489089173,False,4.768348844774728e-06
Qwen/Qwen3-4B-instruct-2507,17,3,1.3440384315611926e-08,0.9999984502816872,0.9999984637220716,False,1.5497183127877179e-06
Qwen/Qwen3-4B-instruct-2507,17,4,1.18610975280741e-08,0.9999977350285647,0.9999977468896623,False,2.2649714352951378e-06
Qwen/Qwen3-4B-instruct-2507,17,5,1.5229950695859287e-08,0.9999982118638471,0.9999982270937978,False,1.7881361529248352e-06
Qwen/Qwen3-4B-instruct-2507,17,6,1.0467381829779195e-08,0.9999977350285647,0.9999977454959466,False,2.2649714352951378e-06
Qwen/Qwen3-4B-instruct-2507,17,7,9.237432042950414e-09,0.9999985694905718,0.9999985787280038,False,1.430509428246296e-06
Qwen/Qwen3-4B-instruct-2507,17,8,9.237432042950414e-09,0.9999974966112362,0.9999975058486682,False,2.5033887638414853e-06
Qwen/Qwen3-4B-instruct-2507,17,9,9.237432042950414e-09,0.999998927117538,0.9999989363549701,False,1.0728824619832267e-06
Qwen/Qwen3-4B-instruct-2507,17,10,6.348788006680007e-09,0.9999977350285647,0.9999977413773528,False,2.2649714352951378e-06
Qwen/Qwen3-4B-instruct-2507,17,11,5.602785751061334e-09,0.9999985694905718,0.9999985750933575,False,1.430509428246296e-06
Qwen/Qwen3-4B-instruct-2507,17,12,4.9444410711567335e-09,0.9999984502816872,0.9999984552261283,False,1.5497183127877179e-06
Qwen/Qwen3-4B-instruct-2507,17,13,6.348788006680007e-09,0.999998927117538,0.9999989334663261,False,1.0728824619832267e-06
Qwen/Qwen3-4B-instruct-2507,17,14,4.9444410711567335e-09,0.9999984502816872,0.9999984552261283,False,1.5497183127877179e-06
Qwen/Qwen3-4B-instruct-2507,17,15,6.348788006680007e-09,0.999998927117538,0.9999989334663261,False,1.0728824619832267e-06
Qwen/Qwen3-4B-instruct-2507,17,16,1.0467381829779195e-08,0.9999984502816872,0.9999984607490691,False,1.5497183127877179e-06
Qwen/Qwen3-4B-instruct-2507,17,17,0.9999997615814777,9.931194312156244e-08,0.9999998608934209,True,2.3841852225814364e-07
Qwen/Qwen3-4B-instruct-2507,17,18,1.725769632168401e-08,0.9999920130413283,0.9999920302990246,False,7.98695867165744e-06
Qwen/Qwen3-4B-instruct-2507,17,19,1.7257762154696544e-08,0.9999963045256735,0.9999963217834356,False,3.695474326548265e-06
Qwen/Qwen3-4B-instruct-2507,17,20,8.151989617038353e-09,0.9999963045256735,0.9999963126776631,False,3.695474326548265e-06
Qwen/Qwen3-4B-instruct-2507,17,21,1.1861074904847522e-08,0.9999963045256735,0.9999963163867484,False,3.695474326548265e-06
Qwen/Qwen3-4B-instruct-2507,17,22,8.151989617038353e-09,0.9999966621509202,0.9999966703029098,False,3.337849079798616e-06
Qwen/Qwen3-4B-instruct-2507,17,23,1.0467381829779195e-08,0.9999977350285647,0.9999977454959466,False,2.2649714352951378e-06
Qwen/Qwen3-4B-instruct-2507,17,24,6.348788006680007e-09,0.9999971389852362,0.9999971453340243,False,2.861014763766434e-06
Qwen/Qwen3-4B-instruct-2507,17,25,6.348788006680007e-09,0.9999971389852362,0.9999971453340243,False,2.861014763766434e-06
Qwen/Qwen3-4B-instruct-2507,17,26,1.344033304471242e-08,0.9999935627400018,0.9999935761803349,False,6.4372599981599166e-06
Qwen/Qwen3-4B-instruct-2507,17,27,1.1861074904847522e-08,0.9999952316511552,0.9999952435122301,False,4.768348844774728e-06
Qwen/Qwen3-4B-instruct-2507,17,28,9.23739680501087e-09,0.9999946356109105,0.9999946448483074,False,5.364389089490551e-06
Qwen/Qwen3-4B-instruct-2507,17,29,1.18610975280741e-08,0.9999974966112362,0.9999975084723337,False,2.5033887638414853e-06
Qwen/Qwen3-4B-instruct-2507,17,30,9.23741442396384e-09,0.9999963045256735,0.9999963137630878,False,3.695474326548265e-06
Qwen/Qwen3-4B-instruct-2507,17,31,1.7257795071296986e-08,0.9999971389852362,0.9999971562430313,False,2.861014763766434e-06
Qwen/Qwen3-4B-instruct-2507,17,32,1.1861074904847522e-08,0.9999958276922101,0.999995839553285,False,4.172307789929164e-06
Qwen/Qwen3-4B-instruct-2507,17,33,2.8453185278936072e-08,0.999994397195003,0.9999944256481883,False,5.602804996951427e-06
Qwen/Qwen3-4B-instruct-2507,17,34,0.9999997615814777,2.215948977336598e-08,0.9999997837409675,True,2.3841852225814364e-07
Qwen/Qwen3-4B-instruct-2507,17,35,1.3440358680137724e-08,0.9999958276922101,0.9999958411325688,False,4.172307789929164e-06
Qwen/Qwen3-4B-instruct-2507,17,36,1.5229892598318825e-08,0.9999936819476216,0.9999936971775142,False,6.318052378384564e-06
Qwen/Qwen3-4B-instruct-2507,17,37,4.139914029939298e-08,0.9999945164027223,0.9999945578018626,False,5.483597277700092e-06
Qwen/Qwen3-4B-instruct-2507,17,38,0.9999991655356624,6.82560337633487e-08,0.9999992337916961,False,0.9999999317439663
Qwen/Qwen3-4B-instruct-2507,17,39,8.764164637457892e-08,0.9999896288992495,0.9999897165408959,False,1.037110075052805e-05
Qwen/Qwen3-4B-instruct-2507,17,40,2.2159362976111183e-08,0.9999938011552557,0.9999938233146187,False,6.198844744287335e-06
Qwen/Qwen3-4B-instruct-2507,17,41,4.691146126497983e-08,0.9999961853172863,0.9999962322287476,False,3.8146827137097716e-06
Qwen/Qwen3-4B-instruct-2507,17,42,1.955556918966588e-08,0.999995112442896,0.9999951319984651,False,4.887557104038542e-06
Qwen/Qwen3-4B-instruct-2507,17,43,3.65346130838794e-08,0.999995112442896,0.9999951489775091,False,4.887557104038542e-06
Qwen/Qwen3-4B-instruct-2507,17,44,2.8453185278936072e-08,0.9999945164027223,0.9999945448559076,False,5.483597277700092e-06
Qwen/Qwen3-4B-instruct-2507,17,45,1.0467361864851814e-08,0.9999963045256735,0.9999963149930353,False,3.695474326548265e-06
Qwen/Qwen3-4B-instruct-2507,17,46,1.7257729238158885e-08,0.9999946356109105,0.9999946528686398,False,5.364389089490551e-06
Qwen/Qwen3-4B-instruct-2507,17,47,2.2159405241782167e-08,0.9999958276922101,0.9999958498516153,False,4.172307789929164e-06
Qwen/Qwen3-4B-instruct-2507,17,48,1.3440358680137724e-08,0.9999958276922101,0.9999958411325688,False,4.172307789929164e-06
Qwen/Qwen3-4B-instruct-2507,17,49,1.3440358680137724e-08,0.9999952316511552,0.9999952450915139,False,4.768348844774728e-06
Qwen/Qwen3-4B-instruct-2507,17,50,3.65346130838794e-08,0.9999945164027223,0.9999945529373354,False,5.483597277700092e-06
Qwen/Qwen3-4B-instruct-2507,17,51,0.9999997615814777,1.522997974471263e-08,0.9999997768114575,True,2.3841852225814364e-07
Qwen/Qwen3-4B-instruct-2507,17,52,4.1398982374506896e-08,0.9999909401759619,0.9999909815749443,False,9.059824038093467e-06
Qwen/Qwen3-4B-instruct-2507,17,53,3.6534682768190175e-08,0.9999955892755635,0.9999956258102463,False,4.410724436465507e-06
Qwen/Qwen3-4B-instruct-2507,17,54,1.5229892598318825e-08,0.9999946356109105,0.9999946508408031,False,5.364389089490551e-06
Qwen/Qwen3-4B-instruct-2507,17,55,3.224162138757908e-08,0.9999928474936721,0.9999928797352935,False,7.152506327878783e-06
Qwen/Qwen3-4B-instruct-2507,18,1,2.5109895770606383e-08,0.9999961853172863,0.999996210427182,False,3.8146827137097716e-06
Qwen/Qwen3-4B-instruct-2507,18,2,1.955556918966588e-08,0.9999938011552557,0.9999938207108249,False,6.198844744287335e-06
Qwen/Qwen3-4B-instruct-2507,18,3,1.5229950695859287e-08,0.9999982118638471,0.9999982270937978,False,1.7881361529248352e-06
Qwen/Qwen3-4B-instruct-2507,18,4,1.3440384315611926e-08,0.9999974966112362,0.9999975100516205,False,2.5033887638414853e-06
Qwen/Qwen3-4B-instruct-2507,18,5,1.3440384315611926e-08,0.9999979734461775,0.9999979868865618,False,2.026553822531696e-06
Qwen/Qwen3-4B-instruct-2507,18,6,2.699563056295106e-07,0.9999942779868433,0.9999945479431489,False,5.7220131567392585e-06
Qwen/Qwen3-4B-instruct-2507,18,7,1.5229950695859287e-08,0.9999984502816872,0.999998465511638,False,1.5497183127877179e-06
Qwen/Qwen3-4B-instruct-2507,18,8,1.18610975280741e-08,0.9999971389852362,0.9999971508463338,False,2.861014763766434e-06
Qwen/Qwen3-4B-instruct-2507,18,9,1.4449774900307763e-07,0.9999979734461775,0.9999981179439265,False,2.026553822531696e-06
Qwen/Qwen3-4B-instruct-2507,18,10,7.19411930861867e-09,0.9999971389852362,0.9999971461793555,False,2.861014763766434e-06
Qwen/Qwen3-4B-instruct-2507,18,11,6.348788006680007e-09,0.9999982118638471,0.9999982182126351,False,1.7881361529248352e-06
Qwen/Qwen3-4B-instruct-2507,18,12,1.7257729238158885e-08,0.999995112442896,0.9999951297006252,False,4.887557104038542e-06
Qwen/Qwen3-4B-instruct-2507,18,13,7.19411930861867e-09,0.9999988079084972,0.9999988151026165,False,1.1920915028440504e-06
Qwen/Qwen3-4B-instruct-2507,18,14,8.152005165739432e-09,0.9999974966112362,0.9999975047632413,False,2.5033887638414853e-06
Qwen/Qwen3-4B-instruct-2507,18,15,8.152005165739432e-09,0.9999982118638471,0.9999982200158523,False,1.7881361529248352e-06
Qwen/Qwen3-4B-instruct-2507,18,16,9.237432042950414e-09,0.9999973774024795,0.9999973866399116,False,2.6225975204852148e-06
Qwen/Qwen3-4B-instruct-2507,18,17,1.0467381829779195e-08,0.999998927117538,0.9999989375849199,False,1.0728824619832267e-06
Qwen/Qwen3-4B-instruct-2507,18,18,0.9999996423722521,2.1024338523818466e-07,0.9999998526156374,True,3.5762774786007867e-07
Qwen/Qwen3-4B-instruct-2507,18,19,1.5229950695859287e-08,0.9999979734461775,0.9999979886761282,False,2.026553822531696e-06
Qwen/Qwen3-4B-instruct-2507,18,20,1.344033304471242e-08,0.9999945164027223,0.9999945298430554,False,5.483597277700092e-06
Qwen/Qwen3-4B-instruct-2507,18,21,1.3440358680137724e-08,0.9999961853172863,0.999996198757645,False,3.8146827137097716e-06
Qwen/Qwen3-4B-instruct-2507,18,22,1.0467361864851814e-08,0.9999965429424904,0.9999965534098523,False,3.457057509592687e-06
Qwen/Qwen3-4B-instruct-2507,18,23,1.3440384315611926e-08,0.9999977350285647,0.9999977484689491,False,2.2649714352951378e-06
Qwen/Qwen3-4B-instruct-2507,18,24,2.510984787732669e-08,0.9999936819476216,0.9999937070574695,False,6.318052378384564e-06
Qwen/Qwen3-4B-instruct-2507,18,25,8.151989617038353e-09,0.9999966621509202,0.9999966703029098,False,3.337849079798616e-06
Qwen/Qwen3-4B-instruct-2507,18,26,9.23739680501087e-09,0.9999946356109105,0.9999946448483074,False,5.364389089490551e-06
Qwen/Qwen3-4B-instruct-2507,18,27,6.02352788184049e-08,0.9999929667012066,0.9999930269364854,False,7.033298793368559e-06
Qwen/Qwen3-4B-instruct-2507,18,28,1.046732193511129e-08,0.9999929667012066,0.9999929771685285,False,7.033298793368559e-06
Qwen/Qwen3-4B-instruct-2507,18,29,7.19411930861867e-09,0.9999985694905718,0.999998576684691,False,1.430509428246296e-06
Qwen/Qwen3-4B-instruct-2507,18,30,1.9555531890413292e-08,0.9999920130413283,0.9999920325968602,False,7.98695867165744e-06
Qwen/Qwen3-4B-instruct-2507,18,31,9.237432042950414e-09,0.9999979734461775,0.9999979826836095,False,2.026553822531696e-06
Qwen/Qwen3-4B-instruct-2507,18,32,1.344033304471242e-08,0.9999938011552557,0.9999938145955888,False,6.198844744287335e-06
Qwen/Qwen3-4B-instruct-2507,18,33,1.3440358680137724e-08,0.9999961853172863,0.999996198757645,False,3.8146827137097716e-06
Qwen/Qwen3-4B-instruct-2507,18,34,1.7257729238158885e-08,0.9999945164027223,0.9999945336604515,False,5.483597277700092e-06
Qwen/Qwen3-4B-instruct-2507,18,35,1.3440358680137724e-08,0.9999958276922101,0.9999958411325688,False,4.172307789929164e-06
Qwen/Qwen3-4B-instruct-2507,18,36,0.9999997615814777,6.82560337633487e-08,0.9999998298375115,True,2.3841852225814364e-07
Qwen/Qwen3-4B-instruct-2507,18,37,1.0467381829779195e-08,0.9999979734461775,0.9999979839135593,False,2.026553822531696e-06
Qwen/Qwen3-4B-instruct-2507,18,38,1.7257729238158885e-08,0.9999936819476216,0.9999936992053509,False,6.318052378384564e-06
Qwen/Qwen3-4B-instruct-2507,18,39,1.3440358680137724e-08,0.9999958276922101,0.9999958411325688,False,4.172307789929164e-06
Qwen/Qwen3-4B-instruct-2507,18,40,1.344033304471242e-08,0.9999938011552557,0.9999938145955888,False,6.198844744287335e-06
Qwen/Qwen3-4B-instruct-2507,18,41,1.3440384315611926e-08,0.9999974966112362,0.9999975100516205,False,2.5033887638414853e-06
Qwen/Qwen3-4B-instruct-2507,18,42,5.3157142815080565e-08,0.9999868871505255,0.9999869403076683,False,1.3112849474472554e-05
Qwen/Qwen3-4B-instruct-2507,18,43,9.237432042950414e-09,0.9999979734461775,0.9999979826836095,False,2.026553822531696e-06
Qwen/Qwen3-4B-instruct-2507,18,44,1.1861074904847522e-08,0.9999952316511552,0.9999952435122301,False,4.768348844774728e-06
Qwen/Qwen3-4B-instruct-2507,18,45,7.734362898410464e-08,0.9999920130413283,0.9999920903849573,False,7.98695867165744e-06
Qwen/Qwen3-4B-instruct-2507,18,46,1.046734189996251e-08,0.9999946356109105,0.9999946460782524,False,5.364389089490551e-06
Qwen/Qwen3-4B-instruct-2507,18,47,1.18610975280741e-08,0.9999977350285647,0.9999977468896623,False,2.2649714352951378e-06
Qwen/Qwen3-4B-instruct-2507,18,48,3.2241559891625255e-08,0.9999897481064004,0.9999897803479603,False,1.0251893599599882e-05
Qwen/Qwen3-4B-instruct-2507,18,49,9.23741442396384e-09,0.9999958276922101,0.9999958369296245,False,4.172307789929164e-06
Qwen/Qwen3-4B-instruct-2507,18,50,1.9555531890413292e-08,0.9999920130413283,0.9999920325968602,False,7.98695867165744e-06
Qwen/Qwen3-4B-instruct-2507,18,51,1.5229892598318825e-08,0.999995112442896,0.9999951276727885,False,4.887557104038542e-06
Qwen/Qwen3-4B-instruct-2507,18,52,1.7257729238158885e-08,0.9999936819476216,0.9999936992053509,False,6.318052378384564e-06
Qwen/Qwen3-4B-instruct-2507,18,53,1.18610975280741e-08,0.9999971389852362,0.9999971508463338,False,2.861014763766434e-06
Qwen/Qwen3-4B-instruct-2507,18,54,0.9999997615814777,3.2241867372567335e-08,0.9999997938233451,True,2.3841852225814364e-07
Qwen/Qwen3-4B-instruct-2507,18,55,1.0467361864851814e-08,0.9999958276922101,0.9999958381595719,False,4.172307789929164e-06
Qwen/Qwen3-4B-instruct-2507,19,1,4.139914029939298e-08,0.999995112442896,0.9999951538420363,False,4.887557104038542e-06
Qwen/Qwen3-4B-instruct-2507,19,2,1.1861074904847522e-08,0.9999958276922101,0.999995839553285,False,4.172307789929164e-06
Qwen/Qwen3-4B-instruct-2507,19,3,1.7257795071296986e-08,0.9999979734461775,0.9999979907039726,False,2.026553822531696e-06
Qwen/Qwen3-4B-instruct-2507,19,4,1.1861074904847522e-08,0.9999966621509202,0.9999966740119951,False,3.337849079798616e-06
Qwen/Qwen3-4B-instruct-2507,19,5,1.5229950695859287e-08,0.9999971389852362,0.999997154215187,False,2.861014763766434e-06
Qwen/Qwen3-4B-instruct-2507,19,6,1.0467361864851814e-08,0.9999966621509202,0.9999966726182821,False,3.337849079798616e-06
Qwen/Qwen3-4B-instruct-2507,19,7,1.0467381829779195e-08,0.9999979734461775,0.9999979839135593,False,2.026553822531696e-06
Qwen/Qwen3-4B-instruct-2507,19,8,7.19411930861867e-09,0.9999977350285647,0.999997742222684,False,2.2649714352951378e-06
Qwen/Qwen3-4B-instruct-2507,19,9,7.19411930861867e-09,0.9999985694905718,0.999998576684691,False,1.430509428246296e-06
Qwen/Qwen3-4B-instruct-2507,19,10,4.94443164039281e-09,0.9999966621509202,0.9999966670953518,False,3.337849079798616e-06
Qwen/Qwen3-4B-instruct-2507,19,11,4.9444410711567335e-09,0.9999982118638471,0.9999982168082882,False,1.7881361529248352e-06
Qwen/Qwen3-4B-instruct-2507,19,12,3.850734578067279e-09,0.9999971389852362,0.9999971428359709,False,2.861014763766434e-06
Qwen/Qwen3-4B-instruct-2507,19,13,6.348788006680007e-09,0.9999982118638471,0.9999982182126351,False,1.7881361529248352e-06
Qwen/Qwen3-4B-instruct-2507,19,14,4.9444410711567335e-09,0.9999974966112362,0.9999975015556772,False,2.5033887638414853e-06
Qwen/Qwen3-4B-instruct-2507,19,15,5.602785751061334e-09,0.9999985694905718,0.9999985750933575,False,1.430509428246296e-06
Qwen/Qwen3-4B-instruct-2507,19,16,4.363453930307876e-09,0.9999971389852362,0.9999971433486902,False,2.861014763766434e-06
Qwen/Qwen3-4B-instruct-2507,19,17,7.19411930861867e-09,0.9999982118638471,0.9999982190579664,False,1.7881361529248352e-06
Qwen/Qwen3-4B-instruct-2507,19,18,6.348788006680007e-09,0.9999974966112362,0.9999975029600242,False,2.5033887638414853e-06
Qwen/Qwen3-4B-instruct-2507,19,19,0.9999996423722521,1.4449802461092448e-07,0.9999997868702768,True,3.5762774786007867e-07
Qwen/Qwen3-4B-instruct-2507,19,20,2.8452968199188003e-08,0.9999867679437158,0.999986796396684,False,1.3232056284229188e-05
Qwen/Qwen3-4B-instruct-2507,19,21,1.046734189996251e-08,0.9999935627400018,0.9999935732073437,False,6.4372599981599166e-06
Qwen/Qwen3-4B-instruct-2507,19,22,5.602775064605783e-09,0.9999963045256735,0.9999963101284485,False,3.695474326548265e-06
Qwen/Qwen3-4B-instruct-2507,19,23,1.5229892598318825e-08,0.9999946356109105,0.9999946508408031,False,5.364389089490551e-06
Qwen/Qwen3-4B-instruct-2507,19,24,4.363445607687925e-09,0.9999963045256735,0.9999963088891191,False,3.695474326548265e-06
Qwen/Qwen3-4B-instruct-2507,19,25,5.602775064605783e-09,0.9999952316511552,0.9999952372539302,False,4.768348844774728e-06
Qwen/Qwen3-4B-instruct-2507,19,26,8.151958519725165e-09,0.9999930859092101,0.9999930940611687,False,6.914090789900129e-06
Qwen/Qwen3-4B-instruct-2507,19,27,9.23741442396384e-09,0.9999958276922101,0.9999958369296245,False,4.172307789929164e-06
Qwen/Qwen3-4B-instruct-2507,19,28,5.602775064605783e-09,0.9999952316511552,0.9999952372539302,False,4.768348844774728e-06
Qwen/Qwen3-4B-instruct-2507,19,29,1.1861074904847522e-08,0.9999958276922101,0.999995839553285,False,4.172307789929164e-06
Qwen/Qwen3-4B-instruct-2507,19,30,6.348775897339431e-09,0.9999963045256735,0.9999963108744494,False,3.695474326548265e-06
Qwen/Qwen3-4B-instruct-2507,19,31,1.1861074904847522e-08,0.9999958276922101,0.999995839553285,False,4.172307789929164e-06
Qwen/Qwen3-4B-instruct-2507,19,32,8.15197406836693e-09,0.9999938011552557,0.9999938093072298,False,6.198844744287335e-06
Qwen/Qwen3-4B-instruct-2507,19,33,1.1861052281664094e-08,0.999995112442896,0.9999951243039482,False,4.887557104038542e-06
Qwen/Qwen3-4B-instruct-2507,19,34,1.7257729238158885e-08,0.9999936819476216,0.9999936992053509,False,6.318052378384564e-06
Qwen/Qwen3-4B-instruct-2507,19,35,9.23741442396384e-09,0.9999958276922101,0.9999958369296245,False,4.172307789929164e-06
Qwen/Qwen3-4B-instruct-2507,19,36,8.151989617038353e-09,0.9999958276922101,0.9999958358441997,False,4.172307789929164e-06
Qwen/Qwen3-4B-instruct-2507,19,37,1.955556918966588e-08,0.9999946356109105,0.9999946551664797,False,5.364389089490551e-06
Qwen/Qwen3-4B-instruct-2507,19,38,0.9999996423722521,2.8453348089834e-08,0.9999996708256003,True,3.5762774786007867e-07
Qwen/Qwen3-4B-instruct-2507,19,39,6.023516392883777e-08,0.9999908209686689,0.9999908812038328,False,9.179031331130183e-06
Qwen/Qwen3-4B-instruct-2507,19,40,1.5229892598318825e-08,0.9999938011552557,0.9999938163851483,False,6.198844744287335e-06
Qwen/Qwen3-4B-instruct-2507,19,41,2.510984787732669e-08,0.999995112442896,0.9999951375527438,False,4.887557104038542e-06
Qwen/Qwen3-4B-instruct-2507,19,42,1.344033304471242e-08,0.9999946356109105,0.9999946490512436,False,5.364389089490551e-06
Qwen/Qwen3-4B-instruct-2507,19,43,1.7257762154696544e-08,0.9999966621509202,0.9999966794086823,False,3.337849079798616e-06
Qwen/Qwen3-4B-instruct-2507,19,44,1.3440307409336009e-08,0.9999930859092101,0.9999930993495175,False,6.914090789900129e-06
Qwen/Qwen3-4B-instruct-2507,19,45,8.151989617038353e-09,0.9999963045256735,0.9999963126776631,False,3.695474326548265e-06
Qwen/Qwen3-4B-instruct-2507,19,46,1.725769632168401e-08,0.9999929667012066,0.9999929839589029,False,7.033298793368559e-06
Qwen/Qwen3-4B-instruct-2507,19,47,1.955556918966588e-08,0.9999946356109105,0.9999946551664797,False,5.364389089490551e-06
Qwen/Qwen3-4B-instruct-2507,19,48,9.23739680501087e-09,0.9999946356109105,0.9999946448483074,False,5.364389089490551e-06
Qwen/Qwen3-4B-instruct-2507,19,49,1.1861029658523816e-08,0.9999930859092101,0.9999930977702398,False,6.914090789900129e-06
Qwen/Qwen3-4B-instruct-2507,19,50,1.955556918966588e-08,0.9999938011552557,0.9999938207108249,False,6.198844744287335e-06
Qwen/Qwen3-4B-instruct-2507,19,51,2.8453131008843787e-08,0.9999918938339075,0.9999919222870385,False,8.106166092480827e-06
Qwen/Qwen3-4B-instruct-2507,19,52,2.510975209104135e-08,0.9999896288992495,0.9999896540090015,False,1.037110075052805e-05
Qwen/Qwen3-4B-instruct-2507,19,53,2.5109895770606383e-08,0.9999958276922101,0.9999958528021058,False,4.172307789929164e-06
Qwen/Qwen3-4B-instruct-2507,19,54,1.1861052281664094e-08,0.9999938011552557,0.999993813016308,False,6.198844744287335e-06
Qwen/Qwen3-4B-instruct-2507,19,55,1.955549459123185e-08,0.9999908209686689,0.9999908405241634,False,9.179031331130183e-06
Qwen/Qwen3-4B-instruct-2507,20,1,1.5229950695859287e-08,0.9999985694905718,0.9999985847205225,False,1.430509428246296e-06
Qwen/Qwen3-4B-instruct-2507,20,2,1.3440384315611926e-08,0.9999979734461775,0.9999979868865618,False,2.026553822531696e-06
Qwen/Qwen3-4B-instruct-2507,20,3,1.3440409951135022e-08,0.9999991655356624,0.9999991789760723,False,8.344643376290151e-07
Qwen/Qwen3-4B-instruct-2507,20,4,1.18610975280741e-08,0.9999979734461775,0.999997985307275,False,2.026553822531696e-06
Qwen/Qwen3-4B-instruct-2507,20,5,6.34880011604368e-09,0.9999992847447459,0.999999291093546,False,7.152552541356272e-07
Qwen/Qwen3-4B-instruct-2507,20,6,6.348788006680007e-09,0.999998927117538,0.9999989334663261,False,1.0728824619832267e-06
Qwen/Qwen3-4B-instruct-2507,20,7,8.152020714470167e-09,0.9999994039539004,0.9999994121059211,False,5.960460995879657e-07
Qwen/Qwen3-4B-instruct-2507,20,8,3.6534682768190175e-08,0.9999970197767496,0.9999970563114323,False,2.980223250403924e-06
Qwen/Qwen3-4B-instruct-2507,20,9,8.152020714470167e-09,0.9999996423722521,0.9999996505242729,False,3.5762774786007867e-07
Qwen/Qwen3-4B-instruct-2507,20,10,2.9989608248573072e-09,0.9999992847447459,0.9999992877437067,False,7.152552541356272e-07
Qwen/Qwen3-4B-instruct-2507,20,11,6.348788006680007e-09,0.9999988079084972,0.9999988142572852,False,1.1920915028440504e-06
Qwen/Qwen3-4B-instruct-2507,20,12,4.363453930307876e-09,0.999998927117538,0.999998931480992,False,1.0728824619832267e-06
Qwen/Qwen3-4B-instruct-2507,20,13,6.34880011604368e-09,0.9999992847447459,0.999999291093546,False,7.152552541356272e-07
Qwen/Qwen3-4B-instruct-2507,20,14,4.363453930307876e-09,0.9999985694905718,0.9999985738540257,False,1.430509428246296e-06
Qwen/Qwen3-4B-instruct-2507,20,15,5.602796437537268e-09,0.9999990463265931,0.9999990519293895,False,9.536734069115482e-07
Qwen/Qwen3-4B-instruct-2507,20,16,5.602785751061334e-09,0.9999983310727032,0.999998336675489,False,1.6689272968051228e-06
Qwen/Qwen3-4B-instruct-2507,20,17,4.944450501938644e-09,0.9999995231630692,0.9999995281075197,False,4.7683693082944956e-07
Qwen/Qwen3-4B-instruct-2507,20,18,4.944450501938644e-09,0.9999991655356624,0.9999991704801129,False,8.344643376290151e-07
Qwen/Qwen3-4B-instruct-2507,20,19,5.602796437537268e-09,0.9999994039539004,0.9999994095566969,False,5.960460995879657e-07
Qwen/Qwen3-4B-instruct-2507,20,20,0.9999995231630692,1.8553913626159784e-07,0.9999997087022054,True,4.7683693082944956e-07
Qwen/Qwen3-4B-instruct-2507,20,21,7.194133030325383e-09,0.9999990463265931,0.9999990535207262,False,9.536734069115482e-07
Qwen/Qwen3-4B-instruct-2507,20,22,8.152005165739432e-09,0.9999974966112362,0.9999975047632413,False,2.5033887638414853e-06
Qwen/Qwen3-4B-instruct-2507,20,23,6.34880011604368e-09,0.9999990463265931,0.9999990526753932,False,9.536734069115482e-07
Qwen/Qwen3-4B-instruct-2507,20,24,4.691137178855366e-08,0.9999945164027223,0.9999945633140941,False,5.483597277700092e-06
Qwen/Qwen3-4B-instruct-2507,20,25,4.9444410711567335e-09,0.9999973774024795,0.9999973823469206,False,2.6225975204852148e-06
Qwen/Qwen3-4B-instruct-2507,20,26,9.23741442396384e-09,0.9999965429424904,0.9999965521799048,False,3.457057509592687e-06
Qwen/Qwen3-4B-instruct-2507,20,27,4.944450501938644e-09,0.9999991655356624,0.9999991704801129,False,8.344643376290151e-07
Qwen/Qwen3-4B-instruct-2507,20,28,1.0467361864851814e-08,0.9999957084838798,0.9999957189512416,False,4.291516120247252e-06
Qwen/Qwen3-4B-instruct-2507,20,29,4.944450501938644e-09,0.9999992847447459,0.9999992896891964,False,7.152552541356272e-07
Qwen/Qwen3-4B-instruct-2507,20,30,5.315764976351624e-08,0.9999957084838798,0.9999957616415295,False,4.291516120247252e-06
Qwen/Qwen3-4B-instruct-2507,20,31,5.602796437537268e-09,0.9999992847447459,0.9999992903475423,False,7.152552541356272e-07
Qwen/Qwen3-4B-instruct-2507,20,32,2.1024198171685255e-07,0.9999928474936721,0.9999930577356538,False,7.152506327878783e-06
Qwen/Qwen3-4B-instruct-2507,20,33,4.944450501938644e-09,0.9999991655356624,0.9999991704801129,False,8.344643376290151e-07
Qwen/Qwen3-4B-instruct-2507,20,34,7.19411930861867e-09,0.9999979734461775,0.9999979806402968,False,2.026553822531696e-06
Qwen/Qwen3-4B-instruct-2507,20,35,5.602785751061334e-09,0.9999985694905718,0.9999985750933575,False,1.430509428246296e-06
Qwen/Qwen3-4B-instruct-2507,20,36,6.348788006680007e-09,0.9999974966112362,0.9999975029600242,False,2.5033887638414853e-06
Qwen/Qwen3-4B-instruct-2507,20,37,4.944450501938644e-09,0.9999994039539004,0.9999994088983509,False,5.960460995879657e-07
Qwen/Qwen3-4B-instruct-2507,20,38,9.237432042950414e-09,0.9999974966112362,0.9999975058486682,False,2.5033887638414853e-06
Qwen/Qwen3-4B-instruct-2507,20,39,3.850741922767617e-09,0.9999992847447459,0.9999992885954878,False,7.152552541356272e-07
Qwen/Qwen3-4B-instruct-2507,20,40,0.9999997615814777,2.215948977336598e-08,0.9999997837409675,True,2.3841852225814364e-07
Qwen/Qwen3-4B-instruct-2507,20,41,5.602796437537268e-09,0.9999991655356624,0.9999991711384588,False,8.344643376290151e-07
Qwen/Qwen3-4B-instruct-2507,20,42,1.5229921647061352e-08,0.9999965429424904,0.9999965581724121,False,3.457057509592687e-06
Qwen/Qwen3-4B-instruct-2507,20,43,5.602796437537268e-09,0.9999992847447459,0.9999992903475423,False,7.152552541356272e-07
Qwen/Qwen3-4B-instruct-2507,20,44,1.0467381829779195e-08,0.9999971389852362,0.9999971494526181,False,2.861014763766434e-06
Qwen/Qwen3-4B-instruct-2507,20,45,6.348788006680007e-09,0.9999988079084972,0.9999988142572852,False,1.1920915028440504e-06
Qwen/Qwen3-4B-instruct-2507,20,46,1.0467361864851814e-08,0.9999970197767496,0.9999970302441115,False,2.980223250403924e-06
Qwen/Qwen3-4B-instruct-2507,20,47,4.944450501938644e-09,0.9999991655356624,0.9999991704801129,False,8.344643376290151e-07
Qwen/Qwen3-4B-instruct-2507,20,48,4.139914029939298e-08,0.999995112442896,0.9999951538420363,False,4.887557104038542e-06
Qwen/Qwen3-4B-instruct-2507,20,49,4.363462252943702e-09,0.9999991655356624,0.9999991698991246,False,8.344643376290151e-07
Qwen/Qwen3-4B-instruct-2507,20,50,0.9980706318101134,0.0019267296590520376,0.9999973614691654,False,0.998073270340948
Qwen/Qwen3-4B-instruct-2507,20,51,5.602785751061334e-09,0.999998927117538,0.9999989327203238,False,1.0728824619832267e-06
Qwen/Qwen3-4B-instruct-2507,20,52,2.2159362976111183e-08,0.999995112442896,0.999995134602259,False,4.887557104038542e-06
Qwen/Qwen3-4B-instruct-2507,20,53,4.944450501938644e-09,0.9999994039539004,0.9999994088983509,False,5.960460995879657e-07
Qwen/Qwen3-4B-instruct-2507,20,54,8.152005165739432e-09,0.9999973774024795,0.9999973855544847,False,2.6225975204852148e-06
Qwen/Qwen3-4B-instruct-2507,20,55,5.602785751061334e-09,0.9999979734461775,0.9999979790489633,False,2.026553822531696e-06
Qwen/Qwen3-4B-instruct-2507,21,1,1.7257795071296986e-08,0.9999977350285647,0.9999977522863598,False,2.2649714352951378e-06
Qwen/Qwen3-4B-instruct-2507,21,2,1.3440358680137724e-08,0.9999966621509202,0.9999966755912789,False,3.337849079798616e-06
Qwen/Qwen3-4B-instruct-2507,21,3,9.237432042950414e-09,0.9999988079084972,0.9999988171459292,False,1.1920915028440504e-06
Qwen/Qwen3-4B-instruct-2507,21,4,1.0467381829779195e-08,0.9999973774024795,0.9999973878698614,False,2.6225975204852148e-06
Qwen/Qwen3-4B-instruct-2507,21,5,9.237432042950414e-09,0.9999985694905718,0.9999985787280038,False,1.430509428246296e-06
Qwen/Qwen3-4B-instruct-2507,21,6,1.5229921647061352e-08,0.9999961853172863,0.999996200547208,False,3.8146827137097716e-06
Qwen/Qwen3-4B-instruct-2507,21,7,2.2159447507533765e-08,0.9999979734461775,0.999997995605625,False,2.026553822531696e-06
Qwen/Qwen3-4B-instruct-2507,21,8,6.348788006680007e-09,0.9999982118638471,0.9999982182126351,False,1.7881361529248352e-06
Qwen/Qwen3-4B-instruct-2507,21,9,6.34880011604368e-09,0.9999991655356624,0.9999991718844625,False,8.344643376290151e-07
Qwen/Qwen3-4B-instruct-2507,21,10,4.9444410711567335e-09,0.9999979734461775,0.9999979783906185,False,2.026553822531696e-06
Qwen/Qwen3-4B-instruct-2507,21,11,6.348788006680007e-09,0.9999984502816872,0.9999984566304753,False,1.5497183127877179e-06
Qwen/Qwen3-4B-instruct-2507,21,12,6.348788006680007e-09,0.9999979734461775,0.9999979797949655,False,2.026553822531696e-06
Qwen/Qwen3-4B-instruct-2507,21,13,4.944450501938644e-09,0.9999990463265931,0.9999990512710436,False,9.536734069115482e-07
Qwen/Qwen3-4B-instruct-2507,21,14,3.6534752452633856e-08,0.9999972581939645,0.9999972947287169,False,2.741806035544414e-06
Qwen/Qwen3-4B-instruct-2507,21,15,5.602785751061334e-09,0.9999982118638471,0.9999982174666329,False,1.7881361529248352e-06
Qwen/Qwen3-4B-instruct-2507,21,16,4.9444410711567335e-09,0.9999974966112362,0.9999975015556772,False,2.5033887638414853e-06
Qwen/Qwen3-4B-instruct-2507,21,17,5.602785751061334e-09,0.999998927117538,0.9999989327203238,False,1.0728824619832267e-06
Qwen/Qwen3-4B-instruct-2507,21,18,5.602785751061334e-09,0.9999984502816872,0.999998455884473,False,1.5497183127877179e-06
Qwen/Qwen3-4B-instruct-2507,21,19,5.602785751061334e-09,0.999998927117538,0.9999989327203238,False,1.0728824619832267e-06
Qwen/Qwen3-4B-instruct-2507,21,20,9.23741442396384e-09,0.9999970197767496,0.999997029014164,False,2.980223250403924e-06
Qwen/Qwen3-4B-instruct-2507,21,21,0.9999991655356624,2.6995759288455584e-07,0.9999994354932552,True,8.344643376290151e-07
Qwen/Qwen3-4B-instruct-2507,21,22,1.5229892598318825e-08,0.9999945164027223,0.9999945316326149,False,5.483597277700092e-06
Qwen/Qwen3-4B-instruct-2507,21,23,9.237432042950414e-09,0.9999979734461775,0.9999979826836095,False,2.026553822531696e-06
Qwen/Qwen3-4B-instruct-2507,21,24,1.5229892598318825e-08,0.9999936819476216,0.9999936971775142,False,6.318052378384564e-06
Qwen/Qwen3-4B-instruct-2507,21,25,5.602785751061334e-09,0.9999979734461775,0.9999979790489633,False,2.026553822531696e-06
Qwen/Qwen3-4B-instruct-2507,21,26,6.348775897339431e-09,0.9999963045256735,0.9999963108744494,False,3.695474326548265e-06
Qwen/Qwen3-4B-instruct-2507,21,27,7.194105586938129e-09,0.9999970197767496,0.9999970269708551,False,2.980223250403924e-06
Qwen/Qwen3-4B-instruct-2507,21,28,0.0019266809666436784,0.9980455761781386,0.9999722571447823,False,0.001954423821861395
Qwen/Qwen3-4B-instruct-2507,21,29,6.348788006680007e-09,0.9999982118638471,0.9999982182126351,False,1.7881361529248352e-06
Qwen/Qwen3-4B-instruct-2507,21,30,1.1861052281664094e-08,0.999995112442896,0.9999951243039482,False,4.887557104038542e-06
Qwen/Qwen3-4B-instruct-2507,21,31,7.19411930861867e-09,0.9999984502816872,0.9999984574758065,False,1.5497183127877179e-06
Qwen/Qwen3-4B-instruct-2507,21,32,7.194105586938129e-09,0.9999963045256735,0.999996311719779,False,3.695474326548265e-06
Qwen/Qwen3-4B-instruct-2507,21,33,1.0467361864851814e-08,0.9999957084838798,0.9999957189512416,False,4.291516120247252e-06
Qwen/Qwen3-4B-instruct-2507,21,34,1.0467361864851814e-08,0.9999963045256735,0.9999963149930353,False,3.695474326548265e-06
Qwen/Qwen3-4B-instruct-2507,21,35,1.5229863549631703e-08,0.9999920130413283,0.9999920282711919,False,7.98695867165744e-06
Qwen/Qwen3-4B-instruct-2507,21,36,1.725769632168401e-08,0.9999920130413283,0.9999920302990246,False,7.98695867165744e-06
Qwen/Qwen3-4B-instruct-2507,21,37,1.0467381829779195e-08,0.9999979734461775,0.9999979839135593,False,2.026553822531696e-06
Qwen/Qwen3-4B-instruct-2507,21,38,9.23739680501087e-09,0.9999946356109105,0.9999946448483074,False,5.364389089490551e-06
Qwen/Qwen3-4B-instruct-2507,21,39,1.5229892598318825e-08,0.9999945164027223,0.9999945316326149,False,5.483597277700092e-06
Qwen/Qwen3-4B-instruct-2507,21,40,7.19411930861867e-09,0.9999971389852362,0.9999971461793555,False,2.861014763766434e-06
Qwen/Qwen3-4B-instruct-2507,21,41,1.0467381829779195e-08,0.9999984502816872,0.9999984607490691,False,1.5497183127877179e-06
Qwen/Qwen3-4B-instruct-2507,21,42,0.9999997615814777,2.8453348089834e-08,0.9999997900348259,True,2.3841852225814364e-07
Qwen/Qwen3-4B-instruct-2507,21,43,7.19411930861867e-09,0.9999985694905718,0.999998576684691,False,1.430509428246296e-06
Qwen/Qwen3-4B-instruct-2507,21,44,9.23741442396384e-09,0.9999966621509202,0.9999966713883346,False,3.337849079798616e-06
Qwen/Qwen3-4B-instruct-2507,21,45,8.152005165739432e-09,0.9999977350285647,0.9999977431805699,False,2.2649714352951378e-06
Qwen/Qwen3-4B-instruct-2507,21,46,9.23741442396384e-09,0.9999957084838798,0.9999957177212941,False,4.291516120247252e-06
Qwen/Qwen3-4B-instruct-2507,21,47,1.0467381829779195e-08,0.9999984502816872,0.9999984607490691,False,1.5497183127877179e-06
Qwen/Qwen3-4B-instruct-2507,21,48,2.2159362976111183e-08,0.9999945164027223,0.9999945385620853,False,5.483597277700092e-06
Qwen/Qwen3-4B-instruct-2507,21,49,5.3157345593874676e-08,0.9999897481064004,0.999989801263746,False,1.0251893599599882e-05
Qwen/Qwen3-4B-instruct-2507,21,50,8.151989617038353e-09,0.9999963045256735,0.9999963126776631,False,3.695474326548265e-06
Qwen/Qwen3-4B-instruct-2507,21,51,1.7257762154696544e-08,0.9999961853172863,0.9999962025750484,False,3.8146827137097716e-06
Qwen/Qwen3-4B-instruct-2507,21,52,1.0467361864851814e-08,0.9999958276922101,0.9999958381595719,False,4.172307789929164e-06
Qwen/Qwen3-4B-instruct-2507,21,53,8.152005165739432e-09,0.9999982118638471,0.9999982200158523,False,1.7881361529248352e-06
Qwen/Qwen3-4B-instruct-2507,21,54,1.344033304471242e-08,0.999995112442896,0.999995125883229,False,4.887557104038542e-06
Qwen/Qwen3-4B-instruct-2507,21,55,8.151989617038353e-09,0.9999963045256735,0.9999963126776631,False,3.695474326548265e-06
Qwen/Qwen3-4B-instruct-2507,22,1,2.845329381943118e-08,0.9999976158197796,0.9999976442730735,False,2.3841802203605766e-06
Qwen/Qwen3-4B-instruct-2507,22,2,5.3157345593874676e-08,0.9999897481064004,0.999989801263746,False,1.0251893599599882e-05
Qwen/Qwen3-4B-instruct-2507,22,3,1.3440384315611926e-08,0.999998927117538,0.9999989405579224,False,1.0728824619832267e-06
Qwen/Qwen3-4B-instruct-2507,22,4,2.2159362976111183e-08,0.9999945164027223,0.9999945385620853,False,5.483597277700092e-06
Qwen/Qwen3-4B-instruct-2507,22,5,1.955564378838448e-08,0.9999984502816872,0.999998469837331,False,1.5497183127877179e-06
Qwen/Qwen3-4B-instruct-2507,22,6,1.3440358680137724e-08,0.9999970197767496,0.9999970332171083,False,2.980223250403924e-06
Qwen/Qwen3-4B-instruct-2507,22,7,1.0467381829779195e-08,0.999998927117538,0.9999989375849199,False,1.0728824619832267e-06
Qwen/Qwen3-4B-instruct-2507,22,8,2.2159362976111183e-08,0.999995112442896,0.999995134602259,False,4.887557104038542e-06
Qwen/Qwen3-4B-instruct-2507,22,9,1.0467401794744658e-08,0.9999992847447459,0.9999992952121477,False,7.152552541356272e-07
Qwen/Qwen3-4B-instruct-2507,22,10,1.0467361864851814e-08,0.9999961853172863,0.9999961957846482,False,3.8146827137097716e-06
Qwen/Qwen3-4B-instruct-2507,22,11,2.5109943663977427e-08,0.9999976158197796,0.9999976409297233,False,2.3841802203605766e-06
Qwen/Qwen3-4B-instruct-2507,22,12,7.19411930861867e-09,0.9999974966112362,0.9999975038053555,False,2.5033887638414853e-06
Qwen/Qwen3-4B-instruct-2507,22,13,8.152005165739432e-09,0.9999988079084972,0.9999988160605023,False,1.1920915028440504e-06
Qwen/Qwen3-4B-instruct-2507,22,14,9.237432042950414e-09,0.9999976158197796,0.9999976250572117,False,2.3841802203605766e-06
Qwen/Qwen3-4B-instruct-2507,22,15,6.348788006680007e-09,0.999998927117538,0.9999989334663261,False,1.0728824619832267e-06
Qwen/Qwen3-4B-instruct-2507,22,16,9.237432042950414e-09,0.9999973774024795,0.9999973866399116,False,2.6225975204852148e-06
Qwen/Qwen3-4B-instruct-2507,22,17,8.152005165739432e-09,0.999998927117538,0.9999989352695432,False,1.0728824619832267e-06
Qwen/Qwen3-4B-instruct-2507,22,18,8.152005165739432e-09,0.9999979734461775,0.9999979815981827,False,2.026553822531696e-06
Qwen/Qwen3-4B-instruct-2507,22,19,8.152020714470167e-09,0.9999991655356624,0.9999991736876831,False,8.344643376290151e-07
Qwen/Qwen3-4B-instruct-2507,22,20,1.5229921647061352e-08,0.9999965429424904,0.9999965581724121,False,3.457057509592687e-06
Qwen/Qwen3-4B-instruct-2507,22,21,1.18610975280741e-08,0.999998927117538,0.9999989389786356,False,1.0728824619832267e-06
Qwen/Qwen3-4B-instruct-2507,22,22,0.9999990463265931,3.9278597995802437e-07,0.999999439112573,True,9.536734069115482e-07
Qwen/Qwen3-4B-instruct-2507,22,23,1.5229921647061352e-08,0.9999970197767496,0.9999970350066713,False,2.980223250403924e-06
Qwen/Qwen3-4B-instruct-2507,22,24,4.6911192836213296e-08,0.9999897481064004,0.9999897950175932,False,1.0251893599599882e-05
Qwen/Qwen3-4B-instruct-2507,22,25,8.152005165739432e-09,0.9999971389852362,0.9999971471372414,False,2.861014763766434e-06
Qwen/Qwen3-4B-instruct-2507,22,26,1.1861052281664094e-08,0.999995112442896,0.9999951243039482,False,4.887557104038542e-06
Qwen/Qwen3-4B-instruct-2507,22,27,8.152005165739432e-09,0.9999982118638471,0.9999982200158523,False,1.7881361529248352e-06
Qwen/Qwen3-4B-instruct-2507,22,28,2.510975209104135e-08,0.9999909401759619,0.999990965285714,False,9.059824038093467e-06
Qwen/Qwen3-4B-instruct-2507,22,29,8.152020714470167e-09,0.9999990463265931,0.9999990544786138,False,9.536734069115482e-07
Qwen/Qwen3-4B-instruct-2507,22,30,1.0467361864851814e-08,0.9999970197767496,0.9999970302441115,False,2.980223250403924e-06
Qwen/Qwen3-4B-instruct-2507,22,31,9.237432042950414e-09,0.9999982118638471,0.9999982211012791,False,1.7881361529248352e-06
Qwen/Qwen3-4B-instruct-2507,22,32,3.2241682883650204e-08,0.9999936819476216,0.9999937141893045,False,6.318052378384564e-06
Qwen/Qwen3-4B-instruct-2507,22,33,6.348788006680007e-09,0.9999976158197796,0.9999976221685677,False,2.3841802203605766e-06
Qwen/Qwen3-4B-instruct-2507,22,34,1.955560648898961e-08,0.9999970197767496,0.9999970393323561,False,2.980223250403924e-06
Qwen/Qwen3-4B-instruct-2507,22,35,9.237432042950414e-09,0.999997854237364,0.999997863474796,False,2.145762636018844e-06
Qwen/Qwen3-4B-instruct-2507,22,36,1.7257729238158885e-08,0.999995112442896,0.9999951297006252,False,4.887557104038542e-06
Qwen/Qwen3-4B-instruct-2507,22,37,1.0467381829779195e-08,0.9999988079084972,0.999998818375879,False,1.1920915028440504e-06
Qwen/Qwen3-4B-instruct-2507,22,38,1.955556918966588e-08,0.999995112442896,0.9999951319984651,False,4.887557104038542e-06
Qwen/Qwen3-4B-instruct-2507,22,39,1.0467381829779195e-08,0.999997854237364,0.9999978647047458,False,2.145762636018844e-06
Qwen/Qwen3-4B-instruct-2507,22,40,1.4449637097172858e-07,0.9999881984200047,0.9999883429163757,False,1.1801579995251998e-05
Qwen/Qwen3-4B-instruct-2507,22,41,1.5229950695859287e-08,0.9999980926550052,0.9999981078849559,False,1.907344994833693e-06
Qwen/Qwen3-4B-instruct-2507,22,42,3.65346130838794e-08,0.9999936819476216,0.9999937184822347,False,6.318052378384564e-06
Qwen/Qwen3-4B-instruct-2507,22,43,1.18610975280741e-08,0.9999988079084972,0.9999988197695947,False,1.1920915028440504e-06
Qwen/Qwen3-4B-instruct-2507,22,44,0.9999997615814777,4.139937718785167e-08,0.9999998029808549,True,2.3841852225814364e-07
Qwen/Qwen3-4B-instruct-2507,22,45,1.18610975280741e-08,0.999997854237364,0.9999978660984615,False,2.145762636018844e-06
Qwen/Qwen3-4B-instruct-2507,22,46,3.2241682883650204e-08,0.9999936819476216,0.9999937141893045,False,6.318052378384564e-06
Qwen/Qwen3-4B-instruct-2507,22,47,1.5229950695859287e-08,0.9999980926550052,0.9999981078849559,False,1.907344994833693e-06
Qwen/Qwen3-4B-instruct-2507,22,48,3.2241682883650204e-08,0.9999936819476216,0.9999937141893045,False,6.318052378384564e-06
Qwen/Qwen3-4B-instruct-2507,22,49,1.0467381829779195e-08,0.9999973774024795,0.9999973878698614,False,2.6225975204852148e-06
Qwen/Qwen3-4B-instruct-2507,22,50,2.510984787732669e-08,0.9999936819476216,0.9999937070574695,False,6.318052378384564e-06
Qwen/Qwen3-4B-instruct-2507,22,51,1.18610975280741e-08,0.999997854237364,0.9999978660984615,False,2.145762636018844e-06
Qwen/Qwen3-4B-instruct-2507,22,52,6.825551301312449e-08,0.9999920130413283,0.9999920812968414,False,7.98695867165744e-06
Qwen/Qwen3-4B-instruct-2507,22,53,1.18610975280741e-08,0.9999984502816872,0.9999984621427848,False,1.5497183127877179e-06
Qwen/Qwen3-4B-instruct-2507,22,54,1.7257729238158885e-08,0.999995112442896,0.9999951297006252,False,4.887557104038542e-06
Qwen/Qwen3-4B-instruct-2507,22,55,5.3157345593874676e-08,0.9999897481064004,0.999989801263746,False,1.0251893599599882e-05
Qwen/Qwen3-4B-instruct-2507,23,1,4.691146126497983e-08,0.9999970197767496,0.9999970666882109,False,2.980223250403924e-06
Qwen/Qwen3-4B-instruct-2507,23,2,3.2241682883650204e-08,0.9999936819476216,0.9999937141893045,False,6.318052378384564e-06
Qwen/Qwen3-4B-instruct-2507,23,3,1.955564378838448e-08,0.9999984502816872,0.999998469837331,False,1.5497183127877179e-06
Qwen/Qwen3-4B-instruct-2507,23,4,1.3440384315611926e-08,0.9999974966112362,0.9999975100516205,False,2.5033887638414853e-06
Qwen/Qwen3-4B-instruct-2507,23,5,1.3440384315611926e-08,0.9999985694905718,0.9999985829309561,False,1.430509428246296e-06
Qwen/Qwen3-4B-instruct-2507,23,6,9.237432042950414e-09,0.9999974966112362,0.9999975058486682,False,2.5033887638414853e-06
Qwen/Qwen3-4B-instruct-2507,23,7,1.0467381829779195e-08,0.9999988079084972,0.999998818375879,False,1.1920915028440504e-06
Qwen/Qwen3-4B-instruct-2507,23,8,1.1861074904847522e-08,0.9999952316511552,0.9999952435122301,False,4.768348844774728e-06
Qwen/Qwen3-4B-instruct-2507,23,9,7.194133030325383e-09,0.9999994039539004,0.9999994111480335,False,5.960460995879657e-07
Qwen/Qwen3-4B-instruct-2507,23,10,4.363453930307876e-09,0.9999974966112362,0.9999975009746901,False,2.5033887638414853e-06
Qwen/Qwen3-4B-instruct-2507,23,11,4.9444410711567335e-09,0.9999988079084972,0.9999988128529382,False,1.1920915028440504e-06
Qwen/Qwen3-4B-instruct-2507,23,12,3.850734578067279e-09,0.9999979734461775,0.9999979772969121,False,2.026553822531696e-06
Qwen/Qwen3-4B-instruct-2507,23,13,7.19411930861867e-09,0.9999985694905718,0.999998576684691,False,1.430509428246296e-06
Qwen/Qwen3-4B-instruct-2507,23,14,3.398261337819773e-09,0.9999985694905718,0.9999985728888331,False,1.430509428246296e-06
Qwen/Qwen3-4B-instruct-2507,23,15,6.348788006680007e-09,0.9999982118638471,0.9999982182126351,False,1.7881361529248352e-06
Qwen/Qwen3-4B-instruct-2507,23,16,4.94443164039281e-09,0.9999966621509202,0.9999966670953518,False,3.337849079798616e-06
Qwen/Qwen3-4B-instruct-2507,23,17,4.9444410711567335e-09,0.999998927117538,0.9999989320619791,False,1.0728824619832267e-06
Qwen/Qwen3-4B-instruct-2507,23,18,4.363453930307876e-09,0.9999984502816872,0.9999984546451411,False,1.5497183127877179e-06
Qwen/Qwen3-4B-instruct-2507,23,19,4.363462252943702e-09,0.9999990463265931,0.9999990506900553,False,9.536734069115482e-07
Qwen/Qwen3-4B-instruct-2507,23,20,5.602785751061334e-09,0.9999971389852362,0.999997144588022,False,2.861014763766434e-06
Qwen/Qwen3-4B-instruct-2507,23,21,5.602785751061334e-09,0.9999988079084972,0.999998813511283,False,1.1920915028440504e-06
Qwen/Qwen3-4B-instruct-2507,23,22,9.237432042950414e-09,0.9999979734461775,0.9999979826836095,False,2.026553822531696e-06
Qwen/Qwen3-4B-instruct-2507,23,23,0.9999992847447459,3.059020287707785e-07,0.9999995906467747,True,7.152552541356272e-07
Qwen/Qwen3-4B-instruct-2507,23,24,2.510975209104135e-08,0.9999908209686689,0.9999908460784209,False,9.179031331130183e-06
Qwen/Qwen3-4B-instruct-2507,23,25,8.151989617038353e-09,0.9999952316511552,0.9999952398031449,False,4.768348844774728e-06
Qwen/Qwen3-4B-instruct-2507,23,26,8.151958519725165e-09,0.9999918938339075,0.9999919019858661,False,8.106166092480827e-06
Qwen/Qwen3-4B-instruct-2507,23,27,6.348788006680007e-09,0.9999974966112362,0.9999975029600242,False,2.5033887638414853e-06
Qwen/Qwen3-4B-instruct-2507,23,28,7.194078143655561e-09,0.9999930859092101,0.9999930931032882,False,6.914090789900129e-06
Qwen/Qwen3-4B-instruct-2507,23,29,1.0467361864851814e-08,0.9999963045256735,0.9999963149930353,False,3.695474326548265e-06
Qwen/Qwen3-4B-instruct-2507,23,30,7.194105586938129e-09,0.9999966621509202,0.9999966693450257,False,3.337849079798616e-06
Qwen/Qwen3-4B-instruct-2507,23,31,1.1861074904847522e-08,0.9999966621509202,0.9999966740119951,False,3.337849079798616e-06
Qwen/Qwen3-4B-instruct-2507,23,32,1.1861052281664094e-08,0.9999945164027223,0.9999945282637746,False,5.483597277700092e-06
Qwen/Qwen3-4B-instruct-2507,23,33,7.19411930861867e-09,0.9999974966112362,0.9999975038053555,False,2.5033887638414853e-06
Qwen/Qwen3-4B-instruct-2507,23,34,1.0467361864851814e-08,0.9999966621509202,0.9999966726182821,False,3.337849079798616e-06
Qwen/Qwen3-4B-instruct-2507,23,35,7.19411930861867e-09,0.9999971389852362,0.9999971461793555,False,2.861014763766434e-06
Qwen/Qwen3-4B-instruct-2507,23,36,6.348775897339431e-09,0.9999966621509202,0.9999966684996962,False,3.337849079798616e-06
Qwen/Qwen3-4B-instruct-2507,23,37,1.3440384315611926e-08,0.9999971389852362,0.9999971524256206,False,2.861014763766434e-06
Qwen/Qwen3-4B-instruct-2507,23,38,4.006208794491641e-05,0.9999196593968471,0.9999597214847921,False,8.034060315287306e-05
Qwen/Qwen3-4B-instruct-2507,23,39,1.955556918966588e-08,0.9999935627400018,0.999993582295571,False,6.4372599981599166e-06
Qwen/Qwen3-4B-instruct-2507,23,40,1.7257729238158885e-08,0.999994397195003,0.9999944144527323,False,5.602804996951427e-06
Qwen/Qwen3-4B-instruct-2507,23,41,1.955564378838448e-08,0.9999973774024795,0.9999973969581233,False,2.6225975204852148e-06
Qwen/Qwen3-4B-instruct-2507,23,42,1.3440358680137724e-08,0.9999957084838798,0.9999957219242385,False,4.291516120247252e-06
Qwen/Qwen3-4B-instruct-2507,23,43,1.7257795071296986e-08,0.9999973774024795,0.9999973946602746,False,2.6225975204852148e-06
Qwen/Qwen3-4B-instruct-2507,23,44,1.7257729238158885e-08,0.999994397195003,0.9999944144527323,False,5.602804996951427e-06
Qwen/Qwen3-4B-instruct-2507,23,45,7.19411930861867e-09,0.9999977350285647,0.999997742222684,False,2.2649714352951378e-06
Qwen/Qwen3-4B-instruct-2507,23,46,0.9999997615814777,2.510999155743982e-08,0.9999997866914693,True,2.3841852225814364e-07
Qwen/Qwen3-4B-instruct-2507,23,47,4.139914029939298e-08,0.999994397195003,0.9999944385941434,False,5.602804996951427e-06
Qwen/Qwen3-4B-instruct-2507,23,48,1.955556918966588e-08,0.999994397195003,0.9999944167505722,False,5.602804996951427e-06
Qwen/Qwen3-4B-instruct-2507,23,49,7.19411930861867e-09,0.9999971389852362,0.9999971461793555,False,2.861014763766434e-06
Qwen/Qwen3-4B-instruct-2507,23,50,1.3440358680137724e-08,0.9999958276922101,0.9999958411325688,False,4.172307789929164e-06
Qwen/Qwen3-4B-instruct-2507,23,51,1.5229921647061352e-08,0.9999960661089133,0.999996081338835,False,3.933891086660424e-06
Qwen/Qwen3-4B-instruct-2507,23,52,2.5109799984138346e-08,0.9999918938339075,0.9999919189437075,False,8.106166092480827e-06
Qwen/Qwen3-4B-instruct-2507,23,53,1.3440384315611926e-08,0.9999974966112362,0.9999975100516205,False,2.5033887638414853e-06
Qwen/Qwen3-4B-instruct-2507,23,54,7.194105586938129e-09,0.9999963045256735,0.999996311719779,False,3.695474326548265e-06
Qwen/Qwen3-4B-instruct-2507,23,55,9.237432042950414e-09,0.9999973774024795,0.9999973866399116,False,2.6225975204852148e-06
Qwen/Qwen3-4B-instruct-2507,24,1,2.2159405241782167e-08,0.9999970197767496,0.9999970419361548,False,2.980223250403924e-06
Qwen/Qwen3-4B-instruct-2507,24,2,4.1398982374506896e-08,0.9999897481064004,0.9999897895053828,False,1.0251893599599882e-05
Qwen/Qwen3-4B-instruct-2507,24,3,1.5229950695859287e-08,0.9999982118638471,0.9999982270937978,False,1.7881361529248352e-06
Qwen/Qwen3-4B-instruct-2507,24,4,1.955556918966588e-08,0.9999936819476216,0.9999937015031908,False,6.318052378384564e-06
Qwen/Qwen3-4B-instruct-2507,24,5,1.3440384315611926e-08,0.9999982118638471,0.9999982253042314,False,1.7881361529248352e-06
Qwen/Qwen3-4B-instruct-2507,24,6,1.7257762154696544e-08,0.9999961853172863,0.9999962025750484,False,3.8146827137097716e-06
Qwen/Qwen3-4B-instruct-2507,24,7,1.0467381829779195e-08,0.9999984502816872,0.9999984607490691,False,1.5497183127877179e-06
Qwen/Qwen3-4B-instruct-2507,24,8,2.5612448038836927e-06,0.9999824765407688,0.9999850377855727,False,1.752345923122789e-05
Qwen/Qwen3-4B-instruct-2507,24,9,9.237432042950414e-09,0.9999984502816872,0.9999984595191193,False,1.5497183127877179e-06
Qwen/Qwen3-4B-instruct-2507,24,10,7.194105586938129e-09,0.9999963045256735,0.999996311719779,False,3.695474326548265e-06
Qwen/Qwen3-4B-instruct-2507,24,11,8.152005165739432e-09,0.9999971389852362,0.9999971471372414,False,2.861014763766434e-06
Qwen/Qwen3-4B-instruct-2507,24,12,7.194105586938129e-09,0.9999965429424904,0.9999965501365959,False,3.457057509592687e-06
Qwen/Qwen3-4B-instruct-2507,24,13,9.237432042950414e-09,0.9999976158197796,0.9999976250572117,False,2.3841802203605766e-06
Qwen/Qwen3-4B-instruct-2507,24,14,7.19411930861867e-09,0.9999971389852362,0.9999971461793555,False,2.861014763766434e-06
Qwen/Qwen3-4B-instruct-2507,24,15,6.348775897339431e-09,0.9999966621509202,0.9999966684996962,False,3.337849079798616e-06
Qwen/Qwen3-4B-instruct-2507,24,16,1.046734189996251e-08,0.9999936819476216,0.9999936924149635,False,6.318052378384564e-06
Qwen/Qwen3-4B-instruct-2507,24,17,8.152005165739432e-09,0.9999979734461775,0.9999979815981827,False,2.026553822531696e-06
Qwen/Qwen3-4B-instruct-2507,24,18,6.348775897339431e-09,0.9999966621509202,0.9999966684996962,False,3.337849079798616e-06
Qwen/Qwen3-4B-instruct-2507,24,19,7.19411930861867e-09,0.9999982118638471,0.9999982190579664,False,1.7881361529248352e-06
Qwen/Qwen3-4B-instruct-2507,24,20,9.23739680501087e-09,0.9999936819476216,0.9999936911850185,False,6.318052378384564e-06
Qwen/Qwen3-4B-instruct-2507,24,21,1.0467361864851814e-08,0.9999965429424904,0.9999965534098523,False,3.457057509592687e-06
Qwen/Qwen3-4B-instruct-2507,24,22,8.152005165739432e-09,0.9999971389852362,0.9999971471372414,False,2.861014763766434e-06
Qwen/Qwen3-4B-instruct-2507,24,23,1.0467381829779195e-08,0.9999982118638471,0.9999982223312289,False,1.7881361529248352e-06
Qwen/Qwen3-4B-instruct-2507,24,24,0.9999994039539004,1.8553895931777327e-07,0.9999995894928597,True,5.960460995879657e-07
Qwen/Qwen3-4B-instruct-2507,24,25,1.1861052281664094e-08,0.9999936819476216,0.9999936938086739,False,6.318052378384564e-06
Qwen/Qwen3-4B-instruct-2507,24,26,1.3440281774008495e-08,0.9999897481064004,0.9999897615466822,False,1.0251893599599882e-05
Qwen/Qwen3-4B-instruct-2507,24,27,1.046734189996251e-08,0.999995112442896,0.9999951229102378,False,4.887557104038542e-06
Qwen/Qwen3-4B-instruct-2507,24,28,1.3440281774008495e-08,0.9999897481064004,0.9999897615466822,False,1.0251893599599882e-05
Qwen/Qwen3-4B-instruct-2507,24,29,8.152005165739432e-09,0.9999979734461775,0.9999979815981827,False,2.026553822531696e-06
Qwen/Qwen3-4B-instruct-2507,24,30,1.1861029658523816e-08,0.9999920130413283,0.9999920249023581,False,7.98695867165744e-06
Qwen/Qwen3-4B-instruct-2507,24,31,9.237432042950414e-09,0.9999974966112362,0.9999975058486682,False,2.5033887638414853e-06
Qwen/Qwen3-4B-instruct-2507,24,32,0.002472511018503189,0.9974820992363975,0.9999546102549007,False,0.0025179007636024764
Qwen/Qwen3-4B-instruct-2507,24,33,7.19411930861867e-09,0.9999971389852362,0.9999971461793555,False,2.861014763766434e-06
Qwen/Qwen3-4B-instruct-2507,24,34,1.7257729238158885e-08,0.9999936819476216,0.9999936992053509,False,6.318052378384564e-06
Qwen/Qwen3-4B-instruct-2507,24,35,9.23741442396384e-09,0.9999957084838798,0.9999957177212941,False,4.291516120247252e-06
Qwen/Qwen3-4B-instruct-2507,24,36,8.764131204886781e-08,0.9999868871505255,0.9999869747918376,False,1.3112849474472554e-05
Qwen/Qwen3-4B-instruct-2507,24,37,7.19411930861867e-09,0.9999984502816872,0.9999984574758065,False,1.5497183127877179e-06
Qwen/Qwen3-4B-instruct-2507,24,38,1.3440281774008495e-08,0.9999897481064004,0.9999897615466822,False,1.0251893599599882e-05
Qwen/Qwen3-4B-instruct-2507,24,39,7.194105586938129e-09,0.9999966621509202,0.9999966693450257,False,3.337849079798616e-06
Qwen/Qwen3-4B-instruct-2507,24,40,3.2241313908982893e-08,0.9999831917733143,0.9999832240146282,False,1.680822668570503e-05
Qwen/Qwen3-4B-instruct-2507,24,41,1.0467381829779195e-08,0.9999977350285647,0.9999977454959466,False,2.2649714352951378e-06
Qwen/Qwen3-4B-instruct-2507,24,42,2.215927844501106e-08,0.9999897481064004,0.9999897702656788,False,1.0251893599599882e-05
Qwen/Qwen3-4B-instruct-2507,24,43,9.237432042950414e-09,0.9999977350285647,0.9999977442659967,False,2.2649714352951378e-06
Qwen/Qwen3-4B-instruct-2507,24,44,1.3440307409336009e-08,0.9999920130413283,0.9999920264816358,False,7.98695867165744e-06
Qwen/Qwen3-4B-instruct-2507,24,45,9.23741442396384e-09,0.9999952316511552,0.9999952408885696,False,4.768348844774728e-06
Qwen/Qwen3-4B-instruct-2507,24,46,1.5229834500999985e-08,0.9999897481064004,0.9999897633362349,False,1.0251893599599882e-05
Qwen/Qwen3-4B-instruct-2507,24,47,8.152005165739432e-09,0.9999979734461775,0.9999979815981827,False,2.026553822531696e-06
Qwen/Qwen3-4B-instruct-2507,24,48,0.9999997615814777,2.8453348089834e-08,0.9999997900348259,True,2.3841852225814364e-07
Qwen/Qwen3-4B-instruct-2507,24,49,8.151989617038353e-09,0.9999966621509202,0.9999966703029098,False,3.337849079798616e-06
Qwen/Qwen3-4B-instruct-2507,24,50,1.1861007035426688e-08,0.9999897481064004,0.9999897599674075,False,1.0251893599599882e-05
Qwen/Qwen3-4B-instruct-2507,24,51,1.1861074904847522e-08,0.9999958276922101,0.999995839553285,False,4.172307789929164e-06
Qwen/Qwen3-4B-instruct-2507,24,52,1.7257597572636077e-08,0.9999868871505255,0.9999869044081231,False,1.3112849474472554e-05
Qwen/Qwen3-4B-instruct-2507,24,53,8.152005165739432e-09,0.9999977350285647,0.9999977431805699,False,2.2649714352951378e-06
Qwen/Qwen3-4B-instruct-2507,24,54,1.7257663405271917e-08,0.9999897481064004,0.9999897653640638,False,1.0251893599599882e-05
Qwen/Qwen3-4B-instruct-2507,24,55,7.194105586938129e-09,0.9999952316511552,0.9999952388452608,False,4.768348844774728e-06
Qwen/Qwen3-4B-instruct-2507,25,1,1.7257795071296986e-08,0.9999985694905718,0.9999985867483668,False,1.430509428246296e-06
Qwen/Qwen3-4B-instruct-2507,25,2,1.5229950695859287e-08,0.9999977350285647,0.9999977502585154,False,2.2649714352951378e-06
Qwen/Qwen3-4B-instruct-2507,25,3,9.237432042950414e-09,0.999998927117538,0.9999989363549701,False,1.0728824619832267e-06
Qwen/Qwen3-4B-instruct-2507,25,4,1.7257795071296986e-08,0.9999971389852362,0.9999971562430313,False,2.861014763766434e-06
Qwen/Qwen3-4B-instruct-2507,25,5,3.466317495433874e-07,0.9999967813595916,0.9999971279913411,False,3.218640408420015e-06
Qwen/Qwen3-4B-instruct-2507,25,6,7.19411930861867e-09,0.9999977350285647,0.999997742222684,False,2.2649714352951378e-06
Qwen/Qwen3-4B-instruct-2507,25,7,8.152005165739432e-09,0.999998927117538,0.9999989352695432,False,1.0728824619832267e-06
Qwen/Qwen3-4B-instruct-2507,25,8,1.0467381829779195e-08,0.9999971389852362,0.9999971494526181,False,2.861014763766434e-06
Qwen/Qwen3-4B-instruct-2507,25,9,7.194133030325383e-09,0.9999990463265931,0.9999990535207262,False,9.536734069115482e-07
Qwen/Qwen3-4B-instruct-2507,25,10,0.0003353484351557779,0.9996598923957454,0.9999952408309012,False,0.0003401076042546247
Qwen/Qwen3-4B-instruct-2507,25,11,4.363453930307876e-09,0.9999988079084972,0.9999988122719511,False,1.1920915028440504e-06
Qwen/Qwen3-4B-instruct-2507,25,12,4.9444410711567335e-09,0.9999984502816872,0.9999984552261283,False,1.5497183127877179e-06
Qwen/Qwen3-4B-instruct-2507,25,13,5.602785751061334e-09,0.999998927117538,0.9999989327203238,False,1.0728824619832267e-06
Qwen/Qwen3-4B-instruct-2507,25,14,4.363453930307876e-09,0.9999982118638471,0.999998216227301,False,1.7881361529248352e-06
Qwen/Qwen3-4B-instruct-2507,25,15,5.602785751061334e-09,0.9999988079084972,0.999998813511283,False,1.1920915028440504e-06
Qwen/Qwen3-4B-instruct-2507,25,16,4.9444410711567335e-09,0.9999974966112362,0.9999975015556772,False,2.5033887638414853e-06
Qwen/Qwen3-4B-instruct-2507,25,17,4.944450501938644e-09,0.9999990463265931,0.9999990512710436,False,9.536734069115482e-07
Qwen/Qwen3-4B-instruct-2507,25,18,3.850734578067279e-09,0.9999984502816872,0.9999984541324218,False,1.5497183127877179e-06
Qwen/Qwen3-4B-instruct-2507,25,19,4.363462252943702e-09,0.9999990463265931,0.9999990506900553,False,9.536734069115482e-07
Qwen/Qwen3-4B-instruct-2507,25,20,0.03732641636679012,0.962661030541646,0.9999874469084361,False,0.03733896945835402
Qwen/Qwen3-4B-instruct-2507,25,21,5.602785751061334e-09,0.999998927117538,0.9999989327203238,False,1.0728824619832267e-06
Qwen/Qwen3-4B-instruct-2507,25,22,4.9444410711567335e-09,0.9999985694905718,0.9999985744350128,False,1.430509428246296e-06
Qwen/Qwen3-4B-instruct-2507,25,23,7.19411930861867e-09,0.999998927117538,0.9999989343116573,False,1.0728824619832267e-06
Qwen/Qwen3-4B-instruct-2507,25,24,6.348788006680007e-09,0.9999977350285647,0.9999977413773528,False,2.2649714352951378e-06
Qwen/Qwen3-4B-instruct-2507,25,25,0.9999997615814777,4.691164021834418e-08,0.999999808493118,True,2.3841852225814364e-07
Qwen/Qwen3-4B-instruct-2507,25,26,6.348775897339431e-09,0.9999963045256735,0.9999963108744494,False,3.695474326548265e-06
Qwen/Qwen3-4B-instruct-2507,25,27,4.9444410711567335e-09,0.9999982118638471,0.9999982168082882,False,1.7881361529248352e-06
Qwen/Qwen3-4B-instruct-2507,25,28,4.363453930307876e-09,0.9999979734461775,0.9999979778096314,False,2.026553822531696e-06
Qwen/Qwen3-4B-instruct-2507,25,29,4.9444410711567335e-09,0.9999982118638471,0.9999982168082882,False,1.7881361529248352e-06
Qwen/Qwen3-4B-instruct-2507,25,30,4.691146126497983e-08,0.9999970197767496,0.9999970666882109,False,2.980223250403924e-06
Qwen/Qwen3-4B-instruct-2507,25,31,4.363453930307876e-09,0.999998927117538,0.999998931480992,False,1.0728824619832267e-06
Qwen/Qwen3-4B-instruct-2507,25,32,5.602785751061334e-09,0.9999974966112362,0.999997502214022,False,2.5033887638414853e-06
Qwen/Qwen3-4B-instruct-2507,25,33,4.9444410711567335e-09,0.9999988079084972,0.9999988128529382,False,1.1920915028440504e-06
Qwen/Qwen3-4B-instruct-2507,25,34,6.348788006680007e-09,0.9999984502816872,0.9999984566304753,False,1.5497183127877179e-06
Qwen/Qwen3-4B-instruct-2507,25,35,7.19411930861867e-09,0.9999979734461775,0.9999979806402968,False,2.026553822531696e-06
Qwen/Qwen3-4B-instruct-2507,25,36,6.348788006680007e-09,0.9999982118638471,0.9999982182126351,False,1.7881361529248352e-06
Qwen/Qwen3-4B-instruct-2507,25,37,4.363462252943702e-09,0.9999992847447459,0.9999992891082081,False,7.152552541356272e-07
Qwen/Qwen3-4B-instruct-2507,25,38,6.348788006680007e-09,0.9999974966112362,0.9999975029600242,False,2.5033887638414853e-06
Qwen/Qwen3-4B-instruct-2507,25,39,6.348788006680007e-09,0.9999982118638471,0.9999982182126351,False,1.7881361529248352e-06
Qwen/Qwen3-4B-instruct-2507,25,40,0.9999942779868433,3.7266318480591813e-06,0.9999980046186914,False,0.9999962733681519
Qwen/Qwen3-4B-instruct-2507,25,41,4.9444410711567335e-09,0.999998927117538,0.9999989320619791,False,1.0728824619832267e-06
Qwen/Qwen3-4B-instruct-2507,25,42,8.152005165739432e-09,0.9999974966112362,0.9999975047632413,False,2.5033887638414853e-06
Qwen/Qwen3-4B-instruct-2507,25,43,6.348788006680007e-09,0.9999985694905718,0.9999985758393598,False,1.430509428246296e-06
Qwen/Qwen3-4B-instruct-2507,25,44,4.9444410711567335e-09,0.9999979734461775,0.9999979783906185,False,2.026553822531696e-06
Qwen/Qwen3-4B-instruct-2507,25,45,1.0467381829779195e-08,0.9999971389852362,0.9999971494526181,False,2.861014763766434e-06
Qwen/Qwen3-4B-instruct-2507,25,46,8.152005165739432e-09,0.9999971389852362,0.9999971471372414,False,2.861014763766434e-06
Qwen/Qwen3-4B-instruct-2507,25,47,6.348788006680007e-09,0.9999985694905718,0.9999985758393598,False,1.430509428246296e-06
Qwen/Qwen3-4B-instruct-2507,25,48,7.19411930861867e-09,0.9999971389852362,0.9999971461793555,False,2.861014763766434e-06
Qwen/Qwen3-4B-instruct-2507,25,49,7.19411930861867e-09,0.9999979734461775,0.9999979806402968,False,2.026553822531696e-06
Qwen/Qwen3-4B-instruct-2507,25,50,0.9999997615814777,2.215948977336598e-08,0.9999997837409675,True,2.3841852225814364e-07
Qwen/Qwen3-4B-instruct-2507,25,51,1.0467381829779195e-08,0.9999979734461775,0.9999979839135593,False,2.026553822531696e-06
Qwen/Qwen3-4B-instruct-2507,25,52,3.65346130838794e-08,0.999995112442896,0.9999951489775091,False,4.887557104038542e-06
Qwen/Qwen3-4B-instruct-2507,25,53,9.237432042950414e-09,0.9999982118638471,0.9999982211012791,False,1.7881361529248352e-06
Qwen/Qwen3-4B-instruct-2507,25,54,1.0467361864851814e-08,0.9999966621509202,0.9999966726182821,False,3.337849079798616e-06
Qwen/Qwen3-4B-instruct-2507,25,55,1.5229921647061352e-08,0.9999963045256735,0.9999963197555951,False,3.695474326548265e-06
Qwen/Qwen3-4B-instruct-2507,26,1,1.7257795071296986e-08,0.9999979734461775,0.9999979907039726,False,2.026553822531696e-06
Qwen/Qwen3-4B-instruct-2507,26,2,1.3440358680137724e-08,0.9999957084838798,0.9999957219242385,False,4.291516120247252e-06
Qwen/Qwen3-4B-instruct-2507,26,3,1.0467401794744658e-08,0.9999990463265931,0.9999990567939949,False,9.536734069115482e-07
Qwen/Qwen3-4B-instruct-2507,26,4,9.237432042950414e-09,0.9999973774024795,0.9999973866399116,False,2.6225975204852148e-06
Qwen/Qwen3-4B-instruct-2507,26,5,8.152005165739432e-09,0.999998927117538,0.9999989352695432,False,1.0728824619832267e-06
Qwen/Qwen3-4B-instruct-2507,26,6,8.152005165739432e-09,0.9999973774024795,0.9999973855544847,False,2.6225975204852148e-06
Qwen/Qwen3-4B-instruct-2507,26,7,7.194133030325383e-09,0.9999994039539004,0.9999994111480335,False,5.960460995879657e-07
Qwen/Qwen3-4B-instruct-2507,26,8,8.152005165739432e-09,0.9999979734461775,0.9999979815981827,False,2.026553822531696e-06
Qwen/Qwen3-4B-instruct-2507,26,9,7.194133030325383e-09,0.9999995231630692,0.9999995303572022,False,4.7683693082944956e-07
Qwen/Qwen3-4B-instruct-2507,26,10,4.9444410711567335e-09,0.9999985694905718,0.9999985744350128,False,1.430509428246296e-06
Qwen/Qwen3-4B-instruct-2507,26,11,5.602785751061334e-09,0.9999985694905718,0.9999985750933575,False,1.430509428246296e-06
Qwen/Qwen3-4B-instruct-2507,26,12,4.9444410711567335e-09,0.9999982118638471,0.9999982168082882,False,1.7881361529248352e-06
Qwen/Qwen3-4B-instruct-2507,26,13,3.398267819495071e-09,0.9999990463265931,0.9999990497248609,False,9.536734069115482e-07
Qwen/Qwen3-4B-instruct-2507,26,14,3.850734578067279e-09,0.9999985694905718,0.9999985733413064,False,1.430509428246296e-06
Qwen/Qwen3-4B-instruct-2507,26,15,6.348788006680007e-09,0.999998927117538,0.9999989334663261,False,1.0728824619832267e-06
Qwen/Qwen3-4B-instruct-2507,26,16,5.602785751061334e-09,0.9999976158197796,0.9999976214225654,False,2.3841802203605766e-06
Qwen/Qwen3-4B-instruct-2507,26,17,5.602796437537268e-09,0.9999991655356624,0.9999991711384588,False,8.344643376290151e-07
Qwen/Qwen3-4B-instruct-2507,26,18,5.602785751061334e-09,0.9999982118638471,0.9999982174666329,False,1.7881361529248352e-06
Qwen/Qwen3-4B-instruct-2507,26,19,4.944450501938644e-09,0.9999991655356624,0.9999991704801129,False,8.344643376290151e-07
Qwen/Qwen3-4B-instruct-2507,26,20,5.602785751061334e-09,0.9999979734461775,0.9999979790489633,False,2.026553822531696e-06
Qwen/Qwen3-4B-instruct-2507,26,21,5.602796437537268e-09,0.9999992847447459,0.9999992903475423,False,7.152552541356272e-07
Qwen/Qwen3-4B-instruct-2507,26,22,7.19411930861867e-09,0.9999984502816872,0.9999984574758065,False,1.5497183127877179e-06
Qwen/Qwen3-4B-instruct-2507,26,23,6.34880011604368e-09,0.9999992847447459,0.999999291093546,False,7.152552541356272e-07
Qwen/Qwen3-4B-instruct-2507,26,24,7.19411930861867e-09,0.9999982118638471,0.9999982190579664,False,1.7881361529248352e-06
Qwen/Qwen3-4B-instruct-2507,26,25,5.602796437537268e-09,0.9999992847447459,0.9999992903475423,False,7.152552541356272e-07
Qwen/Qwen3-4B-instruct-2507,26,26,0.9999992847447459,2.3823673954981372e-07,0.9999995229814854,True,7.152552541356272e-07
Qwen/Qwen3-4B-instruct-2507,26,27,9.237432042950414e-09,0.9999976158197796,0.9999976250572117,False,2.3841802203605766e-06
Qwen/Qwen3-4B-instruct-2507,26,28,2.510984787732669e-08,0.9999945164027223,0.9999945415125702,False,5.483597277700092e-06
Qwen/Qwen3-4B-instruct-2507,26,29,5.602785751061334e-09,0.9999985694905718,0.9999985750933575,False,1.430509428246296e-06
Qwen/Qwen3-4B-instruct-2507,26,30,4.9444410711567335e-09,0.9999979734461775,0.9999979783906185,False,2.026553822531696e-06
Qwen/Qwen3-4B-instruct-2507,26,31,4.363453930307876e-09,0.999998927117538,0.999998931480992,False,1.0728824619832267e-06
Qwen/Qwen3-4B-instruct-2507,26,32,2.2159362976111183e-08,0.999995112442896,0.999995134602259,False,4.887557104038542e-06
Qwen/Qwen3-4B-instruct-2507,26,33,4.363462252943702e-09,0.9999990463265931,0.9999990506900553,False,9.536734069115482e-07
Qwen/Qwen3-4B-instruct-2507,26,34,8.152005165739432e-09,0.9999979734461775,0.9999979815981827,False,2.026553822531696e-06
Qwen/Qwen3-4B-instruct-2507,26,35,5.602785751061334e-09,0.9999988079084972,0.999998813511283,False,1.1920915028440504e-06
Qwen/Qwen3-4B-instruct-2507,26,36,9.23741442396384e-09,0.9999965429424904,0.9999965521799048,False,3.457057509592687e-06
Qwen/Qwen3-4B-instruct-2507,26,37,5.602785751061334e-09,0.999998927117538,0.9999989327203238,False,1.0728824619832267e-06
Qwen/Qwen3-4B-instruct-2507,26,38,9.237432042950414e-09,0.9999971389852362,0.9999971482226683,False,2.861014763766434e-06
Qwen/Qwen3-4B-instruct-2507,26,39,1.955560648898961e-08,0.9999957084838798,0.9999957280394862,False,4.291516120247252e-06
Qwen/Qwen3-4B-instruct-2507,26,40,1.955560648898961e-08,0.9999961853172863,0.9999962048728928,False,3.8146827137097716e-06
Qwen/Qwen3-4B-instruct-2507,26,41,7.19411930861867e-09,0.999998927117538,0.9999989343116573,False,1.0728824619832267e-06
Qwen/Qwen3-4B-instruct-2507,26,42,1.18610975280741e-08,0.9999976158197796,0.9999976276808772,False,2.3841802203605766e-06
Qwen/Qwen3-4B-instruct-2507,26,43,7.19411930861867e-09,0.999998927117538,0.9999989343116573,False,1.0728824619832267e-06
Qwen/Qwen3-4B-instruct-2507,26,44,9.237432042950414e-09,0.9999971389852362,0.9999971482226683,False,2.861014763766434e-06
Qwen/Qwen3-4B-instruct-2507,26,45,4.944450501938644e-09,0.9999990463265931,0.9999990512710436,False,9.536734069115482e-07
Qwen/Qwen3-4B-instruct-2507,26,46,8.152005165739432e-09,0.9999979734461775,0.9999979815981827,False,2.026553822531696e-06
Qwen/Qwen3-4B-instruct-2507,26,47,8.152005165739432e-09,0.9999985694905718,0.9999985776425769,False,1.430509428246296e-06
Qwen/Qwen3-4B-instruct-2507,26,48,1.7257762154696544e-08,0.9999957084838798,0.9999957257416419,False,4.291516120247252e-06
Qwen/Qwen3-4B-instruct-2507,26,49,5.602785751061334e-09,0.9999985694905718,0.9999985750933575,False,1.430509428246296e-06
Qwen/Qwen3-4B-instruct-2507,26,50,7.19411930861867e-09,0.9999977350285647,0.999997742222684,False,2.2649714352951378e-06
Qwen/Qwen3-4B-instruct-2507,26,51,6.348788006680007e-09,0.9999985694905718,0.9999985758393598,False,1.430509428246296e-06
Qwen/Qwen3-4B-instruct-2507,26,52,0.9999997615814777,2.8453348089834e-08,0.9999997900348259,True,2.3841852225814364e-07
Qwen/Qwen3-4B-instruct-2507,26,53,5.602796437537268e-09,0.9999991655356624,0.9999991711384588,False,8.344643376290151e-07
Qwen/Qwen3-4B-instruct-2507,26,54,7.19411930861867e-09,0.9999982118638471,0.9999982190579664,False,1.7881361529248352e-06
Qwen/Qwen3-4B-instruct-2507,26,55,7.19411930861867e-09,0.9999985694905718,0.999998576684691,False,1.430509428246296e-06
Qwen/Qwen3-4B-instruct-2507,27,1,3.6534682768190175e-08,0.9999970197767496,0.9999970563114323,False,2.980223250403924e-06
Qwen/Qwen3-4B-instruct-2507,27,2,1.955560648898961e-08,0.9999965429424904,0.9999965624980969,False,3.457057509592687e-06
Qwen/Qwen3-4B-instruct-2507,27,3,1.955564378838448e-08,0.9999973774024795,0.9999973969581233,False,2.6225975204852148e-06
Qwen/Qwen3-4B-instruct-2507,27,4,1.18610975280741e-08,0.9999971389852362,0.9999971508463338,False,2.861014763766434e-06
Qwen/Qwen3-4B-instruct-2507,27,5,1.3440384315611926e-08,0.9999985694905718,0.9999985829309561,False,1.430509428246296e-06
Qwen/Qwen3-4B-instruct-2507,27,6,1.0467361864851814e-08,0.9999963045256735,0.9999963149930353,False,3.695474326548265e-06
Qwen/Qwen3-4B-instruct-2507,27,7,1.18610975280741e-08,0.9999985694905718,0.9999985813516693,False,1.430509428246296e-06
Qwen/Qwen3-4B-instruct-2507,27,8,9.237432042950414e-09,0.9999974966112362,0.9999975058486682,False,2.5033887638414853e-06
Qwen/Qwen3-4B-instruct-2507,27,9,8.31525547079287e-07,0.9999965429424904,0.9999973744680375,False,3.457057509592687e-06
Qwen/Qwen3-4B-instruct-2507,27,10,6.348788006680007e-09,0.9999971389852362,0.9999971453340243,False,2.861014763766434e-06
Qwen/Qwen3-4B-instruct-2507,27,11,6.348788006680007e-09,0.9999985694905718,0.9999985758393598,False,1.430509428246296e-06
Qwen/Qwen3-4B-instruct-2507,27,12,4.9444410711567335e-09,0.9999971389852362,0.9999971439296773,False,2.861014763766434e-06
Qwen/Qwen3-4B-instruct-2507,27,13,7.19411930861867e-09,0.9999988079084972,0.9999988151026165,False,1.1920915028440504e-06
Qwen/Qwen3-4B-instruct-2507,27,14,3.850734578067279e-09,0.9999977350285647,0.9999977388792993,False,2.2649714352951378e-06
Qwen/Qwen3-4B-instruct-2507,27,15,6.348788006680007e-09,0.9999979734461775,0.9999979797949655,False,2.026553822531696e-06
Qwen/Qwen3-4B-instruct-2507,27,16,3.850734578067279e-09,0.9999974966112362,0.9999975004619708,False,2.5033887638414853e-06
Qwen/Qwen3-4B-instruct-2507,27,17,5.602785751061334e-09,0.999998927117538,0.9999989327203238,False,1.0728824619832267e-06
Qwen/Qwen3-4B-instruct-2507,27,18,4.9444410711567335e-09,0.9999977350285647,0.9999977399730058,False,2.2649714352951378e-06
Qwen/Qwen3-4B-instruct-2507,27,19,4.9444410711567335e-09,0.999998927117538,0.9999989320619791,False,1.0728824619832267e-06
Qwen/Qwen3-4B-instruct-2507,27,20,4.9444410711567335e-09,0.9999977350285647,0.9999977399730058,False,2.2649714352951378e-06
Qwen/Qwen3-4B-instruct-2507,27,21,4.9444410711567335e-09,0.9999982118638471,0.9999982168082882,False,1.7881361529248352e-06
Qwen/Qwen3-4B-instruct-2507,27,22,4.363453930307876e-09,0.9999979734461775,0.9999979778096314,False,2.026553822531696e-06
Qwen/Qwen3-4B-instruct-2507,27,23,6.348788006680007e-09,0.999998927117538,0.9999989334663261,False,1.0728824619832267e-06
Qwen/Qwen3-4B-instruct-2507,27,24,6.348788006680007e-09,0.9999971389852362,0.9999971453340243,False,2.861014763766434e-06
Qwen/Qwen3-4B-instruct-2507,27,25,4.363453930307876e-09,0.9999982118638471,0.999998216227301,False,1.7881361529248352e-06
Qwen/Qwen3-4B-instruct-2507,27,26,6.348788006680007e-09,0.9999985694905718,0.9999985758393598,False,1.430509428246296e-06
Qwen/Qwen3-4B-instruct-2507,27,27,0.9999994039539004,2.3823673954981372e-07,0.99999964219064,True,5.960460995879657e-07
Qwen/Qwen3-4B-instruct-2507,27,28,9.23739680501087e-09,0.9999945164027223,0.9999945256401191,False,5.483597277700092e-06
Qwen/Qwen3-4B-instruct-2507,27,29,7.19411930861867e-09,0.9999988079084972,0.9999988151026165,False,1.1920915028440504e-06
Qwen/Qwen3-4B-instruct-2507,27,30,8.151989617038353e-09,0.9999952316511552,0.9999952398031449,False,4.768348844774728e-06
Qwen/Qwen3-4B-instruct-2507,27,31,7.19411930861867e-09,0.9999979734461775,0.9999979806402968,False,2.026553822531696e-06
Qwen/Qwen3-4B-instruct-2507,27,32,6.348763788021952e-09,0.9999946356109105,0.9999946419596742,False,5.364389089490551e-06
Qwen/Qwen3-4B-instruct-2507,27,33,8.151989617038353e-09,0.9999966621509202,0.9999966703029098,False,3.337849079798616e-06
Qwen/Qwen3-4B-instruct-2507,27,34,8.151989617038353e-09,0.9999966621509202,0.9999966703029098,False,3.337849079798616e-06
Qwen/Qwen3-4B-instruct-2507,27,35,7.19411930861867e-09,0.9999977350285647,0.999997742222684,False,2.2649714352951378e-06
Qwen/Qwen3-4B-instruct-2507,27,36,1.5229863549631703e-08,0.9999920130413283,0.9999920282711919,False,7.98695867165744e-06
Qwen/Qwen3-4B-instruct-2507,27,37,8.152005165739432e-09,0.9999979734461775,0.9999979815981827,False,2.026553822531696e-06
Qwen/Qwen3-4B-instruct-2507,27,38,9.23741442396384e-09,0.9999952316511552,0.9999952408885696,False,4.768348844774728e-06
Qwen/Qwen3-4B-instruct-2507,27,39,8.151989617038353e-09,0.9999958276922101,0.9999958358441997,False,4.172307789929164e-06
Qwen/Qwen3-4B-instruct-2507,27,40,4.94443164039281e-09,0.9999966621509202,0.9999966670953518,False,3.337849079798616e-06
Qwen/Qwen3-4B-instruct-2507,27,41,6.348788006680007e-09,0.9999988079084972,0.9999988142572852,False,1.1920915028440504e-06
Qwen/Qwen3-4B-instruct-2507,27,42,1.0467361864851814e-08,0.9999958276922101,0.9999958381595719,False,4.172307789929164e-06
Qwen/Qwen3-4B-instruct-2507,27,43,8.152005165739432e-09,0.9999982118638471,0.9999982200158523,False,1.7881361529248352e-06
Qwen/Qwen3-4B-instruct-2507,27,44,6.348775897339431e-09,0.9999966621509202,0.9999966684996962,False,3.337849079798616e-06
Qwen/Qwen3-4B-instruct-2507,27,45,1.5229892598318825e-08,0.9999945164027223,0.9999945316326149,False,5.483597277700092e-06
Qwen/Qwen3-4B-instruct-2507,27,46,6.348788006680007e-09,0.9999971389852362,0.9999971453340243,False,2.861014763766434e-06
Qwen/Qwen3-4B-instruct-2507,27,47,9.237432042950414e-09,0.9999977350285647,0.9999977442659967,False,2.2649714352951378e-06
Qwen/Qwen3-4B-instruct-2507,27,48,1.725769632168401e-08,0.9999920130413283,0.9999920302990246,False,7.98695867165744e-06
Qwen/Qwen3-4B-instruct-2507,27,49,5.602785751061334e-09,0.9999977350285647,0.9999977406313505,False,2.2649714352951378e-06
Qwen/Qwen3-4B-instruct-2507,27,50,5.602775064605783e-09,0.9999966621509202,0.9999966677536952,False,3.337849079798616e-06
Qwen/Qwen3-4B-instruct-2507,27,51,1.0467361864851814e-08,0.9999958276922101,0.9999958381595719,False,4.172307789929164e-06
Qwen/Qwen3-4B-instruct-2507,27,52,7.194105586938129e-09,0.9999958276922101,0.9999958348863156,False,4.172307789929164e-06
Qwen/Qwen3-4B-instruct-2507,27,53,7.19411930861867e-09,0.9999984502816872,0.9999984574758065,False,1.5497183127877179e-06
Qwen/Qwen3-4B-instruct-2507,27,54,0.9999996423722521,3.2241867372567335e-08,0.9999996746141195,True,3.5762774786007867e-07
Qwen/Qwen3-4B-instruct-2507,27,55,6.348788006680007e-09,0.9999977350285647,0.9999977413773528,False,2.2649714352951378e-06
Qwen/Qwen3-4B-instruct-2507,28,1,1.7257762154696544e-08,0.9999963045256735,0.9999963217834356,False,3.695474326548265e-06
Qwen/Qwen3-4B-instruct-2507,28,2,1.5229892598318825e-08,0.9999936819476216,0.9999936971775142,False,6.318052378384564e-06
Qwen/Qwen3-4B-instruct-2507,28,3,1.0467381829779195e-08,0.9999982118638471,0.9999982223312289,False,1.7881361529248352e-06
Qwen/Qwen3-4B-instruct-2507,28,4,1.344033304471242e-08,0.9999936819476216,0.9999936953879547,False,6.318052378384564e-06
Qwen/Qwen3-4B-instruct-2507,28,5,9.237432042950414e-09,0.9999979734461775,0.9999979826836095,False,2.026553822531696e-06
Qwen/Qwen3-4B-instruct-2507,28,6,5.602785751061334e-09,0.9999971389852362,0.999997144588022,False,2.861014763766434e-06
Qwen/Qwen3-4B-instruct-2507,28,7,7.19411930861867e-09,0.9999979734461775,0.9999979806402968,False,2.026553822531696e-06
Qwen/Qwen3-4B-instruct-2507,28,8,4.1398982374506896e-08,0.9999909401759619,0.9999909815749443,False,9.059824038093467e-06
Qwen/Qwen3-4B-instruct-2507,28,9,7.19411930861867e-09,0.999998927117538,0.9999989343116573,False,1.0728824619832267e-06
Qwen/Qwen3-4B-instruct-2507,28,10,4.363445607687925e-09,0.9999966621509202,0.9999966665143658,False,3.337849079798616e-06
Qwen/Qwen3-4B-instruct-2507,28,11,6.348788006680007e-09,0.9999977350285647,0.9999977413773528,False,2.2649714352951378e-06
Qwen/Qwen3-4B-instruct-2507,28,12,4.363445607687925e-09,0.9999966621509202,0.9999966665143658,False,3.337849079798616e-06
Qwen/Qwen3-4B-instruct-2507,28,13,5.602785751061334e-09,0.9999984502816872,0.999998455884473,False,1.5497183127877179e-06
Qwen/Qwen3-4B-instruct-2507,28,14,7.194105586938129e-09,0.9999965429424904,0.9999965501365959,False,3.457057509592687e-06
Qwen/Qwen3-4B-instruct-2507,28,15,5.602785751061334e-09,0.9999977350285647,0.9999977406313505,False,2.2649714352951378e-06
Qwen/Qwen3-4B-instruct-2507,28,16,4.944422209646875e-09,0.9999936819476216,0.9999936868920438,False,6.318052378384564e-06
Qwen/Qwen3-4B-instruct-2507,28,17,5.602785751061334e-09,0.9999984502816872,0.999998455884473,False,1.5497183127877179e-06
Qwen/Qwen3-4B-instruct-2507,28,18,4.363453930307876e-09,0.9999971389852362,0.9999971433486902,False,2.861014763766434e-06
Qwen/Qwen3-4B-instruct-2507,28,19,4.9444410711567335e-09,0.9999985694905718,0.9999985744350128,False,1.430509428246296e-06
Qwen/Qwen3-4B-instruct-2507,28,20,6.348775897339431e-09,0.9999963045256735,0.9999963108744494,False,3.695474326548265e-06
Qwen/Qwen3-4B-instruct-2507,28,21,5.602785751061334e-09,0.9999980926550052,0.999998098257791,False,1.907344994833693e-06
Qwen/Qwen3-4B-instruct-2507,28,22,7.194105586938129e-09,0.9999966621509202,0.9999966693450257,False,3.337849079798616e-06
Qwen/Qwen3-4B-instruct-2507,28,23,8.152005165739432e-09,0.9999985694905718,0.9999985776425769,False,1.430509428246296e-06
Qwen/Qwen3-4B-instruct-2507,28,24,7.194105586938129e-09,0.9999961853172863,0.9999961925113918,False,3.8146827137097716e-06
Qwen/Qwen3-4B-instruct-2507,28,25,5.602785751061334e-09,0.9999971389852362,0.999997144588022,False,2.861014763766434e-06
Qwen/Qwen3-4B-instruct-2507,28,26,7.194105586938129e-09,0.9999961853172863,0.9999961925113918,False,3.8146827137097716e-06
Qwen/Qwen3-4B-instruct-2507,28,27,9.237432042950414e-09,0.9999980926550052,0.9999981018924372,False,1.907344994833693e-06
Qwen/Qwen3-4B-instruct-2507,28,28,0.999998927117538,3.9278597995802437e-07,0.999999319903518,True,1.0728824619832267e-06
Qwen/Qwen3-4B-instruct-2507,28,29,1.1861074904847522e-08,0.9999970197767496,0.9999970316378245,False,2.980223250403924e-06
Qwen/Qwen3-4B-instruct-2507,28,30,8.151958519725165e-09,0.9999920130413283,0.9999920211932869,False,7.98695867165744e-06
Qwen/Qwen3-4B-instruct-2507,28,31,7.19411930861867e-09,0.9999974966112362,0.9999975038053555,False,2.5033887638414853e-06
Qwen/Qwen3-4B-instruct-2507,28,32,5.3157142815080565e-08,0.9999868871505255,0.9999869403076683,False,1.3112849474472554e-05
Qwen/Qwen3-4B-instruct-2507,28,33,6.348788006680007e-09,0.9999971389852362,0.9999971453340243,False,2.861014763766434e-06
Qwen/Qwen3-4B-instruct-2507,28,34,1.1861052281664094e-08,0.9999936819476216,0.9999936938086739,False,6.318052378384564e-06
Qwen/Qwen3-4B-instruct-2507,28,35,6.348763788021952e-09,0.999995112442896,0.9999951187916597,False,4.887557104038542e-06
Qwen/Qwen3-4B-instruct-2507,28,36,1.046732193511129e-08,0.9999929667012066,0.9999929771685285,False,7.033298793368559e-06
Qwen/Qwen3-4B-instruct-2507,28,37,7.19411930861867e-09,0.9999974966112362,0.9999975038053555,False,2.5033887638414853e-06
Qwen/Qwen3-4B-instruct-2507,28,38,1.1861029658523816e-08,0.9999920130413283,0.9999920249023581,False,7.98695867165744e-06
Qwen/Qwen3-4B-instruct-2507,28,39,7.194105586938129e-09,0.9999958276922101,0.9999958348863156,False,4.172307789929164e-06
Qwen/Qwen3-4B-instruct-2507,28,40,2.8452859659935034e-08,0.9999831917733143,0.9999832202261739,False,1.680822668570503e-05
Qwen/Qwen3-4B-instruct-2507,28,41,8.152005165739432e-09,0.9999979734461775,0.9999979815981827,False,2.026553822531696e-06
Qwen/Qwen3-4B-instruct-2507,28,42,1.1253324294153494e-07,0.9999830725678546,0.9999831851010975,False,1.6927432145430465e-05
Qwen/Qwen3-4B-instruct-2507,28,43,8.152005165739432e-09,0.9999979734461775,0.9999979815981827,False,2.026553822531696e-06
Qwen/Qwen3-4B-instruct-2507,28,44,1.3440281774008495e-08,0.9999897481064004,0.9999897615466822,False,1.0251893599599882e-05
Qwen/Qwen3-4B-instruct-2507,28,45,9.23741442396384e-09,0.9999961853172863,0.9999961945547007,False,3.8146827137097716e-06
Qwen/Qwen3-4B-instruct-2507,28,46,1.3440307409336009e-08,0.9999920130413283,0.9999920264816358,False,7.98695867165744e-06
Qwen/Qwen3-4B-instruct-2507,28,47,9.237432042950414e-09,0.9999974966112362,0.9999975058486682,False,2.5033887638414853e-06
Qwen/Qwen3-4B-instruct-2507,28,48,1.955549459123185e-08,0.9999897481064004,0.999989767661895,False,1.0251893599599882e-05
Qwen/Qwen3-4B-instruct-2507,28,49,6.348763788021952e-09,0.9999938011552557,0.9999938075040194,False,6.198844744287335e-06
Qwen/Qwen3-4B-instruct-2507,28,50,1.046734189996251e-08,0.9999936819476216,0.9999936924149635,False,6.318052378384564e-06
Qwen/Qwen3-4B-instruct-2507,28,51,9.23741442396384e-09,0.9999952316511552,0.9999952408885696,False,4.768348844774728e-06
Qwen/Qwen3-4B-instruct-2507,28,52,4.1398508603463244e-08,0.9999784235841962,0.9999784649827048,False,2.1576415803803428e-05
Qwen/Qwen3-4B-instruct-2507,28,53,8.152005165739432e-09,0.9999977350285647,0.9999977431805699,False,2.2649714352951378e-06
Qwen/Qwen3-4B-instruct-2507,28,54,1.046734189996251e-08,0.9999936819476216,0.9999936924149635,False,6.318052378384564e-06
Qwen/Qwen3-4B-instruct-2507,28,55,7.194105586938129e-09,0.9999963045256735,0.999996311719779,False,3.695474326548265e-06
Qwen/Qwen3-4B-instruct-2507,29,1,5.3157548373442334e-08,0.999995112442896,0.9999951656004443,False,4.887557104038542e-06
Qwen/Qwen3-4B-instruct-2507,29,2,1.7257762154696544e-08,0.9999958276922101,0.9999958449499722,False,4.172307789929164e-06
Qwen/Qwen3-4B-instruct-2507,29,3,1.7257795071296986e-08,0.9999984502816872,0.9999984675394823,False,1.5497183127877179e-06
Qwen/Qwen3-4B-instruct-2507,29,4,1.7257762154696544e-08,0.9999963045256735,0.9999963217834356,False,3.695474326548265e-06
Qwen/Qwen3-4B-instruct-2507,29,5,1.7257795071296986e-08,0.9999979734461775,0.9999979907039726,False,2.026553822531696e-06
Qwen/Qwen3-4B-instruct-2507,29,6,9.237432042950414e-09,0.9999977350285647,0.9999977442659967,False,2.2649714352951378e-06
Qwen/Qwen3-4B-instruct-2507,29,7,1.0467381829779195e-08,0.9999985694905718,0.9999985799579536,False,1.430509428246296e-06
Qwen/Qwen3-4B-instruct-2507,29,8,8.151989617038353e-09,0.9999963045256735,0.9999963126776631,False,3.695474326548265e-06
Qwen/Qwen3-4B-instruct-2507,29,9,1.0467381829779195e-08,0.9999984502816872,0.9999984607490691,False,1.5497183127877179e-06
Qwen/Qwen3-4B-instruct-2507,29,10,4.9444410711567335e-09,0.9999971389852362,0.9999971439296773,False,2.861014763766434e-06
Qwen/Qwen3-4B-instruct-2507,29,11,7.19411930861867e-09,0.9999974966112362,0.9999975038053555,False,2.5033887638414853e-06
Qwen/Qwen3-4B-instruct-2507,29,12,4.9444410711567335e-09,0.9999971389852362,0.9999971439296773,False,2.861014763766434e-06
Qwen/Qwen3-4B-instruct-2507,29,13,6.348788006680007e-09,0.9999982118638471,0.9999982182126351,False,1.7881361529248352e-06
Qwen/Qwen3-4B-instruct-2507,29,14,3.398261337819773e-09,0.9999974966112362,0.9999975000094975,False,2.5033887638414853e-06
Qwen/Qwen3-4B-instruct-2507,29,15,4.9444410711567335e-09,0.9999985694905718,0.9999985744350128,False,1.430509428246296e-06
Qwen/Qwen3-4B-instruct-2507,29,16,3.850727233380951e-09,0.9999966621509202,0.9999966660016474,False,3.337849079798616e-06
Qwen/Qwen3-4B-instruct-2507,29,17,4.9444410711567335e-09,0.9999982118638471,0.9999982168082882,False,1.7881361529248352e-06
Qwen/Qwen3-4B-instruct-2507,29,18,3.850734578067279e-09,0.9999977350285647,0.9999977388792993,False,2.2649714352951378e-06
Qwen/Qwen3-4B-instruct-2507,29,19,5.602785751061334e-09,0.9999979734461775,0.9999979790489633,False,2.026553822531696e-06
Qwen/Qwen3-4B-instruct-2507,29,20,6.348775897339431e-09,0.9999958276922101,0.999995834040986,False,4.172307789929164e-06
Qwen/Qwen3-4B-instruct-2507,29,21,5.602785751061334e-09,0.9999979734461775,0.9999979790489633,False,2.026553822531696e-06
Qwen/Qwen3-4B-instruct-2507,29,22,4.9444410711567335e-09,0.9999974966112362,0.9999975015556772,False,2.5033887638414853e-06
Qwen/Qwen3-4B-instruct-2507,29,23,1.18610975280741e-08,0.9999977350285647,0.9999977468896623,False,2.2649714352951378e-06
Qwen/Qwen3-4B-instruct-2507,29,24,5.602775064605783e-09,0.9999958276922101,0.9999958332949851,False,4.172307789929164e-06
Qwen/Qwen3-4B-instruct-2507,29,25,4.9444410711567335e-09,0.9999982118638471,0.9999982168082882,False,1.7881361529248352e-06
Qwen/Qwen3-4B-instruct-2507,29,26,4.363453930307876e-09,0.9999971389852362,0.9999971433486902,False,2.861014763766434e-06
Qwen/Qwen3-4B-instruct-2507,29,27,8.151989617038353e-09,0.9999966621509202,0.9999966703029098,False,3.337849079798616e-06
Qwen/Qwen3-4B-instruct-2507,29,28,1.0467381829779195e-08,0.9999973774024795,0.9999973878698614,False,2.6225975204852148e-06
Qwen/Qwen3-4B-instruct-2507,29,29,0.9999992847447459,3.059020287707785e-07,0.9999995906467747,True,7.152552541356272e-07
Qwen/Qwen3-4B-instruct-2507,29,30,5.04340928845068e-07,0.9999862911193472,0.999986795460276,False,1.3708880652774091e-05
Qwen/Qwen3-4B-instruct-2507,29,31,1.7257762154696544e-08,0.9999963045256735,0.9999963217834356,False,3.695474326548265e-06
Qwen/Qwen3-4B-instruct-2507,29,32,1.046734189996251e-08,0.9999946356109105,0.9999946460782524,False,5.364389089490551e-06
Qwen/Qwen3-4B-instruct-2507,29,33,1.1861074904847522e-08,0.9999958276922101,0.999995839553285,False,4.172307789929164e-06
Qwen/Qwen3-4B-instruct-2507,29,34,1.1861074904847522e-08,0.9999958276922101,0.999995839553285,False,4.172307789929164e-06
Qwen/Qwen3-4B-instruct-2507,29,35,7.194105586938129e-09,0.9999966621509202,0.9999966693450257,False,3.337849079798616e-06
Qwen/Qwen3-4B-instruct-2507,29,36,9.23739680501087e-09,0.9999938011552557,0.9999938103926526,False,6.198844744287335e-06
Qwen/Qwen3-4B-instruct-2507,29,37,4.6911192836213296e-08,0.9999896288992495,0.9999896758104423,False,1.037110075052805e-05
Qwen/Qwen3-4B-instruct-2507,29,38,0.00012338897422615555,0.9998309898012309,0.999954378775457,False,0.00016901019876913725
Qwen/Qwen3-4B-instruct-2507,29,39,1.3440358680137724e-08,0.9999958276922101,0.9999958411325688,False,4.172307789929164e-06
Qwen/Qwen3-4B-instruct-2507,29,40,2.2159320710520812e-08,0.9999920130413283,0.999992035200649,False,7.98695867165744e-06
Qwen/Qwen3-4B-instruct-2507,29,41,1.5229921647061352e-08,0.9999963045256735,0.9999963197555951,False,3.695474326548265e-06
Qwen/Qwen3-4B-instruct-2507,29,42,1.5229892598318825e-08,0.999994397195003,0.9999944124248956,False,5.602804996951427e-06
Qwen/Qwen3-4B-instruct-2507,29,43,2.510984787732669e-08,0.999994397195003,0.9999944223048509,False,5.602804996951427e-06
Qwen/Qwen3-4B-instruct-2507,29,44,9.23739680501087e-09,0.999994397195003,0.9999944064323999,False,5.602804996951427e-06
Qwen/Qwen3-4B-instruct-2507,29,45,5.602785751061334e-09,0.9999974966112362,0.999997502214022,False,2.5033887638414853e-06
Qwen/Qwen3-4B-instruct-2507,29,46,1.670082477415068e-05,0.9999476698590368,0.9999643706838109,False,5.23301409631749e-05
Qwen/Qwen3-4B-instruct-2507,29,47,1.4449637097172858e-07,0.9999881984200047,0.9999883429163757,False,1.1801579995251998e-05
Qwen/Qwen3-4B-instruct-2507,29,48,1.1861052281664094e-08,0.9999938011552557,0.999993813016308,False,6.198844744287335e-06
Qwen/Qwen3-4B-instruct-2507,29,49,1.0467361864851814e-08,0.9999952316511552,0.9999952421185171,False,4.768348844774728e-06
Qwen/Qwen3-4B-instruct-2507,29,50,1.5229892598318825e-08,0.999994397195003,0.9999944124248956,False,5.602804996951427e-06
Qwen/Qwen3-4B-instruct-2507,29,51,1.1861074904847522e-08,0.9999963045256735,0.9999963163867484,False,3.695474326548265e-06
Qwen/Qwen3-4B-instruct-2507,29,52,1.5229892598318825e-08,0.9999935627400018,0.9999935779698944,False,6.4372599981599166e-06
Qwen/Qwen3-4B-instruct-2507,29,53,2.8453185278936072e-08,0.9999949932351057,0.9999950216882909,False,5.006764894344151e-06
Qwen/Qwen3-4B-instruct-2507,29,54,6.348775897339431e-09,0.9999963045256735,0.9999963108744494,False,3.695474326548265e-06
Qwen/Qwen3-4B-instruct-2507,29,55,8.151989617038353e-09,0.9999958276922101,0.9999958358441997,False,4.172307789929164e-06
Qwen/Qwen3-4B-instruct-2507,30,1,1.7257762154696544e-08,0.9999963045256735,0.9999963217834356,False,3.695474326548265e-06
Qwen/Qwen3-4B-instruct-2507,30,2,1.1861074904847522e-08,0.9999970197767496,0.9999970316378245,False,2.980223250403924e-06
Qwen/Qwen3-4B-instruct-2507,30,3,1.5229950695859287e-08,0.9999982118638471,0.9999982270937978,False,1.7881361529248352e-06
Qwen/Qwen3-4B-instruct-2507,30,4,9.237432042950414e-09,0.9999977350285647,0.9999977442659967,False,2.2649714352951378e-06
Qwen/Qwen3-4B-instruct-2507,30,5,9.237432042950414e-09,0.9999984502816872,0.9999984595191193,False,1.5497183127877179e-06
Qwen/Qwen3-4B-instruct-2507,30,6,1.955556918966588e-08,0.999995112442896,0.9999951319984651,False,4.887557104038542e-06
Qwen/Qwen3-4B-instruct-2507,30,7,9.237432042950414e-09,0.9999988079084972,0.9999988171459292,False,1.1920915028440504e-06
Qwen/Qwen3-4B-instruct-2507,30,8,8.152005165739432e-09,0.9999977350285647,0.9999977431805699,False,2.2649714352951378e-06
Qwen/Qwen3-4B-instruct-2507,30,9,1.18610975280741e-08,0.9999977350285647,0.9999977468896623,False,2.2649714352951378e-06
Qwen/Qwen3-4B-instruct-2507,30,10,7.194091865283758e-09,0.9999945164027223,0.9999945235968142,False,5.483597277700092e-06
Qwen/Qwen3-4B-instruct-2507,30,11,6.348788006680007e-09,0.9999982118638471,0.9999982182126351,False,1.7881361529248352e-06
Qwen/Qwen3-4B-instruct-2507,30,12,7.194105586938129e-09,0.9999963045256735,0.999996311719779,False,3.695474326548265e-06
Qwen/Qwen3-4B-instruct-2507,30,13,6.348788006680007e-09,0.9999988079084972,0.9999988142572852,False,1.1920915028440504e-06
Qwen/Qwen3-4B-instruct-2507,30,14,4.9444410711567335e-09,0.9999979734461775,0.9999979783906185,False,2.026553822531696e-06
Qwen/Qwen3-4B-instruct-2507,30,15,6.348788006680007e-09,0.9999973774024795,0.9999973837512676,False,2.6225975204852148e-06
Qwen/Qwen3-4B-instruct-2507,30,16,4.9444410711567335e-09,0.9999974966112362,0.9999975015556772,False,2.5033887638414853e-06
Qwen/Qwen3-4B-instruct-2507,30,17,4.944450501938644e-09,0.9999990463265931,0.9999990512710436,False,9.536734069115482e-07
Qwen/Qwen3-4B-instruct-2507,30,18,7.194105586938129e-09,0.9999965429424904,0.9999965501365959,False,3.457057509592687e-06
Qwen/Qwen3-4B-instruct-2507,30,19,5.602785751061334e-09,0.999998927117538,0.9999989327203238,False,1.0728824619832267e-06
Qwen/Qwen3-4B-instruct-2507,30,20,7.194091865283758e-09,0.9999945164027223,0.9999945235968142,False,5.483597277700092e-06
Qwen/Qwen3-4B-instruct-2507,30,21,8.151989617038353e-09,0.9999970197767496,0.9999970279287392,False,2.980223250403924e-06
Qwen/Qwen3-4B-instruct-2507,30,22,6.348788006680007e-09,0.9999974966112362,0.9999975029600242,False,2.5033887638414853e-06
Qwen/Qwen3-4B-instruct-2507,30,23,9.237432042950414e-09,0.9999980926550052,0.9999981018924372,False,1.907344994833693e-06
Qwen/Qwen3-4B-instruct-2507,30,24,6.348788006680007e-09,0.9999971389852362,0.9999971453340243,False,2.861014763766434e-06
Qwen/Qwen3-4B-instruct-2507,30,25,6.348788006680007e-09,0.9999974966112362,0.9999975029600242,False,2.5033887638414853e-06
Qwen/Qwen3-4B-instruct-2507,30,26,5.602775064605783e-09,0.9999970197767496,0.9999970253795246,False,2.980223250403924e-06
Qwen/Qwen3-4B-instruct-2507,30,27,7.194105586938129e-09,0.9999966621509202,0.9999966693450257,False,3.337849079798616e-06
Qwen/Qwen3-4B-instruct-2507,30,28,7.194105586938129e-09,0.9999961853172863,0.9999961925113918,False,3.8146827137097716e-06
Qwen/Qwen3-4B-instruct-2507,30,29,9.237432042950414e-09,0.9999984502816872,0.9999984595191193,False,1.5497183127877179e-06
Qwen/Qwen3-4B-instruct-2507,30,30,0.9999992847447459,3.059020287707785e-07,0.9999995906467747,True,7.152552541356272e-07
Qwen/Qwen3-4B-instruct-2507,30,31,1.18610975280741e-08,0.9999971389852362,0.9999971508463338,False,2.861014763766434e-06
Qwen/Qwen3-4B-instruct-2507,30,32,9.23739680501087e-09,0.999995112442896,0.9999951216802928,False,4.887557104038542e-06
Qwen/Qwen3-4B-instruct-2507,30,33,1.5229921647061352e-08,0.9999963045256735,0.9999963197555951,False,3.695474326548265e-06
Qwen/Qwen3-4B-instruct-2507,30,34,1.1861074904847522e-08,0.9999966621509202,0.9999966740119951,False,3.337849079798616e-06
Qwen/Qwen3-4B-instruct-2507,30,35,1.046734189996251e-08,0.9999945164027223,0.9999945268700642,False,5.483597277700092e-06
Qwen/Qwen3-4B-instruct-2507,30,36,6.825525263950225e-08,0.9999884368330701,0.9999885050883228,False,1.1563166929851043e-05
Qwen/Qwen3-4B-instruct-2507,30,37,9.237432042950414e-09,0.9999982118638471,0.9999982211012791,False,1.7881361529248352e-06
Qwen/Qwen3-4B-instruct-2507,30,38,8.151989617038353e-09,0.9999958276922101,0.9999958358441997,False,4.172307789929164e-06
Qwen/Qwen3-4B-instruct-2507,30,39,2.5109799984138346e-08,0.9999929667012066,0.9999929918110066,False,7.033298793368559e-06
Qwen/Qwen3-4B-instruct-2507,30,40,2.2159193914233397e-08,0.9999868871505255,0.9999869093097195,False,1.3112849474472554e-05
Qwen/Qwen3-4B-instruct-2507,30,41,9.237432042950414e-09,0.9999979734461775,0.9999979826836095,False,2.026553822531696e-06
Qwen/Qwen3-4B-instruct-2507,30,42,3.653433434796543e-08,0.9999868871505255,0.9999869236848599,False,1.3112849474472554e-05
Qwen/Qwen3-4B-instruct-2507,30,43,1.18610975280741e-08,0.9999974966112362,0.9999975084723337,False,2.5033887638414853e-06
Qwen/Qwen3-4B-instruct-2507,30,44,8.151989617038353e-09,0.9999963045256735,0.9999963126776631,False,3.695474326548265e-06
Qwen/Qwen3-4B-instruct-2507,30,45,3.466291049631013e-07,0.9999893904859,0.9999897371150049,False,1.0609514100035078e-05
Qwen/Qwen3-4B-instruct-2507,30,46,9.23741442396384e-09,0.9999958276922101,0.9999958369296245,False,4.172307789929164e-06
Qwen/Qwen3-4B-instruct-2507,30,47,8.152005165739432e-09,0.9999985694905718,0.9999985776425769,False,1.430509428246296e-06
Qwen/Qwen3-4B-instruct-2507,30,48,1.344033304471242e-08,0.9999945164027223,0.9999945298430554,False,5.483597277700092e-06
Qwen/Qwen3-4B-instruct-2507,30,49,7.19411930861867e-09,0.9999977350285647,0.999997742222684,False,2.2649714352951378e-06
Qwen/Qwen3-4B-instruct-2507,30,50,1.1861029658523816e-08,0.9999920130413283,0.9999920249023581,False,7.98695867165744e-06
Qwen/Qwen3-4B-instruct-2507,30,51,1.5229921647061352e-08,0.9999958276922101,0.9999958429221317,False,4.172307789929164e-06
Qwen/Qwen3-4B-instruct-2507,30,52,1.344033304471242e-08,0.9999936819476216,0.9999936953879547,False,6.318052378384564e-06
Qwen/Qwen3-4B-instruct-2507,30,53,1.0467381829779195e-08,0.9999974966112362,0.999997507078618,False,2.5033887638414853e-06
Qwen/Qwen3-4B-instruct-2507,30,54,5.3157142815080565e-08,0.9999868871505255,0.9999869403076683,False,1.3112849474472554e-05
Qwen/Qwen3-4B-instruct-2507,30,55,1.5229863549631703e-08,0.9999920130413283,0.9999920282711919,False,7.98695867165744e-06
Qwen/Qwen3-4B-instruct-2507,31,1,7.734377650551034e-08,0.999995112442896,0.9999951897866725,False,4.887557104038542e-06
Qwen/Qwen3-4B-instruct-2507,31,2,2.5109895770606383e-08,0.9999961853172863,0.999996210427182,False,3.8146827137097716e-06
Qwen/Qwen3-4B-instruct-2507,31,3,6.023539370819118e-08,0.9999945164027223,0.999994576638116,False,5.483597277700092e-06
Qwen/Qwen3-4B-instruct-2507,31,4,2.510984787732669e-08,0.999995112442896,0.9999951375527438,False,4.887557104038542e-06
Qwen/Qwen3-4B-instruct-2507,31,5,2.845329381943118e-08,0.9999971389852362,0.9999971674385301,False,2.861014763766434e-06
Qwen/Qwen3-4B-instruct-2507,31,6,1.344033304471242e-08,0.9999946356109105,0.9999946490512436,False,5.364389089490551e-06
Qwen/Qwen3-4B-instruct-2507,31,7,1.5229950695859287e-08,0.9999979734461775,0.9999979886761282,False,2.026553822531696e-06
Qwen/Qwen3-4B-instruct-2507,31,8,1.3440358680137724e-08,0.9999963045256735,0.9999963179660322,False,3.695474326548265e-06
Qwen/Qwen3-4B-instruct-2507,31,9,1.3440384315611926e-08,0.9999977350285647,0.9999977484689491,False,2.2649714352951378e-06
Qwen/Qwen3-4B-instruct-2507,31,10,6.348775897339431e-09,0.9999966621509202,0.9999966684996962,False,3.337849079798616e-06
Qwen/Qwen3-4B-instruct-2507,31,11,7.19411930861867e-09,0.9999974966112362,0.9999975038053555,False,2.5033887638414853e-06
Qwen/Qwen3-4B-instruct-2507,31,12,8.151989617038353e-09,0.9999952316511552,0.9999952398031449,False,4.768348844774728e-06
Qwen/Qwen3-4B-instruct-2507,31,13,1.0467381829779195e-08,0.9999974966112362,0.999997507078618,False,2.5033887638414853e-06
Qwen/Qwen3-4B-instruct-2507,31,14,5.602785751061334e-09,0.9999977350285647,0.9999977406313505,False,2.2649714352951378e-06
Qwen/Qwen3-4B-instruct-2507,31,15,7.19411930861867e-09,0.9999971389852362,0.9999971461793555,False,2.861014763766434e-06
Qwen/Qwen3-4B-instruct-2507,31,16,5.602775064605783e-09,0.9999963045256735,0.9999963101284485,False,3.695474326548265e-06
Qwen/Qwen3-4B-instruct-2507,31,17,8.152005165739432e-09,0.9999984502816872,0.9999984584336924,False,1.5497183127877179e-06
Qwen/Qwen3-4B-instruct-2507,31,18,6.348788006680007e-09,0.9999971389852362,0.9999971453340243,False,2.861014763766434e-06
Qwen/Qwen3-4B-instruct-2507,31,19,8.152005165739432e-09,0.9999977350285647,0.9999977431805699,False,2.2649714352951378e-06
Qwen/Qwen3-4B-instruct-2507,31,20,6.348775897339431e-09,0.9999963045256735,0.9999963108744494,False,3.695474326548265e-06
Qwen/Qwen3-4B-instruct-2507,31,21,9.23741442396384e-09,0.9999961853172863,0.9999961945547007,False,3.8146827137097716e-06
Qwen/Qwen3-4B-instruct-2507,31,22,7.194105586938129e-09,0.9999966621509202,0.9999966693450257,False,3.337849079798616e-06
Qwen/Qwen3-4B-instruct-2507,31,23,1.0467381829779195e-08,0.9999971389852362,0.9999971494526181,False,2.861014763766434e-06
Qwen/Qwen3-4B-instruct-2507,31,24,7.194105586938129e-09,0.9999952316511552,0.9999952388452608,False,4.768348844774728e-06
Qwen/Qwen3-4B-instruct-2507,31,25,7.194105586938129e-09,0.9999966621509202,0.9999966693450257,False,3.337849079798616e-06
Qwen/Qwen3-4B-instruct-2507,31,26,7.194105586938129e-09,0.9999958276922101,0.9999958348863156,False,4.172307789929164e-06
Qwen/Qwen3-4B-instruct-2507,31,27,7.194105586938129e-09,0.9999952316511552,0.9999952388452608,False,4.768348844774728e-06
Qwen/Qwen3-4B-instruct-2507,31,28,6.348775897339431e-09,0.9999963045256735,0.9999963108744494,False,3.695474326548265e-06
Qwen/Qwen3-4B-instruct-2507,31,29,9.237432042950414e-09,0.9999985694905718,0.9999985787280038,False,1.430509428246296e-06
Qwen/Qwen3-4B-instruct-2507,31,30,3.6534682768190175e-08,0.9999957084838798,0.9999957450185625,False,4.291516120247252e-06
Qwen/Qwen3-4B-instruct-2507,31,31,0.9999990463265931,3.9278597995802437e-07,0.999999439112573,True,9.536734069115482e-07
Qwen/Qwen3-4B-instruct-2507,31,32,2.8452859659935034e-08,0.9999831917733143,0.9999832202261739,False,1.680822668570503e-05
Qwen/Qwen3-4B-instruct-2507,31,33,6.023481926145117e-08,0.9999849798550975,0.9999850400899167,False,1.5020144902511134e-05
Qwen/Qwen3-4B-instruct-2507,31,34,2.2159320710520812e-08,0.9999920130413283,0.999992035200649,False,7.98695867165744e-06
Qwen/Qwen3-4B-instruct-2507,31,35,1.725769632168401e-08,0.9999920130413283,0.9999920302990246,False,7.98695867165744e-06
Qwen/Qwen3-4B-instruct-2507,31,36,5.3156940037059986e-08,0.9999830725678546,0.9999831257247946,False,1.6927432145430465e-05
Qwen/Qwen3-4B-instruct-2507,31,37,1.725769632168401e-08,0.9999929667012066,0.9999929839589029,False,7.033298793368559e-06
Qwen/Qwen3-4B-instruct-2507,31,38,2.5109704198035704e-08,0.9999883176260755,0.9999883427357797,False,1.168237392445981e-05
Qwen/Qwen3-4B-instruct-2507,31,39,6.475791603152086e-07,0.999974847472739,0.9999754950518993,False,2.515252726098538e-05
Qwen/Qwen3-4B-instruct-2507,31,40,1.344033304471242e-08,0.9999938011552557,0.9999938145955888,False,6.198844744287335e-06
Qwen/Qwen3-4B-instruct-2507,31,41,2.2159320710520812e-08,0.9999928474936721,0.9999928696529928,False,7.152506327878783e-06
Qwen/Qwen3-4B-instruct-2507,31,42,2.2159320710520812e-08,0.9999918938339075,0.9999919159932282,False,8.106166092480827e-06
Qwen/Qwen3-4B-instruct-2507,31,43,4.6911192836213296e-08,0.9999896288992495,0.9999896758104423,False,1.037110075052805e-05
Qwen/Qwen3-4B-instruct-2507,31,44,1.046734189996251e-08,0.9999946356109105,0.9999946460782524,False,5.364389089490551e-06
Qwen/Qwen3-4B-instruct-2507,31,45,2.845302246896975e-08,0.9999883176260755,0.999988346079098,False,1.168237392445981e-05
Qwen/Qwen3-4B-instruct-2507,31,46,2.9021792507931894e-06,0.9999514841747886,0.9999543863540394,False,4.8515825211370434e-05
Qwen/Qwen3-4B-instruct-2507,31,47,4.691101388455558e-08,0.9999867679437158,0.9999868148547296,False,1.3232056284229188e-05
Qwen/Qwen3-4B-instruct-2507,31,48,2.2159193914233397e-08,0.9999867679437158,0.9999867901029097,False,1.3232056284229188e-05
Qwen/Qwen3-4B-instruct-2507,31,49,1.046732193511129e-08,0.9999921322487634,0.9999921427160853,False,7.8677512366232e-06
Qwen/Qwen3-4B-instruct-2507,31,50,1.344033304471242e-08,0.9999946356109105,0.9999946490512436,False,5.364389089490551e-06
Qwen/Qwen3-4B-instruct-2507,31,51,4.1398824450223246e-08,0.9999867679437158,0.9999868093425403,False,1.3232056284229188e-05
Qwen/Qwen3-4B-instruct-2507,31,52,1.7257663405271917e-08,0.9999908209686689,0.9999908382263323,False,9.179031331130183e-06
Qwen/Qwen3-4B-instruct-2507,31,53,2.2159405241782167e-08,0.9999955892755635,0.9999956114349687,False,4.410724436465507e-06
Qwen/Qwen3-4B-instruct-2507,31,54,3.2241375404467544e-08,0.9999849798550975,0.999985012096473,False,1.5020144902511134e-05
Qwen/Qwen3-4B-instruct-2507,31,55,1.1861029658523816e-08,0.9999920130413283,0.9999920249023581,False,7.98695867165744e-06
Qwen/Qwen3-4B-instruct-2507,32,1,4.139921926206193e-08,0.9999961853172863,0.9999962267165056,False,3.8146827137097716e-06
Qwen/Qwen3-4B-instruct-2507,32,2,2.2159320710520812e-08,0.9999921322487634,0.9999921544080841,False,7.8677512366232e-06
Qwen/Qwen3-4B-instruct-2507,32,3,2.2159447507533765e-08,0.9999971389852362,0.9999971611446837,False,2.861014763766434e-06
Qwen/Qwen3-4B-instruct-2507,32,4,1.725769632168401e-08,0.9999921322487634,0.9999921495064596,False,7.8677512366232e-06
Qwen/Qwen3-4B-instruct-2507,32,5,1.5229950695859287e-08,0.9999979734461775,0.9999979886761282,False,2.026553822531696e-06
Qwen/Qwen3-4B-instruct-2507,32,6,1.0467361864851814e-08,0.9999963045256735,0.9999963149930353,False,3.695474326548265e-06
Qwen/Qwen3-4B-instruct-2507,32,7,1.0467381829779195e-08,0.9999982118638471,0.9999982223312289,False,1.7881361529248352e-06
Qwen/Qwen3-4B-instruct-2507,32,8,2.9022622839953758e-06,0.9999802116501774,0.9999831139124613,False,1.9788349822635887e-05
Qwen/Qwen3-4B-instruct-2507,32,9,8.152005165739432e-09,0.9999984502816872,0.9999984584336924,False,1.5497183127877179e-06
Qwen/Qwen3-4B-instruct-2507,32,10,6.348775897339431e-09,0.9999963045256735,0.9999963108744494,False,3.695474326548265e-06
Qwen/Qwen3-4B-instruct-2507,32,11,5.602785751061334e-09,0.9999979734461775,0.9999979790489633,False,2.026553822531696e-06
Qwen/Qwen3-4B-instruct-2507,32,12,5.602775064605783e-09,0.9999966621509202,0.9999966677536952,False,3.337849079798616e-06
Qwen/Qwen3-4B-instruct-2507,32,13,6.348788006680007e-09,0.9999982118638471,0.9999982182126351,False,1.7881361529248352e-06
Qwen/Qwen3-4B-instruct-2507,32,14,6.348775897339431e-09,0.9999966621509202,0.9999966684996962,False,3.337849079798616e-06
Qwen/Qwen3-4B-instruct-2507,32,15,6.348788006680007e-09,0.9999974966112362,0.9999975029600242,False,2.5033887638414853e-06
Qwen/Qwen3-4B-instruct-2507,32,16,7.194105586938129e-09,0.9999952316511552,0.9999952388452608,False,4.768348844774728e-06
Qwen/Qwen3-4B-instruct-2507,32,17,6.348788006680007e-09,0.9999979734461775,0.9999979797949655,False,2.026553822531696e-06
Qwen/Qwen3-4B-instruct-2507,32,18,5.602785751061334e-09,0.9999971389852362,0.999997144588022,False,2.861014763766434e-06
Qwen/Qwen3-4B-instruct-2507,32,19,7.19411930861867e-09,0.9999982118638471,0.9999982190579664,False,1.7881361529248352e-06
Qwen/Qwen3-4B-instruct-2507,32,20,6.348775897339431e-09,0.9999952316511552,0.9999952379999312,False,4.768348844774728e-06
Qwen/Qwen3-4B-instruct-2507,32,21,6.348788006680007e-09,0.9999974966112362,0.9999975029600242,False,2.5033887638414853e-06
Qwen/Qwen3-4B-instruct-2507,32,22,5.602775064605783e-09,0.9999966621509202,0.9999966677536952,False,3.337849079798616e-06
Qwen/Qwen3-4B-instruct-2507,32,23,9.237432042950414e-09,0.9999974966112362,0.9999975058486682,False,2.5033887638414853e-06
Qwen/Qwen3-4B-instruct-2507,32,24,6.348775897339431e-09,0.9999958276922101,0.999995834040986,False,4.172307789929164e-06
Qwen/Qwen3-4B-instruct-2507,32,25,4.94443164039281e-09,0.9999952316511552,0.9999952365955869,False,4.768348844774728e-06
Qwen/Qwen3-4B-instruct-2507,32,26,5.602775064605783e-09,0.9999952316511552,0.9999952372539302,False,4.768348844774728e-06
Qwen/Qwen3-4B-instruct-2507,32,27,5.602785751061334e-09,0.9999971389852362,0.999997144588022,False,2.861014763766434e-06
Qwen/Qwen3-4B-instruct-2507,32,28,4.944422209646875e-09,0.9999938011552557,0.9999938060996779,False,6.198844744287335e-06
Qwen/Qwen3-4B-instruct-2507,32,29,5.602785751061334e-09,0.9999979734461775,0.9999979790489633,False,2.026553822531696e-06
Qwen/Qwen3-4B-instruct-2507,32,30,7.194105586938129e-09,0.9999966621509202,0.9999966693450257,False,3.337849079798616e-06
Qwen/Qwen3-4B-instruct-2507,32,31,1.18610975280741e-08,0.9999984502816872,0.9999984621427848,False,1.5497183127877179e-06
Qwen/Qwen3-4B-instruct-2507,32,32,0.9999990463265931,3.4663241069161144e-07,0.9999993929590038,True,9.536734069115482e-07
Qwen/Qwen3-4B-instruct-2507,32,33,1.3440358680137724e-08,0.9999966621509202,0.9999966755912789,False,3.337849079798616e-06
Qwen/Qwen3-4B-instruct-2507,32,34,1.1861052281664094e-08,0.9999938011552557,0.999993813016308,False,6.198844744287335e-06
Qwen/Qwen3-4B-instruct-2507,32,35,7.19411930861867e-09,0.9999971389852362,0.9999971461793555,False,2.861014763766434e-06
Qwen/Qwen3-4B-instruct-2507,32,36,1.7257663405271917e-08,0.9999897481064004,0.9999897653640638,False,1.0251893599599882e-05
Qwen/Qwen3-4B-instruct-2507,32,37,6.348788006680007e-09,0.9999979734461775,0.9999979797949655,False,2.026553822531696e-06
Qwen/Qwen3-4B-instruct-2507,32,38,1.046732193511129e-08,0.9999921322487634,0.9999921427160853,False,7.8677512366232e-06
Qwen/Qwen3-4B-instruct-2507,32,39,6.348775897339431e-09,0.9999963045256735,0.9999963108744494,False,3.695474326548265e-06
Qwen/Qwen3-4B-instruct-2507,32,40,2.2159109383778193e-08,0.9999831917733143,0.9999832139324237,False,1.680822668570503e-05
Qwen/Qwen3-4B-instruct-2507,32,41,5.602785751061334e-09,0.9999974966112362,0.999997502214022,False,2.5033887638414853e-06
Qwen/Qwen3-4B-instruct-2507,32,42,9.23741442396384e-09,0.9999952316511552,0.9999952408885696,False,4.768348844774728e-06
Qwen/Qwen3-4B-instruct-2507,32,43,7.19411930861867e-09,0.9999977350285647,0.999997742222684,False,2.2649714352951378e-06
Qwen/Qwen3-4B-instruct-2507,32,44,7.194091865283758e-09,0.9999938011552557,0.9999938083493476,False,6.198844744287335e-06
Qwen/Qwen3-4B-instruct-2507,32,45,5.602785751061334e-09,0.9999974966112362,0.999997502214022,False,2.5033887638414853e-06
Qwen/Qwen3-4B-instruct-2507,32,46,7.194091865283758e-09,0.9999938011552557,0.9999938083493476,False,6.198844744287335e-06
Qwen/Qwen3-4B-instruct-2507,32,47,6.348788006680007e-09,0.9999977350285647,0.9999977413773528,False,2.2649714352951378e-06
Qwen/Qwen3-4B-instruct-2507,32,48,3.0589706938554157e-07,0.9999829533624089,0.9999832592594783,False,1.704663759105607e-05
Qwen/Qwen3-4B-instruct-2507,32,49,6.348775897339431e-09,0.9999963045256735,0.9999963108744494,False,3.695474326548265e-06
Qwen/Qwen3-4B-instruct-2507,32,50,7.194091865283758e-09,0.9999938011552557,0.9999938083493476,False,6.198844744287335e-06
Qwen/Qwen3-4B-instruct-2507,32,51,7.194105586938129e-09,0.9999966621509202,0.9999966693450257,False,3.337849079798616e-06
Qwen/Qwen3-4B-instruct-2507,32,52,8.151958519725165e-09,0.9999921322487634,0.9999921404007219,False,7.8677512366232e-06
Qwen/Qwen3-4B-instruct-2507,32,53,6.348788006680007e-09,0.9999977350285647,0.9999977413773528,False,2.2649714352951378e-06
Qwen/Qwen3-4B-instruct-2507,32,54,8.15197406836693e-09,0.9999938011552557,0.9999938093072298,False,6.198844744287335e-06
Qwen/Qwen3-4B-instruct-2507,32,55,5.602775064605783e-09,0.9999966621509202,0.9999966677536952,False,3.337849079798616e-06
Qwen/Qwen3-4B-instruct-2507,33,1,2.8453185278936072e-08,0.999995112442896,0.9999951408960812,False,4.887557104038542e-06
Qwen/Qwen3-4B-instruct-2507,33,2,1.5229892598318825e-08,0.999995112442896,0.9999951276727885,False,4.887557104038542e-06
Qwen/Qwen3-4B-instruct-2507,33,3,1.955560648898961e-08,0.9999961853172863,0.9999962048728928,False,3.8146827137097716e-06
Qwen/Qwen3-4B-instruct-2507,33,4,1.1861074904847522e-08,0.9999966621509202,0.9999966740119951,False,3.337849079798616e-06
Qwen/Qwen3-4B-instruct-2507,33,5,1.5229921647061352e-08,0.9999965429424904,0.9999965581724121,False,3.457057509592687e-06
Qwen/Qwen3-4B-instruct-2507,33,6,1.3440358680137724e-08,0.9999961853172863,0.999996198757645,False,3.8146827137097716e-06
Qwen/Qwen3-4B-instruct-2507,33,7,1.18610975280741e-08,0.9999979734461775,0.999997985307275,False,2.026553822531696e-06
Qwen/Qwen3-4B-instruct-2507,33,8,9.23741442396384e-09,0.9999966621509202,0.9999966713883346,False,3.337849079798616e-06
Qwen/Qwen3-4B-instruct-2507,33,9,1.955560648898961e-08,0.9999970197767496,0.9999970393323561,False,2.980223250403924e-06
Qwen/Qwen3-4B-instruct-2507,33,10,9.23741442396384e-09,0.9999961853172863,0.9999961945547007,False,3.8146827137097716e-06
Qwen/Qwen3-4B-instruct-2507,33,11,1.725769632168401e-08,0.9999920130413283,0.9999920302990246,False,7.98695867165744e-06
Qwen/Qwen3-4B-instruct-2507,33,12,9.23739680501087e-09,0.9999945164027223,0.9999945256401191,False,5.483597277700092e-06
Qwen/Qwen3-4B-instruct-2507,33,13,9.237432042950414e-09,0.9999977350285647,0.9999977442659967,False,2.2649714352951378e-06
Qwen/Qwen3-4B-instruct-2507,33,14,5.602785751061334e-09,0.9999974966112362,0.999997502214022,False,2.5033887638414853e-06
Qwen/Qwen3-4B-instruct-2507,33,15,7.194105586938129e-09,0.9999966621509202,0.9999966693450257,False,3.337849079798616e-06
Qwen/Qwen3-4B-instruct-2507,33,16,8.15197406836693e-09,0.999995112442896,0.9999951205948701,False,4.887557104038542e-06
Qwen/Qwen3-4B-instruct-2507,33,17,6.348788006680007e-09,0.9999982118638471,0.9999982182126351,False,1.7881361529248352e-06
Qwen/Qwen3-4B-instruct-2507,33,18,9.23739680501087e-09,0.9999936819476216,0.9999936911850185,False,6.318052378384564e-06
Qwen/Qwen3-4B-instruct-2507,33,19,8.152005165739432e-09,0.9999974966112362,0.9999975047632413,False,2.5033887638414853e-06
Qwen/Qwen3-4B-instruct-2507,33,20,8.151989617038353e-09,0.9999958276922101,0.9999958358441997,False,4.172307789929164e-06
Qwen/Qwen3-4B-instruct-2507,33,21,9.23741442396384e-09,0.9999961853172863,0.9999961945547007,False,3.8146827137097716e-06
Qwen/Qwen3-4B-instruct-2507,33,22,9.237379186091506e-09,0.9999920130413283,0.9999920222787075,False,7.98695867165744e-06
Qwen/Qwen3-4B-instruct-2507,33,23,8.152005165739432e-09,0.9999979734461775,0.9999979815981827,False,2.026553822531696e-06
Qwen/Qwen3-4B-instruct-2507,33,24,1.046734189996251e-08,0.9999936819476216,0.9999936924149635,False,6.318052378384564e-06
Qwen/Qwen3-4B-instruct-2507,33,25,7.194105586938129e-09,0.9999963045256735,0.999996311719779,False,3.695474326548265e-06
Qwen/Qwen3-4B-instruct-2507,33,26,9.23739680501087e-09,0.9999945164027223,0.9999945256401191,False,5.483597277700092e-06
Qwen/Qwen3-4B-instruct-2507,33,27,1.3440307409336009e-08,0.9999920130413283,0.9999920264816358,False,7.98695867165744e-06
Qwen/Qwen3-4B-instruct-2507,33,28,6.348763788021952e-09,0.9999946356109105,0.9999946419596742,False,5.364389089490551e-06
Qwen/Qwen3-4B-instruct-2507,33,29,9.237432042950414e-09,0.9999977350285647,0.9999977442659967,False,2.2649714352951378e-06
Qwen/Qwen3-4B-instruct-2507,33,30,1.5229863549631703e-08,0.9999929667012066,0.9999929819310702,False,7.033298793368559e-06
Qwen/Qwen3-4B-instruct-2507,33,31,1.18610975280741e-08,0.9999971389852362,0.9999971508463338,False,2.861014763766434e-06
Qwen/Qwen3-4B-instruct-2507,33,32,1.1861074904847522e-08,0.9999963045256735,0.9999963163867484,False,3.695474326548265e-06
Qwen/Qwen3-4B-instruct-2507,33,33,0.9999988079084972,5.043471815847051e-07,0.9999993122556787,True,1.1920915028440504e-06
Qwen/Qwen3-4B-instruct-2507,33,34,1.725769632168401e-08,0.9999920130413283,0.9999920302990246,False,7.98695867165744e-06
Qwen/Qwen3-4B-instruct-2507,33,35,1.3440307409336009e-08,0.9999920130413283,0.9999920264816358,False,7.98695867165744e-06
Qwen/Qwen3-4B-instruct-2507,33,36,2.699503843353609e-07,0.9999719866022398,0.9999722565526242,False,2.8013397760151548e-05
Qwen/Qwen3-4B-instruct-2507,33,37,1.1861074904847522e-08,0.9999963045256735,0.9999963163867484,False,3.695474326548265e-06
Qwen/Qwen3-4B-instruct-2507,33,38,1.5229863549631703e-08,0.9999929667012066,0.9999929819310702,False,7.033298793368559e-06
Qwen/Qwen3-4B-instruct-2507,33,39,1.2751553245960644e-07,0.9999722250068926,0.9999723525224251,False,2.777499310735454e-05
Qwen/Qwen3-4B-instruct-2507,33,40,1.046734189996251e-08,0.9999946356109105,0.9999946460782524,False,5.364389089490551e-06
Qwen/Qwen3-4B-instruct-2507,33,41,9.237432042950414e-09,0.9999977350285647,0.9999977442659967,False,2.2649714352951378e-06
Qwen/Qwen3-4B-instruct-2507,33,42,3.224162138757908e-08,0.9999920130413283,0.9999920452829497,False,7.98695867165744e-06
Qwen/Qwen3-4B-instruct-2507,33,43,1.3440358680137724e-08,0.9999963045256735,0.9999963179660322,False,3.695474326548265e-06
Qwen/Qwen3-4B-instruct-2507,33,44,2.8452751121096112e-08,0.9999784235841962,0.9999784520369474,False,2.1576415803803428e-05
Qwen/Qwen3-4B-instruct-2507,33,45,5.714893282234798e-07,0.9999803308534772,0.9999809023428053,False,1.9669146522849346e-05
Qwen/Qwen3-4B-instruct-2507,33,46,1.046734189996251e-08,0.9999945164027223,0.9999945268700642,False,5.483597277700092e-06
Qwen/Qwen3-4B-instruct-2507,33,47,1.3440358680137724e-08,0.9999966621509202,0.9999966755912789,False,3.337849079798616e-06
Qwen/Qwen3-4B-instruct-2507,33,48,1.3440281774008495e-08,0.9999897481064004,0.9999897615466822,False,1.0251893599599882e-05
Qwen/Qwen3-4B-instruct-2507,33,49,1.1861052281664094e-08,0.9999936819476216,0.9999936938086739,False,6.318052378384564e-06
Qwen/Qwen3-4B-instruct-2507,33,50,1.1861074904847522e-08,0.9999952316511552,0.9999952435122301,False,4.768348844774728e-06
Qwen/Qwen3-4B-instruct-2507,33,51,3.653433434796543e-08,0.9999868871505255,0.9999869236848599,False,1.3112849474472554e-05
Qwen/Qwen3-4B-instruct-2507,33,52,1.5229834500999985e-08,0.9999909401759619,0.9999909554057964,False,9.059824038093467e-06
Qwen/Qwen3-4B-instruct-2507,33,53,1.1861074904847522e-08,0.9999966621509202,0.9999966740119951,False,3.337849079798616e-06
Qwen/Qwen3-4B-instruct-2507,33,54,1.6373490233907766e-07,0.9999830725678546,0.9999832363027569,False,1.6927432145430465e-05
Qwen/Qwen3-4B-instruct-2507,33,55,2.6994549292946006e-07,0.9999542257282243,0.9999544956737173,False,4.577427177565596e-05
Qwen/Qwen3-4B-instruct-2507,34,1,2.8453239549131867e-08,0.9999961853172863,0.9999962137705258,False,3.8146827137097716e-06
Qwen/Qwen3-4B-instruct-2507,34,2,1.5229921647061352e-08,0.9999963045256735,0.9999963197555951,False,3.695474326548265e-06
Qwen/Qwen3-4B-instruct-2507,34,3,1.5229950695859287e-08,0.9999977350285647,0.9999977502585154,False,2.2649714352951378e-06
Qwen/Qwen3-4B-instruct-2507,34,4,1.3440358680137724e-08,0.9999963045256735,0.9999963179660322,False,3.695474326548265e-06
Qwen/Qwen3-4B-instruct-2507,34,5,1.3440384315611926e-08,0.9999982118638471,0.9999982253042314,False,1.7881361529248352e-06
Qwen/Qwen3-4B-instruct-2507,34,6,9.23741442396384e-09,0.9999961853172863,0.9999961945547007,False,3.8146827137097716e-06
Qwen/Qwen3-4B-instruct-2507,34,7,1.0467381829779195e-08,0.9999985694905718,0.9999985799579536,False,1.430509428246296e-06
Qwen/Qwen3-4B-instruct-2507,34,8,8.152005165739432e-09,0.9999971389852362,0.9999971471372414,False,2.861014763766434e-06
Qwen/Qwen3-4B-instruct-2507,34,9,6.348788006680007e-09,0.999998927117538,0.9999989334663261,False,1.0728824619832267e-06
Qwen/Qwen3-4B-instruct-2507,34,10,6.348788006680007e-09,0.9999979734461775,0.9999979797949655,False,2.026553822531696e-06
Qwen/Qwen3-4B-instruct-2507,34,11,4.363453930307876e-09,0.9999985694905718,0.9999985738540257,False,1.430509428246296e-06
Qwen/Qwen3-4B-instruct-2507,34,12,5.602785751061334e-09,0.9999974966112362,0.999997502214022,False,2.5033887638414853e-06
Qwen/Qwen3-4B-instruct-2507,34,13,7.19411930861867e-09,0.9999985694905718,0.999998576684691,False,1.430509428246296e-06
Qwen/Qwen3-4B-instruct-2507,34,14,4.9444410711567335e-09,0.9999984502816872,0.9999984552261283,False,1.5497183127877179e-06
Qwen/Qwen3-4B-instruct-2507,34,15,5.602785751061334e-09,0.9999988079084972,0.999998813511283,False,1.1920915028440504e-06
Qwen/Qwen3-4B-instruct-2507,34,16,5.602785751061334e-09,0.9999974966112362,0.999997502214022,False,2.5033887638414853e-06
Qwen/Qwen3-4B-instruct-2507,34,17,6.348788006680007e-09,0.9999971389852362,0.9999971453340243,False,2.861014763766434e-06
Qwen/Qwen3-4B-instruct-2507,34,18,3.850734578067279e-09,0.9999979734461775,0.9999979772969121,False,2.026553822531696e-06
Qwen/Qwen3-4B-instruct-2507,34,19,6.348788006680007e-09,0.999998927117538,0.9999989334663261,False,1.0728824619832267e-06
Qwen/Qwen3-4B-instruct-2507,34,20,6.348788006680007e-09,0.9999977350285647,0.9999977413773528,False,2.2649714352951378e-06
Qwen/Qwen3-4B-instruct-2507,34,21,6.348788006680007e-09,0.9999982118638471,0.9999982182126351,False,1.7881361529248352e-06
Qwen/Qwen3-4B-instruct-2507,34,22,7.19411930861867e-09,0.9999977350285647,0.999997742222684,False,2.2649714352951378e-06
Qwen/Qwen3-4B-instruct-2507,34,23,9.237432042950414e-09,0.9999985694905718,0.9999985787280038,False,1.430509428246296e-06
Qwen/Qwen3-4B-instruct-2507,34,24,8.151989617038353e-09,0.9999966621509202,0.9999966703029098,False,3.337849079798616e-06
Qwen/Qwen3-4B-instruct-2507,34,25,7.19411930861867e-09,0.9999974966112362,0.9999975038053555,False,2.5033887638414853e-06
Qwen/Qwen3-4B-instruct-2507,34,26,4.9444410711567335e-09,0.9999979734461775,0.9999979783906185,False,2.026553822531696e-06
Qwen/Qwen3-4B-instruct-2507,34,27,8.152005165739432e-09,0.9999971389852362,0.9999971471372414,False,2.861014763766434e-06
Qwen/Qwen3-4B-instruct-2507,34,28,5.602785751061334e-09,0.9999971389852362,0.999997144588022,False,2.861014763766434e-06
Qwen/Qwen3-4B-instruct-2507,34,29,5.602785751061334e-09,0.9999988079084972,0.999998813511283,False,1.1920915028440504e-06
Qwen/Qwen3-4B-instruct-2507,34,30,8.152005165739432e-09,0.9999974966112362,0.9999975047632413,False,2.5033887638414853e-06
Qwen/Qwen3-4B-instruct-2507,34,31,7.19411930861867e-09,0.9999984502816872,0.9999984574758065,False,1.5497183127877179e-06
Qwen/Qwen3-4B-instruct-2507,34,32,8.152005165739432e-09,0.9999971389852362,0.9999971471372414,False,2.861014763766434e-06
Qwen/Qwen3-4B-instruct-2507,34,33,9.237432042950414e-09,0.9999988079084972,0.9999988171459292,False,1.1920915028440504e-06
Qwen/Qwen3-4B-instruct-2507,34,34,0.9999947548186582,2.902306569341241e-06,0.9999976571252275,True,5.245181341817506e-06
Qwen/Qwen3-4B-instruct-2507,34,35,1.1861052281664094e-08,0.9999946356109105,0.9999946474719628,False,5.364389089490551e-06
Qwen/Qwen3-4B-instruct-2507,34,36,1.855350665963254e-07,0.9999783043793048,0.9999784899143714,False,2.1695620695205697e-05
Qwen/Qwen3-4B-instruct-2507,34,37,1.0467381829779195e-08,0.9999979734461775,0.9999979839135593,False,2.026553822531696e-06
Qwen/Qwen3-4B-instruct-2507,34,38,1.344033304471242e-08,0.9999938011552557,0.9999938145955888,False,6.198844744287335e-06
Qwen/Qwen3-4B-instruct-2507,34,39,1.1861052281664094e-08,0.9999946356109105,0.9999946474719628,False,5.364389089490551e-06
Qwen/Qwen3-4B-instruct-2507,34,40,1.0467361864851814e-08,0.9999952316511552,0.9999952421185171,False,4.768348844774728e-06
Qwen/Qwen3-4B-instruct-2507,34,41,9.237432042950414e-09,0.9999979734461775,0.9999979826836095,False,2.026553822531696e-06
Qwen/Qwen3-4B-instruct-2507,34,42,2.5109799984138346e-08,0.9999920130413283,0.9999920381511284,False,7.98695867165744e-06
Qwen/Qwen3-4B-instruct-2507,34,43,9.237432042950414e-09,0.9999982118638471,0.9999982211012791,False,1.7881361529248352e-06
Qwen/Qwen3-4B-instruct-2507,34,44,9.23741442396384e-09,0.9999952316511552,0.9999952408885696,False,4.768348844774728e-06
Qwen/Qwen3-4B-instruct-2507,34,45,8.152005165739432e-09,0.9999974966112362,0.9999975047632413,False,2.5033887638414853e-06
Qwen/Qwen3-4B-instruct-2507,34,46,9.23741442396384e-09,0.9999963045256735,0.9999963137630878,False,3.695474326548265e-06
Qwen/Qwen3-4B-instruct-2507,34,47,8.152005165739432e-09,0.9999982118638471,0.9999982200158523,False,1.7881361529248352e-06
Qwen/Qwen3-4B-instruct-2507,34,48,1.1861052281664094e-08,0.9999938011552557,0.999993813016308,False,6.198844744287335e-06
Qwen/Qwen3-4B-instruct-2507,34,49,8.152005165739432e-09,0.9999974966112362,0.9999975047632413,False,2.5033887638414853e-06
Qwen/Qwen3-4B-instruct-2507,34,50,1.0467361864851814e-08,0.9999952316511552,0.9999952421185171,False,4.768348844774728e-06
Qwen/Qwen3-4B-instruct-2507,34,51,0.0015011404339602072,0.9984712166883194,0.9999723571222796,False,0.0015287833116806038
Qwen/Qwen3-4B-instruct-2507,34,52,8.151989617038353e-09,0.9999958276922101,0.9999958358441997,False,4.172307789929164e-06
Qwen/Qwen3-4B-instruct-2507,34,53,7.19411930861867e-09,0.9999982118638471,0.9999982190579664,False,1.7881361529248352e-06
Qwen/Qwen3-4B-instruct-2507,34,54,2.510975209104135e-08,0.9999909401759619,0.999990965285714,False,9.059824038093467e-06
Qwen/Qwen3-4B-instruct-2507,34,55,9.23741442396384e-09,0.9999963045256735,0.9999963137630878,False,3.695474326548265e-06
Qwen/Qwen3-4B-instruct-2507,35,1,1.7257762154696544e-08,0.9999963045256735,0.9999963217834356,False,3.695474326548265e-06
Qwen/Qwen3-4B-instruct-2507,35,2,9.23741442396384e-09,0.9999963045256735,0.9999963137630878,False,3.695474326548265e-06
Qwen/Qwen3-4B-instruct-2507,35,3,1.18610975280741e-08,0.9999979734461775,0.999997985307275,False,2.026553822531696e-06
Qwen/Qwen3-4B-instruct-2507,35,4,9.23741442396384e-09,0.9999963045256735,0.9999963137630878,False,3.695474326548265e-06
Qwen/Qwen3-4B-instruct-2507,35,5,9.237432042950414e-09,0.9999971389852362,0.9999971482226683,False,2.861014763766434e-06
Qwen/Qwen3-4B-instruct-2507,35,6,6.348775897339431e-09,0.9999963045256735,0.9999963108744494,False,3.695474326548265e-06
Qwen/Qwen3-4B-instruct-2507,35,7,2.5109895770606383e-08,0.9999970197767496,0.9999970448866453,False,2.980223250403924e-06
Qwen/Qwen3-4B-instruct-2507,35,8,7.194105586938129e-09,0.9999963045256735,0.999996311719779,False,3.695474326548265e-06
Qwen/Qwen3-4B-instruct-2507,35,9,4.9444410711567335e-09,0.9999984502816872,0.9999984552261283,False,1.5497183127877179e-06
Qwen/Qwen3-4B-instruct-2507,35,10,3.850727233380951e-09,0.9999952316511552,0.9999952355018824,False,4.768348844774728e-06
Qwen/Qwen3-4B-instruct-2507,35,11,4.363453930307876e-09,0.9999974966112362,0.9999975009746901,False,2.5033887638414853e-06
Qwen/Qwen3-4B-instruct-2507,35,12,3.850734578067279e-09,0.9999971389852362,0.9999971428359709,False,2.861014763766434e-06
Qwen/Qwen3-4B-instruct-2507,35,13,4.363453930307876e-09,0.9999982118638471,0.999998216227301,False,1.7881361529248352e-06
Qwen/Qwen3-4B-instruct-2507,35,14,3.398254856156838e-09,0.9999963045256735,0.9999963079239284,False,3.695474326548265e-06
Qwen/Qwen3-4B-instruct-2507,35,15,4.94443164039281e-09,0.9999963045256735,0.9999963094701051,False,3.695474326548265e-06
Qwen/Qwen3-4B-instruct-2507,35,16,4.363445607687925e-09,0.9999963045256735,0.9999963088891191,False,3.695474326548265e-06
Qwen/Qwen3-4B-instruct-2507,35,17,3.850734578067279e-09,0.9999984502816872,0.9999984541324218,False,1.5497183127877179e-06
Qwen/Qwen3-4B-instruct-2507,35,18,4.363445607687925e-09,0.9999963045256735,0.9999963088891191,False,3.695474326548265e-06
Qwen/Qwen3-4B-instruct-2507,35,19,4.363453930307876e-09,0.9999979734461775,0.9999979778096314,False,2.026553822531696e-06
Qwen/Qwen3-4B-instruct-2507,35,20,4.363445607687925e-09,0.9999952316511552,0.9999952360146008,False,4.768348844774728e-06
Qwen/Qwen3-4B-instruct-2507,35,21,2.2159362976111183e-08,0.9999949932351057,0.9999950153944687,False,5.006764894344151e-06
Qwen/Qwen3-4B-instruct-2507,35,22,4.94443164039281e-09,0.9999966621509202,0.9999966670953518,False,3.337849079798616e-06
Qwen/Qwen3-4B-instruct-2507,35,23,4.9444410711567335e-09,0.9999984502816872,0.9999984552261283,False,1.5497183127877179e-06
Qwen/Qwen3-4B-instruct-2507,35,24,4.363445607687925e-09,0.9999966621509202,0.9999966665143658,False,3.337849079798616e-06
Qwen/Qwen3-4B-instruct-2507,35,25,3.850712544050321e-09,0.9999921322487634,0.9999921360994759,False,7.8677512366232e-06
Qwen/Qwen3-4B-instruct-2507,35,26,4.94443164039281e-09,0.9999952316511552,0.9999952365955869,False,4.768348844774728e-06
Qwen/Qwen3-4B-instruct-2507,35,27,7.194105586938129e-09,0.9999958276922101,0.9999958348863156,False,4.172307789929164e-06
Qwen/Qwen3-4B-instruct-2507,35,28,3.850712544050321e-09,0.9999921322487634,0.9999921360994759,False,7.8677512366232e-06
Qwen/Qwen3-4B-instruct-2507,35,29,5.602785751061334e-09,0.9999979734461775,0.9999979790489633,False,2.026553822531696e-06
Qwen/Qwen3-4B-instruct-2507,35,30,8.15197406836693e-09,0.9999938011552557,0.9999938093072298,False,6.198844744287335e-06
Qwen/Qwen3-4B-instruct-2507,35,31,5.602785751061334e-09,0.9999979734461775,0.9999979790489633,False,2.026553822531696e-06
Qwen/Qwen3-4B-instruct-2507,35,32,4.94443164039281e-09,0.9999952316511552,0.9999952365955869,False,4.768348844774728e-06
Qwen/Qwen3-4B-instruct-2507,35,33,8.151989617038353e-09,0.9999958276922101,0.9999958358441997,False,4.172307789929164e-06
Qwen/Qwen3-4B-instruct-2507,35,34,7.19411930861867e-09,0.9999977350285647,0.999997742222684,False,2.2649714352951378e-06
Qwen/Qwen3-4B-instruct-2507,35,35,0.999997854237364,8.315271330899149e-07,0.999998685764497,True,2.145762636018844e-06
Qwen/Qwen3-4B-instruct-2507,35,36,1.522977640390277e-08,0.9999868871505255,0.999986902380302,False,1.3112849474472554e-05
Qwen/Qwen3-4B-instruct-2507,35,37,1.1861074904847522e-08,0.9999958276922101,0.999995839553285,False,4.172307789929164e-06
Qwen/Qwen3-4B-instruct-2507,35,38,8.151958519725165e-09,0.9999921322487634,0.9999921404007219,False,7.8677512366232e-06
Qwen/Qwen3-4B-instruct-2507,35,39,1.5229834500999985e-08,0.9999897481064004,0.9999897633362349,False,1.0251893599599882e-05
Qwen/Qwen3-4B-instruct-2507,35,40,1.0467262040786102e-08,0.9999870063564401,0.9999870168237022,False,1.2993643559888746e-05
Qwen/Qwen3-4B-instruct-2507,35,41,8.152005165739432e-09,0.9999971389852362,0.9999971471372414,False,2.861014763766434e-06
Qwen/Qwen3-4B-instruct-2507,35,42,8.764164637457892e-08,0.9999897481064004,0.9999898357480468,False,1.0251893599599882e-05
Qwen/Qwen3-4B-instruct-2507,35,43,9.237432042950414e-09,0.9999971389852362,0.9999971482226683,False,2.861014763766434e-06
Qwen/Qwen3-4B-instruct-2507,35,44,6.348775897339431e-09,0.9999952316511552,0.9999952379999312,False,4.768348844774728e-06
Qwen/Qwen3-4B-instruct-2507,35,45,6.825551301312449e-08,0.9999929667012066,0.9999930349567197,False,7.033298793368559e-06
Qwen/Qwen3-4B-instruct-2507,35,46,7.194105586938129e-09,0.9999952316511552,0.9999952388452608,False,4.768348844774728e-06
Qwen/Qwen3-4B-instruct-2507,35,47,9.23741442396384e-09,0.9999966621509202,0.9999966713883346,False,3.337849079798616e-06
Qwen/Qwen3-4B-instruct-2507,35,48,5.602775064605783e-09,0.9999958276922101,0.9999958332949851,False,4.172307789929164e-06
Qwen/Qwen3-4B-instruct-2507,35,49,1.0467262040786102e-08,0.9999868871505255,0.9999868976177876,False,1.3112849474472554e-05
Qwen/Qwen3-4B-instruct-2507,35,50,9.237361567205748e-09,0.9999898673126559,0.9999898765500175,False,1.0132687344066582e-05
Qwen/Qwen3-4B-instruct-2507,35,51,1.725769632168401e-08,0.9999920130413283,0.9999920302990246,False,7.98695867165744e-06
Qwen/Qwen3-4B-instruct-2507,35,52,1.1861029658523816e-08,0.9999921322487634,0.9999921441097931,False,7.8677512366232e-06
Qwen/Qwen3-4B-instruct-2507,35,53,1.5229863549631703e-08,0.9999930859092101,0.9999931011390737,False,6.914090789900129e-06
Qwen/Qwen3-4B-instruct-2507,35,54,1.0467301970298147e-08,0.9999898673126559,0.999989877779958,False,1.0132687344066582e-05
Qwen/Qwen3-4B-instruct-2507,35,55,1.1861007035426688e-08,0.9999897481064004,0.9999897599674075,False,1.0251893599599882e-05
Qwen/Qwen3-4B-instruct-2507,36,1,3.653454339970154e-08,0.9999920130413283,0.9999920495758717,False,7.98695867165744e-06
Qwen/Qwen3-4B-instruct-2507,36,2,2.2159405241782167e-08,0.9999961853172863,0.9999962074766915,False,3.8146827137097716e-06
Qwen/Qwen3-4B-instruct-2507,36,3,1.7257795071296986e-08,0.9999974966112362,0.9999975138690312,False,2.5033887638414853e-06
Qwen/Qwen3-4B-instruct-2507,36,4,1.7257729238158885e-08,0.999995112442896,0.9999951297006252,False,4.887557104038542e-06
Qwen/Qwen3-4B-instruct-2507,36,5,1.18610975280741e-08,0.9999977350285647,0.9999977468896623,False,2.2649714352951378e-06
Qwen/Qwen3-4B-instruct-2507,36,6,1.444965087742721e-07,0.9999896288992495,0.9999897733957582,False,1.037110075052805e-05
Qwen/Qwen3-4B-instruct-2507,36,7,1.18610975280741e-08,0.9999977350285647,0.9999977468896623,False,2.2649714352951378e-06
Qwen/Qwen3-4B-instruct-2507,36,8,1.3440358680137724e-08,0.9999952316511552,0.9999952450915139,False,4.768348844774728e-06
Qwen/Qwen3-4B-instruct-2507,36,9,4.139921926206193e-08,0.9999970197767496,0.9999970611759689,False,2.980223250403924e-06
Qwen/Qwen3-4B-instruct-2507,36,10,1.1861052281664094e-08,0.999995112442896,0.9999951243039482,False,4.887557104038542e-06
Qwen/Qwen3-4B-instruct-2507,36,11,9.23741442396384e-09,0.9999963045256735,0.9999963137630878,False,3.695474326548265e-06
Qwen/Qwen3-4B-instruct-2507,36,12,6.023504903948976e-08,0.9999884368330701,0.9999884970681192,False,1.1563166929851043e-05
Qwen/Qwen3-4B-instruct-2507,36,13,9.237432042950414e-09,0.9999974966112362,0.9999975058486682,False,2.5033887638414853e-06
Qwen/Qwen3-4B-instruct-2507,36,14,9.23741442396384e-09,0.9999952316511552,0.9999952408885696,False,4.768348844774728e-06
Qwen/Qwen3-4B-instruct-2507,36,15,8.151989617038353e-09,0.9999963045256735,0.9999963126776631,False,3.695474326548265e-06
Qwen/Qwen3-4B-instruct-2507,36,16,9.237361567205748e-09,0.9999897481064004,0.9999897573437619,False,1.0251893599599882e-05
Qwen/Qwen3-4B-instruct-2507,36,17,8.152005165739432e-09,0.9999977350285647,0.9999977431805699,False,2.2649714352951378e-06
Qwen/Qwen3-4B-instruct-2507,36,18,1.8553736683094573e-07,0.9999907017622996,0.9999908872996665,False,9.29823770035032e-06
Qwen/Qwen3-4B-instruct-2507,36,19,7.19411930861867e-09,0.9999979734461775,0.9999979806402968,False,2.026553822531696e-06
Qwen/Qwen3-4B-instruct-2507,36,20,9.23739680501087e-09,0.9999936819476216,0.9999936911850185,False,6.318052378384564e-06
Qwen/Qwen3-4B-instruct-2507,36,21,9.23741442396384e-09,0.9999958276922101,0.9999958369296245,False,4.172307789929164e-06
Qwen/Qwen3-4B-instruct-2507,36,22,7.194105586938129e-09,0.9999963045256735,0.999996311719779,False,3.695474326548265e-06
Qwen/Qwen3-4B-instruct-2507,36,23,1.0467381829779195e-08,0.9999974966112362,0.999997507078618,False,2.5033887638414853e-06
Qwen/Qwen3-4B-instruct-2507,36,24,2.5109560519566853e-08,0.9999831917733143,0.9999832168828748,False,1.680822668570503e-05
Qwen/Qwen3-4B-instruct-2507,36,25,9.23739680501087e-09,0.9999936819476216,0.9999936911850185,False,6.318052378384564e-06
Qwen/Qwen3-4B-instruct-2507,36,26,9.237379186091506e-09,0.9999920130413283,0.9999920222787075,False,7.98695867165744e-06
Qwen/Qwen3-4B-instruct-2507,36,27,1.3440281774008495e-08,0.9999897481064004,0.9999897615466822,False,1.0251893599599882e-05
Qwen/Qwen3-4B-instruct-2507,36,28,8.151958519725165e-09,0.9999920130413283,0.9999920211932869,False,7.98695867165744e-06
Qwen/Qwen3-4B-instruct-2507,36,29,1.0467361864851814e-08,0.9999965429424904,0.9999965534098523,False,3.457057509592687e-06
Qwen/Qwen3-4B-instruct-2507,36,30,2.215927844501106e-08,0.9999897481064004,0.9999897702656788,False,1.0251893599599882e-05
Qwen/Qwen3-4B-instruct-2507,36,31,8.152005165739432e-09,0.9999971389852362,0.9999971471372414,False,2.861014763766434e-06
Qwen/Qwen3-4B-instruct-2507,36,32,1.046732193511129e-08,0.9999920130413283,0.9999920235086502,False,7.98695867165744e-06
Qwen/Qwen3-4B-instruct-2507,36,33,1.1861074904847522e-08,0.9999958276922101,0.999995839553285,False,4.172307789929164e-06
Qwen/Qwen3-4B-instruct-2507,36,34,1.344033304471242e-08,0.999995112442896,0.999995125883229,False,4.887557104038542e-06
Qwen/Qwen3-4B-instruct-2507,36,35,1.3440358680137724e-08,0.9999966621509202,0.9999966755912789,False,3.337849079798616e-06
Qwen/Qwen3-4B-instruct-2507,36,36,0.9999994039539004,2.6995759288455584e-07,0.9999996739114932,True,5.960460995879657e-07
Qwen/Qwen3-4B-instruct-2507,36,37,2.510984787732669e-08,0.9999945164027223,0.9999945415125702,False,5.483597277700092e-06
Qwen/Qwen3-4B-instruct-2507,36,38,1.7257663405271917e-08,0.9999897481064004,0.9999897653640638,False,1.0251893599599882e-05
Qwen/Qwen3-4B-instruct-2507,36,39,4.1398508603463244e-08,0.9999784235841962,0.9999784649827048,False,2.1576415803803428e-05
Qwen/Qwen3-4B-instruct-2507,36,40,2.2159109383778193e-08,0.9999831917733143,0.9999832139324237,False,1.680822668570503e-05
Qwen/Qwen3-4B-instruct-2507,36,41,1.1861074904847522e-08,0.9999966621509202,0.9999966740119951,False,3.337849079798616e-06
Qwen/Qwen3-4B-instruct-2507,36,42,7.734259634214329e-08,0.9999784235841962,0.9999785009267925,False,2.1576415803803428e-05
Qwen/Qwen3-4B-instruct-2507,36,43,1.1861074904847522e-08,0.9999963045256735,0.9999963163867484,False,3.695474326548265e-06
Qwen/Qwen3-4B-instruct-2507,36,44,1.522977640390277e-08,0.9999868871505255,0.999986902380302,False,1.3112849474472554e-05
Qwen/Qwen3-4B-instruct-2507,36,45,5.315673725981295e-08,0.9999784235841962,0.9999784767409334,False,2.1576415803803428e-05
Qwen/Qwen3-4B-instruct-2507,36,46,1.522977640390277e-08,0.9999868871505255,0.999986902380302,False,1.3112849474472554e-05
Qwen/Qwen3-4B-instruct-2507,36,47,1.0467381829779195e-08,0.9999971389852362,0.9999971494526181,False,2.861014763766434e-06
Qwen/Qwen3-4B-instruct-2507,36,48,1.0676541173478327e-06,0.9999535105382235,0.9999545781923408,False,4.648946177654434e-05
Qwen/Qwen3-4B-instruct-2507,36,49,1.1861052281664094e-08,0.9999936819476216,0.9999936938086739,False,6.318052378384564e-06
Qwen/Qwen3-4B-instruct-2507,36,50,1.5229834500999985e-08,0.9999897481064004,0.9999897633362349,False,1.0251893599599882e-05
Qwen/Qwen3-4B-instruct-2507,36,51,1.955549459123185e-08,0.9999897481064004,0.999989767661895,False,1.0251893599599882e-05
Qwen/Qwen3-4B-instruct-2507,36,52,1.522977640390277e-08,0.9999868871505255,0.999986902380302,False,1.3112849474472554e-05
Qwen/Qwen3-4B-instruct-2507,36,53,1.344033304471242e-08,0.9999936819476216,0.9999936953879547,False,6.318052378384564e-06
Qwen/Qwen3-4B-instruct-2507,36,54,0.9999982118638471,4.450844011100084e-07,0.9999986569482482,False,0.9999995549155989
Qwen/Qwen3-4B-instruct-2507,36,55,1.5229863549631703e-08,0.9999920130413283,0.9999920282711919,False,7.98695867165744e-06
Qwen/Qwen3-4B-instruct-2507,37,1,7.734377650551034e-08,0.9999936819476216,0.9999937592913981,False,6.318052378384564e-06
Qwen/Qwen3-4B-instruct-2507,37,2,3.2241559891625255e-08,0.9999897481064004,0.9999897803479603,False,1.0251893599599882e-05
Qwen/Qwen3-4B-instruct-2507,37,3,7.734362898410464e-08,0.9999929667012066,0.9999930440448356,False,7.033298793368559e-06
Qwen/Qwen3-4B-instruct-2507,37,4,2.8453076738855012e-08,0.9999897481064004,0.9999897765594772,False,1.0251893599599882e-05
Qwen/Qwen3-4B-instruct-2507,37,5,5.3157446983561815e-08,0.9999920130413283,0.9999920661987753,False,7.98695867165744e-06
Qwen/Qwen3-4B-instruct-2507,37,6,5.3157041425973584e-08,0.9999850990607846,0.999985152217826,False,1.4900939215412023e-05
Qwen/Qwen3-4B-instruct-2507,37,7,1.955560648898961e-08,0.9999952316511552,0.9999952512067617,False,4.768348844774728e-06
Qwen/Qwen3-4B-instruct-2507,37,8,1.7257729238158885e-08,0.9999938011552557,0.999993818412985,False,6.198844744287335e-06
Qwen/Qwen3-4B-instruct-2507,37,9,3.535578119566696e-05,0.9999516033710262,0.9999869591522218,False,4.8396628973823574e-05
Qwen/Qwen3-4B-instruct-2507,37,10,1.3440281774008495e-08,0.999991059383269,0.9999910728235508,False,8.940616730956918e-06
Qwen/Qwen3-4B-instruct-2507,37,11,1.1861052281664094e-08,0.9999938011552557,0.999993813016308,False,6.198844744287335e-06
Qwen/Qwen3-4B-instruct-2507,37,12,3.653405561417804e-08,0.9999783043793048,0.9999783409133605,False,2.1695620695205697e-05
Qwen/Qwen3-4B-instruct-2507,37,13,1.5229892598318825e-08,0.9999938011552557,0.9999938163851483,False,6.198844744287335e-06
Qwen/Qwen3-4B-instruct-2507,37,14,9.237361567205748e-09,0.999991059383269,0.9999910686206306,False,8.940616730956918e-06
Qwen/Qwen3-4B-instruct-2507,37,15,6.825486208093125e-08,0.9999830725678546,0.9999831408227167,False,1.6927432145430465e-05
Qwen/Qwen3-4B-instruct-2507,37,16,9.237326329535046e-09,0.9999870063564401,0.9999870155937665,False,1.2993643559888746e-05
Qwen/Qwen3-4B-instruct-2507,37,17,1.046734189996251e-08,0.9999938011552557,0.9999938116225976,False,6.198844744287335e-06
Qwen/Qwen3-4B-instruct-2507,37,18,0.3775115275028666,0.6224112853284726,0.9999228128313391,False,0.37758871467152744
Qwen/Qwen3-4B-instruct-2507,37,19,1.046734189996251e-08,0.9999938011552557,0.9999938116225976,False,6.198844744287335e-06
Qwen/Qwen3-4B-instruct-2507,37,20,1.7257597572636077e-08,0.9999868871505255,0.9999869044081231,False,1.3112849474472554e-05
Qwen/Qwen3-4B-instruct-2507,37,21,5.315633170763946e-08,0.9999722250068926,0.9999722781632243,False,2.777499310735454e-05
Qwen/Qwen3-4B-instruct-2507,37,22,1.0467301970298147e-08,0.999991059383269,0.9999910698505711,False,8.940616730956918e-06
Qwen/Qwen3-4B-instruct-2507,37,23,1.3440358680137724e-08,0.9999952316511552,0.9999952450915139,False,4.768348844774728e-06
Qwen/Qwen3-4B-instruct-2507,37,24,1.5229747355437273e-08,0.9999850990607846,0.9999851142905319,False,1.4900939215412023e-05
Qwen/Qwen3-4B-instruct-2507,37,25,9.237379186091506e-09,0.9999921322487634,0.9999921414861426,False,7.8677512366232e-06
Qwen/Qwen3-4B-instruct-2507,37,26,1.1860961789361882e-08,0.9999870063564401,0.9999870182174019,False,1.2993643559888746e-05
Qwen/Qwen3-4B-instruct-2507,37,27,0.00857643384854969,0.991301100353536,0.9998775342020857,False,0.008698899646463976
Qwen/Qwen3-4B-instruct-2507,37,28,1.3440179233187392e-08,0.9999831917733143,0.9999832052134935,False,1.680822668570503e-05
Qwen/Qwen3-4B-instruct-2507,37,29,1.7257663405271917e-08,0.9999898673126559,0.9999898845703193,False,1.0132687344066582e-05
Qwen/Qwen3-4B-instruct-2507,37,30,3.224119091836547e-08,0.9999784235841962,0.9999784558253871,False,2.1576415803803428e-05
Qwen/Qwen3-4B-instruct-2507,37,31,1.9555531890413292e-08,0.9999921322487634,0.9999921518042952,False,7.8677512366232e-06
Qwen/Qwen3-4B-instruct-2507,37,32,1.9555382694114372e-08,0.9999850990607846,0.9999851186161672,False,1.4900939215412023e-05
Qwen/Qwen3-4B-instruct-2507,37,33,2.8452913929509762e-08,0.9999850990607846,0.9999851275136985,False,1.4900939215412023e-05
Qwen/Qwen3-4B-instruct-2507,37,34,2.8452859659935034e-08,0.9999831917733143,0.9999832202261739,False,1.680822668570503e-05
Qwen/Qwen3-4B-instruct-2507,37,35,1.955549459123185e-08,0.9999909401759619,0.9999909597314565,False,9.059824038093467e-06
Qwen/Qwen3-4B-instruct-2507,37,36,1.0676795725090437e-06,0.9999774699527387,0.9999785376323113,False,2.2530047261271058e-05
Qwen/Qwen3-4B-instruct-2507,37,37,0.9999990463265931,3.059020287707785e-07,0.9999993522286219,True,9.536734069115482e-07
Qwen/Qwen3-4B-instruct-2507,37,38,1.5533060992263166e-06,0.999874845907329,0.9998763992134282,False,0.0001251540926709982
Qwen/Qwen3-4B-instruct-2507,37,39,0.0007096023219367244,0.9991943180168051,0.9999039203387419,False,0.0008056819831948614
Qwen/Qwen3-4B-instruct-2507,37,40,4.691065598328808e-08,0.9999784235841962,0.9999784704948522,False,2.1576415803803428e-05
Qwen/Qwen3-4B-instruct-2507,37,41,3.6534404031744556e-08,0.9999884368330701,0.9999884733674742,False,1.1563166929851043e-05
Qwen/Qwen3-4B-instruct-2507,37,42,5.714746130161836e-07,0.9999538681349789,0.9999544396095918,False,4.6131865021115104e-05
Qwen/Qwen3-4B-instruct-2507,37,43,4.1398903412289764e-08,0.9999884368330701,0.9999884782319736,False,1.1563166929851043e-05
Qwen/Qwen3-4B-instruct-2507,37,44,2.5109464734377693e-08,0.9999784235841962,0.9999784486936609,False,2.1576415803803428e-05
Qwen/Qwen3-4B-instruct-2507,37,45,0.37749273926760085,0.6223803087653511,0.999873048032952,False,0.3776196912346489
Qwen/Qwen3-4B-instruct-2507,37,46,2.2159024853645447e-08,0.9999784235841962,0.999978445743221,False,2.1576415803803428e-05
Qwen/Qwen3-4B-instruct-2507,37,47,4.6910834933580506e-08,0.9999831917733143,0.9999832386841492,False,1.680822668570503e-05
Qwen/Qwen3-4B-instruct-2507,37,48,4.691029808475114e-08,0.9999722250068926,0.9999722719171907,False,2.777499310735454e-05
Qwen/Qwen3-4B-instruct-2507,37,49,1.9555270797637174e-08,0.9999784235841962,0.999978443139467,False,2.1576415803803428e-05
Qwen/Qwen3-4B-instruct-2507,37,50,3.653405561417804e-08,0.9999784235841962,0.9999784601182519,False,2.1576415803803428e-05
Qwen/Qwen3-4B-instruct-2507,37,51,3.927631306386937e-07,0.9999411140801217,0.9999415068432523,False,5.888591987834868e-05
Qwen/Qwen3-4B-instruct-2507,37,52,3.653384656523305e-08,0.9999723442092404,0.999972380743087,False,2.7655790759584242e-05
Qwen/Qwen3-4B-instruct-2507,37,53,4.1398903412289764e-08,0.9999884368330701,0.9999884782319736,False,1.1563166929851043e-05
Qwen/Qwen3-4B-instruct-2507,37,54,0.9984630164095649,0.0015011282654173717,0.9999641446749823,False,0.9984988717345826
Qwen/Qwen3-4B-instruct-2507,37,55,2.845258831361406e-08,0.9999723442092404,0.9999723726618287,False,2.7655790759584242e-05
Qwen/Qwen3-4B-instruct-2507,38,1,2.5109943663977427e-08,0.9999971389852362,0.9999971640951799,False,2.861014763766434e-06
Qwen/Qwen3-4B-instruct-2507,38,2,1.5229950695859287e-08,0.9999971389852362,0.999997154215187,False,2.861014763766434e-06
Qwen/Qwen3-4B-instruct-2507,38,3,1.955564378838448e-08,0.9999982118638471,0.9999982314194908,False,1.7881361529248352e-06
Qwen/Qwen3-4B-instruct-2507,38,4,1.3440358680137724e-08,0.9999963045256735,0.9999963179660322,False,3.695474326548265e-06
Qwen/Qwen3-4B-instruct-2507,38,5,1.7257795071296986e-08,0.9999977350285647,0.9999977522863598,False,2.2649714352951378e-06
Qwen/Qwen3-4B-instruct-2507,38,6,1.1861074904847522e-08,0.9999963045256735,0.9999963163867484,False,3.695474326548265e-06
Qwen/Qwen3-4B-instruct-2507,38,7,9.237449661970594e-09,0.9999990463265931,0.9999990555640428,False,9.536734069115482e-07
Qwen/Qwen3-4B-instruct-2507,38,8,1.0467381829779195e-08,0.9999974966112362,0.999997507078618,False,2.5033887638414853e-06
Qwen/Qwen3-4B-instruct-2507,38,9,9.237432042950414e-09,0.9999984502816872,0.9999984595191193,False,1.5497183127877179e-06
Qwen/Qwen3-4B-instruct-2507,38,10,6.348788006680007e-09,0.9999971389852362,0.9999971453340243,False,2.861014763766434e-06
Qwen/Qwen3-4B-instruct-2507,38,11,5.602785751061334e-09,0.9999979734461775,0.9999979790489633,False,2.026553822531696e-06
Qwen/Qwen3-4B-instruct-2507,38,12,4.363453930307876e-09,0.9999971389852362,0.9999971433486902,False,2.861014763766434e-06
Qwen/Qwen3-4B-instruct-2507,38,13,7.19411930861867e-09,0.9999984502816872,0.9999984574758065,False,1.5497183127877179e-06
Qwen/Qwen3-4B-instruct-2507,38,14,4.9444410711567335e-09,0.9999977350285647,0.9999977399730058,False,2.2649714352951378e-06
Qwen/Qwen3-4B-instruct-2507,38,15,6.348788006680007e-09,0.9999982118638471,0.9999982182126351,False,1.7881361529248352e-06
Qwen/Qwen3-4B-instruct-2507,38,16,6.348788006680007e-09,0.9999971389852362,0.9999971453340243,False,2.861014763766434e-06
Qwen/Qwen3-4B-instruct-2507,38,17,8.152005165739432e-09,0.9999984502816872,0.9999984584336924,False,1.5497183127877179e-06
Qwen/Qwen3-4B-instruct-2507,38,18,4.9444410711567335e-09,0.9999971389852362,0.9999971439296773,False,2.861014763766434e-06
Qwen/Qwen3-4B-instruct-2507,38,19,7.194105586938129e-09,0.9999958276922101,0.9999958348863156,False,4.172307789929164e-06
Qwen/Qwen3-4B-instruct-2507,38,20,8.151989617038353e-09,0.9999963045256735,0.9999963126776631,False,3.695474326548265e-06
Qwen/Qwen3-4B-instruct-2507,38,21,6.348788006680007e-09,0.9999982118638471,0.9999982182126351,False,1.7881361529248352e-06
Qwen/Qwen3-4B-instruct-2507,38,22,7.19411930861867e-09,0.9999977350285647,0.999997742222684,False,2.2649714352951378e-06
Qwen/Qwen3-4B-instruct-2507,38,23,1.18610975280741e-08,0.9999985694905718,0.9999985813516693,False,1.430509428246296e-06
Qwen/Qwen3-4B-instruct-2507,38,24,6.348788006680007e-09,0.9999977350285647,0.9999977413773528,False,2.2649714352951378e-06
Qwen/Qwen3-4B-instruct-2507,38,25,7.19411930861867e-09,0.9999977350285647,0.999997742222684,False,2.2649714352951378e-06
Qwen/Qwen3-4B-instruct-2507,38,26,5.602785751061334e-09,0.9999977350285647,0.9999977406313505,False,2.2649714352951378e-06
Qwen/Qwen3-4B-instruct-2507,38,27,8.152005165739432e-09,0.9999971389852362,0.9999971471372414,False,2.861014763766434e-06
Qwen/Qwen3-4B-instruct-2507,38,28,7.194105586938129e-09,0.9999963045256735,0.999996311719779,False,3.695474326548265e-06
Qwen/Qwen3-4B-instruct-2507,38,29,7.19411930861867e-09,0.9999982118638471,0.9999982190579664,False,1.7881361529248352e-06
Qwen/Qwen3-4B-instruct-2507,38,30,8.152005165739432e-09,0.9999971389852362,0.9999971471372414,False,2.861014763766434e-06
Qwen/Qwen3-4B-instruct-2507,38,31,7.19411930861867e-09,0.9999985694905718,0.999998576684691,False,1.430509428246296e-06
Qwen/Qwen3-4B-instruct-2507,38,32,8.152005165739432e-09,0.9999971389852362,0.9999971471372414,False,2.861014763766434e-06
Qwen/Qwen3-4B-instruct-2507,38,33,6.348788006680007e-09,0.9999982118638471,0.9999982182126351,False,1.7881361529248352e-06
Qwen/Qwen3-4B-instruct-2507,38,34,8.152005165739432e-09,0.9999979734461775,0.9999979815981827,False,2.026553822531696e-06
Qwen/Qwen3-4B-instruct-2507,38,35,8.152005165739432e-09,0.9999982118638471,0.9999982200158523,False,1.7881361529248352e-06
Qwen/Qwen3-4B-instruct-2507,38,36,1.1861074904847522e-08,0.9999963045256735,0.9999963163867484,False,3.695474326548265e-06
Qwen/Qwen3-4B-instruct-2507,38,37,1.5229950695859287e-08,0.9999988079084972,0.9999988231384479,False,1.1920915028440504e-06
Qwen/Qwen3-4B-instruct-2507,38,38,0.9999945164027223,2.902303801487327e-06,0.9999974187065238,True,5.483597277700092e-06
Qwen/Qwen3-4B-instruct-2507,38,39,4.691092440898271e-08,0.9999850990607846,0.999985145971709,False,1.4900939215412023e-05
Qwen/Qwen3-4B-instruct-2507,38,40,1.7257597572636077e-08,0.9999868871505255,0.9999869044081231,False,1.3112849474472554e-05
Qwen/Qwen3-4B-instruct-2507,38,41,9.237432042950414e-09,0.9999974966112362,0.9999975058486682,False,2.5033887638414853e-06
Qwen/Qwen3-4B-instruct-2507,38,42,4.691110336029911e-08,0.9999884368330701,0.9999884837441735,False,1.1563166929851043e-05
Qwen/Qwen3-4B-instruct-2507,38,43,8.152005165739432e-09,0.9999984502816872,0.9999984584336924,False,1.5497183127877179e-06
Qwen/Qwen3-4B-instruct-2507,38,44,8.151989617038353e-09,0.9999958276922101,0.9999958358441997,False,4.172307789929164e-06
Qwen/Qwen3-4B-instruct-2507,38,45,9.23741442396384e-09,0.9999966621509202,0.9999966713883346,False,3.337849079798616e-06
Qwen/Qwen3-4B-instruct-2507,38,46,9.23739680501087e-09,0.9999946356109105,0.9999946448483074,False,5.364389089490551e-06
Qwen/Qwen3-4B-instruct-2507,38,47,9.237432042950414e-09,0.9999974966112362,0.9999975058486682,False,2.5033887638414853e-06
Qwen/Qwen3-4B-instruct-2507,38,48,1.1861052281664094e-08,0.9999946356109105,0.9999946474719628,False,5.364389089490551e-06
Qwen/Qwen3-4B-instruct-2507,38,49,8.152005165739432e-09,0.9999971389852362,0.9999971471372414,False,2.861014763766434e-06
Qwen/Qwen3-4B-instruct-2507,38,50,8.151989617038353e-09,0.9999963045256735,0.9999963126776631,False,3.695474326548265e-06
Qwen/Qwen3-4B-instruct-2507,38,51,1.1861052281664094e-08,0.9999946356109105,0.9999946474719628,False,5.364389089490551e-06
Qwen/Qwen3-4B-instruct-2507,38,52,8.151989617038353e-09,0.9999963045256735,0.9999963126776631,False,3.695474326548265e-06
Qwen/Qwen3-4B-instruct-2507,38,53,9.237432042950414e-09,0.9999979734461775,0.9999979826836095,False,2.026553822531696e-06
Qwen/Qwen3-4B-instruct-2507,38,54,1.1861007035426688e-08,0.999991059383269,0.9999910712442761,False,8.940616730956918e-06
Qwen/Qwen3-4B-instruct-2507,38,55,9.237432042950414e-09,0.9999974966112362,0.9999975058486682,False,2.5033887638414853e-06
Qwen/Qwen3-4B-instruct-2507,39,1,3.2241682883650204e-08,0.9999936819476216,0.9999937141893045,False,6.318052378384564e-06
Qwen/Qwen3-4B-instruct-2507,39,2,1.7257762154696544e-08,0.9999952316511552,0.9999952489089173,False,4.768348844774728e-06
Qwen/Qwen3-4B-instruct-2507,39,3,1.955560648898961e-08,0.9999965429424904,0.9999965624980969,False,3.457057509592687e-06
Qwen/Qwen3-4B-instruct-2507,39,4,1.3440358680137724e-08,0.9999963045256735,0.9999963179660322,False,3.695474326548265e-06
Qwen/Qwen3-4B-instruct-2507,39,5,1.18610975280741e-08,0.9999974966112362,0.9999975084723337,False,2.5033887638414853e-06
Qwen/Qwen3-4B-instruct-2507,39,6,1.344033304471242e-08,0.9999936819476216,0.9999936953879547,False,6.318052378384564e-06
Qwen/Qwen3-4B-instruct-2507,39,7,1.0467381829779195e-08,0.9999977350285647,0.9999977454959466,False,2.2649714352951378e-06
Qwen/Qwen3-4B-instruct-2507,39,8,9.23741442396384e-09,0.9999963045256735,0.9999963137630878,False,3.695474326548265e-06
Qwen/Qwen3-4B-instruct-2507,39,9,2.8453239549131867e-08,0.9999957084838798,0.9999957369371193,False,4.291516120247252e-06
Qwen/Qwen3-4B-instruct-2507,39,10,6.348788006680007e-09,0.9999971389852362,0.9999971453340243,False,2.861014763766434e-06
Qwen/Qwen3-4B-instruct-2507,39,11,6.348788006680007e-09,0.9999979734461775,0.9999979797949655,False,2.026553822531696e-06
Qwen/Qwen3-4B-instruct-2507,39,12,7.194091865283758e-09,0.9999938011552557,0.9999938083493476,False,6.198844744287335e-06
Qwen/Qwen3-4B-instruct-2507,39,13,9.237379186091506e-09,0.9999929667012066,0.9999929759385858,False,7.033298793368559e-06
Qwen/Qwen3-4B-instruct-2507,39,14,6.348775897339431e-09,0.9999958276922101,0.999995834040986,False,4.172307789929164e-06
Qwen/Qwen3-4B-instruct-2507,39,15,7.194105586938129e-09,0.9999963045256735,0.999996311719779,False,3.695474326548265e-06
Qwen/Qwen3-4B-instruct-2507,39,16,6.348775897339431e-09,0.9999952316511552,0.9999952379999312,False,4.768348844774728e-06
Qwen/Qwen3-4B-instruct-2507,39,17,7.19411930861867e-09,0.9999977350285647,0.999997742222684,False,2.2649714352951378e-06
Qwen/Qwen3-4B-instruct-2507,39,18,8.151958519725165e-09,0.9999920130413283,0.9999920211932869,False,7.98695867165744e-06
Qwen/Qwen3-4B-instruct-2507,39,19,5.602785751061334e-09,0.9999979734461775,0.9999979790489633,False,2.026553822531696e-06
Qwen/Qwen3-4B-instruct-2507,39,20,6.348775897339431e-09,0.9999963045256735,0.9999963108744494,False,3.695474326548265e-06
Qwen/Qwen3-4B-instruct-2507,39,21,7.194105586938129e-09,0.9999957084838798,0.9999957156779853,False,4.291516120247252e-06
Qwen/Qwen3-4B-instruct-2507,39,22,6.348775897339431e-09,0.9999966621509202,0.9999966684996962,False,3.337849079798616e-06
Qwen/Qwen3-4B-instruct-2507,39,23,9.237432042950414e-09,0.9999971389852362,0.9999971482226683,False,2.861014763766434e-06
Qwen/Qwen3-4B-instruct-2507,39,24,7.194091865283758e-09,0.9999946356109105,0.9999946428050024,False,5.364389089490551e-06
Qwen/Qwen3-4B-instruct-2507,39,25,7.194105586938129e-09,0.9999963045256735,0.999996311719779,False,3.695474326548265e-06
Qwen/Qwen3-4B-instruct-2507,39,26,5.602743005361427e-09,0.9999897481064004,0.9999897537091434,False,1.0251893599599882e-05
Qwen/Qwen3-4B-instruct-2507,39,27,8.151958519725165e-09,0.9999920130413283,0.9999920211932869,False,7.98695867165744e-06
Qwen/Qwen3-4B-instruct-2507,39,28,8.15197406836693e-09,0.9999938011552557,0.9999938093072298,False,6.198844744287335e-06
Qwen/Qwen3-4B-instruct-2507,39,29,1.0467361864851814e-08,0.9999963045256735,0.9999963149930353,False,3.695474326548265e-06
Qwen/Qwen3-4B-instruct-2507,39,30,9.23741442396384e-09,0.9999952316511552,0.9999952408885696,False,4.768348844774728e-06
Qwen/Qwen3-4B-instruct-2507,39,31,9.23741442396384e-09,0.9999966621509202,0.9999966713883346,False,3.337849079798616e-06
Qwen/Qwen3-4B-instruct-2507,39,32,7.194091865283758e-09,0.9999946356109105,0.9999946428050024,False,5.364389089490551e-06
Qwen/Qwen3-4B-instruct-2507,39,33,9.23741442396384e-09,0.9999952316511552,0.9999952408885696,False,4.768348844774728e-06
Qwen/Qwen3-4B-instruct-2507,39,34,1.0467361864851814e-08,0.9999958276922101,0.9999958381595719,False,4.172307789929164e-06
Qwen/Qwen3-4B-instruct-2507,39,35,8.151989617038353e-09,0.9999958276922101,0.9999958358441997,False,4.172307789929164e-06
Qwen/Qwen3-4B-instruct-2507,39,36,1.725769632168401e-08,0.9999929667012066,0.9999929839589029,False,7.033298793368559e-06
Qwen/Qwen3-4B-instruct-2507,39,37,1.18610975280741e-08,0.9999984502816872,0.9999984621427848,False,1.5497183127877179e-06
Qwen/Qwen3-4B-instruct-2507,39,38,1.3440358680137724e-08,0.9999966621509202,0.9999966755912789,False,3.337849079798616e-06
Qwen/Qwen3-4B-instruct-2507,39,39,0.9999986886995842,5.043471815847051e-07,0.9999991930467658,True,1.3113004158071817e-06
Qwen/Qwen3-4B-instruct-2507,39,40,1.7257531740251372e-08,0.9999831917733143,0.999983209030846,False,1.680822668570503e-05
Qwen/Qwen3-4B-instruct-2507,39,41,1.3440358680137724e-08,0.9999952316511552,0.9999952450915139,False,4.768348844774728e-06
Qwen/Qwen3-4B-instruct-2507,39,42,4.6910834933580506e-08,0.9999831917733143,0.9999832386841492,False,1.680822668570503e-05
Qwen/Qwen3-4B-instruct-2507,39,43,1.1861074904847522e-08,0.9999963045256735,0.9999963163867484,False,3.695474326548265e-06
Qwen/Qwen3-4B-instruct-2507,39,44,9.237379186091506e-09,0.9999921322487634,0.9999921414861426,False,7.8677512366232e-06
Qwen/Qwen3-4B-instruct-2507,39,45,9.930985949593232e-08,0.9999783043793048,0.9999784036891642,False,2.1695620695205697e-05
Qwen/Qwen3-4B-instruct-2507,39,46,1.046732193511129e-08,0.9999920130413283,0.9999920235086502,False,7.98695867165744e-06
Qwen/Qwen3-4B-instruct-2507,39,47,1.0467361864851814e-08,0.9999963045256735,0.9999963149930353,False,3.695474326548265e-06
Qwen/Qwen3-4B-instruct-2507,39,48,1.5229834500999985e-08,0.9999897481064004,0.9999897633362349,False,1.0251893599599882e-05
Qwen/Qwen3-4B-instruct-2507,39,49,1.046732193511129e-08,0.9999930859092101,0.999993096376532,False,6.914090789900129e-06
Qwen/Qwen3-4B-instruct-2507,39,50,1.3440281774008495e-08,0.9999897481064004,0.9999897615466822,False,1.0251893599599882e-05
Qwen/Qwen3-4B-instruct-2507,39,51,1.955545729212155e-08,0.9999884368330701,0.9999884563885274,False,1.1563166929851043e-05
Qwen/Qwen3-4B-instruct-2507,39,52,1.0467262040786102e-08,0.9999870063564401,0.9999870168237022,False,1.2993643559888746e-05
Qwen/Qwen3-4B-instruct-2507,39,53,1.344033304471242e-08,0.9999946356109105,0.9999946490512436,False,5.364389089490551e-06
Qwen/Qwen3-4B-instruct-2507,39,54,8.763997475877685e-08,0.9999722250068926,0.9999723126468674,False,2.777499310735454e-05
Qwen/Qwen3-4B-instruct-2507,39,55,1.046732193511129e-08,0.9999920130413283,0.9999920235086502,False,7.98695867165744e-06
Qwen/Qwen3-4B-instruct-2507,40,1,1.3440384315611926e-08,0.9999977350285647,0.9999977484689491,False,2.2649714352951378e-06
Qwen/Qwen3-4B-instruct-2507,40,2,1.3440358680137724e-08,0.9999963045256735,0.9999963179660322,False,3.695474326548265e-06
Qwen/Qwen3-4B-instruct-2507,40,3,1.5229950695859287e-08,0.9999984502816872,0.999998465511638,False,1.5497183127877179e-06
Qwen/Qwen3-4B-instruct-2507,40,4,1.5229921647061352e-08,0.9999963045256735,0.9999963197555951,False,3.695474326548265e-06
Qwen/Qwen3-4B-instruct-2507,40,5,1.3440384315611926e-08,0.9999982118638471,0.9999982253042314,False,1.7881361529248352e-06
Qwen/Qwen3-4B-instruct-2507,40,6,9.237432042950414e-09,0.9999982118638471,0.9999982211012791,False,1.7881361529248352e-06
Qwen/Qwen3-4B-instruct-2507,40,7,9.237449661970594e-09,0.9999990463265931,0.9999990555640428,False,9.536734069115482e-07
Qwen/Qwen3-4B-instruct-2507,40,8,1.3440384315611926e-08,0.9999971389852362,0.9999971524256206,False,2.861014763766434e-06
Qwen/Qwen3-4B-instruct-2507,40,9,8.152020714470167e-09,0.9999991655356624,0.9999991736876831,False,8.344643376290151e-07
Qwen/Qwen3-4B-instruct-2507,40,10,4.363453930307876e-09,0.9999979734461775,0.9999979778096314,False,2.026553822531696e-06
Qwen/Qwen3-4B-instruct-2507,40,11,5.602785751061334e-09,0.9999982118638471,0.9999982174666329,False,1.7881361529248352e-06
Qwen/Qwen3-4B-instruct-2507,40,12,4.363453930307876e-09,0.9999979734461775,0.9999979778096314,False,2.026553822531696e-06
Qwen/Qwen3-4B-instruct-2507,40,13,5.602796437537268e-09,0.9999991655356624,0.9999991711384588,False,8.344643376290151e-07
Qwen/Qwen3-4B-instruct-2507,40,14,4.9444410711567335e-09,0.9999984502816872,0.9999984552261283,False,1.5497183127877179e-06
Qwen/Qwen3-4B-instruct-2507,40,15,5.602785751061334e-09,0.9999984502816872,0.999998455884473,False,1.5497183127877179e-06
Qwen/Qwen3-4B-instruct-2507,40,16,3.850734578067279e-09,0.9999977350285647,0.9999977388792993,False,2.2649714352951378e-06
Qwen/Qwen3-4B-instruct-2507,40,17,4.363462252943702e-09,0.9999991655356624,0.9999991698991246,False,8.344643376290151e-07
Qwen/Qwen3-4B-instruct-2507,40,18,3.850734578067279e-09,0.9999988079084972,0.9999988117592318,False,1.1920915028440504e-06
Qwen/Qwen3-4B-instruct-2507,40,19,5.602796437537268e-09,0.9999990463265931,0.9999990519293895,False,9.536734069115482e-07
Qwen/Qwen3-4B-instruct-2507,40,20,4.9444410711567335e-09,0.9999979734461775,0.9999979783906185,False,2.026553822531696e-06
Qwen/Qwen3-4B-instruct-2507,40,21,5.602785751061334e-09,0.9999984502816872,0.999998455884473,False,1.5497183127877179e-06
Qwen/Qwen3-4B-instruct-2507,40,22,5.602785751061334e-09,0.9999979734461775,0.9999979790489633,False,2.026553822531696e-06
Qwen/Qwen3-4B-instruct-2507,40,23,6.348788006680007e-09,0.9999988079084972,0.9999988142572852,False,1.1920915028440504e-06
Qwen/Qwen3-4B-instruct-2507,40,24,5.602785751061334e-09,0.9999982118638471,0.9999982174666329,False,1.7881361529248352e-06
Qwen/Qwen3-4B-instruct-2507,40,25,4.363453930307876e-09,0.9999979734461775,0.9999979778096314,False,2.026553822531696e-06
Qwen/Qwen3-4B-instruct-2507,40,26,4.9444410711567335e-09,0.9999977350285647,0.9999977399730058,False,2.2649714352951378e-06
Qwen/Qwen3-4B-instruct-2507,40,27,4.9444410711567335e-09,0.9999985694905718,0.9999985744350128,False,1.430509428246296e-06
Qwen/Qwen3-4B-instruct-2507,40,28,3.850734578067279e-09,0.9999974966112362,0.9999975004619708,False,2.5033887638414853e-06
Qwen/Qwen3-4B-instruct-2507,40,29,5.602785751061334e-09,0.9999984502816872,0.999998455884473,False,1.5497183127877179e-06
Qwen/Qwen3-4B-instruct-2507,40,30,4.9444410711567335e-09,0.9999977350285647,0.9999977399730058,False,2.2649714352951378e-06
Qwen/Qwen3-4B-instruct-2507,40,31,5.602785751061334e-09,0.999998927117538,0.9999989327203238,False,1.0728824619832267e-06
Qwen/Qwen3-4B-instruct-2507,40,32,7.19411930861867e-09,0.9999971389852362,0.9999971461793555,False,2.861014763766434e-06
Qwen/Qwen3-4B-instruct-2507,40,33,4.9444410711567335e-09,0.9999988079084972,0.9999988128529382,False,1.1920915028440504e-06
Qwen/Qwen3-4B-instruct-2507,40,34,5.602785751061334e-09,0.9999984502816872,0.999998455884473,False,1.5497183127877179e-06
Qwen/Qwen3-4B-instruct-2507,40,35,7.19411930861867e-09,0.9999982118638471,0.9999982190579664,False,1.7881361529248352e-06
Qwen/Qwen3-4B-instruct-2507,40,36,7.19411930861867e-09,0.9999974966112362,0.9999975038053555,False,2.5033887638414853e-06
Qwen/Qwen3-4B-instruct-2507,40,37,6.348788006680007e-09,0.9999988079084972,0.9999988142572852,False,1.1920915028440504e-06
Qwen/Qwen3-4B-instruct-2507,40,38,5.602785751061334e-09,0.9999982118638471,0.9999982174666329,False,1.7881361529248352e-06
Qwen/Qwen3-4B-instruct-2507,40,39,1.18610975280741e-08,0.999998927117538,0.9999989389786356,False,1.0728824619832267e-06
Qwen/Qwen3-4B-instruct-2507,40,40,0.9999991655356624,3.059020287707785e-07,0.9999994714376912,True,8.344643376290151e-07
Qwen/Qwen3-4B-instruct-2507,40,41,1.1861074904847522e-08,0.9999966621509202,0.9999966740119951,False,3.337849079798616e-06
Qwen/Qwen3-4B-instruct-2507,40,42,1.7257729238158885e-08,0.9999936819476216,0.9999936992053509,False,6.318052378384564e-06
Qwen/Qwen3-4B-instruct-2507,40,43,7.19411930861867e-09,0.9999984502816872,0.9999984574758065,False,1.5497183127877179e-06
Qwen/Qwen3-4B-instruct-2507,40,44,1.5229863549631703e-08,0.9999921322487634,0.999992147478627,False,7.8677512366232e-06
Qwen/Qwen3-4B-instruct-2507,40,45,7.19411930861867e-09,0.9999971389852362,0.9999971461793555,False,2.861014763766434e-06
Qwen/Qwen3-4B-instruct-2507,40,46,9.23739680501087e-09,0.999995112442896,0.9999951216802928,False,4.887557104038542e-06
Qwen/Qwen3-4B-instruct-2507,40,47,8.152005165739432e-09,0.9999982118638471,0.9999982200158523,False,1.7881361529248352e-06
Qwen/Qwen3-4B-instruct-2507,40,48,6.02352788184049e-08,0.9999920130413283,0.9999920732766071,False,7.98695867165744e-06
Qwen/Qwen3-4B-instruct-2507,40,49,4.9444410711567335e-09,0.9999982118638471,0.9999982168082882,False,1.7881361529248352e-06
Qwen/Qwen3-4B-instruct-2507,40,50,8.15197406836693e-09,0.9999938011552557,0.9999938093072298,False,6.198844744287335e-06
Qwen/Qwen3-4B-instruct-2507,40,51,6.348788006680007e-09,0.9999982118638471,0.9999982182126351,False,1.7881361529248352e-06
Qwen/Qwen3-4B-instruct-2507,40,52,9.23739680501087e-09,0.9999938011552557,0.9999938103926526,False,6.198844744287335e-06
Qwen/Qwen3-4B-instruct-2507,40,53,5.602785751061334e-09,0.9999988079084972,0.999998813511283,False,1.1920915028440504e-06
Qwen/Qwen3-4B-instruct-2507,40,54,8.151989617038353e-09,0.9999952316511552,0.9999952398031449,False,4.768348844774728e-06
Qwen/Qwen3-4B-instruct-2507,40,55,5.602785751061334e-09,0.9999971389852362,0.999997144588022,False,2.861014763766434e-06
Qwen/Qwen3-4B-instruct-2507,41,1,6.825564320030807e-08,0.999995112442896,0.9999951806985392,False,4.887557104038542e-06
Qwen/Qwen3-4B-instruct-2507,41,2,2.8453185278936072e-08,0.9999936819476216,0.9999937104008069,False,6.318052378384564e-06
Qwen/Qwen3-4B-instruct-2507,41,3,4.139921926206193e-08,0.9999965429424904,0.9999965843417097,False,3.457057509592687e-06
Qwen/Qwen3-4B-instruct-2507,41,4,6.023516392883777e-08,0.9999897481064004,0.9999898083415644,False,1.0251893599599882e-05
Qwen/Qwen3-4B-instruct-2507,41,5,2.5109943663977427e-08,0.9999971389852362,0.9999971640951799,False,2.861014763766434e-06
Qwen/Qwen3-4B-instruct-2507,41,6,1.7257762154696544e-08,0.9999952316511552,0.9999952489089173,False,4.768348844774728e-06
Qwen/Qwen3-4B-instruct-2507,41,7,1.955564378838448e-08,0.9999977350285647,0.9999977545842085,False,2.2649714352951378e-06
Qwen/Qwen3-4B-instruct-2507,41,8,1.5229921647061352e-08,0.9999952316511552,0.9999952468810769,False,4.768348844774728e-06
Qwen/Qwen3-4B-instruct-2507,41,9,1.7257795071296986e-08,0.9999982118638471,0.9999982291216422,False,1.7881361529248352e-06
Qwen/Qwen3-4B-instruct-2507,41,10,5.602775064605783e-09,0.9999963045256735,0.9999963101284485,False,3.695474326548265e-06
Qwen/Qwen3-4B-instruct-2507,41,11,7.194105586938129e-09,0.9999966621509202,0.9999966693450257,False,3.337849079798616e-06
Qwen/Qwen3-4B-instruct-2507,41,12,5.602775064605783e-09,0.9999952316511552,0.9999952372539302,False,4.768348844774728e-06
Qwen/Qwen3-4B-instruct-2507,41,13,8.152005165739432e-09,0.9999971389852362,0.9999971471372414,False,2.861014763766434e-06
Qwen/Qwen3-4B-instruct-2507,41,14,6.348775897339431e-09,0.9999963045256735,0.9999963108744494,False,3.695474326548265e-06
Qwen/Qwen3-4B-instruct-2507,41,15,6.348788006680007e-09,0.9999979734461775,0.9999979797949655,False,2.026553822531696e-06
Qwen/Qwen3-4B-instruct-2507,41,16,1.046732193511129e-08,0.9999929667012066,0.9999929771685285,False,7.033298793368559e-06
Qwen/Qwen3-4B-instruct-2507,41,17,7.19411930861867e-09,0.9999979734461775,0.9999979806402968,False,2.026553822531696e-06
Qwen/Qwen3-4B-instruct-2507,41,18,5.602775064605783e-09,0.9999963045256735,0.9999963101284485,False,3.695474326548265e-06
Qwen/Qwen3-4B-instruct-2507,41,19,6.348788006680007e-09,0.9999982118638471,0.9999982182126351,False,1.7881361529248352e-06
Qwen/Qwen3-4B-instruct-2507,41,20,8.151958519725165e-09,0.9999920130413283,0.9999920211932869,False,7.98695867165744e-06
Qwen/Qwen3-4B-instruct-2507,41,21,6.348788006680007e-09,0.9999971389852362,0.9999971453340243,False,2.861014763766434e-06
Qwen/Qwen3-4B-instruct-2507,41,22,4.9444410711567335e-09,0.9999974966112362,0.9999975015556772,False,2.5033887638414853e-06
Qwen/Qwen3-4B-instruct-2507,41,23,8.152005165739432e-09,0.9999979734461775,0.9999979815981827,False,2.026553822531696e-06
Qwen/Qwen3-4B-instruct-2507,41,24,4.363445607687925e-09,0.9999957084838798,0.9999957128473254,False,4.291516120247252e-06
Qwen/Qwen3-4B-instruct-2507,41,25,6.348775897339431e-09,0.9999958276922101,0.999995834040986,False,4.172307789929164e-06
Qwen/Qwen3-4B-instruct-2507,41,26,4.94443164039281e-09,0.9999952316511552,0.9999952365955869,False,4.768348844774728e-06
Qwen/Qwen3-4B-instruct-2507,41,27,5.602775064605783e-09,0.9999958276922101,0.9999958332949851,False,4.172307789929164e-06
Qwen/Qwen3-4B-instruct-2507,41,28,6.348751678727569e-09,0.9999929667012066,0.9999929730499583,False,7.033298793368559e-06
Qwen/Qwen3-4B-instruct-2507,41,29,4.363453930307876e-09,0.9999982118638471,0.999998216227301,False,1.7881361529248352e-06
Qwen/Qwen3-4B-instruct-2507,41,30,6.348775897339431e-09,0.9999963045256735,0.9999963108744494,False,3.695474326548265e-06
Qwen/Qwen3-4B-instruct-2507,41,31,7.19411930861867e-09,0.9999977350285647,0.999997742222684,False,2.2649714352951378e-06
Qwen/Qwen3-4B-instruct-2507,41,32,1.5229834500999985e-08,0.9999909401759619,0.9999909554057964,False,9.059824038093467e-06
Qwen/Qwen3-4B-instruct-2507,41,33,6.348788006680007e-09,0.9999979734461775,0.9999979797949655,False,2.026553822531696e-06
Qwen/Qwen3-4B-instruct-2507,41,34,1.1861074904847522e-08,0.9999952316511552,0.9999952435122301,False,4.768348844774728e-06
Qwen/Qwen3-4B-instruct-2507,41,35,9.23741442396384e-09,0.9999963045256735,0.9999963137630878,False,3.695474326548265e-06
Qwen/Qwen3-4B-instruct-2507,41,36,6.348775897339431e-09,0.9999958276922101,0.999995834040986,False,4.172307789929164e-06
Qwen/Qwen3-4B-instruct-2507,41,37,1.18610975280741e-08,0.999998927117538,0.9999989389786356,False,1.0728824619832267e-06
Qwen/Qwen3-4B-instruct-2507,41,38,1.0467361864851814e-08,0.9999966621509202,0.9999966726182821,False,3.337849079798616e-06
Qwen/Qwen3-4B-instruct-2507,41,39,1.18610975280741e-08,0.9999982118638471,0.9999982237249446,False,1.7881361529248352e-06
Qwen/Qwen3-4B-instruct-2507,41,40,5.043442956952399e-07,0.9999930859092101,0.9999935902535058,False,6.914090789900129e-06
Qwen/Qwen3-4B-instruct-2507,41,41,0.9999985694905718,5.043471815847051e-07,0.9999990738377533,True,1.430509428246296e-06
Qwen/Qwen3-4B-instruct-2507,41,42,1.2751687015779368e-07,0.9999829533624089,0.9999830808792791,False,1.704663759105607e-05
Qwen/Qwen3-4B-instruct-2507,41,43,4.139914029939298e-08,0.9999945164027223,0.9999945578018626,False,5.483597277700092e-06
Qwen/Qwen3-4B-instruct-2507,41,44,3.058938604144094e-07,0.9999719866022398,0.9999722924961003,False,2.8013397760151548e-05
Qwen/Qwen3-4B-instruct-2507,41,45,1.046734189996251e-08,0.9999938011552557,0.9999938116225976,False,6.198844744287335e-06
Qwen/Qwen3-4B-instruct-2507,41,46,1.9555419993082388e-08,0.9999867679437158,0.9999867874991357,False,1.3232056284229188e-05
Qwen/Qwen3-4B-instruct-2507,41,47,1.7257729238158885e-08,0.9999946356109105,0.9999946528686398,False,5.364389089490551e-06
Qwen/Qwen3-4B-instruct-2507,41,48,1.2751687015779368e-07,0.9999830725678546,0.9999832000847247,False,1.6927432145430465e-05
Qwen/Qwen3-4B-instruct-2507,41,49,1.725769632168401e-08,0.9999921322487634,0.9999921495064596,False,7.8677512366232e-06
Qwen/Qwen3-4B-instruct-2507,41,50,1.3440307409336009e-08,0.9999921322487634,0.9999921456890708,False,7.8677512366232e-06
Qwen/Qwen3-4B-instruct-2507,41,51,1.725769632168401e-08,0.9999921322487634,0.9999921495064596,False,7.8677512366232e-06
Qwen/Qwen3-4B-instruct-2507,41,52,6.825460170979211e-08,0.9999783043793048,0.9999783726339065,False,2.1695620695205697e-05
Qwen/Qwen3-4B-instruct-2507,41,53,1.7257762154696544e-08,0.9999958276922101,0.9999958449499722,False,4.172307789929164e-06
Qwen/Qwen3-4B-instruct-2507,41,54,1.046732193511129e-08,0.9999930859092101,0.999993096376532,False,6.914090789900129e-06
Qwen/Qwen3-4B-instruct-2507,41,55,1.3440281774008495e-08,0.999991059383269,0.9999910728235508,False,8.940616730956918e-06
Qwen/Qwen3-4B-instruct-2507,42,1,1.955560648898961e-08,0.9999961853172863,0.9999962048728928,False,3.8146827137097716e-06
Qwen/Qwen3-4B-instruct-2507,42,2,1.18610975280741e-08,0.9999971389852362,0.9999971508463338,False,2.861014763766434e-06
Qwen/Qwen3-4B-instruct-2507,42,3,1.3440384315611926e-08,0.9999984502816872,0.9999984637220716,False,1.5497183127877179e-06
Qwen/Qwen3-4B-instruct-2507,42,4,1.955560648898961e-08,0.9999961853172863,0.9999962048728928,False,3.8146827137097716e-06
Qwen/Qwen3-4B-instruct-2507,42,5,1.18610975280741e-08,0.9999979734461775,0.999997985307275,False,2.026553822531696e-06
Qwen/Qwen3-4B-instruct-2507,42,6,8.151989617038353e-09,0.9999966621509202,0.9999966703029098,False,3.337849079798616e-06
Qwen/Qwen3-4B-instruct-2507,42,7,9.237432042950414e-09,0.9999984502816872,0.9999984595191193,False,1.5497183127877179e-06
Qwen/Qwen3-4B-instruct-2507,42,8,1.0467361864851814e-08,0.9999966621509202,0.9999966726182821,False,3.337849079798616e-06
Qwen/Qwen3-4B-instruct-2507,42,9,9.237432042950414e-09,0.9999988079084972,0.9999988171459292,False,1.1920915028440504e-06
Qwen/Qwen3-4B-instruct-2507,42,10,6.348788006680007e-09,0.9999971389852362,0.9999971453340243,False,2.861014763766434e-06
Qwen/Qwen3-4B-instruct-2507,42,11,5.602785751061334e-09,0.9999977350285647,0.9999977406313505,False,2.2649714352951378e-06
Qwen/Qwen3-4B-instruct-2507,42,12,4.94443164039281e-09,0.9999963045256735,0.9999963094701051,False,3.695474326548265e-06
Qwen/Qwen3-4B-instruct-2507,42,13,7.19411930861867e-09,0.9999984502816872,0.9999984574758065,False,1.5497183127877179e-06
Qwen/Qwen3-4B-instruct-2507,42,14,3.850727233380951e-09,0.9999963045256735,0.9999963083764006,False,3.695474326548265e-06
Qwen/Qwen3-4B-instruct-2507,42,15,4.9444410711567335e-09,0.9999979734461775,0.9999979783906185,False,2.026553822531696e-06
Qwen/Qwen3-4B-instruct-2507,42,16,5.602764378170615e-09,0.999995112442896,0.9999951180456603,False,4.887557104038542e-06
Qwen/Qwen3-4B-instruct-2507,42,17,5.602785751061334e-09,0.9999979734461775,0.9999979790489633,False,2.026553822531696e-06
Qwen/Qwen3-4B-instruct-2507,42,18,5.602785751061334e-09,0.9999974966112362,0.999997502214022,False,2.5033887638414853e-06
Qwen/Qwen3-4B-instruct-2507,42,19,5.602785751061334e-09,0.9999984502816872,0.999998455884473,False,1.5497183127877179e-06
Qwen/Qwen3-4B-instruct-2507,42,20,6.348775897339431e-09,0.9999963045256735,0.9999963108744494,False,3.695474326548265e-06
Qwen/Qwen3-4B-instruct-2507,42,21,3.850734578067279e-09,0.9999983310727032,0.9999983349234378,False,1.6689272968051228e-06
Qwen/Qwen3-4B-instruct-2507,42,22,5.602785751061334e-09,0.9999974966112362,0.999997502214022,False,2.5033887638414853e-06
Qwen/Qwen3-4B-instruct-2507,42,23,1.0467381829779195e-08,0.9999979734461775,0.9999979839135593,False,2.026553822531696e-06
Qwen/Qwen3-4B-instruct-2507,42,24,7.194105586938129e-09,0.9999958276922101,0.9999958348863156,False,4.172307789929164e-06
Qwen/Qwen3-4B-instruct-2507,42,25,7.19411930861867e-09,0.9999971389852362,0.9999971461793555,False,2.861014763766434e-06
Qwen/Qwen3-4B-instruct-2507,42,26,4.363453930307876e-09,0.9999974966112362,0.9999975009746901,False,2.5033887638414853e-06
Qwen/Qwen3-4B-instruct-2507,42,27,5.602785751061334e-09,0.9999971389852362,0.999997144588022,False,2.861014763766434e-06
Qwen/Qwen3-4B-instruct-2507,42,28,7.194091865283758e-09,0.9999945164027223,0.9999945235968142,False,5.483597277700092e-06
Qwen/Qwen3-4B-instruct-2507,42,29,6.348788006680007e-09,0.9999985694905718,0.9999985758393598,False,1.430509428246296e-06
Qwen/Qwen3-4B-instruct-2507,42,30,6.348775897339431e-09,0.9999966621509202,0.9999966684996962,False,3.337849079798616e-06
Qwen/Qwen3-4B-instruct-2507,42,31,7.19411930861867e-09,0.9999982118638471,0.9999982190579664,False,1.7881361529248352e-06
Qwen/Qwen3-4B-instruct-2507,42,32,5.602775064605783e-09,0.9999952316511552,0.9999952372539302,False,4.768348844774728e-06
Qwen/Qwen3-4B-instruct-2507,42,33,4.9444410711567335e-09,0.9999977350285647,0.9999977399730058,False,2.2649714352951378e-06
Qwen/Qwen3-4B-instruct-2507,42,34,8.152005165739432e-09,0.9999971389852362,0.9999971471372414,False,2.861014763766434e-06
Qwen/Qwen3-4B-instruct-2507,42,35,5.602785751061334e-09,0.9999979734461775,0.9999979790489633,False,2.026553822531696e-06
Qwen/Qwen3-4B-instruct-2507,42,36,9.23741442396384e-09,0.9999957084838798,0.9999957177212941,False,4.291516120247252e-06
Qwen/Qwen3-4B-instruct-2507,42,37,8.152005165739432e-09,0.9999985694905718,0.9999985776425769,False,1.430509428246296e-06
Qwen/Qwen3-4B-instruct-2507,42,38,4.9444410711567335e-09,0.9999977350285647,0.9999977399730058,False,2.2649714352951378e-06
Qwen/Qwen3-4B-instruct-2507,42,39,7.19411930861867e-09,0.9999979734461775,0.9999979806402968,False,2.026553822531696e-06
Qwen/Qwen3-4B-instruct-2507,42,40,1.955556918966588e-08,0.999995112442896,0.9999951319984651,False,4.887557104038542e-06
Qwen/Qwen3-4B-instruct-2507,42,41,1.7257795071296986e-08,0.9999984502816872,0.9999984675394823,False,1.5497183127877179e-06
Qwen/Qwen3-4B-instruct-2507,42,42,0.9999967813595916,1.7603412757721762e-06,0.9999985417008673,True,3.218640408420015e-06
Qwen/Qwen3-4B-instruct-2507,42,43,1.7257762154696544e-08,0.9999958276922101,0.9999958449499722,False,4.172307789929164e-06
Qwen/Qwen3-4B-instruct-2507,42,44,2.5109656305121405e-08,0.9999868871505255,0.9999869122601819,False,1.3112849474472554e-05
Qwen/Qwen3-4B-instruct-2507,42,45,9.23741442396384e-09,0.9999963045256735,0.9999963137630878,False,3.695474326548265e-06
Qwen/Qwen3-4B-instruct-2507,42,46,9.23741442396384e-09,0.9999952316511552,0.9999952408885696,False,4.768348844774728e-06
Qwen/Qwen3-4B-instruct-2507,42,47,1.0467381829779195e-08,0.9999974966112362,0.999997507078618,False,2.5033887638414853e-06
Qwen/Qwen3-4B-instruct-2507,42,48,4.222742543387703e-06,0.9999741322534375,0.9999783549959809,False,2.5867746562546756e-05
Qwen/Qwen3-4B-instruct-2507,42,49,5.602775064605783e-09,0.9999966621509202,0.9999966677536952,False,3.337849079798616e-06
Qwen/Qwen3-4B-instruct-2507,42,50,7.194105586938129e-09,0.9999963045256735,0.999996311719779,False,3.695474326548265e-06
Qwen/Qwen3-4B-instruct-2507,42,51,8.152005165739432e-09,0.9999971389852362,0.9999971471372414,False,2.861014763766434e-06
Qwen/Qwen3-4B-instruct-2507,42,52,1.7257597572636077e-08,0.9999868871505255,0.9999869044081231,False,1.3112849474472554e-05
Qwen/Qwen3-4B-instruct-2507,42,53,8.152005165739432e-09,0.9999977350285647,0.9999977431805699,False,2.2649714352951378e-06
Qwen/Qwen3-4B-instruct-2507,42,54,1.046734189996251e-08,0.9999936819476216,0.9999936924149635,False,6.318052378384564e-06
Qwen/Qwen3-4B-instruct-2507,42,55,8.151989617038353e-09,0.9999963045256735,0.9999963126776631,False,3.695474326548265e-06
Qwen/Qwen3-4B-instruct-2507,43,1,6.023550859819657e-08,0.9999961853172863,0.9999962455527949,False,3.8146827137097716e-06
Qwen/Qwen3-4B-instruct-2507,43,2,2.8453185278936072e-08,0.999995112442896,0.9999951408960812,False,4.887557104038542e-06
Qwen/Qwen3-4B-instruct-2507,43,3,3.6534752452633856e-08,0.9999983310727032,0.9999983676074556,False,1.6689272968051228e-06
Qwen/Qwen3-4B-instruct-2507,43,4,4.691137178855366e-08,0.9999936819476216,0.9999937288589934,False,6.318052378384564e-06
Qwen/Qwen3-4B-instruct-2507,43,5,2.5109943663977427e-08,0.9999979734461775,0.9999979985561211,False,2.026553822531696e-06
Qwen/Qwen3-4B-instruct-2507,43,6,1.3440384315611926e-08,0.9999971389852362,0.9999971524256206,False,2.861014763766434e-06
Qwen/Qwen3-4B-instruct-2507,43,7,1.7257795071296986e-08,0.9999982118638471,0.9999982291216422,False,1.7881361529248352e-06
Qwen/Qwen3-4B-instruct-2507,43,8,9.237432042950414e-09,0.9999974966112362,0.9999975058486682,False,2.5033887638414853e-06
Qwen/Qwen3-4B-instruct-2507,43,9,1.3440409951135022e-08,0.9999990463265931,0.999999059767003,False,9.536734069115482e-07
Qwen/Qwen3-4B-instruct-2507,43,10,6.348788006680007e-09,0.9999974966112362,0.9999975029600242,False,2.5033887638414853e-06
Qwen/Qwen3-4B-instruct-2507,43,11,7.19411930861867e-09,0.9999979734461775,0.9999979806402968,False,2.026553822531696e-06
Qwen/Qwen3-4B-instruct-2507,43,12,4.363453930307876e-09,0.9999977350285647,0.9999977393920186,False,2.2649714352951378e-06
Qwen/Qwen3-4B-instruct-2507,43,13,9.237432042950414e-09,0.9999979734461775,0.9999979826836095,False,2.026553822531696e-06
Qwen/Qwen3-4B-instruct-2507,43,14,5.602785751061334e-09,0.9999974966112362,0.999997502214022,False,2.5033887638414853e-06
Qwen/Qwen3-4B-instruct-2507,43,15,7.19411930861867e-09,0.9999979734461775,0.9999979806402968,False,2.026553822531696e-06
Qwen/Qwen3-4B-instruct-2507,43,16,4.363445607687925e-09,0.9999966621509202,0.9999966665143658,False,3.337849079798616e-06
Qwen/Qwen3-4B-instruct-2507,43,17,5.602785751061334e-09,0.9999988079084972,0.999998813511283,False,1.1920915028440504e-06
Qwen/Qwen3-4B-instruct-2507,43,18,3.850734578067279e-09,0.9999982118638471,0.9999982157145817,False,1.7881361529248352e-06
Qwen/Qwen3-4B-instruct-2507,43,19,4.9444410711567335e-09,0.9999988079084972,0.9999988128529382,False,1.1920915028440504e-06
Qwen/Qwen3-4B-instruct-2507,43,20,4.94443164039281e-09,0.9999966621509202,0.9999966670953518,False,3.337849079798616e-06
Qwen/Qwen3-4B-instruct-2507,43,21,6.348788006680007e-09,0.9999977350285647,0.9999977413773528,False,2.2649714352951378e-06
Qwen/Qwen3-4B-instruct-2507,43,22,4.363453930307876e-09,0.9999984502816872,0.9999984546451411,False,1.5497183127877179e-06
Qwen/Qwen3-4B-instruct-2507,43,23,8.152005165739432e-09,0.9999985694905718,0.9999985776425769,False,1.430509428246296e-06
Qwen/Qwen3-4B-instruct-2507,43,24,2.9989551047989332e-09,0.9999974966112362,0.9999974996101912,False,2.5033887638414853e-06
Qwen/Qwen3-4B-instruct-2507,43,25,4.363453930307876e-09,0.9999977350285647,0.9999977393920186,False,2.2649714352951378e-06
Qwen/Qwen3-4B-instruct-2507,43,26,4.363453930307876e-09,0.9999971389852362,0.9999971433486902,False,2.861014763766434e-06
Qwen/Qwen3-4B-instruct-2507,43,27,6.348788006680007e-09,0.9999974966112362,0.9999975029600242,False,2.5033887638414853e-06
Qwen/Qwen3-4B-instruct-2507,43,28,4.363445607687925e-09,0.9999966621509202,0.9999966665143658,False,3.337849079798616e-06
Qwen/Qwen3-4B-instruct-2507,43,29,5.602785751061334e-09,0.9999982118638471,0.9999982174666329,False,1.7881361529248352e-06
Qwen/Qwen3-4B-instruct-2507,43,30,3.850734578067279e-09,0.9999984502816872,0.9999984541324218,False,1.5497183127877179e-06
Qwen/Qwen3-4B-instruct-2507,43,31,8.152005165739432e-09,0.9999988079084972,0.9999988160605023,False,1.1920915028440504e-06
Qwen/Qwen3-4B-instruct-2507,43,32,5.602775064605783e-09,0.9999966621509202,0.9999966677536952,False,3.337849079798616e-06
Qwen/Qwen3-4B-instruct-2507,43,33,4.9444410711567335e-09,0.999998927117538,0.9999989320619791,False,1.0728824619832267e-06
Qwen/Qwen3-4B-instruct-2507,43,34,6.348788006680007e-09,0.9999979734461775,0.9999979797949655,False,2.026553822531696e-06
Qwen/Qwen3-4B-instruct-2507,43,35,6.348788006680007e-09,0.9999979734461775,0.9999979797949655,False,2.026553822531696e-06
Qwen/Qwen3-4B-instruct-2507,43,36,3.850734578067279e-09,0.9999979734461775,0.9999979772969121,False,2.026553822531696e-06
Qwen/Qwen3-4B-instruct-2507,43,37,1.186112015134383e-08,0.9999991655356624,0.9999991773967826,False,8.344643376290151e-07
Qwen/Qwen3-4B-instruct-2507,43,38,6.348788006680007e-09,0.9999979734461775,0.9999979797949655,False,2.026553822531696e-06
Qwen/Qwen3-4B-instruct-2507,43,39,8.152005165739432e-09,0.9999985694905718,0.9999985776425769,False,1.430509428246296e-06
Qwen/Qwen3-4B-instruct-2507,43,40,9.237432042950414e-09,0.9999976158197796,0.9999976250572117,False,2.3841802203605766e-06
Qwen/Qwen3-4B-instruct-2507,43,41,2.5109943663977427e-08,0.999998927117538,0.9999989522274817,False,1.0728824619832267e-06
Qwen/Qwen3-4B-instruct-2507,43,42,1.5229950695859287e-08,0.9999974966112362,0.9999975118411869,False,2.5033887638414853e-06
Qwen/Qwen3-4B-instruct-2507,43,43,0.999998927117538,5.043471815847051e-07,0.9999994314647196,True,1.0728824619832267e-06
Qwen/Qwen3-4B-instruct-2507,43,44,2.382317411965346e-07,0.9999781851762466,0.9999784234079878,False,2.1814823753407708e-05
Qwen/Qwen3-4B-instruct-2507,43,45,1.0467361864851814e-08,0.9999952316511552,0.9999952421185171,False,4.768348844774728e-06
Qwen/Qwen3-4B-instruct-2507,43,46,2.2159320710520812e-08,0.9999920130413283,0.999992035200649,False,7.98695867165744e-06
Qwen/Qwen3-4B-instruct-2507,43,47,2.510984787732669e-08,0.999995112442896,0.9999951375527438,False,4.887557104038542e-06
Qwen/Qwen3-4B-instruct-2507,43,48,2.510984787732669e-08,0.999994397195003,0.9999944223048509,False,5.602804996951427e-06
Qwen/Qwen3-4B-instruct-2507,43,49,1.0467361864851814e-08,0.9999958276922101,0.9999958381595719,False,4.172307789929164e-06
Qwen/Qwen3-4B-instruct-2507,43,50,8.151989617038353e-09,0.9999958276922101,0.9999958358441997,False,4.172307789929164e-06
Qwen/Qwen3-4B-instruct-2507,43,51,1.3440358680137724e-08,0.9999958276922101,0.9999958411325688,False,4.172307789929164e-06
Qwen/Qwen3-4B-instruct-2507,43,52,1.7257729238158885e-08,0.9999945164027223,0.9999945336604515,False,5.483597277700092e-06
Qwen/Qwen3-4B-instruct-2507,43,53,1.3440384315611926e-08,0.9999971389852362,0.9999971524256206,False,2.861014763766434e-06
Qwen/Qwen3-4B-instruct-2507,43,54,4.9444410711567335e-09,0.9999974966112362,0.9999975015556772,False,2.5033887638414853e-06
Qwen/Qwen3-4B-instruct-2507,43,55,8.151989617038353e-09,0.9999963045256735,0.9999963126776631,False,3.695474326548265e-06
Qwen/Qwen3-4B-instruct-2507,44,1,2.5109895770606383e-08,0.9999961853172863,0.999996210427182,False,3.8146827137097716e-06
Qwen/Qwen3-4B-instruct-2507,44,2,1.955556918966588e-08,0.999995112442896,0.9999951319984651,False,4.887557104038542e-06
Qwen/Qwen3-4B-instruct-2507,44,3,1.5229950695859287e-08,0.9999988079084972,0.9999988231384479,False,1.1920915028440504e-06
Qwen/Qwen3-4B-instruct-2507,44,4,2.5109799984138346e-08,0.9999920130413283,0.9999920381511284,False,7.98695867165744e-06
Qwen/Qwen3-4B-instruct-2507,44,5,1.955564378838448e-08,0.9999976158197796,0.9999976353754234,False,2.3841802203605766e-06
Qwen/Qwen3-4B-instruct-2507,44,6,1.3440358680137724e-08,0.9999970197767496,0.9999970332171083,False,2.980223250403924e-06
Qwen/Qwen3-4B-instruct-2507,44,7,1.5229950695859287e-08,0.9999976158197796,0.9999976310497304,False,2.3841802203605766e-06
Qwen/Qwen3-4B-instruct-2507,44,8,2.510984787732669e-08,0.9999945164027223,0.9999945415125702,False,5.483597277700092e-06
Qwen/Qwen3-4B-instruct-2507,44,9,1.18610975280741e-08,0.9999988079084972,0.9999988197695947,False,1.1920915028440504e-06
Qwen/Qwen3-4B-instruct-2507,44,10,7.194105586938129e-09,0.9999963045256735,0.999996311719779,False,3.695474326548265e-06
Qwen/Qwen3-4B-instruct-2507,44,11,1.0467361864851814e-08,0.9999970197767496,0.9999970302441115,False,2.980223250403924e-06
Qwen/Qwen3-4B-instruct-2507,44,12,7.194105586938129e-09,0.9999963045256735,0.999996311719779,False,3.695474326548265e-06
Qwen/Qwen3-4B-instruct-2507,44,13,9.237432042950414e-09,0.9999974966112362,0.9999975058486682,False,2.5033887638414853e-06
Qwen/Qwen3-4B-instruct-2507,44,14,8.152005165739432e-09,0.9999974966112362,0.9999975047632413,False,2.5033887638414853e-06
Qwen/Qwen3-4B-instruct-2507,44,15,8.152005165739432e-09,0.9999974966112362,0.9999975047632413,False,2.5033887638414853e-06
Qwen/Qwen3-4B-instruct-2507,44,16,1.6373646384423408e-07,0.9999927282861518,0.9999928920226157,False,7.271713848178152e-06
Qwen/Qwen3-4B-instruct-2507,44,17,8.152005165739432e-09,0.9999982118638471,0.9999982200158523,False,1.7881361529248352e-06
Qwen/Qwen3-4B-instruct-2507,44,18,7.19411930861867e-09,0.9999974966112362,0.9999975038053555,False,2.5033887638414853e-06
Qwen/Qwen3-4B-instruct-2507,44,19,7.19411930861867e-09,0.9999985694905718,0.999998576684691,False,1.430509428246296e-06
Qwen/Qwen3-4B-instruct-2507,44,20,9.23739680501087e-09,0.9999945164027223,0.9999945256401191,False,5.483597277700092e-06
Qwen/Qwen3-4B-instruct-2507,44,21,8.152005165739432e-09,0.9999977350285647,0.9999977431805699,False,2.2649714352951378e-06
Qwen/Qwen3-4B-instruct-2507,44,22,9.23741442396384e-09,0.9999961853172863,0.9999961945547007,False,3.8146827137097716e-06
Qwen/Qwen3-4B-instruct-2507,44,23,9.237432042950414e-09,0.9999984502816872,0.9999984595191193,False,1.5497183127877179e-06
Qwen/Qwen3-4B-instruct-2507,44,24,1.046734189996251e-08,0.9999945164027223,0.9999945268700642,False,5.483597277700092e-06
Qwen/Qwen3-4B-instruct-2507,44,25,6.348788006680007e-09,0.9999971389852362,0.9999971453340243,False,2.861014763766434e-06
Qwen/Qwen3-4B-instruct-2507,44,26,7.194105586938129e-09,0.9999966621509202,0.9999966693450257,False,3.337849079798616e-06
Qwen/Qwen3-4B-instruct-2507,44,27,8.152005165739432e-09,0.9999977350285647,0.9999977431805699,False,2.2649714352951378e-06
Qwen/Qwen3-4B-instruct-2507,44,28,6.348763788021952e-09,0.9999945164027223,0.999994522751486,False,5.483597277700092e-06
Qwen/Qwen3-4B-instruct-2507,44,29,7.19411930861867e-09,0.9999982118638471,0.9999982190579664,False,1.7881361529248352e-06
Qwen/Qwen3-4B-instruct-2507,44,30,7.19411930861867e-09,0.9999974966112362,0.9999975038053555,False,2.5033887638414853e-06
Qwen/Qwen3-4B-instruct-2507,44,31,7.19411930861867e-09,0.9999982118638471,0.9999982190579664,False,1.7881361529248352e-06
Qwen/Qwen3-4B-instruct-2507,44,32,1.7257729238158885e-08,0.9999936819476216,0.9999936992053509,False,6.318052378384564e-06
Qwen/Qwen3-4B-instruct-2507,44,33,6.348788006680007e-09,0.9999982118638471,0.9999982182126351,False,1.7881361529248352e-06
Qwen/Qwen3-4B-instruct-2507,44,34,8.152005165739432e-09,0.9999977350285647,0.9999977431805699,False,2.2649714352951378e-06
Qwen/Qwen3-4B-instruct-2507,44,35,1.0467381829779195e-08,0.9999971389852362,0.9999971494526181,False,2.861014763766434e-06
Qwen/Qwen3-4B-instruct-2507,44,36,1.1861074904847522e-08,0.9999957084838798,0.9999957203449547,False,4.291516120247252e-06
Qwen/Qwen3-4B-instruct-2507,44,37,1.0467381829779195e-08,0.9999984502816872,0.9999984607490691,False,1.5497183127877179e-06
Qwen/Qwen3-4B-instruct-2507,44,38,9.237432042950414e-09,0.9999971389852362,0.9999971482226683,False,2.861014763766434e-06
Qwen/Qwen3-4B-instruct-2507,44,39,8.152005165739432e-09,0.9999982118638471,0.9999982200158523,False,1.7881361529248352e-06
Qwen/Qwen3-4B-instruct-2507,44,40,2.8453185278936072e-08,0.9999945164027223,0.9999945448559076,False,5.483597277700092e-06
Qwen/Qwen3-4B-instruct-2507,44,41,1.0467381829779195e-08,0.9999974966112362,0.999997507078618,False,2.5033887638414853e-06
Qwen/Qwen3-4B-instruct-2507,44,42,1.955560648898961e-08,0.9999961853172863,0.9999962048728928,False,3.8146827137097716e-06
Qwen/Qwen3-4B-instruct-2507,44,43,1.955564378838448e-08,0.9999982118638471,0.9999982314194908,False,1.7881361529248352e-06
Qwen/Qwen3-4B-instruct-2507,44,44,0.9999985694905718,5.715002286213223e-07,0.9999991409908003,True,1.430509428246296e-06
Qwen/Qwen3-4B-instruct-2507,44,45,1.5229892598318825e-08,0.9999945164027223,0.9999945316326149,False,5.483597277700092e-06
Qwen/Qwen3-4B-instruct-2507,44,46,2.8452968199188003e-08,0.9999868871505255,0.9999869156034937,False,1.3112849474472554e-05
Qwen/Qwen3-4B-instruct-2507,44,47,1.18610975280741e-08,0.9999974966112362,0.9999975084723337,False,2.5033887638414853e-06
Qwen/Qwen3-4B-instruct-2507,44,48,1.300685109160827e-05,0.9999654305001977,0.9999784373512893,False,3.4569499802294956e-05
Qwen/Qwen3-4B-instruct-2507,44,49,9.23741442396384e-09,0.9999961853172863,0.9999961945547007,False,3.8146827137097716e-06
Qwen/Qwen3-4B-instruct-2507,44,50,1.1861052281664094e-08,0.9999936819476216,0.9999936938086739,False,6.318052378384564e-06
Qwen/Qwen3-4B-instruct-2507,44,51,8.152005165739432e-09,0.9999974966112362,0.9999975047632413,False,2.5033887638414853e-06
Qwen/Qwen3-4B-instruct-2507,44,52,6.825512245306361e-08,0.9999868871505255,0.999986955405648,False,1.3112849474472554e-05
Qwen/Qwen3-4B-instruct-2507,44,53,1.0467381829779195e-08,0.9999974966112362,0.999997507078618,False,2.5033887638414853e-06
Qwen/Qwen3-4B-instruct-2507,44,54,9.23741442396384e-09,0.9999952316511552,0.9999952408885696,False,4.768348844774728e-06
Qwen/Qwen3-4B-instruct-2507,44,55,8.15197406836693e-09,0.9999938011552557,0.9999938093072298,False,6.198844744287335e-06
Qwen/Qwen3-4B-instruct-2507,45,1,1.955560648898961e-08,0.9999963045256735,0.9999963240812799,False,3.695474326548265e-06
Qwen/Qwen3-4B-instruct-2507,45,2,1.3440358680137724e-08,0.9999952316511552,0.9999952450915139,False,4.768348844774728e-06
Qwen/Qwen3-4B-instruct-2507,45,3,1.3440384315611926e-08,0.9999977350285647,0.9999977484689491,False,2.2649714352951378e-06
Qwen/Qwen3-4B-instruct-2507,45,4,1.3440358680137724e-08,0.9999952316511552,0.9999952450915139,False,4.768348844774728e-06
Qwen/Qwen3-4B-instruct-2507,45,5,9.237432042950414e-09,0.9999979734461775,0.9999979826836095,False,2.026553822531696e-06
Qwen/Qwen3-4B-instruct-2507,45,6,9.23741442396384e-09,0.9999963045256735,0.9999963137630878,False,3.695474326548265e-06
Qwen/Qwen3-4B-instruct-2507,45,7,8.152005165739432e-09,0.9999984502816872,0.9999984584336924,False,1.5497183127877179e-06
Qwen/Qwen3-4B-instruct-2507,45,8,8.151989617038353e-09,0.9999952316511552,0.9999952398031449,False,4.768348844774728e-06
Qwen/Qwen3-4B-instruct-2507,45,9,1.18610975280741e-08,0.9999979734461775,0.999997985307275,False,2.026553822531696e-06
Qwen/Qwen3-4B-instruct-2507,45,10,6.348775897339431e-09,0.9999952316511552,0.9999952379999312,False,4.768348844774728e-06
Qwen/Qwen3-4B-instruct-2507,45,11,5.602785751061334e-09,0.9999974966112362,0.999997502214022,False,2.5033887638414853e-06
Qwen/Qwen3-4B-instruct-2507,45,12,5.602775064605783e-09,0.9999952316511552,0.9999952372539302,False,4.768348844774728e-06
Qwen/Qwen3-4B-instruct-2507,45,13,7.19411930861867e-09,0.9999974966112362,0.9999975038053555,False,2.5033887638414853e-06
Qwen/Qwen3-4B-instruct-2507,45,14,4.9444410711567335e-09,0.9999971389852362,0.9999971439296773,False,2.861014763766434e-06
Qwen/Qwen3-4B-instruct-2507,45,15,9.23741442396384e-09,0.9999958276922101,0.9999958369296245,False,4.172307789929164e-06
Qwen/Qwen3-4B-instruct-2507,45,16,5.602775064605783e-09,0.9999952316511552,0.9999952372539302,False,4.768348844774728e-06
Qwen/Qwen3-4B-instruct-2507,45,17,5.602785751061334e-09,0.9999979734461775,0.9999979790489633,False,2.026553822531696e-06
Qwen/Qwen3-4B-instruct-2507,45,18,5.602775064605783e-09,0.9999952316511552,0.9999952372539302,False,4.768348844774728e-06
Qwen/Qwen3-4B-instruct-2507,45,19,5.602785751061334e-09,0.9999977350285647,0.9999977406313505,False,2.2649714352951378e-06
Qwen/Qwen3-4B-instruct-2507,45,20,8.151942971113056e-09,0.9999898673126559,0.9999898754645989,False,1.0132687344066582e-05
Qwen/Qwen3-4B-instruct-2507,45,21,4.9444410711567335e-09,0.9999974966112362,0.9999975015556772,False,2.5033887638414853e-06
Qwen/Qwen3-4B-instruct-2507,45,22,5.602775064605783e-09,0.9999966621509202,0.9999966677536952,False,3.337849079798616e-06
Qwen/Qwen3-4B-instruct-2507,45,23,6.348788006680007e-09,0.9999979734461775,0.9999979797949655,False,2.026553822531696e-06
Qwen/Qwen3-4B-instruct-2507,45,24,7.194078143655561e-09,0.9999921322487634,0.9999921394428415,False,7.8677512366232e-06
Qwen/Qwen3-4B-instruct-2507,45,25,4.363437285083848e-09,0.9999938011552557,0.999993805518693,False,6.198844744287335e-06
Qwen/Qwen3-4B-instruct-2507,45,26,4.363445607687925e-09,0.9999963045256735,0.9999963088891191,False,3.695474326548265e-06
Qwen/Qwen3-4B-instruct-2507,45,27,4.94443164039281e-09,0.9999952316511552,0.9999952365955869,False,4.768348844774728e-06
Qwen/Qwen3-4B-instruct-2507,45,28,4.363445607687925e-09,0.9999952316511552,0.9999952360146008,False,4.768348844774728e-06
Qwen/Qwen3-4B-instruct-2507,45,29,6.348775897339431e-09,0.9999966621509202,0.9999966684996962,False,3.337849079798616e-06
Qwen/Qwen3-4B-instruct-2507,45,30,8.151958519725165e-09,0.9999921322487634,0.9999921404007219,False,7.8677512366232e-06
Qwen/Qwen3-4B-instruct-2507,45,31,4.9444410711567335e-09,0.9999977350285647,0.9999977399730058,False,2.2649714352951378e-06
Qwen/Qwen3-4B-instruct-2507,45,32,4.94443164039281e-09,0.9999952316511552,0.9999952365955869,False,4.768348844774728e-06
Qwen/Qwen3-4B-instruct-2507,45,33,7.194105586938129e-09,0.9999966621509202,0.9999966693450257,False,3.337849079798616e-06
Qwen/Qwen3-4B-instruct-2507,45,34,4.9444410711567335e-09,0.9999971389852362,0.9999971439296773,False,2.861014763766434e-06
Qwen/Qwen3-4B-instruct-2507,45,35,8.151989617038353e-09,0.9999952316511552,0.9999952398031449,False,4.768348844774728e-06
Qwen/Qwen3-4B-instruct-2507,45,36,1.1861052281664094e-08,0.9999938011552557,0.999993813016308,False,6.198844744287335e-06
Qwen/Qwen3-4B-instruct-2507,45,37,7.19411930861867e-09,0.9999979734461775,0.9999979806402968,False,2.026553822531696e-06
Qwen/Qwen3-4B-instruct-2507,45,38,6.348775897339431e-09,0.9999952316511552,0.9999952379999312,False,4.768348844774728e-06
Qwen/Qwen3-4B-instruct-2507,45,39,9.23741442396384e-09,0.9999952316511552,0.9999952408885696,False,4.768348844774728e-06
Qwen/Qwen3-4B-instruct-2507,45,40,2.215927844501106e-08,0.9999897481064004,0.9999897702656788,False,1.0251893599599882e-05
Qwen/Qwen3-4B-instruct-2507,45,41,7.19411930861867e-09,0.9999971389852362,0.9999971461793555,False,2.861014763766434e-06
Qwen/Qwen3-4B-instruct-2507,45,42,1.046734189996251e-08,0.9999938011552557,0.9999938116225976,False,6.198844744287335e-06
Qwen/Qwen3-4B-instruct-2507,45,43,7.19411930861867e-09,0.9999977350285647,0.999997742222684,False,2.2649714352951378e-06
Qwen/Qwen3-4B-instruct-2507,45,44,1.1861052281664094e-08,0.9999938011552557,0.999993813016308,False,6.198844744287335e-06
Qwen/Qwen3-4B-instruct-2507,45,45,0.9999980926550052,9.422436845439301e-07,0.9999990348986897,True,1.907344994833693e-06
Qwen/Qwen3-4B-instruct-2507,45,46,1.7257663405271917e-08,0.9999897481064004,0.9999897653640638,False,1.0251893599599882e-05
Qwen/Qwen3-4B-instruct-2507,45,47,9.237432042950414e-09,0.9999971389852362,0.9999971482226683,False,2.861014763766434e-06
Qwen/Qwen3-4B-instruct-2507,45,48,3.6534194980805917e-08,0.9999831917733143,0.9999832283075093,False,1.680822668570503e-05
Qwen/Qwen3-4B-instruct-2507,45,49,9.23741442396384e-09,0.9999958276922101,0.9999958369296245,False,4.172307789929164e-06
Qwen/Qwen3-4B-instruct-2507,45,50,1.3440179233187392e-08,0.9999833109787883,0.9999833244189675,False,1.6689021211657717e-05
Qwen/Qwen3-4B-instruct-2507,45,51,1.5229863549631703e-08,0.9999921322487634,0.999992147478627,False,7.8677512366232e-06
Qwen/Qwen3-4B-instruct-2507,45,52,1.0467301970298147e-08,0.9999898673126559,0.999989877779958,False,1.0132687344066582e-05
Qwen/Qwen3-4B-instruct-2507,45,53,9.23741442396384e-09,0.9999963045256735,0.9999963137630878,False,3.695474326548265e-06
Qwen/Qwen3-4B-instruct-2507,45,54,1.9555345395217496e-08,0.9999831917733143,0.9999832113286596,False,1.680822668570503e-05
Qwen/Qwen3-4B-instruct-2507,45,55,1.7257663405271917e-08,0.9999897481064004,0.9999897653640638,False,1.0251893599599882e-05
Qwen/Qwen3-4B-instruct-2507,46,1,2.2159447507533765e-08,0.9999977350285647,0.9999977571880122,False,2.2649714352951378e-06
Qwen/Qwen3-4B-instruct-2507,46,2,1.3440384315611926e-08,0.9999974966112362,0.9999975100516205,False,2.5033887638414853e-06
Qwen/Qwen3-4B-instruct-2507,46,3,1.186112015134383e-08,0.9999990463265931,0.9999990581877133,False,9.536734069115482e-07
Qwen/Qwen3-4B-instruct-2507,46,4,1.955556918966588e-08,0.999995112442896,0.9999951319984651,False,4.887557104038542e-06
Qwen/Qwen3-4B-instruct-2507,46,5,1.3440384315611926e-08,0.9999984502816872,0.9999984637220716,False,1.5497183127877179e-06
Qwen/Qwen3-4B-instruct-2507,46,6,1.0467381829779195e-08,0.9999979734461775,0.9999979839135593,False,2.026553822531696e-06
Qwen/Qwen3-4B-instruct-2507,46,7,1.186112015134383e-08,0.9999991655356624,0.9999991773967826,False,8.344643376290151e-07
Qwen/Qwen3-4B-instruct-2507,46,8,9.237432042950414e-09,0.9999977350285647,0.9999977442659967,False,2.2649714352951378e-06
Qwen/Qwen3-4B-instruct-2507,46,9,8.152020714470167e-09,0.9999994039539004,0.9999994121059211,False,5.960460995879657e-07
Qwen/Qwen3-4B-instruct-2507,46,10,4.363453930307876e-09,0.9999979734461775,0.9999979778096314,False,2.026553822531696e-06
Qwen/Qwen3-4B-instruct-2507,46,11,4.944450501938644e-09,0.9999990463265931,0.9999990512710436,False,9.536734069115482e-07
Qwen/Qwen3-4B-instruct-2507,46,12,4.363453930307876e-09,0.9999982118638471,0.999998216227301,False,1.7881361529248352e-06
Qwen/Qwen3-4B-instruct-2507,46,13,7.19411930861867e-09,0.9999985694905718,0.999998576684691,False,1.430509428246296e-06
Qwen/Qwen3-4B-instruct-2507,46,14,3.850734578067279e-09,0.9999985694905718,0.9999985733413064,False,1.430509428246296e-06
Qwen/Qwen3-4B-instruct-2507,46,15,4.363462252943702e-09,0.9999991655356624,0.9999991698991246,False,8.344643376290151e-07
Qwen/Qwen3-4B-instruct-2507,46,16,3.850734578067279e-09,0.9999974966112362,0.9999975004619708,False,2.5033887638414853e-06
Qwen/Qwen3-4B-instruct-2507,46,17,5.602796437537268e-09,0.9999990463265931,0.9999990519293895,False,9.536734069115482e-07
Qwen/Qwen3-4B-instruct-2507,46,18,4.363453930307876e-09,0.9999984502816872,0.9999984546451411,False,1.5497183127877179e-06
Qwen/Qwen3-4B-instruct-2507,46,19,4.9444410711567335e-09,0.999998927117538,0.9999989320619791,False,1.0728824619832267e-06
Qwen/Qwen3-4B-instruct-2507,46,20,4.363453930307876e-09,0.9999974966112362,0.9999975009746901,False,2.5033887638414853e-06
Qwen/Qwen3-4B-instruct-2507,46,21,4.944450501938644e-09,0.9999991655356624,0.9999991704801129,False,8.344643376290151e-07
Qwen/Qwen3-4B-instruct-2507,46,22,3.850734578067279e-09,0.999998927117538,0.9999989309682726,False,1.0728824619832267e-06
Qwen/Qwen3-4B-instruct-2507,46,23,5.602785751061334e-09,0.9999984502816872,0.999998455884473,False,1.5497183127877179e-06
Qwen/Qwen3-4B-instruct-2507,46,24,4.363453930307876e-09,0.9999984502816872,0.9999984546451411,False,1.5497183127877179e-06
Qwen/Qwen3-4B-instruct-2507,46,25,4.9444410711567335e-09,0.9999985694905718,0.9999985744350128,False,1.430509428246296e-06
Qwen/Qwen3-4B-instruct-2507,46,26,4.9444410711567335e-09,0.9999988079084972,0.9999988128529382,False,1.1920915028440504e-06
Qwen/Qwen3-4B-instruct-2507,46,27,5.602785751061334e-09,0.9999985694905718,0.9999985750933575,False,1.430509428246296e-06
Qwen/Qwen3-4B-instruct-2507,46,28,2.9989551047989332e-09,0.9999982118638471,0.9999982148628022,False,1.7881361529248352e-06
Qwen/Qwen3-4B-instruct-2507,46,29,7.19411930861867e-09,0.9999985694905718,0.999998576684691,False,1.430509428246296e-06
Qwen/Qwen3-4B-instruct-2507,46,30,5.602785751061334e-09,0.9999982118638471,0.9999982174666329,False,1.7881361529248352e-06
Qwen/Qwen3-4B-instruct-2507,46,31,8.152005165739432e-09,0.9999988079084972,0.9999988160605023,False,1.1920915028440504e-06
Qwen/Qwen3-4B-instruct-2507,46,32,3.850734578067279e-09,0.9999982118638471,0.9999982157145817,False,1.7881361529248352e-06
Qwen/Qwen3-4B-instruct-2507,46,33,5.602796437537268e-09,0.9999991655356624,0.9999991711384588,False,8.344643376290151e-07
Qwen/Qwen3-4B-instruct-2507,46,34,4.9444410711567335e-09,0.9999985694905718,0.9999985744350128,False,1.430509428246296e-06
Qwen/Qwen3-4B-instruct-2507,46,35,4.944450501938644e-09,0.9999990463265931,0.9999990512710436,False,9.536734069115482e-07
Qwen/Qwen3-4B-instruct-2507,46,36,4.363453930307876e-09,0.9999984502816872,0.9999984546451411,False,1.5497183127877179e-06
Qwen/Qwen3-4B-instruct-2507,46,37,7.194133030325383e-09,0.9999990463265931,0.9999990535207262,False,9.536734069115482e-07
Qwen/Qwen3-4B-instruct-2507,46,38,4.363462252943702e-09,0.9999991655356624,0.9999991698991246,False,8.344643376290151e-07
Qwen/Qwen3-4B-instruct-2507,46,39,6.34880011604368e-09,0.9999990463265931,0.9999990526753932,False,9.536734069115482e-07
Qwen/Qwen3-4B-instruct-2507,46,40,8.152005165739432e-09,0.9999979734461775,0.9999979815981827,False,2.026553822531696e-06
Qwen/Qwen3-4B-instruct-2507,46,41,6.34880011604368e-09,0.9999994039539004,0.9999994103027006,False,5.960460995879657e-07
Qwen/Qwen3-4B-instruct-2507,46,42,5.602785751061334e-09,0.999998927117538,0.9999989327203238,False,1.0728824619832267e-06
Qwen/Qwen3-4B-instruct-2507,46,43,9.237449661970594e-09,0.9999992847447459,0.9999992939821956,False,7.152552541356272e-07
Qwen/Qwen3-4B-instruct-2507,46,44,6.348788006680007e-09,0.999998927117538,0.9999989334663261,False,1.0728824619832267e-06
Qwen/Qwen3-4B-instruct-2507,46,45,1.0467381829779195e-08,0.999998927117538,0.9999989375849199,False,1.0728824619832267e-06
Qwen/Qwen3-4B-instruct-2507,46,46,0.9999927282861518,4.785080884719811e-06,0.9999975133670366,True,7.271713848178152e-06
Qwen/Qwen3-4B-instruct-2507,46,47,1.7257762154696544e-08,0.9999970197767496,0.9999970370345117,False,2.980223250403924e-06
Qwen/Qwen3-4B-instruct-2507,46,48,6.023516392883777e-08,0.9999909401759619,0.9999910004111259,False,9.059824038093467e-06
Qwen/Qwen3-4B-instruct-2507,46,49,6.348788006680007e-09,0.9999982118638471,0.9999982182126351,False,1.7881361529248352e-06
Qwen/Qwen3-4B-instruct-2507,46,50,5.602785751061334e-09,0.9999974966112362,0.999997502214022,False,2.5033887638414853e-06
Qwen/Qwen3-4B-instruct-2507,46,51,5.602785751061334e-09,0.999998927117538,0.9999989327203238,False,1.0728824619832267e-06
Qwen/Qwen3-4B-instruct-2507,46,52,8.151989617038353e-09,0.9999966621509202,0.9999966703029098,False,3.337849079798616e-06
Qwen/Qwen3-4B-instruct-2507,46,53,6.34880011604368e-09,0.9999990463265931,0.9999990526753932,False,9.536734069115482e-07
Qwen/Qwen3-4B-instruct-2507,46,54,6.348788006680007e-09,0.9999977350285647,0.9999977413773528,False,2.2649714352951378e-06
Qwen/Qwen3-4B-instruct-2507,46,55,4.9444410711567335e-09,0.9999979734461775,0.9999979783906185,False,2.026553822531696e-06
Qwen/Qwen3-4B-instruct-2507,47,1,6.023550859819657e-08,0.9999961853172863,0.9999962455527949,False,3.8146827137097716e-06
Qwen/Qwen3-4B-instruct-2507,47,2,2.8453239549131867e-08,0.9999970197767496,0.9999970482299891,False,2.980223250403924e-06
Qwen/Qwen3-4B-instruct-2507,47,3,3.6534752452633856e-08,0.9999984502816872,0.9999984868164397,False,1.5497183127877179e-06
Qwen/Qwen3-4B-instruct-2507,47,4,5.3157548373442334e-08,0.999995112442896,0.9999951656004443,False,4.887557104038542e-06
Qwen/Qwen3-4B-instruct-2507,47,5,3.224180587614433e-08,0.999997854237364,0.9999978864791699,False,2.145762636018844e-06
Qwen/Qwen3-4B-instruct-2507,47,6,1.7257795071296986e-08,0.9999974966112362,0.9999975138690312,False,2.5033887638414853e-06
Qwen/Qwen3-4B-instruct-2507,47,7,2.845329381943118e-08,0.999997854237364,0.9999978826906578,False,2.145762636018844e-06
Qwen/Qwen3-4B-instruct-2507,47,8,1.18610975280741e-08,0.9999974966112362,0.9999975084723337,False,2.5033887638414853e-06
Qwen/Qwen3-4B-instruct-2507,47,9,1.7257795071296986e-08,0.9999988079084972,0.9999988251662922,False,1.1920915028440504e-06
Qwen/Qwen3-4B-instruct-2507,47,10,7.19411930861867e-09,0.9999979734461775,0.9999979806402968,False,2.026553822531696e-06
Qwen/Qwen3-4B-instruct-2507,47,11,7.19411930861867e-09,0.9999982118638471,0.9999982190579664,False,1.7881361529248352e-06
Qwen/Qwen3-4B-instruct-2507,47,12,6.348788006680007e-09,0.9999977350285647,0.9999977413773528,False,2.2649714352951378e-06
Qwen/Qwen3-4B-instruct-2507,47,13,9.237432042950414e-09,0.9999982118638471,0.9999982211012791,False,1.7881361529248352e-06
Qwen/Qwen3-4B-instruct-2507,47,14,4.363453930307876e-09,0.9999979734461775,0.9999979778096314,False,2.026553822531696e-06
Qwen/Qwen3-4B-instruct-2507,47,15,7.19411930861867e-09,0.9999984502816872,0.9999984574758065,False,1.5497183127877179e-06
Qwen/Qwen3-4B-instruct-2507,47,16,7.194091865283758e-09,0.9999938011552557,0.9999938083493476,False,6.198844744287335e-06
Qwen/Qwen3-4B-instruct-2507,47,17,7.19411930861867e-09,0.9999982118638471,0.9999982190579664,False,1.7881361529248352e-06
Qwen/Qwen3-4B-instruct-2507,47,18,5.602785751061334e-09,0.9999977350285647,0.9999977406313505,False,2.2649714352951378e-06
Qwen/Qwen3-4B-instruct-2507,47,19,6.348788006680007e-09,0.9999985694905718,0.9999985758393598,False,1.430509428246296e-06
Qwen/Qwen3-4B-instruct-2507,47,20,6.348775897339431e-09,0.9999958276922101,0.999995834040986,False,4.172307789929164e-06
Qwen/Qwen3-4B-instruct-2507,47,21,8.152005165739432e-09,0.9999982118638471,0.9999982200158523,False,1.7881361529248352e-06
Qwen/Qwen3-4B-instruct-2507,47,22,7.194105586938129e-09,0.9999966621509202,0.9999966693450257,False,3.337849079798616e-06
Qwen/Qwen3-4B-instruct-2507,47,23,1.18610975280741e-08,0.9999974966112362,0.9999975084723337,False,2.5033887638414853e-06
Qwen/Qwen3-4B-instruct-2507,47,24,4.9444410711567335e-09,0.9999974966112362,0.9999975015556772,False,2.5033887638414853e-06
Qwen/Qwen3-4B-instruct-2507,47,25,6.348788006680007e-09,0.9999974966112362,0.9999975029600242,False,2.5033887638414853e-06
Qwen/Qwen3-4B-instruct-2507,47,26,5.602785751061334e-09,0.9999974966112362,0.999997502214022,False,2.5033887638414853e-06
Qwen/Qwen3-4B-instruct-2507,47,27,7.194105586938129e-09,0.9999966621509202,0.9999966693450257,False,3.337849079798616e-06
Qwen/Qwen3-4B-instruct-2507,47,28,4.363453930307876e-09,0.9999971389852362,0.9999971433486902,False,2.861014763766434e-06
Qwen/Qwen3-4B-instruct-2507,47,29,6.348788006680007e-09,0.9999979734461775,0.9999979797949655,False,2.026553822531696e-06
Qwen/Qwen3-4B-instruct-2507,47,30,4.9444410711567335e-09,0.9999979734461775,0.9999979783906185,False,2.026553822531696e-06
Qwen/Qwen3-4B-instruct-2507,47,31,6.348788006680007e-09,0.9999982118638471,0.9999982182126351,False,1.7881361529248352e-06
Qwen/Qwen3-4B-instruct-2507,47,32,5.602785751061334e-09,0.9999971389852362,0.999997144588022,False,2.861014763766434e-06
Qwen/Qwen3-4B-instruct-2507,47,33,9.237432042950414e-09,0.9999984502816872,0.9999984595191193,False,1.5497183127877179e-06
Qwen/Qwen3-4B-instruct-2507,47,34,7.19411930861867e-09,0.9999982118638471,0.9999982190579664,False,1.7881361529248352e-06
Qwen/Qwen3-4B-instruct-2507,47,35,4.9444410711567335e-09,0.999998927117538,0.9999989320619791,False,1.0728824619832267e-06
Qwen/Qwen3-4B-instruct-2507,47,36,5.602785751061334e-09,0.9999982118638471,0.9999982174666329,False,1.7881361529248352e-06
Qwen/Qwen3-4B-instruct-2507,47,37,1.3440409951135022e-08,0.9999990463265931,0.999999059767003,False,9.536734069115482e-07
Qwen/Qwen3-4B-instruct-2507,47,38,6.348788006680007e-09,0.9999977350285647,0.9999977413773528,False,2.2649714352951378e-06
Qwen/Qwen3-4B-instruct-2507,47,39,8.152005165739432e-09,0.9999984502816872,0.9999984584336924,False,1.5497183127877179e-06
Qwen/Qwen3-4B-instruct-2507,47,40,1.5229921647061352e-08,0.9999957084838798,0.9999957237138014,False,4.291516120247252e-06
Qwen/Qwen3-4B-instruct-2507,47,41,1.0467381829779195e-08,0.999998927117538,0.9999989375849199,False,1.0728824619832267e-06
Qwen/Qwen3-4B-instruct-2507,47,42,5.602785751061334e-09,0.9999985694905718,0.9999985750933575,False,1.430509428246296e-06
Qwen/Qwen3-4B-instruct-2507,47,43,1.186112015134383e-08,0.9999992847447459,0.9999992966058661,False,7.152552541356272e-07
Qwen/Qwen3-4B-instruct-2507,47,44,6.348788006680007e-09,0.9999979734461775,0.9999979797949655,False,2.026553822531696e-06
Qwen/Qwen3-4B-instruct-2507,47,45,1.18610975280741e-08,0.9999984502816872,0.9999984621427848,False,1.5497183127877179e-06
Qwen/Qwen3-4B-instruct-2507,47,46,1.5229950695859287e-08,0.9999982118638471,0.9999982270937978,False,1.7881361529248352e-06
Qwen/Qwen3-4B-instruct-2507,47,47,0.9999986886995842,5.043471815847051e-07,0.9999991930467658,True,1.3113004158071817e-06
Qwen/Qwen3-4B-instruct-2507,47,48,1.2098452249375081e-06,0.9999818805158571,0.999983090361082,False,1.8119484142875564e-05
Qwen/Qwen3-4B-instruct-2507,47,49,2.2159405241782167e-08,0.9999957084838798,0.999995730643285,False,4.291516120247252e-06
Qwen/Qwen3-4B-instruct-2507,47,50,1.7257729238158885e-08,0.999994397195003,0.9999944144527323,False,5.602804996951427e-06
Qwen/Qwen3-4B-instruct-2507,47,51,1.18610975280741e-08,0.9999971389852362,0.9999971508463338,False,2.861014763766434e-06
Qwen/Qwen3-4B-instruct-2507,47,52,2.2159362976111183e-08,0.999995112442896,0.999995134602259,False,4.887557104038542e-06
Qwen/Qwen3-4B-instruct-2507,47,53,1.3440384315611926e-08,0.9999985694905718,0.9999985829309561,False,1.430509428246296e-06
Qwen/Qwen3-4B-instruct-2507,47,54,6.348788006680007e-09,0.9999971389852362,0.9999971453340243,False,2.861014763766434e-06
Qwen/Qwen3-4B-instruct-2507,47,55,1.0467381829779195e-08,0.9999971389852362,0.9999971494526181,False,2.861014763766434e-06
Qwen/Qwen3-4B-instruct-2507,48,1,2.510984787732669e-08,0.999995112442896,0.9999951375527438,False,4.887557104038542e-06
Qwen/Qwen3-4B-instruct-2507,48,2,1.5229892598318825e-08,0.9999938011552557,0.9999938163851483,False,6.198844744287335e-06
Qwen/Qwen3-4B-instruct-2507,48,3,1.5229950695859287e-08,0.9999977350285647,0.9999977502585154,False,2.2649714352951378e-06
Qwen/Qwen3-4B-instruct-2507,48,4,2.2159320710520812e-08,0.9999920130413283,0.999992035200649,False,7.98695867165744e-06
Qwen/Qwen3-4B-instruct-2507,48,5,1.3440384315611926e-08,0.9999977350285647,0.9999977484689491,False,2.2649714352951378e-06
Qwen/Qwen3-4B-instruct-2507,48,6,1.0467361864851814e-08,0.9999963045256735,0.9999963149930353,False,3.695474326548265e-06
Qwen/Qwen3-4B-instruct-2507,48,7,1.3440384315611926e-08,0.9999977350285647,0.9999977484689491,False,2.2649714352951378e-06
Qwen/Qwen3-4B-instruct-2507,48,8,6.02352788184049e-08,0.9999920130413283,0.9999920732766071,False,7.98695867165744e-06
Qwen/Qwen3-4B-instruct-2507,48,9,8.152020714470167e-09,0.9999990463265931,0.9999990544786138,False,9.536734069115482e-07
Qwen/Qwen3-4B-instruct-2507,48,10,5.602775064605783e-09,0.9999963045256735,0.9999963101284485,False,3.695474326548265e-06
Qwen/Qwen3-4B-instruct-2507,48,11,6.348788006680007e-09,0.9999977350285647,0.9999977413773528,False,2.2649714352951378e-06
Qwen/Qwen3-4B-instruct-2507,48,12,4.363445607687925e-09,0.9999963045256735,0.9999963088891191,False,3.695474326548265e-06
Qwen/Qwen3-4B-instruct-2507,48,13,6.348788006680007e-09,0.9999974966112362,0.9999975029600242,False,2.5033887638414853e-06
Qwen/Qwen3-4B-instruct-2507,48,14,6.348775897339431e-09,0.9999963045256735,0.9999963108744494,False,3.695474326548265e-06
Qwen/Qwen3-4B-instruct-2507,48,15,5.602785751061334e-09,0.9999971389852362,0.999997144588022,False,2.861014763766434e-06
Qwen/Qwen3-4B-instruct-2507,48,16,7.194091865283758e-09,0.9999946356109105,0.9999946428050024,False,5.364389089490551e-06
Qwen/Qwen3-4B-instruct-2507,48,17,7.19411930861867e-09,0.9999974966112362,0.9999975038053555,False,2.5033887638414853e-06
Qwen/Qwen3-4B-instruct-2507,48,18,4.363445607687925e-09,0.9999963045256735,0.9999963088891191,False,3.695474326548265e-06
Qwen/Qwen3-4B-instruct-2507,48,19,4.9444410711567335e-09,0.9999982118638471,0.9999982168082882,False,1.7881361529248352e-06
Qwen/Qwen3-4B-instruct-2507,48,20,5.602764378170615e-09,0.9999938011552557,0.9999938067580201,False,6.198844744287335e-06
Qwen/Qwen3-4B-instruct-2507,48,21,7.19411930861867e-09,0.9999977350285647,0.999997742222684,False,2.2649714352951378e-06
Qwen/Qwen3-4B-instruct-2507,48,22,6.348775897339431e-09,0.9999952316511552,0.9999952379999312,False,4.768348844774728e-06
Qwen/Qwen3-4B-instruct-2507,48,23,7.19411930861867e-09,0.9999977350285647,0.999997742222684,False,2.2649714352951378e-06
Qwen/Qwen3-4B-instruct-2507,48,24,1.3440358680137724e-08,0.9999952316511552,0.9999952450915139,False,4.768348844774728e-06
Qwen/Qwen3-4B-instruct-2507,48,25,6.348763788021952e-09,0.9999938011552557,0.9999938075040194,False,6.198844744287335e-06
Qwen/Qwen3-4B-instruct-2507,48,26,6.348763788021952e-09,0.9999938011552557,0.9999938075040194,False,6.198844744287335e-06
Qwen/Qwen3-4B-instruct-2507,48,27,6.348775897339431e-09,0.9999963045256735,0.9999963108744494,False,3.695474326548265e-06
Qwen/Qwen3-4B-instruct-2507,48,28,6.348751678727569e-09,0.9999921322487634,0.999992138597515,False,7.8677512366232e-06
Qwen/Qwen3-4B-instruct-2507,48,29,5.602785751061334e-09,0.9999979734461775,0.9999979790489633,False,2.026553822531696e-06
Qwen/Qwen3-4B-instruct-2507,48,30,6.348775897339431e-09,0.9999952316511552,0.9999952379999312,False,4.768348844774728e-06
Qwen/Qwen3-4B-instruct-2507,48,31,6.348788006680007e-09,0.9999977350285647,0.9999977413773528,False,2.2649714352951378e-06
Qwen/Qwen3-4B-instruct-2507,48,32,1.046734189996251e-08,0.9999938011552557,0.9999938116225976,False,6.198844744287335e-06
Qwen/Qwen3-4B-instruct-2507,48,33,6.348775897339431e-09,0.9999966621509202,0.9999966684996962,False,3.337849079798616e-06
Qwen/Qwen3-4B-instruct-2507,48,34,8.151989617038353e-09,0.9999958276922101,0.9999958358441997,False,4.172307789929164e-06
Qwen/Qwen3-4B-instruct-2507,48,35,5.602785751061334e-09,0.9999974966112362,0.999997502214022,False,2.5033887638414853e-06
Qwen/Qwen3-4B-instruct-2507,48,36,6.348788006680007e-09,0.9999971389852362,0.9999971453340243,False,2.861014763766434e-06
Qwen/Qwen3-4B-instruct-2507,48,37,6.348788006680007e-09,0.9999977350285647,0.9999977413773528,False,2.2649714352951378e-06
Qwen/Qwen3-4B-instruct-2507,48,38,7.194105586938129e-09,0.9999963045256735,0.999996311719779,False,3.695474326548265e-06
Qwen/Qwen3-4B-instruct-2507,48,39,6.348788006680007e-09,0.9999977350285647,0.9999977413773528,False,2.2649714352951378e-06
Qwen/Qwen3-4B-instruct-2507,48,40,1.046732193511129e-08,0.9999921322487634,0.9999921427160853,False,7.8677512366232e-06
Qwen/Qwen3-4B-instruct-2507,48,41,8.152005165739432e-09,0.9999977350285647,0.9999977431805699,False,2.2649714352951378e-06
Qwen/Qwen3-4B-instruct-2507,48,42,9.23741442396384e-09,0.9999952316511552,0.9999952408885696,False,4.768348844774728e-06
Qwen/Qwen3-4B-instruct-2507,48,43,8.152005165739432e-09,0.9999979734461775,0.9999979815981827,False,2.026553822531696e-06
Qwen/Qwen3-4B-instruct-2507,48,44,1.0467301970298147e-08,0.9999898673126559,0.999989877779958,False,1.0132687344066582e-05
Qwen/Qwen3-4B-instruct-2507,48,45,8.151989617038353e-09,0.9999952316511552,0.9999952398031449,False,4.768348844774728e-06
Qwen/Qwen3-4B-instruct-2507,48,46,9.23739680501087e-09,0.9999938011552557,0.9999938103926526,False,6.198844744287335e-06
Qwen/Qwen3-4B-instruct-2507,48,47,1.7257795071296986e-08,0.9999982118638471,0.9999982291216422,False,1.7881361529248352e-06
Qwen/Qwen3-4B-instruct-2507,48,48,0.999998927117538,3.9278597995802437e-07,0.999999319903518,True,1.0728824619832267e-06
Qwen/Qwen3-4B-instruct-2507,48,49,1.0467381829779195e-08,0.9999971389852362,0.9999971494526181,False,2.861014763766434e-06
Qwen/Qwen3-4B-instruct-2507,48,50,1.0467301970298147e-08,0.9999898673126559,0.999989877779958,False,1.0132687344066582e-05
Qwen/Qwen3-4B-instruct-2507,48,51,8.151989617038353e-09,0.9999966621509202,0.9999966703029098,False,3.337849079798616e-06
Qwen/Qwen3-4B-instruct-2507,48,52,1.3440230503500154e-08,0.9999870063564401,0.9999870197966706,False,1.2993643559888746e-05
Qwen/Qwen3-4B-instruct-2507,48,53,8.152005165739432e-09,0.9999974966112362,0.9999975047632413,False,2.5033887638414853e-06
Qwen/Qwen3-4B-instruct-2507,48,54,1.0467301970298147e-08,0.9999898673126559,0.999989877779958,False,1.0132687344066582e-05
Qwen/Qwen3-4B-instruct-2507,48,55,7.194091865283758e-09,0.9999938011552557,0.9999938083493476,False,6.198844744287335e-06
Qwen/Qwen3-4B-instruct-2507,49,1,2.2159447507533765e-08,0.9999971389852362,0.9999971611446837,False,2.861014763766434e-06
Qwen/Qwen3-4B-instruct-2507,49,2,1.0467381829779195e-08,0.9999971389852362,0.9999971494526181,False,2.861014763766434e-06
Qwen/Qwen3-4B-instruct-2507,49,3,1.5229950695859287e-08,0.9999988079084972,0.9999988231384479,False,1.1920915028440504e-06
Qwen/Qwen3-4B-instruct-2507,49,4,8.151989617038353e-09,0.9999963045256735,0.9999963126776631,False,3.695474326548265e-06
Qwen/Qwen3-4B-instruct-2507,49,5,1.3440384315611926e-08,0.9999982118638471,0.9999982253042314,False,1.7881361529248352e-06
Qwen/Qwen3-4B-instruct-2507,49,6,8.152005165739432e-09,0.9999979734461775,0.9999979815981827,False,2.026553822531696e-06
Qwen/Qwen3-4B-instruct-2507,49,7,2.2159447507533765e-08,0.9999986886995842,0.9999987108590317,False,1.3113004158071817e-06
Qwen/Qwen3-4B-instruct-2507,49,8,4.9444410711567335e-09,0.9999982118638471,0.9999982168082882,False,1.7881361529248352e-06
Qwen/Qwen3-4B-instruct-2507,49,9,8.152020714470167e-09,0.9999990463265931,0.9999990544786138,False,9.536734069115482e-07
Qwen/Qwen3-4B-instruct-2507,49,10,4.363453930307876e-09,0.9999979734461775,0.9999979778096314,False,2.026553822531696e-06
Qwen/Qwen3-4B-instruct-2507,49,11,4.363453930307876e-09,0.999998927117538,0.999998931480992,False,1.0728824619832267e-06
Qwen/Qwen3-4B-instruct-2507,49,12,3.398261337819773e-09,0.9999979734461775,0.9999979768444388,False,2.026553822531696e-06
Qwen/Qwen3-4B-instruct-2507,49,13,7.19411930861867e-09,0.9999984502816872,0.9999984574758065,False,1.5497183127877179e-06
Qwen/Qwen3-4B-instruct-2507,49,14,3.398261337819773e-09,0.9999979734461775,0.9999979768444388,False,2.026553822531696e-06
Qwen/Qwen3-4B-instruct-2507,49,15,4.363453930307876e-09,0.9999985694905718,0.9999985738540257,False,1.430509428246296e-06
Qwen/Qwen3-4B-instruct-2507,49,16,2.646568590975319e-09,0.9999974966112362,0.9999974992578048,False,2.5033887638414853e-06
Qwen/Qwen3-4B-instruct-2507,49,17,6.348788006680007e-09,0.9999984502816872,0.9999984566304753,False,1.5497183127877179e-06
Qwen/Qwen3-4B-instruct-2507,49,18,3.850734578067279e-09,0.9999977350285647,0.9999977388792993,False,2.2649714352951378e-06
Qwen/Qwen3-4B-instruct-2507,49,19,3.850734578067279e-09,0.9999988079084972,0.9999988117592318,False,1.1920915028440504e-06
Qwen/Qwen3-4B-instruct-2507,49,20,3.850727233380951e-09,0.9999966621509202,0.9999966660016474,False,3.337849079798616e-06
Qwen/Qwen3-4B-instruct-2507,49,21,2.9989551047989332e-09,0.9999985694905718,0.9999985724895268,False,1.430509428246296e-06
Qwen/Qwen3-4B-instruct-2507,49,22,3.850734578067279e-09,0.9999982118638471,0.9999982157145817,False,1.7881361529248352e-06
Qwen/Qwen3-4B-instruct-2507,49,23,6.348788006680007e-09,0.9999985694905718,0.9999985758393598,False,1.430509428246296e-06
Qwen/Qwen3-4B-instruct-2507,49,24,3.850734578067279e-09,0.9999974966112362,0.9999975004619708,False,2.5033887638414853e-06
Qwen/Qwen3-4B-instruct-2507,49,25,4.363453930307876e-09,0.9999971389852362,0.9999971433486902,False,2.861014763766434e-06
Qwen/Qwen3-4B-instruct-2507,49,26,3.398261337819773e-09,0.9999979734461775,0.9999979768444388,False,2.026553822531696e-06
Qwen/Qwen3-4B-instruct-2507,49,27,3.850734578067279e-09,0.9999979734461775,0.9999979772969121,False,2.026553822531696e-06
Qwen/Qwen3-4B-instruct-2507,49,28,2.9989493847514694e-09,0.9999970197767496,0.999997022775699,False,2.980223250403924e-06
Qwen/Qwen3-4B-instruct-2507,49,29,5.602785751061334e-09,0.9999982118638471,0.9999982174666329,False,1.7881361529248352e-06
Qwen/Qwen3-4B-instruct-2507,49,30,3.398261337819773e-09,0.9999977350285647,0.999997738426826,False,2.2649714352951378e-06
Qwen/Qwen3-4B-instruct-2507,49,31,6.348788006680007e-09,0.9999982118638471,0.9999982182126351,False,1.7881361529248352e-06
Qwen/Qwen3-4B-instruct-2507,49,32,3.398261337819773e-09,0.9999974966112362,0.9999975000094975,False,2.5033887638414853e-06
Qwen/Qwen3-4B-instruct-2507,49,33,4.363453930307876e-09,0.9999988079084972,0.9999988122719511,False,1.1920915028440504e-06
Qwen/Qwen3-4B-instruct-2507,49,34,4.363453930307876e-09,0.9999977350285647,0.9999977393920186,False,2.2649714352951378e-06
Qwen/Qwen3-4B-instruct-2507,49,35,2.3355885840133965e-09,0.9999988079084972,0.9999988102440858,False,1.1920915028440504e-06
Qwen/Qwen3-4B-instruct-2507,49,36,3.398261337819773e-09,0.9999982118638471,0.9999982152621084,False,1.7881361529248352e-06
Qwen/Qwen3-4B-instruct-2507,49,37,5.602785751061334e-09,0.9999985694905718,0.9999985750933575,False,1.430509428246296e-06
Qwen/Qwen3-4B-instruct-2507,49,38,4.363453930307876e-09,0.9999974966112362,0.9999975009746901,False,2.5033887638414853e-06
Qwen/Qwen3-4B-instruct-2507,49,39,3.850734578067279e-09,0.9999979734461775,0.9999979772969121,False,2.026553822531696e-06
Qwen/Qwen3-4B-instruct-2507,49,40,3.398261337819773e-09,0.9999971389852362,0.9999971423834976,False,2.861014763766434e-06
Qwen/Qwen3-4B-instruct-2507,49,41,6.348788006680007e-09,0.9999985694905718,0.9999985758393598,False,1.430509428246296e-06
Qwen/Qwen3-4B-instruct-2507,49,42,4.363453930307876e-09,0.9999979734461775,0.9999979778096314,False,2.026553822531696e-06
Qwen/Qwen3-4B-instruct-2507,49,43,6.348788006680007e-09,0.9999988079084972,0.9999988142572852,False,1.1920915028440504e-06
Qwen/Qwen3-4B-instruct-2507,49,44,3.850734578067279e-09,0.9999971389852362,0.9999971428359709,False,2.861014763766434e-06
Qwen/Qwen3-4B-instruct-2507,49,45,4.363453930307876e-09,0.9999979734461775,0.9999979778096314,False,2.026553822531696e-06
Qwen/Qwen3-4B-instruct-2507,49,46,4.363453930307876e-09,0.9999971389852362,0.9999971433486902,False,2.861014763766434e-06
Qwen/Qwen3-4B-instruct-2507,49,47,6.34880011604368e-09,0.9999994039539004,0.9999994103027006,False,5.960460995879657e-07
Qwen/Qwen3-4B-instruct-2507,49,48,4.9444410711567335e-09,0.9999982118638471,0.9999982168082882,False,1.7881361529248352e-06
Qwen/Qwen3-4B-instruct-2507,49,49,0.9999992847447459,1.4449788680693535e-07,0.9999994292426326,True,7.152552541356272e-07
Qwen/Qwen3-4B-instruct-2507,49,50,8.151958519725165e-09,0.9999921322487634,0.9999921404007219,False,7.8677512366232e-06
Qwen/Qwen3-4B-instruct-2507,49,51,5.602785751061334e-09,0.9999979734461775,0.9999979790489633,False,2.026553822531696e-06
Qwen/Qwen3-4B-instruct-2507,49,52,7.194091865283758e-09,0.9999946356109105,0.9999946428050024,False,5.364389089490551e-06
Qwen/Qwen3-4B-instruct-2507,49,53,5.602785751061334e-09,0.9999982118638471,0.9999982174666329,False,1.7881361529248352e-06
Qwen/Qwen3-4B-instruct-2507,49,54,3.850734578067279e-09,0.9999971389852362,0.9999971428359709,False,2.861014763766434e-06
Qwen/Qwen3-4B-instruct-2507,49,55,4.9444410711567335e-09,0.9999977350285647,0.9999977399730058,False,2.2649714352951378e-06
Qwen/Qwen3-4B-instruct-2507,50,1,1.955564378838448e-08,0.9999977350285647,0.9999977545842085,False,2.2649714352951378e-06
Qwen/Qwen3-4B-instruct-2507,50,2,1.3440384315611926e-08,0.9999971389852362,0.9999971524256206,False,2.861014763766434e-06
Qwen/Qwen3-4B-instruct-2507,50,3,1.955564378838448e-08,0.9999988079084972,0.9999988274641409,False,1.1920915028440504e-06
Qwen/Qwen3-4B-instruct-2507,50,4,1.3440384315611926e-08,0.9999974966112362,0.9999975100516205,False,2.5033887638414853e-06
Qwen/Qwen3-4B-instruct-2507,50,5,1.7257795071296986e-08,0.9999982118638471,0.9999982291216422,False,1.7881361529248352e-06
Qwen/Qwen3-4B-instruct-2507,50,6,9.237432042950414e-09,0.9999988079084972,0.9999988171459292,False,1.1920915028440504e-06
Qwen/Qwen3-4B-instruct-2507,50,7,1.186112015134383e-08,0.9999990463265931,0.9999990581877133,False,9.536734069115482e-07
Qwen/Qwen3-4B-instruct-2507,50,8,1.0467381829779195e-08,0.9999984502816872,0.9999984607490691,False,1.5497183127877179e-06
Qwen/Qwen3-4B-instruct-2507,50,9,1.3440409951135022e-08,0.9999992847447459,0.9999992981851558,False,7.152552541356272e-07
Qwen/Qwen3-4B-instruct-2507,50,10,2.260307850902821e-06,0.9999908209686689,0.9999930812765198,False,9.179031331130183e-06
Qwen/Qwen3-4B-instruct-2507,50,11,5.602796437537268e-09,0.9999990463265931,0.9999990519293895,False,9.536734069115482e-07
Qwen/Qwen3-4B-instruct-2507,50,12,7.19411930861867e-09,0.9999985694905718,0.999998576684691,False,1.430509428246296e-06
Qwen/Qwen3-4B-instruct-2507,50,13,8.152020714470167e-09,0.9999991655356624,0.9999991736876831,False,8.344643376290151e-07
Qwen/Qwen3-4B-instruct-2507,50,14,5.602785751061334e-09,0.9999988079084972,0.999998813511283,False,1.1920915028440504e-06
Qwen/Qwen3-4B-instruct-2507,50,15,5.602785751061334e-09,0.9999988079084972,0.999998813511283,False,1.1920915028440504e-06
Qwen/Qwen3-4B-instruct-2507,50,16,5.602785751061334e-09,0.9999984502816872,0.999998455884473,False,1.5497183127877179e-06
Qwen/Qwen3-4B-instruct-2507,50,17,7.194133030325383e-09,0.9999991655356624,0.9999991727297954,False,8.344643376290151e-07
Qwen/Qwen3-4B-instruct-2507,50,18,6.348788006680007e-09,0.9999982118638471,0.9999982182126351,False,1.7881361529248352e-06
Qwen/Qwen3-4B-instruct-2507,50,19,7.194133030325383e-09,0.9999991655356624,0.9999991727297954,False,8.344643376290151e-07
Qwen/Qwen3-4B-instruct-2507,50,20,2.510984787732669e-08,0.999995112442896,0.9999951375527438,False,4.887557104038542e-06
Qwen/Qwen3-4B-instruct-2507,50,21,6.34880011604368e-09,0.9999991655356624,0.9999991718844625,False,8.344643376290151e-07
Qwen/Qwen3-4B-instruct-2507,50,22,6.348788006680007e-09,0.9999984502816872,0.9999984566304753,False,1.5497183127877179e-06
Qwen/Qwen3-4B-instruct-2507,50,23,7.194133030325383e-09,0.9999992847447459,0.9999992919388789,False,7.152552541356272e-07
Qwen/Qwen3-4B-instruct-2507,50,24,6.348788006680007e-09,0.9999984502816872,0.9999984566304753,False,1.5497183127877179e-06
Qwen/Qwen3-4B-instruct-2507,50,25,4.363453930307876e-09,0.9999984502816872,0.9999984546451411,False,1.5497183127877179e-06
Qwen/Qwen3-4B-instruct-2507,50,26,6.348788006680007e-09,0.9999982118638471,0.9999982182126351,False,1.7881361529248352e-06
Qwen/Qwen3-4B-instruct-2507,50,27,7.19411930861867e-09,0.999998927117538,0.9999989343116573,False,1.0728824619832267e-06
Qwen/Qwen3-4B-instruct-2507,50,28,6.348788006680007e-09,0.9999977350285647,0.9999977413773528,False,2.2649714352951378e-06
Qwen/Qwen3-4B-instruct-2507,50,29,6.34880011604368e-09,0.9999992847447459,0.999999291093546,False,7.152552541356272e-07
Qwen/Qwen3-4B-instruct-2507,50,30,4.363453930307876e-09,0.9999984502816872,0.9999984546451411,False,1.5497183127877179e-06
Qwen/Qwen3-4B-instruct-2507,50,31,7.19411930861867e-09,0.9999988079084972,0.9999988151026165,False,1.1920915028440504e-06
Qwen/Qwen3-4B-instruct-2507,50,32,8.152005165739432e-09,0.9999979734461775,0.9999979815981827,False,2.026553822531696e-06
Qwen/Qwen3-4B-instruct-2507,50,33,8.152020714470167e-09,0.9999990463265931,0.9999990544786138,False,9.536734069115482e-07
Qwen/Qwen3-4B-instruct-2507,50,34,8.152005165739432e-09,0.9999988079084972,0.9999988160605023,False,1.1920915028440504e-06
Qwen/Qwen3-4B-instruct-2507,50,35,6.348788006680007e-09,0.9999988079084972,0.9999988142572852,False,1.1920915028440504e-06
Qwen/Qwen3-4B-instruct-2507,50,36,7.19411930861867e-09,0.9999984502816872,0.9999984574758065,False,1.5497183127877179e-06
Qwen/Qwen3-4B-instruct-2507,50,37,7.194133030325383e-09,0.9999992847447459,0.9999992919388789,False,7.152552541356272e-07
Qwen/Qwen3-4B-instruct-2507,50,38,6.348788006680007e-09,0.9999988079084972,0.9999988142572852,False,1.1920915028440504e-06
Qwen/Qwen3-4B-instruct-2507,50,39,7.194133030325383e-09,0.9999994039539004,0.9999994111480335,False,5.960460995879657e-07
Qwen/Qwen3-4B-instruct-2507,50,40,1.3440358680137724e-08,0.9999952316511552,0.9999952450915139,False,4.768348844774728e-06
Qwen/Qwen3-4B-instruct-2507,50,41,7.194133030325383e-09,0.9999991655356624,0.9999991727297954,False,8.344643376290151e-07
Qwen/Qwen3-4B-instruct-2507,50,42,8.152005165739432e-09,0.9999984502816872,0.9999984584336924,False,1.5497183127877179e-06
Qwen/Qwen3-4B-instruct-2507,50,43,7.194133030325383e-09,0.9999991655356624,0.9999991727297954,False,8.344643376290151e-07
Qwen/Qwen3-4B-instruct-2507,50,44,7.19411930861867e-09,0.9999982118638471,0.9999982190579664,False,1.7881361529248352e-06
Qwen/Qwen3-4B-instruct-2507,50,45,8.152005165739432e-09,0.9999984502816872,0.9999984584336924,False,1.5497183127877179e-06
Qwen/Qwen3-4B-instruct-2507,50,46,7.19411930861867e-09,0.9999982118638471,0.9999982190579664,False,1.7881361529248352e-06
Qwen/Qwen3-4B-instruct-2507,50,47,8.152005165739432e-09,0.9999988079084972,0.9999988160605023,False,1.1920915028440504e-06
Qwen/Qwen3-4B-instruct-2507,50,48,1.0467381829779195e-08,0.9999977350285647,0.9999977454959466,False,2.2649714352951378e-06
Qwen/Qwen3-4B-instruct-2507,50,49,9.237449661970594e-09,0.9999991655356624,0.9999991747731121,False,8.344643376290151e-07
Qwen/Qwen3-4B-instruct-2507,50,50,0.9999994039539004,2.1024318473456359e-07,0.9999996141970852,True,5.960460995879657e-07
Qwen/Qwen3-4B-instruct-2507,50,51,1.18610975280741e-08,0.9999979734461775,0.999997985307275,False,2.026553822531696e-06
Qwen/Qwen3-4B-instruct-2507,50,52,1.1861074904847522e-08,0.9999966621509202,0.9999966740119951,False,3.337849079798616e-06
Qwen/Qwen3-4B-instruct-2507,50,53,9.237432042950414e-09,0.9999984502816872,0.9999984595191193,False,1.5497183127877179e-06
Qwen/Qwen3-4B-instruct-2507,50,54,9.237432042950414e-09,0.9999974966112362,0.9999975058486682,False,2.5033887638414853e-06
Qwen/Qwen3-4B-instruct-2507,50,55,1.1861074904847522e-08,0.9999958276922101,0.999995839553285,False,4.172307789929164e-06
Qwen/Qwen3-4B-instruct-2507,51,1,3.65346130838794e-08,0.999995112442896,0.9999951489775091,False,4.887557104038542e-06
Qwen/Qwen3-4B-instruct-2507,51,2,1.5229892598318825e-08,0.999995112442896,0.9999951276727885,False,4.887557104038542e-06
Qwen/Qwen3-4B-instruct-2507,51,3,1.5229950695859287e-08,0.9999977350285647,0.9999977502585154,False,2.2649714352951378e-06
Qwen/Qwen3-4B-instruct-2507,51,4,1.0467381829779195e-08,0.9999974966112362,0.999997507078618,False,2.5033887638414853e-06
Qwen/Qwen3-4B-instruct-2507,51,5,2.510984787732669e-08,0.9999945164027223,0.9999945415125702,False,5.483597277700092e-06
Qwen/Qwen3-4B-instruct-2507,51,6,1.1861074904847522e-08,0.9999966621509202,0.9999966740119951,False,3.337849079798616e-06
Qwen/Qwen3-4B-instruct-2507,51,7,1.18610975280741e-08,0.9999979734461775,0.999997985307275,False,2.026553822531696e-06
Qwen/Qwen3-4B-instruct-2507,51,8,9.237432042950414e-09,0.9999974966112362,0.9999975058486682,False,2.5033887638414853e-06
Qwen/Qwen3-4B-instruct-2507,51,9,1.0467381829779195e-08,0.9999985694905718,0.9999985799579536,False,1.430509428246296e-06
Qwen/Qwen3-4B-instruct-2507,51,10,5.602775064605783e-09,0.9999952316511552,0.9999952372539302,False,4.768348844774728e-06
Qwen/Qwen3-4B-instruct-2507,51,11,8.151989617038353e-09,0.9999963045256735,0.9999963126776631,False,3.695474326548265e-06
Qwen/Qwen3-4B-instruct-2507,51,12,7.194105586938129e-09,0.9999958276922101,0.9999958348863156,False,4.172307789929164e-06
Qwen/Qwen3-4B-instruct-2507,51,13,6.348788006680007e-09,0.9999979734461775,0.9999979797949655,False,2.026553822531696e-06
Qwen/Qwen3-4B-instruct-2507,51,14,8.151989617038353e-09,0.9999966621509202,0.9999966703029098,False,3.337849079798616e-06
Qwen/Qwen3-4B-instruct-2507,51,15,1.7257729238158885e-08,0.9999945164027223,0.9999945336604515,False,5.483597277700092e-06
Qwen/Qwen3-4B-instruct-2507,51,16,6.348775897339431e-09,0.9999963045256735,0.9999963108744494,False,3.695474326548265e-06
Qwen/Qwen3-4B-instruct-2507,51,17,9.23741442396384e-09,0.9999961853172863,0.9999961945547007,False,3.8146827137097716e-06
Qwen/Qwen3-4B-instruct-2507,51,18,7.194105586938129e-09,0.9999958276922101,0.9999958348863156,False,4.172307789929164e-06
Qwen/Qwen3-4B-instruct-2507,51,19,6.348788006680007e-09,0.9999977350285647,0.9999977413773528,False,2.2649714352951378e-06
Qwen/Qwen3-4B-instruct-2507,51,20,7.194078143655561e-09,0.9999921322487634,0.9999921394428415,False,7.8677512366232e-06
Qwen/Qwen3-4B-instruct-2507,51,21,9.237432042950414e-09,0.9999971389852362,0.9999971482226683,False,2.861014763766434e-06
Qwen/Qwen3-4B-instruct-2507,51,22,9.23741442396384e-09,0.9999963045256735,0.9999963137630878,False,3.695474326548265e-06
Qwen/Qwen3-4B-instruct-2507,51,23,1.18610975280741e-08,0.9999977350285647,0.9999977468896623,False,2.2649714352951378e-06
Qwen/Qwen3-4B-instruct-2507,51,24,8.151989617038353e-09,0.9999966621509202,0.9999966703029098,False,3.337849079798616e-06
Qwen/Qwen3-4B-instruct-2507,51,25,8.15197406836693e-09,0.9999936819476216,0.9999936900995957,False,6.318052378384564e-06
Qwen/Qwen3-4B-instruct-2507,51,26,8.152005165739432e-09,0.9999971389852362,0.9999971471372414,False,2.861014763766434e-06
Qwen/Qwen3-4B-instruct-2507,51,27,7.19411930861867e-09,0.9999971389852362,0.9999971461793555,False,2.861014763766434e-06
Qwen/Qwen3-4B-instruct-2507,51,28,6.348775897339431e-09,0.9999952316511552,0.9999952379999312,False,4.768348844774728e-06
Qwen/Qwen3-4B-instruct-2507,51,29,9.237432042950414e-09,0.9999977350285647,0.9999977442659967,False,2.2649714352951378e-06
Qwen/Qwen3-4B-instruct-2507,51,30,9.23741442396384e-09,0.9999952316511552,0.9999952408885696,False,4.768348844774728e-06
Qwen/Qwen3-4B-instruct-2507,51,31,8.152005165739432e-09,0.9999974966112362,0.9999975047632413,False,2.5033887638414853e-06
Qwen/Qwen3-4B-instruct-2507,51,32,1.046734189996251e-08,0.999995112442896,0.9999951229102378,False,4.887557104038542e-06
Qwen/Qwen3-4B-instruct-2507,51,33,7.19411930861867e-09,0.9999977350285647,0.999997742222684,False,2.2649714352951378e-06
Qwen/Qwen3-4B-instruct-2507,51,34,1.344033304471242e-08,0.9999938011552557,0.9999938145955888,False,6.198844744287335e-06
Qwen/Qwen3-4B-instruct-2507,51,35,9.23741442396384e-09,0.9999958276922101,0.9999958369296245,False,4.172307789929164e-06
Qwen/Qwen3-4B-instruct-2507,51,36,9.23741442396384e-09,0.9999963045256735,0.9999963137630878,False,3.695474326548265e-06
Qwen/Qwen3-4B-instruct-2507,51,37,1.0467381829779195e-08,0.9999979734461775,0.9999979839135593,False,2.026553822531696e-06
Qwen/Qwen3-4B-instruct-2507,51,38,8.152005165739432e-09,0.9999974966112362,0.9999975047632413,False,2.5033887638414853e-06
Qwen/Qwen3-4B-instruct-2507,51,39,8.152005165739432e-09,0.9999974966112362,0.9999975047632413,False,2.5033887638414853e-06
Qwen/Qwen3-4B-instruct-2507,51,40,1.0467361864851814e-08,0.9999952316511552,0.9999952421185171,False,4.768348844774728e-06
Qwen/Qwen3-4B-instruct-2507,51,41,9.237432042950414e-09,0.9999985694905718,0.9999985787280038,False,1.430509428246296e-06
Qwen/Qwen3-4B-instruct-2507,51,42,9.237432042950414e-09,0.9999971389852362,0.9999971482226683,False,2.861014763766434e-06
Qwen/Qwen3-4B-instruct-2507,51,43,1.0467381829779195e-08,0.9999982118638471,0.9999982223312289,False,1.7881361529248352e-06
Qwen/Qwen3-4B-instruct-2507,51,44,8.151989617038353e-09,0.9999966621509202,0.9999966703029098,False,3.337849079798616e-06
Qwen/Qwen3-4B-instruct-2507,51,45,1.344033304471242e-08,0.9999946356109105,0.9999946490512436,False,5.364389089490551e-06
Qwen/Qwen3-4B-instruct-2507,51,46,8.151989617038353e-09,0.9999966621509202,0.9999966703029098,False,3.337849079798616e-06
Qwen/Qwen3-4B-instruct-2507,51,47,9.237432042950414e-09,0.9999985694905718,0.9999985787280038,False,1.430509428246296e-06
Qwen/Qwen3-4B-instruct-2507,51,48,9.237432042950414e-09,0.9999971389852362,0.9999971482226683,False,2.861014763766434e-06
Qwen/Qwen3-4B-instruct-2507,51,49,1.0467381829779195e-08,0.9999979734461775,0.9999979839135593,False,2.026553822531696e-06
Qwen/Qwen3-4B-instruct-2507,51,50,3.65346130838794e-08,0.999995112442896,0.9999951489775091,False,4.887557104038542e-06
Qwen/Qwen3-4B-instruct-2507,51,51,0.9999918938339075,6.144165476886902e-06,0.9999980379993844,True,8.106166092480827e-06
Qwen/Qwen3-4B-instruct-2507,51,52,2.2159320710520812e-08,0.9999929667012066,0.9999929888605273,False,7.033298793368559e-06
Qwen/Qwen3-4B-instruct-2507,51,53,2.510984787732669e-08,0.9999945164027223,0.9999945415125702,False,5.483597277700092e-06
Qwen/Qwen3-4B-instruct-2507,51,54,1.5229863549631703e-08,0.9999929667012066,0.9999929819310702,False,7.033298793368559e-06
Qwen/Qwen3-4B-instruct-2507,51,55,3.6534194980805917e-08,0.9999831917733143,0.9999832283075093,False,1.680822668570503e-05
Qwen/Qwen3-4B-instruct-2507,52,1,2.2159447507533765e-08,0.9999977350285647,0.9999977571880122,False,2.2649714352951378e-06
Qwen/Qwen3-4B-instruct-2507,52,2,1.5229921647061352e-08,0.9999966621509202,0.9999966773808419,False,3.337849079798616e-06
Qwen/Qwen3-4B-instruct-2507,52,3,1.18610975280741e-08,0.999998927117538,0.9999989389786356,False,1.0728824619832267e-06
Qwen/Qwen3-4B-instruct-2507,52,4,1.18610975280741e-08,0.9999979734461775,0.999997985307275,False,2.026553822531696e-06
Qwen/Qwen3-4B-instruct-2507,52,5,1.3440384315611926e-08,0.9999988079084972,0.9999988213488815,False,1.1920915028440504e-06
Qwen/Qwen3-4B-instruct-2507,52,6,8.152005165739432e-09,0.9999984502816872,0.9999984584336924,False,1.5497183127877179e-06
Qwen/Qwen3-4B-instruct-2507,52,7,7.194133030325383e-09,0.9999991655356624,0.9999991727297954,False,8.344643376290151e-07
Qwen/Qwen3-4B-instruct-2507,52,8,8.152005165739432e-09,0.9999982118638471,0.9999982200158523,False,1.7881361529248352e-06
Qwen/Qwen3-4B-instruct-2507,52,9,1.0467401794744658e-08,0.9999992847447459,0.9999992952121477,False,7.152552541356272e-07
Qwen/Qwen3-4B-instruct-2507,52,10,8.151989617038353e-09,0.9999958276922101,0.9999958358441997,False,4.172307789929164e-06
Qwen/Qwen3-4B-instruct-2507,52,11,5.602796437537268e-09,0.9999990463265931,0.9999990519293895,False,9.536734069115482e-07
Qwen/Qwen3-4B-instruct-2507,52,12,6.348788006680007e-09,0.9999979734461775,0.9999979797949655,False,2.026553822531696e-06
Qwen/Qwen3-4B-instruct-2507,52,13,7.19411930861867e-09,0.9999982118638471,0.9999982190579664,False,1.7881361529248352e-06
Qwen/Qwen3-4B-instruct-2507,52,14,6.348788006680007e-09,0.9999984502816872,0.9999984566304753,False,1.5497183127877179e-06
Qwen/Qwen3-4B-instruct-2507,52,15,4.9444410711567335e-09,0.9999988079084972,0.9999988128529382,False,1.1920915028440504e-06
Qwen/Qwen3-4B-instruct-2507,52,16,5.602785751061334e-09,0.9999977350285647,0.9999977406313505,False,2.2649714352951378e-06
Qwen/Qwen3-4B-instruct-2507,52,17,6.34880011604368e-09,0.9999994039539004,0.9999994103027006,False,5.960460995879657e-07
Qwen/Qwen3-4B-instruct-2507,52,18,5.602785751061334e-09,0.9999985694905718,0.9999985750933575,False,1.430509428246296e-06
Qwen/Qwen3-4B-instruct-2507,52,19,6.34880011604368e-09,0.9999992847447459,0.999999291093546,False,7.152552541356272e-07
Qwen/Qwen3-4B-instruct-2507,52,20,1.046732193511129e-08,0.9999930859092101,0.999993096376532,False,6.914090789900129e-06
Qwen/Qwen3-4B-instruct-2507,52,21,9.237432042950414e-09,0.9999988079084972,0.9999988171459292,False,1.1920915028440504e-06
Qwen/Qwen3-4B-instruct-2507,52,22,6.348788006680007e-09,0.9999985694905718,0.9999985758393598,False,1.430509428246296e-06
Qwen/Qwen3-4B-instruct-2507,52,23,1.0467381829779195e-08,0.9999988079084972,0.999998818375879,False,1.1920915028440504e-06
Qwen/Qwen3-4B-instruct-2507,52,24,8.152005165739432e-09,0.9999977350285647,0.9999977431805699,False,2.2649714352951378e-06
Qwen/Qwen3-4B-instruct-2507,52,25,6.348775897339431e-09,0.9999958276922101,0.999995834040986,False,4.172307789929164e-06
Qwen/Qwen3-4B-instruct-2507,52,26,8.151989617038353e-09,0.9999957084838798,0.9999957166358694,False,4.291516120247252e-06
Qwen/Qwen3-4B-instruct-2507,52,27,7.19411930861867e-09,0.9999988079084972,0.9999988151026165,False,1.1920915028440504e-06
Qwen/Qwen3-4B-instruct-2507,52,28,6.348788006680007e-09,0.9999974966112362,0.9999975029600242,False,2.5033887638414853e-06
Qwen/Qwen3-4B-instruct-2507,52,29,7.19411930861867e-09,0.999998927117538,0.9999989343116573,False,1.0728824619832267e-06
Qwen/Qwen3-4B-instruct-2507,52,30,4.9444410711567335e-09,0.9999982118638471,0.9999982168082882,False,1.7881361529248352e-06
Qwen/Qwen3-4B-instruct-2507,52,31,7.194133030325383e-09,0.9999990463265931,0.9999990535207262,False,9.536734069115482e-07
Qwen/Qwen3-4B-instruct-2507,52,32,6.348788006680007e-09,0.9999985694905718,0.9999985758393598,False,1.430509428246296e-06
Qwen/Qwen3-4B-instruct-2507,52,33,6.34880011604368e-09,0.9999991655356624,0.9999991718844625,False,8.344643376290151e-07
Qwen/Qwen3-4B-instruct-2507,52,34,6.34880011604368e-09,0.9999990463265931,0.9999990526753932,False,9.536734069115482e-07
Qwen/Qwen3-4B-instruct-2507,52,35,7.19411930861867e-09,0.9999982118638471,0.9999982190579664,False,1.7881361529248352e-06
Qwen/Qwen3-4B-instruct-2507,52,36,7.19411930861867e-09,0.9999982118638471,0.9999982190579664,False,1.7881361529248352e-06
Qwen/Qwen3-4B-instruct-2507,52,37,8.152020714470167e-09,0.9999990463265931,0.9999990544786138,False,9.536734069115482e-07
Qwen/Qwen3-4B-instruct-2507,52,38,7.19411930861867e-09,0.9999988079084972,0.9999988151026165,False,1.1920915028440504e-06
Qwen/Qwen3-4B-instruct-2507,52,39,3.850734578067279e-09,0.999998927117538,0.9999989309682726,False,1.0728824619832267e-06
Qwen/Qwen3-4B-instruct-2507,52,40,1.0467361864851814e-08,0.9999958276922101,0.9999958381595719,False,4.172307789929164e-06
Qwen/Qwen3-4B-instruct-2507,52,41,7.194133030325383e-09,0.9999991655356624,0.9999991727297954,False,8.344643376290151e-07
Qwen/Qwen3-4B-instruct-2507,52,42,9.237432042950414e-09,0.9999988079084972,0.9999988171459292,False,1.1920915028440504e-06
Qwen/Qwen3-4B-instruct-2507,52,43,9.237449661970594e-09,0.9999991655356624,0.9999991747731121,False,8.344643376290151e-07
Qwen/Qwen3-4B-instruct-2507,52,44,7.19411930861867e-09,0.9999979734461775,0.9999979806402968,False,2.026553822531696e-06
Qwen/Qwen3-4B-instruct-2507,52,45,8.152005165739432e-09,0.9999982118638471,0.9999982200158523,False,1.7881361529248352e-06
Qwen/Qwen3-4B-instruct-2507,52,46,9.237432042950414e-09,0.9999982118638471,0.9999982211012791,False,1.7881361529248352e-06
Qwen/Qwen3-4B-instruct-2507,52,47,7.194133030325383e-09,0.9999991655356624,0.9999991727297954,False,8.344643376290151e-07
Qwen/Qwen3-4B-instruct-2507,52,48,8.152005165739432e-09,0.9999982118638471,0.9999982200158523,False,1.7881361529248352e-06
Qwen/Qwen3-4B-instruct-2507,52,49,8.152005165739432e-09,0.999998927117538,0.9999989352695432,False,1.0728824619832267e-06
Qwen/Qwen3-4B-instruct-2507,52,50,1.7257795071296986e-08,0.9999977350285647,0.9999977522863598,False,2.2649714352951378e-06
Qwen/Qwen3-4B-instruct-2507,52,51,1.3440409951135022e-08,0.9999992847447459,0.9999992981851558,False,7.152552541356272e-07
Qwen/Qwen3-4B-instruct-2507,52,52,0.9999936819476216,4.785085448130728e-06,0.9999984670330697,True,6.318052378384564e-06
Qwen/Qwen3-4B-instruct-2507,52,53,2.2159447507533765e-08,0.9999973774024795,0.999997399561927,False,2.6225975204852148e-06
Qwen/Qwen3-4B-instruct-2507,52,54,9.23741442396384e-09,0.9999963045256735,0.9999963137630878,False,3.695474326548265e-06
Qwen/Qwen3-4B-instruct-2507,52,55,2.2159320710520812e-08,0.9999929667012066,0.9999929888605273,False,7.033298793368559e-06
Qwen/Qwen3-4B-instruct-2507,53,1,8.764198070156538e-08,0.999995112442896,0.9999952000848766,False,4.887557104038542e-06
Qwen/Qwen3-4B-instruct-2507,53,2,3.2241682883650204e-08,0.999995112442896,0.9999951446845788,False,4.887557104038542e-06
Qwen/Qwen3-4B-instruct-2507,53,3,5.315775115378354e-08,0.9999973774024795,0.9999974305602307,False,2.6225975204852148e-06
Qwen/Qwen3-4B-instruct-2507,53,4,3.2241682883650204e-08,0.999995112442896,0.9999951446845788,False,4.887557104038542e-06
Qwen/Qwen3-4B-instruct-2507,53,5,6.825564320030807e-08,0.9999945164027223,0.9999945846583655,False,5.483597277700092e-06
Qwen/Qwen3-4B-instruct-2507,53,6,1.7257795071296986e-08,0.9999971389852362,0.9999971562430313,False,2.861014763766434e-06
Qwen/Qwen3-4B-instruct-2507,53,7,2.845329381943118e-08,0.9999974966112362,0.99999752506453,False,2.5033887638414853e-06
Qwen/Qwen3-4B-instruct-2507,53,8,1.5229921647061352e-08,0.9999966621509202,0.9999966773808419,False,3.337849079798616e-06
Qwen/Qwen3-4B-instruct-2507,53,9,1.955564378838448e-08,0.9999985694905718,0.9999985890462155,False,1.430509428246296e-06
Qwen/Qwen3-4B-instruct-2507,53,10,1.1861052281664094e-08,0.9999938011552557,0.999993813016308,False,6.198844744287335e-06
Qwen/Qwen3-4B-instruct-2507,53,11,8.152005165739432e-09,0.9999977350285647,0.9999977431805699,False,2.2649714352951378e-06
Qwen/Qwen3-4B-instruct-2507,53,12,8.152005165739432e-09,0.9999974966112362,0.9999975047632413,False,2.5033887638414853e-06
Qwen/Qwen3-4B-instruct-2507,53,13,1.5229950695859287e-08,0.9999971389852362,0.999997154215187,False,2.861014763766434e-06
Qwen/Qwen3-4B-instruct-2507,53,14,7.19411930861867e-09,0.9999977350285647,0.999997742222684,False,2.2649714352951378e-06
Qwen/Qwen3-4B-instruct-2507,53,15,9.23741442396384e-09,0.9999963045256735,0.9999963137630878,False,3.695474326548265e-06
Qwen/Qwen3-4B-instruct-2507,53,16,8.151989617038353e-09,0.9999963045256735,0.9999963126776631,False,3.695474326548265e-06
Qwen/Qwen3-4B-instruct-2507,53,17,1.0467381829779195e-08,0.9999979734461775,0.9999979839135593,False,2.026553822531696e-06
Qwen/Qwen3-4B-instruct-2507,53,18,7.19411930861867e-09,0.9999974966112362,0.9999975038053555,False,2.5033887638414853e-06
Qwen/Qwen3-4B-instruct-2507,53,19,1.0467381829779195e-08,0.9999979734461775,0.9999979839135593,False,2.026553822531696e-06
Qwen/Qwen3-4B-instruct-2507,53,20,1.1861029658523816e-08,0.9999930859092101,0.9999930977702398,False,6.914090789900129e-06
Qwen/Qwen3-4B-instruct-2507,53,21,1.3440358680137724e-08,0.9999958276922101,0.9999958411325688,False,4.172307789929164e-06
Qwen/Qwen3-4B-instruct-2507,53,22,1.0467361864851814e-08,0.9999966621509202,0.9999966726182821,False,3.337849079798616e-06
Qwen/Qwen3-4B-instruct-2507,53,23,1.5229950695859287e-08,0.9999977350285647,0.9999977502585154,False,2.2649714352951378e-06
Qwen/Qwen3-4B-instruct-2507,53,24,1.0467361864851814e-08,0.9999958276922101,0.9999958381595719,False,4.172307789929164e-06
Qwen/Qwen3-4B-instruct-2507,53,25,1.046732193511129e-08,0.9999930859092101,0.999993096376532,False,6.914090789900129e-06
Qwen/Qwen3-4B-instruct-2507,53,26,9.23741442396384e-09,0.9999958276922101,0.9999958369296245,False,4.172307789929164e-06
Qwen/Qwen3-4B-instruct-2507,53,27,1.0467381829779195e-08,0.9999971389852362,0.9999971494526181,False,2.861014763766434e-06
Qwen/Qwen3-4B-instruct-2507,53,28,9.23739680501087e-09,0.9999946356109105,0.9999946448483074,False,5.364389089490551e-06
Qwen/Qwen3-4B-instruct-2507,53,29,7.19411930861867e-09,0.9999979734461775,0.9999979806402968,False,2.026553822531696e-06
Qwen/Qwen3-4B-instruct-2507,53,30,7.19411930861867e-09,0.9999974966112362,0.9999975038053555,False,2.5033887638414853e-06
Qwen/Qwen3-4B-instruct-2507,53,31,1.18610975280741e-08,0.9999984502816872,0.9999984621427848,False,1.5497183127877179e-06
Qwen/Qwen3-4B-instruct-2507,53,32,1.1861074904847522e-08,0.9999963045256735,0.9999963163867484,False,3.695474326548265e-06
Qwen/Qwen3-4B-instruct-2507,53,33,1.18610975280741e-08,0.9999979734461775,0.999997985307275,False,2.026553822531696e-06
Qwen/Qwen3-4B-instruct-2507,53,34,1.0467381829779195e-08,0.9999974966112362,0.999997507078618,False,2.5033887638414853e-06
Qwen/Qwen3-4B-instruct-2507,53,35,9.237432042950414e-09,0.9999977350285647,0.9999977442659967,False,2.2649714352951378e-06
Qwen/Qwen3-4B-instruct-2507,53,36,1.1861074904847522e-08,0.9999966621509202,0.9999966740119951,False,3.337849079798616e-06
Qwen/Qwen3-4B-instruct-2507,53,37,1.5229950695859287e-08,0.9999988079084972,0.9999988231384479,False,1.1920915028440504e-06
Qwen/Qwen3-4B-instruct-2507,53,38,8.152005165739432e-09,0.9999979734461775,0.9999979815981827,False,2.026553822531696e-06
Qwen/Qwen3-4B-instruct-2507,53,39,1.18610975280741e-08,0.9999979734461775,0.999997985307275,False,2.026553822531696e-06
Qwen/Qwen3-4B-instruct-2507,53,40,1.0467361864851814e-08,0.9999952316511552,0.9999952421185171,False,4.768348844774728e-06
Qwen/Qwen3-4B-instruct-2507,53,41,1.5229950695859287e-08,0.9999984502816872,0.999998465511638,False,1.5497183127877179e-06
Qwen/Qwen3-4B-instruct-2507,53,42,1.0467381829779195e-08,0.9999979734461775,0.9999979839135593,False,2.026553822531696e-06
Qwen/Qwen3-4B-instruct-2507,53,43,1.3440384315611926e-08,0.9999984502816872,0.9999984637220716,False,1.5497183127877179e-06
Qwen/Qwen3-4B-instruct-2507,53,44,8.152005165739432e-09,0.9999979734461775,0.9999979815981827,False,2.026553822531696e-06
Qwen/Qwen3-4B-instruct-2507,53,45,1.0467381829779195e-08,0.9999971389852362,0.9999971494526181,False,2.861014763766434e-06
Qwen/Qwen3-4B-instruct-2507,53,46,1.0467381829779195e-08,0.9999979734461775,0.9999979839135593,False,2.026553822531696e-06
Qwen/Qwen3-4B-instruct-2507,53,47,1.186112015134383e-08,0.9999990463265931,0.9999990581877133,False,9.536734069115482e-07
Qwen/Qwen3-4B-instruct-2507,53,48,9.237432042950414e-09,0.9999977350285647,0.9999977442659967,False,2.2649714352951378e-06
Qwen/Qwen3-4B-instruct-2507,53,49,1.3440384315611926e-08,0.9999974966112362,0.9999975100516205,False,2.5033887638414853e-06
Qwen/Qwen3-4B-instruct-2507,53,50,1.18610975280741e-08,0.9999974966112362,0.9999975084723337,False,2.5033887638414853e-06
Qwen/Qwen3-4B-instruct-2507,53,51,2.845329381943118e-08,0.9999983310727032,0.999998359525997,False,1.6689272968051228e-06
Qwen/Qwen3-4B-instruct-2507,53,52,1.955564378838448e-08,0.9999984502816872,0.999998469837331,False,1.5497183127877179e-06
Qwen/Qwen3-4B-instruct-2507,53,53,0.9999990463265931,4.4508482557577276e-07,0.9999994914114186,True,9.536734069115482e-07
Qwen/Qwen3-4B-instruct-2507,53,54,3.224162138757908e-08,0.9999920130413283,0.9999920452829497,False,7.98695867165744e-06
Qwen/Qwen3-4B-instruct-2507,53,55,1.637352146389176e-07,0.9999848606494245,0.9999850243846391,False,1.5139350575510413e-05
Qwen/Qwen3-4B-instruct-2507,54,1,4.691137178855366e-08,0.999995112442896,0.9999951593542677,False,4.887557104038542e-06
Qwen/Qwen3-4B-instruct-2507,54,2,2.2159362976111183e-08,0.999995112442896,0.999995134602259,False,4.887557104038542e-06
Qwen/Qwen3-4B-instruct-2507,54,3,1.7257795071296986e-08,0.9999979734461775,0.9999979907039726,False,2.026553822531696e-06
Qwen/Qwen3-4B-instruct-2507,54,4,1.7257762154696544e-08,0.9999963045256735,0.9999963217834356,False,3.695474326548265e-06
Qwen/Qwen3-4B-instruct-2507,54,5,2.2159405241782167e-08,0.9999970197767496,0.9999970419361548,False,2.980223250403924e-06
Qwen/Qwen3-4B-instruct-2507,54,6,1.1861074904847522e-08,0.9999966621509202,0.9999966740119951,False,3.337849079798616e-06
Qwen/Qwen3-4B-instruct-2507,54,7,1.955564378838448e-08,0.999997854237364,0.9999978737930078,False,2.145762636018844e-06
Qwen/Qwen3-4B-instruct-2507,54,8,1.1861074904847522e-08,0.9999966621509202,0.9999966740119951,False,3.337849079798616e-06
Qwen/Qwen3-4B-instruct-2507,54,9,9.237432042950414e-09,0.9999985694905718,0.9999985787280038,False,1.430509428246296e-06
Qwen/Qwen3-4B-instruct-2507,54,10,1.1861029658523816e-08,0.9999920130413283,0.9999920249023581,False,7.98695867165744e-06
Qwen/Qwen3-4B-instruct-2507,54,11,8.152005165739432e-09,0.9999974966112362,0.9999975047632413,False,2.5033887638414853e-06
Qwen/Qwen3-4B-instruct-2507,54,12,9.23741442396384e-09,0.9999958276922101,0.9999958369296245,False,4.172307789929164e-06
Qwen/Qwen3-4B-instruct-2507,54,13,1.0467381829779195e-08,0.9999982118638471,0.9999982223312289,False,1.7881361529248352e-06
Qwen/Qwen3-4B-instruct-2507,54,14,9.23741442396384e-09,0.9999966621509202,0.9999966713883346,False,3.337849079798616e-06
Qwen/Qwen3-4B-instruct-2507,54,15,7.194105586938129e-09,0.9999966621509202,0.9999966693450257,False,3.337849079798616e-06
Qwen/Qwen3-4B-instruct-2507,54,16,9.23741442396384e-09,0.9999963045256735,0.9999963137630878,False,3.695474326548265e-06
Qwen/Qwen3-4B-instruct-2507,54,17,1.0467381829779195e-08,0.9999982118638471,0.9999982223312289,False,1.7881361529248352e-06
Qwen/Qwen3-4B-instruct-2507,54,18,6.348763788021952e-09,0.9999945164027223,0.999994522751486,False,5.483597277700092e-06
Qwen/Qwen3-4B-instruct-2507,54,19,8.152005165739432e-09,0.9999985694905718,0.9999985776425769,False,1.430509428246296e-06
Qwen/Qwen3-4B-instruct-2507,54,20,1.046734189996251e-08,0.9999936819476216,0.9999936924149635,False,6.318052378384564e-06
Qwen/Qwen3-4B-instruct-2507,54,21,1.18610975280741e-08,0.9999977350285647,0.9999977468896623,False,2.2649714352951378e-06
Qwen/Qwen3-4B-instruct-2507,54,22,1.0467381829779195e-08,0.9999971389852362,0.9999971494526181,False,2.861014763766434e-06
Qwen/Qwen3-4B-instruct-2507,54,23,1.3440384315611926e-08,0.9999982118638471,0.9999982253042314,False,1.7881361529248352e-06
Qwen/Qwen3-4B-instruct-2507,54,24,9.23741442396384e-09,0.9999958276922101,0.9999958369296245,False,4.172307789929164e-06
Qwen/Qwen3-4B-instruct-2507,54,25,9.23739680501087e-09,0.9999938011552557,0.9999938103926526,False,6.198844744287335e-06
Qwen/Qwen3-4B-instruct-2507,54,26,9.237432042950414e-09,0.9999971389852362,0.9999971482226683,False,2.861014763766434e-06
Qwen/Qwen3-4B-instruct-2507,54,27,7.194105586938129e-09,0.9999966621509202,0.9999966693450257,False,3.337849079798616e-06
Qwen/Qwen3-4B-instruct-2507,54,28,1.046734189996251e-08,0.9999946356109105,0.9999946460782524,False,5.364389089490551e-06
Qwen/Qwen3-4B-instruct-2507,54,29,1.0467381829779195e-08,0.9999982118638471,0.9999982223312289,False,1.7881361529248352e-06
Qwen/Qwen3-4B-instruct-2507,54,30,1.5229863549631703e-08,0.9999920130413283,0.9999920282711919,False,7.98695867165744e-06
Qwen/Qwen3-4B-instruct-2507,54,31,1.18610975280741e-08,0.9999979734461775,0.999997985307275,False,2.026553822531696e-06
Qwen/Qwen3-4B-instruct-2507,54,32,8.152005165739432e-09,0.9999971389852362,0.9999971471372414,False,2.861014763766434e-06
Qwen/Qwen3-4B-instruct-2507,54,33,1.0467381829779195e-08,0.9999974966112362,0.999997507078618,False,2.5033887638414853e-06
Qwen/Qwen3-4B-instruct-2507,54,34,1.18610975280741e-08,0.9999979734461775,0.999997985307275,False,2.026553822531696e-06
Qwen/Qwen3-4B-instruct-2507,54,35,1.1861074904847522e-08,0.9999963045256735,0.9999963163867484,False,3.695474326548265e-06
Qwen/Qwen3-4B-instruct-2507,54,36,9.237432042950414e-09,0.9999971389852362,0.9999971482226683,False,2.861014763766434e-06
Qwen/Qwen3-4B-instruct-2507,54,37,1.18610975280741e-08,0.9999982118638471,0.9999982237249446,False,1.7881361529248352e-06
Qwen/Qwen3-4B-instruct-2507,54,38,8.151989617038353e-09,0.9999966621509202,0.9999966703029098,False,3.337849079798616e-06
Qwen/Qwen3-4B-instruct-2507,54,39,1.3440384315611926e-08,0.9999971389852362,0.9999971524256206,False,2.861014763766434e-06
Qwen/Qwen3-4B-instruct-2507,54,40,1.1861052281664094e-08,0.9999938011552557,0.999993813016308,False,6.198844744287335e-06
Qwen/Qwen3-4B-instruct-2507,54,41,1.5229950695859287e-08,0.9999979734461775,0.9999979886761282,False,2.026553822531696e-06
Qwen/Qwen3-4B-instruct-2507,54,42,1.3440358680137724e-08,0.9999966621509202,0.9999966755912789,False,3.337849079798616e-06
Qwen/Qwen3-4B-instruct-2507,54,43,1.18610975280741e-08,0.9999979734461775,0.999997985307275,False,2.026553822531696e-06
Qwen/Qwen3-4B-instruct-2507,54,44,9.23741442396384e-09,0.9999966621509202,0.9999966713883346,False,3.337849079798616e-06
Qwen/Qwen3-4B-instruct-2507,54,45,1.5229863549631703e-08,0.9999921322487634,0.999992147478627,False,7.8677512366232e-06
Qwen/Qwen3-4B-instruct-2507,54,46,1.0467381829779195e-08,0.9999971389852362,0.9999971494526181,False,2.861014763766434e-06
Qwen/Qwen3-4B-instruct-2507,54,47,1.18610975280741e-08,0.9999984502816872,0.9999984621427848,False,1.5497183127877179e-06
Qwen/Qwen3-4B-instruct-2507,54,48,1.0467381829779195e-08,0.9999971389852362,0.9999971494526181,False,2.861014763766434e-06
Qwen/Qwen3-4B-instruct-2507,54,49,1.3440384315611926e-08,0.9999971389852362,0.9999971524256206,False,2.861014763766434e-06
Qwen/Qwen3-4B-instruct-2507,54,50,1.5229892598318825e-08,0.9999938011552557,0.9999938163851483,False,6.198844744287335e-06
Qwen/Qwen3-4B-instruct-2507,54,51,1.3440384315611926e-08,0.9999977350285647,0.9999977484689491,False,2.2649714352951378e-06
Qwen/Qwen3-4B-instruct-2507,54,52,1.3440358680137724e-08,0.9999963045256735,0.9999963179660322,False,3.695474326548265e-06
Qwen/Qwen3-4B-instruct-2507,54,53,1.7257795071296986e-08,0.9999979734461775,0.9999979907039726,False,2.026553822531696e-06
Qwen/Qwen3-4B-instruct-2507,54,54,0.9999886752461923,1.0129977669573009e-05,0.9999988052238619,True,1.1324753807717691e-05
Qwen/Qwen3-4B-instruct-2507,54,55,2.8452859659935034e-08,0.9999831917733143,0.9999832202261739,False,1.680822668570503e-05
Qwen/Qwen3-4B-instruct-2507,55,1,3.653454339970154e-08,0.9999920130413283,0.9999920495758717,False,7.98695867165744e-06
Qwen/Qwen3-4B-instruct-2507,55,2,1.955549459123185e-08,0.9999897481064004,0.999989767661895,False,1.0251893599599882e-05
Qwen/Qwen3-4B-instruct-2507,55,3,1.7257762154696544e-08,0.9999963045256735,0.9999963217834356,False,3.695474326548265e-06
Qwen/Qwen3-4B-instruct-2507,55,4,1.7257729238158885e-08,0.9999936819476216,0.9999936992053509,False,6.318052378384564e-06
Qwen/Qwen3-4B-instruct-2507,55,5,2.510984787732669e-08,0.9999936819476216,0.9999937070574695,False,6.318052378384564e-06
Qwen/Qwen3-4B-instruct-2507,55,6,9.23741442396384e-09,0.9999963045256735,0.9999963137630878,False,3.695474326548265e-06
Qwen/Qwen3-4B-instruct-2507,55,7,1.5229950695859287e-08,0.9999971389852362,0.999997154215187,False,2.861014763766434e-06
Qwen/Qwen3-4B-instruct-2507,55,8,1.3440358680137724e-08,0.9999952316511552,0.9999952450915139,False,4.768348844774728e-06
Qwen/Qwen3-4B-instruct-2507,55,9,1.3440384315611926e-08,0.9999974966112362,0.9999975100516205,False,2.5033887638414853e-06
Qwen/Qwen3-4B-instruct-2507,55,10,1.300685109160827e-05,0.9999654305001977,0.9999784373512893,False,3.4569499802294956e-05
Qwen/Qwen3-4B-instruct-2507,55,11,1.275162621114235e-07,0.9999783043793048,0.9999784318955669,False,2.1695620695205697e-05
Qwen/Qwen3-4B-instruct-2507,55,12,9.23741442396384e-09,0.9999958276922101,0.9999958369296245,False,4.172307789929164e-06
Qwen/Qwen3-4B-instruct-2507,55,13,1.1861074904847522e-08,0.9999963045256735,0.9999963163867484,False,3.695474326548265e-06
Qwen/Qwen3-4B-instruct-2507,55,14,7.194105586938129e-09,0.9999966621509202,0.9999966693450257,False,3.337849079798616e-06
Qwen/Qwen3-4B-instruct-2507,55,15,9.23739680501087e-09,0.9999938011552557,0.9999938103926526,False,6.198844744287335e-06
Qwen/Qwen3-4B-instruct-2507,55,16,9.23741442396384e-09,0.9999958276922101,0.9999958369296245,False,4.172307789929164e-06
Qwen/Qwen3-4B-instruct-2507,55,17,9.237432042950414e-09,0.9999977350285647,0.9999977442659967,False,2.2649714352951378e-06
Qwen/Qwen3-4B-instruct-2507,55,18,1.1861052281664094e-08,0.9999945164027223,0.9999945282637746,False,5.483597277700092e-06
Qwen/Qwen3-4B-instruct-2507,55,19,1.0467381829779195e-08,0.9999974966112362,0.999997507078618,False,2.5033887638414853e-06
Qwen/Qwen3-4B-instruct-2507,55,20,4.691065598328808e-08,0.9999784235841962,0.9999784704948522,False,2.1576415803803428e-05
Qwen/Qwen3-4B-instruct-2507,55,21,1.1861052281664094e-08,0.999995112442896,0.9999951243039482,False,4.887557104038542e-06
Qwen/Qwen3-4B-instruct-2507,55,22,1.7257630488922603e-08,0.9999884368330701,0.9999884540907006,False,1.1563166929851043e-05
Qwen/Qwen3-4B-instruct-2507,55,23,1.18610975280741e-08,0.9999974966112362,0.9999975084723337,False,2.5033887638414853e-06
Qwen/Qwen3-4B-instruct-2507,55,24,1.0467361864851814e-08,0.9999952316511552,0.9999952421185171,False,4.768348844774728e-06
Qwen/Qwen3-4B-instruct-2507,55,25,1.9555345395217496e-08,0.9999831917733143,0.9999832113286596,False,1.680822668570503e-05
Qwen/Qwen3-4B-instruct-2507,55,26,1.1861052281664094e-08,0.999995112442896,0.9999951243039482,False,4.887557104038542e-06
Qwen/Qwen3-4B-instruct-2507,55,27,1.1861074904847522e-08,0.9999958276922101,0.999995839553285,False,4.172307789929164e-06
Qwen/Qwen3-4B-instruct-2507,55,28,1.046734189996251e-08,0.9999936819476216,0.9999936924149635,False,6.318052378384564e-06
Qwen/Qwen3-4B-instruct-2507,55,29,1.1861074904847522e-08,0.9999963045256735,0.9999963163867484,False,3.695474326548265e-06
Qwen/Qwen3-4B-instruct-2507,55,30,1.5229834500999985e-08,0.9999897481064004,0.9999897633362349,False,1.0251893599599882e-05
Qwen/Qwen3-4B-instruct-2507,55,31,1.18610975280741e-08,0.9999971389852362,0.9999971508463338,False,2.861014763766434e-06
Qwen/Qwen3-4B-instruct-2507,55,32,1.1861052281664094e-08,0.9999946356109105,0.9999946474719628,False,5.364389089490551e-06
Qwen/Qwen3-4B-instruct-2507,55,33,1.7257663405271917e-08,0.9999909401759619,0.9999909574336253,False,9.059824038093467e-06
Qwen/Qwen3-4B-instruct-2507,55,34,1.0467361864851814e-08,0.9999966621509202,0.9999966726182821,False,3.337849079798616e-06
Qwen/Qwen3-4B-instruct-2507,55,35,1.046732193511129e-08,0.9999929667012066,0.9999929771685285,False,7.033298793368559e-06
Qwen/Qwen3-4B-instruct-2507,55,36,1.0467361864851814e-08,0.9999958276922101,0.9999958381595719,False,4.172307789929164e-06
Qwen/Qwen3-4B-instruct-2507,55,37,1.18610975280741e-08,0.9999971389852362,0.9999971508463338,False,2.861014763766434e-06
Qwen/Qwen3-4B-instruct-2507,55,38,9.23741442396384e-09,0.9999958276922101,0.9999958369296245,False,4.172307789929164e-06
Qwen/Qwen3-4B-instruct-2507,55,39,1.1861074904847522e-08,0.9999963045256735,0.9999963163867484,False,3.695474326548265e-06
Qwen/Qwen3-4B-instruct-2507,55,40,1.5229834500999985e-08,0.9999897481064004,0.9999897633362349,False,1.0251893599599882e-05
Qwen/Qwen3-4B-instruct-2507,55,41,1.0467381829779195e-08,0.9999977350285647,0.9999977454959466,False,2.2649714352951378e-06
Qwen/Qwen3-4B-instruct-2507,55,42,1.0467361864851814e-08,0.9999952316511552,0.9999952421185171,False,4.768348844774728e-06
Qwen/Qwen3-4B-instruct-2507,55,43,1.3440358680137724e-08,0.9999966621509202,0.9999966755912789,False,3.337849079798616e-06
Qwen/Qwen3-4B-instruct-2507,55,44,9.23739680501087e-09,0.9999938011552557,0.9999938103926526,False,6.198844744287335e-06
Qwen/Qwen3-4B-instruct-2507,55,45,1.7257663405271917e-08,0.9999897481064004,0.9999897653640638,False,1.0251893599599882e-05
Qwen/Qwen3-4B-instruct-2507,55,46,1.5229892598318825e-08,0.9999945164027223,0.9999945316326149,False,5.483597277700092e-06
Qwen/Qwen3-4B-instruct-2507,55,47,1.5229921647061352e-08,0.9999958276922101,0.9999958429221317,False,4.172307789929164e-06
Qwen/Qwen3-4B-instruct-2507,55,48,1.344033304471242e-08,0.9999938011552557,0.9999938145955888,False,6.198844744287335e-06
Qwen/Qwen3-4B-instruct-2507,55,49,1.1861074904847522e-08,0.9999966621509202,0.9999966740119951,False,3.337849079798616e-06
Qwen/Qwen3-4B-instruct-2507,55,50,3.0589706938554157e-07,0.9999829533624089,0.9999832592594783,False,1.704663759105607e-05
Qwen/Qwen3-4B-instruct-2507,55,51,1.955556918966588e-08,0.9999945164027223,0.9999945359582915,False,5.483597277700092e-06
Qwen/Qwen3-4B-instruct-2507,55,52,1.5229892598318825e-08,0.9999938011552557,0.9999938163851483,False,6.198844744287335e-06
Qwen/Qwen3-4B-instruct-2507,55,53,2.2159362976111183e-08,0.999995112442896,0.999995134602259,False,4.887557104038542e-06
Qwen/Qwen3-4B-instruct-2507,55,54,2.2159320710520812e-08,0.9999920130413283,0.999992035200649,False,7.98695867165744e-06
Qwen/Qwen3-4B-instruct-2507,55,55,0.9999988079084972,5.043471815847051e-07,0.9999993122556787,True,1.1920915028440504e-06
