model,k,x,p_yes,p_no,sum,is_correct,p_err
meta-llama/Llama-3.2-3B-Instruct,1,1,0.9895088752341547,0.002779326395921724,0.9922882016300764,True,0.01049112476584535
meta-llama/Llama-3.2-3B-Instruct,1,2,0.9802745151934702,0.007484487503156492,0.9877590026966266,True,0.019725484806529803
meta-llama/Llama-3.2-3B-Instruct,1,3,0.974668474239728,0.013902902414992738,0.9885713766547207,True,0.025331525760271978
meta-llama/Llama-3.2-3B-Instruct,1,4,0.9858779802530141,0.0045655210926137755,0.9904435013456279,True,0.014122019746985903
meta-llama/Llama-3.2-3B-Instruct,1,5,0.9813693719055332,0.008490507896664407,0.9898598798021976,True,0.018630628094466806
meta-llama/Llama-3.2-3B-Instruct,1,6,0.9841175325420516,0.0040218639784411515,0.9881393965204928,True,0.015882467457948413
meta-llama/Llama-3.2-3B-Instruct,1,7,0.9557786163720353,0.0327049460184496,0.988483562390485,True,0.04422138362796468
meta-llama/Llama-3.2-3B-Instruct,1,8,0.985815532869829,0.0045652315594511056,0.9903807644292801,True,0.014184467130170964
meta-llama/Llama-3.2-3B-Instruct,1,9,0.9819955945371628,0.008495926638042352,0.9904915211752051,True,0.018004405462837214
meta-llama/Llama-3.2-3B-Instruct,1,10,0.9832812108992705,0.00515978685124691,0.9884409977505174,True,0.016718789100729547
meta-llama/Llama-3.2-3B-Instruct,1,11,0.9647122372410022,0.02268785798028556,0.9874000952212878,True,0.03528776275899781
meta-llama/Llama-3.2-3B-Instruct,1,12,0.9819093850823564,0.00515258789086159,0.987061972973218,True,0.018090614917643633
meta-llama/Llama-3.2-3B-Instruct,1,13,0.8559590076806786,0.13126555937546042,0.987224567056139,True,0.14404099231932144
meta-llama/Llama-3.2-3B-Instruct,1,14,0.9810279350228615,0.008487552940541529,0.9895154879634029,True,0.018972064977138547
meta-llama/Llama-3.2-3B-Instruct,1,15,0.976913757758911,0.012297529203824282,0.9892112869627353,True,0.023086242241089017
meta-llama/Llama-3.2-3B-Instruct,1,16,0.9811481846696168,0.008488593129696772,0.9896367777993136,True,0.01885181533038316
meta-llama/Llama-3.2-3B-Instruct,1,17,0.8088030044564407,0.18046833853452113,0.9892713429909619,True,0.1911969955435593
meta-llama/Llama-3.2-3B-Instruct,1,18,0.9820045608720364,0.007497696870779529,0.9895022577428159,True,0.01799543912796364
meta-llama/Llama-3.2-3B-Instruct,1,19,0.844441882993167,0.1467420047689468,0.9911838877621139,True,0.15555811700683297
meta-llama/Llama-3.2-3B-Instruct,1,20,0.9841814974773778,0.006631362718075637,0.9908128601954534,True,0.01581850252262218
meta-llama/Llama-3.2-3B-Instruct,1,21,0.9602016793610125,0.028995576870198356,0.9891972562312109,True,0.03979832063898747
meta-llama/Llama-3.2-3B-Instruct,1,22,0.9809806692133143,0.007489878455176234,0.9884705476684905,True,0.019019330786685718
meta-llama/Llama-3.2-3B-Instruct,1,23,0.7467317295929853,0.24242829846713068,0.9891600280601159,True,0.2532682704070147
meta-llama/Llama-3.2-3B-Instruct,1,24,0.9839366498026397,0.005850700585347582,0.9897873503879873,True,0.01606335019736027
meta-llama/Llama-3.2-3B-Instruct,1,25,0.9564376953216075,0.03272749626554111,0.9891651915871487,True,0.043562304678392505
meta-llama/Llama-3.2-3B-Instruct,1,26,0.9536754045125145,0.03263297672842936,0.9863083812409439,True,0.046324595487485465
meta-llama/Llama-3.2-3B-Instruct,1,27,0.8848776233729511,0.10568356662405931,0.9905611899970104,True,0.11512237662704894
meta-llama/Llama-3.2-3B-Instruct,1,28,0.9804507288982837,0.010891822880881299,0.991342551779165,True,0.019549271101716337
meta-llama/Llama-3.2-3B-Instruct,1,29,0.7880768124635341,0.19925703460301736,0.9873338470665515,True,0.21192318753646588
meta-llama/Llama-3.2-3B-Instruct,1,30,0.9838729481825076,0.005850321180573963,0.9897232693630815,True,0.01612705181749241
meta-llama/Llama-3.2-3B-Instruct,1,31,0.8075843469786825,0.1801964193044467,0.9877807662831293,True,0.19241565302131747
meta-llama/Llama-3.2-3B-Instruct,1,32,0.9813079531181651,0.009620404925069914,0.990928358043235,True,0.0186920468818349
meta-llama/Llama-3.2-3B-Instruct,1,33,0.9702143341066036,0.01777009747343143,0.987984431580035,True,0.029785665893396374
meta-llama/Llama-3.2-3B-Instruct,1,34,0.9733934044658047,0.015733437589254575,0.9891268420550593,True,0.02660659553419531
meta-llama/Llama-3.2-3B-Instruct,1,35,0.9634354069885023,0.02567468470329308,0.9891100916917953,True,0.036564593011497726
meta-llama/Llama-3.2-3B-Instruct,1,36,0.9829869340859722,0.006623313788643499,0.9896102478746156,True,0.017013065914027847
meta-llama/Llama-3.2-3B-Instruct,1,37,0.9150796134866579,0.0751143121716815,0.9901939256583394,True,0.0849203865133421
meta-llama/Llama-3.2-3B-Instruct,1,38,0.9771028788919037,0.012299910185355619,0.9894027890772593,True,0.022897121108096274
meta-llama/Llama-3.2-3B-Instruct,1,39,0.9670181722125921,0.02274208507061198,0.989760257283204,True,0.03298182778740788
meta-llama/Llama-3.2-3B-Instruct,1,40,0.9836166073088027,0.005848798229647683,0.9894654055384504,True,0.016383392691197263
meta-llama/Llama-3.2-3B-Instruct,1,41,0.929230304951112,0.0594037103899024,0.9886340153410145,True,0.07076969504888797
meta-llama/Llama-3.2-3B-Instruct,1,42,0.9784462323134109,0.0108695546333507,0.9893157869467616,True,0.02155376768658912
meta-llama/Llama-3.2-3B-Instruct,1,43,0.9034555220222504,0.0840344532793475,0.987489975301598,True,0.09654447797774957
meta-llama/Llama-3.2-3B-Instruct,1,44,0.9810119882449422,0.009617501560241626,0.9906294898051838,True,0.01898801175505782
meta-llama/Llama-3.2-3B-Instruct,1,45,0.9809365044998442,0.009616763245462297,0.9905532677453065,True,0.019063495500155847
meta-llama/Llama-3.2-3B-Instruct,1,46,0.9784173607240346,0.01086923329163316,0.9892865940156678,True,0.021582639275965376
meta-llama/Llama-3.2-3B-Instruct,1,47,0.9447278528242484,0.04703523387720393,0.9917630867014524,True,0.055272147175751574
meta-llama/Llama-3.2-3B-Instruct,1,48,0.98586419310241,0.004029002508365989,0.989893195610776,True,0.014135806897589975
meta-llama/Llama-3.2-3B-Instruct,1,49,0.979070786612809,0.01232467975616496,0.9913954663689739,True,0.020929213387191004
meta-llama/Llama-3.2-3B-Instruct,1,50,0.983819292769427,0.005850003169057504,0.9896692959384845,True,0.016180707230572966
meta-llama/Llama-3.2-3B-Instruct,1,51,0.9575504210481264,0.03276557286444278,0.9903159939125692,True,0.04244957895187362
meta-llama/Llama-3.2-3B-Instruct,1,52,0.9729748781773288,0.0178206540269893,0.990795532204318,True,0.02702512182267125
meta-llama/Llama-3.2-3B-Instruct,1,53,0.9146979466785932,0.0750829785755718,0.989780925254165,True,0.08530205332140683
meta-llama/Llama-3.2-3B-Instruct,1,54,0.9800380216545412,0.009607953701998895,0.9896459753565401,True,0.019961978345458764
meta-llama/Llama-3.2-3B-Instruct,1,55,0.9746881794581013,0.01575436787678497,0.9904425473348862,True,0.025311820541898733
meta-llama/Llama-3.2-3B-Instruct,1,56,0.984235192810423,0.00663172320501098,0.990866916015434,True,0.015764807189576957
meta-llama/Llama-3.2-3B-Instruct,1,57,0.962047521118937,0.02905131526832949,0.9910988363872665,True,0.03795247888106301
meta-llama/Llama-3.2-3B-Instruct,1,58,0.98111134964812,0.008488277416791251,0.9895996270649112,True,0.018888650351880032
meta-llama/Llama-3.2-3B-Instruct,1,59,0.9138428898422327,0.0750127850896046,0.9888556749318373,True,0.08615711015776728
meta-llama/Llama-3.2-3B-Instruct,1,60,0.9869226924001476,0.004033327478785639,0.9909560198789332,True,0.013077307599852372
meta-llama/Llama-3.2-3B-Instruct,1,61,0.956667843446546,0.03273537028135247,0.9894032137278984,True,0.043332156553454015
meta-llama/Llama-3.2-3B-Instruct,1,62,0.9796346974114885,0.010882758583910579,0.9905174559953991,True,0.020365302588511547
meta-llama/Llama-3.2-3B-Instruct,1,63,0.9783221936637184,0.012315256868262963,0.9906374505319814,True,0.02167780633628158
meta-llama/Llama-3.2-3B-Instruct,1,64,0.9832646139502962,0.006625183731899896,0.9898897976821961,True,0.016735386049703815
meta-llama/Llama-3.2-3B-Instruct,1,65,0.9703347547918059,0.02013865505145338,0.9904734098432593,True,0.029665245208194135
meta-llama/Llama-3.2-3B-Instruct,1,66,0.9840952500957038,0.006630780920850639,0.9907260310165544,True,0.015904749904296245
meta-llama/Llama-3.2-3B-Instruct,1,67,0.9380737258942746,0.05292250015639632,0.990996226050671,True,0.061926274105725376
meta-llama/Llama-3.2-3B-Instruct,1,68,0.9785972452257721,0.010871234057522584,0.9894684792832946,True,0.021402754774227928
meta-llama/Llama-3.2-3B-Instruct,1,69,0.96913480885856,0.022791865880228624,0.9919266747387886,True,0.03086519114144004
meta-llama/Llama-3.2-3B-Instruct,1,70,0.9797824153196444,0.00960544798694718,0.9893878633065916,True,0.020217584680355616
meta-llama/Llama-3.2-3B-Instruct,1,71,0.895567122834895,0.09439207536696735,0.9899591982018624,True,0.10443287716510496
meta-llama/Llama-3.2-3B-Instruct,1,72,0.9864087016007469,0.004567979598728611,0.9909766811994755,True,0.013591298399253104
meta-llama/Llama-3.2-3B-Instruct,1,73,0.9151230375590812,0.07511787607709416,0.9902409136361754,True,0.0848769624409188
meta-llama/Llama-3.2-3B-Instruct,1,74,0.971794516114928,0.017799040879155757,0.9895935569940837,True,0.028205483885072047
meta-llama/Llama-3.2-3B-Instruct,1,75,0.9796535742371056,0.010882966158037216,0.9905365403951428,True,0.02034642576289436
meta-llama/Llama-3.2-3B-Instruct,1,76,0.9821395395285037,0.008497170439348467,0.9906367099678522,True,0.017860460471496253
meta-llama/Llama-3.2-3B-Instruct,1,77,0.9713027924929969,0.0201587446433812,0.9914615371363781,True,0.02869720750700311
meta-llama/Llama-3.2-3B-Instruct,1,78,0.974701202113754,0.015754578221693384,0.9904557803354473,True,0.025298797886246005
meta-llama/Llama-3.2-3B-Instruct,1,79,0.9164692504146278,0.07522836931219946,0.9916976197268272,True,0.08353074958537221
meta-llama/Llama-3.2-3B-Instruct,1,80,0.985601486301855,0.00517196284399815,0.9907734491458531,True,0.014398513698145043
meta-llama/Llama-3.2-3B-Instruct,1,81,0.978272335884395,0.012314628540478864,0.9905869644248738,True,0.021727664115605005
meta-llama/Llama-3.2-3B-Instruct,1,82,0.9809854876013475,0.009617244748672118,0.9906027323500196,True,0.019014512398652483
meta-llama/Llama-3.2-3B-Instruct,1,83,0.9485752945172939,0.04167748524944903,0.990252779766743,True,0.05142470548270606
meta-llama/Llama-3.2-3B-Instruct,1,84,0.9833326188967315,0.007507835781326904,0.9908404546780584,True,0.016667381103268486
meta-llama/Llama-3.2-3B-Instruct,1,85,0.9511036837098882,0.036878289016654506,0.9879819727265426,True,0.04889631629011182
meta-llama/Llama-3.2-3B-Instruct,1,86,0.9712809738772945,0.017789631013726485,0.9890706048910209,True,0.028719026122705493
meta-llama/Llama-3.2-3B-Instruct,1,87,0.9692084872246997,0.02279359939351418,0.9920020866182139,True,0.030791512775300345
meta-llama/Llama-3.2-3B-Instruct,1,88,0.9831129650244582,0.008505594183072005,0.9916185592075302,True,0.01688703497554178
meta-llama/Llama-3.2-3B-Instruct,1,89,0.8280131719637409,0.1630454656416521,0.991058637605393,True,0.1719868280362591
meta-llama/Llama-3.2-3B-Instruct,1,90,0.9809742447327519,0.007489832026439484,0.9884640767591913,True,0.019025755267248146
meta-llama/Llama-3.2-3B-Instruct,1,91,0.9409516021260017,0.04684722541080802,0.9877988275368097,True,0.05904839787399829
meta-llama/Llama-3.2-3B-Instruct,1,92,0.974535992679084,0.013901006530014933,0.9884369992090989,True,0.025464007320916027
meta-llama/Llama-3.2-3B-Instruct,1,93,0.9603897708643703,0.02900125998231185,0.9893910308466821,True,0.039610229135629726
meta-llama/Llama-3.2-3B-Instruct,1,94,0.9766957123592509,0.01393181682560986,0.9906275291848607,True,0.0233042876407491
meta-llama/Llama-3.2-3B-Instruct,1,95,0.96467784846464,0.02570779177504237,0.9903856402396823,True,0.03532215153536
meta-llama/Llama-3.2-3B-Instruct,1,96,0.9853107949494228,0.006638971883080856,0.9919497668325036,True,0.014689205050577248
meta-llama/Llama-3.2-3B-Instruct,1,97,0.8967746903239378,0.09451935837529725,0.991294048699235,True,0.10322530967606225
meta-llama/Llama-3.2-3B-Instruct,1,98,0.9783427326516676,0.012315515255345397,0.990658247907013,True,0.0216572673483324
meta-llama/Llama-3.2-3B-Instruct,1,99,0.9775218880926423,0.013943600213620545,0.9914654883062628,True,0.022478111907357712
meta-llama/Llama-3.2-3B-Instruct,1,100,0.9840258708921982,0.006630312990558015,0.9906561838827562,True,0.015974129107801827
meta-llama/Llama-3.2-3B-Instruct,1,101,0.9500513946577944,0.036837488168823554,0.986888882826618,True,0.049948605342205576
meta-llama/Llama-3.2-3B-Instruct,1,102,0.9746588468949111,0.013902763197859725,0.9885616100927709,True,0.025341153105088887
meta-llama/Llama-3.2-3B-Instruct,1,103,0.9557319030607916,0.03270334757682682,0.9884352506376184,True,0.04426809693920841
meta-llama/Llama-3.2-3B-Instruct,1,104,0.9791008410148072,0.010876828825887858,0.989977669840695,True,0.02089915898519279
meta-llama/Llama-3.2-3B-Instruct,1,105,0.9758095183272779,0.013919173897797555,0.9897286922250754,True,0.024190481672722086
meta-llama/Llama-3.2-3B-Instruct,1,106,0.9625927626291441,0.025652229277757378,0.9882449919069014,True,0.03740723737085594
meta-llama/Llama-3.2-3B-Instruct,1,107,0.94212219795847,0.04690549808696208,0.9890276960454321,True,0.057877802041530035
meta-llama/Llama-3.2-3B-Instruct,1,108,0.9832354573314213,0.00662498786850059,0.9898604451999219,True,0.01676454266857874
meta-llama/Llama-3.2-3B-Instruct,1,109,0.9361979568473601,0.05281668043937568,0.9890146372867358,True,0.06380204315263993
meta-llama/Llama-3.2-3B-Instruct,1,110,0.9705408732851818,0.017776072254806936,0.9883169455399887,True,0.029459126714818207
meta-llama/Llama-3.2-3B-Instruct,1,111,0.9774894260091722,0.01230477327642489,0.9897941992855971,True,0.022510573990827787
meta-llama/Llama-3.2-3B-Instruct,1,112,0.9746660959880571,0.01390286263852677,0.9885689586265839,True,0.02533390401194291
meta-llama/Llama-3.2-3B-Instruct,1,113,0.913268133786281,0.07496562076608335,0.9882337545523644,True,0.08673186621371898
meta-llama/Llama-3.2-3B-Instruct,1,114,0.9719773796015743,0.01780238516746226,0.9897797647690365,True,0.028022620398425735
meta-llama/Llama-3.2-3B-Instruct,1,115,0.9525572741564516,0.03693465660919942,0.9894919307656511,True,0.04744272584354836
meta-llama/Llama-3.2-3B-Instruct,1,116,0.970670698164517,0.02014562793399965,0.9908163260985167,True,0.02932930183548299
meta-llama/Llama-3.2-3B-Instruct,1,117,0.9505386326430347,0.041763755298235186,0.9923023879412699,True,0.04946136735696527
meta-llama/Llama-3.2-3B-Instruct,1,118,0.9719583465381028,0.017802037128475556,0.9897603836665783,True,0.028041653461897242
meta-llama/Llama-3.2-3B-Instruct,1,119,0.948007030867853,0.04165252183459667,0.9896595527024497,True,0.051992969132147016
meta-llama/Llama-3.2-3B-Instruct,1,120,0.9864125287652766,0.0035575596595312647,0.9899700884248079,True,0.01358747123472337
meta-llama/Llama-3.2-3B-Instruct,1,121,0.9616211666111982,0.025626335115066144,0.9872475017262644,True,0.03837883338880177
meta-llama/Llama-3.2-3B-Instruct,1,122,0.9757411885415185,0.013918198266630502,0.989659386808149,True,0.024258811458481522
meta-llama/Llama-3.2-3B-Instruct,1,123,0.959402971194643,0.028971460241093015,0.988374431435736,True,0.04059702880535698
meta-llama/Llama-3.2-3B-Instruct,1,124,0.9803728121625168,0.009611239148437574,0.9899840513109543,True,0.019627187837483184
meta-llama/Llama-3.2-3B-Instruct,1,125,0.9760531744505729,0.01228669745487965,0.9883398719054526,True,0.023946825549427064
meta-llama/Llama-3.2-3B-Instruct,1,126,0.9842929355196351,0.007515167649875799,0.991808103169511,True,0.015707064480364852
meta-llama/Llama-3.2-3B-Instruct,1,127,0.9544973955839573,0.03700988273504313,0.9915072783190004,True,0.0455026044160427
meta-llama/Llama-3.2-3B-Instruct,1,128,0.9833132535834465,0.0075076890021434925,0.99082094258559,True,0.016686746416553544
meta-llama/Llama-3.2-3B-Instruct,1,129,0.9705336874131162,0.02014278470420012,0.9906764721173164,True,0.029466312586883814
meta-llama/Llama-3.2-3B-Instruct,1,130,0.9820387039320884,0.009627568469982833,0.9916662724020712,True,0.017961296067911636
meta-llama/Llama-3.2-3B-Instruct,1,131,0.9704226485003616,0.020140479677325334,0.990563128177687,True,0.02957735149963836
meta-llama/Llama-3.2-3B-Instruct,1,132,0.9798328848089448,0.010884959071108046,0.9907178438800529,True,0.020167115191055185
meta-llama/Llama-3.2-3B-Instruct,1,133,0.9690244227425757,0.022789268574186238,0.991813691316762,True,0.03097557725742428
meta-llama/Llama-3.2-3B-Instruct,1,134,0.971876254994476,0.01780053469679456,0.9896767896912706,True,0.028123745005523948
meta-llama/Llama-3.2-3B-Instruct,1,135,0.9694429200351011,0.020120144450083626,0.9895630644851847,True,0.03055707996489887
meta-llama/Llama-3.2-3B-Instruct,1,136,0.982035945518003,0.009627540925327898,0.9916634864433309,True,0.017964054481997005
meta-llama/Llama-3.2-3B-Instruct,1,137,0.9149701181571555,0.07510532256857338,0.9900754407257288,True,0.08502988184284455
meta-llama/Llama-3.2-3B-Instruct,1,138,0.9760602157476438,0.01228678533650241,0.9883470010841462,True,0.02393978425235621
meta-llama/Llama-3.2-3B-Instruct,1,139,0.9563725978166556,0.03272527253079277,0.9890978703474484,True,0.04362740218334438
meta-llama/Llama-3.2-3B-Instruct,1,140,0.9821359740783271,0.008497142077029568,0.9906331161553567,True,0.01786402592167291
meta-llama/Llama-3.2-3B-Instruct,1,141,0.9765396033291444,0.013929591528688405,0.9904691948578328,True,0.023460396670855643
meta-llama/Llama-3.2-3B-Instruct,1,142,0.9756270260439571,0.01391657236664867,0.9895435984106058,True,0.024372973956042876
meta-llama/Llama-3.2-3B-Instruct,1,143,0.9615938267488584,0.02562560805984585,0.9872194348087042,True,0.038406173251141595
meta-llama/Llama-3.2-3B-Instruct,1,144,0.9842032044117015,0.005852285424217821,0.9900554898359193,True,0.015796795588298496
meta-llama/Llama-3.2-3B-Instruct,1,145,0.9516514864277726,0.036899528944119575,0.9885510153718922,True,0.04834851357222736
meta-llama/Llama-3.2-3B-Instruct,1,146,0.9728536895111534,0.01781843630443879,0.9906721258155922,True,0.027146310488846637
meta-llama/Llama-3.2-3B-Instruct,1,147,0.9689334287244757,0.0227871279210283,0.9917205566455041,True,0.031066571275524257
meta-llama/Llama-3.2-3B-Instruct,1,148,0.9774742759492602,0.01230458552191746,0.9897788614711777,True,0.022525724050739826
meta-llama/Llama-3.2-3B-Instruct,1,149,0.9646016397724362,0.025705763084865194,0.9903074028573013,True,0.03539836022756382
meta-llama/Llama-3.2-3B-Instruct,1,150,0.9831736891799072,0.006624570888292355,0.9897982600681996,True,0.016826310820092782
meta-llama/Llama-3.2-3B-Instruct,1,151,0.9343200980940118,0.05271073299525471,0.9870308310892666,True,0.06567990190598816
meta-llama/Llama-3.2-3B-Instruct,1,152,0.9765788242466763,0.012293313768814292,0.9888721380154906,True,0.023421175753323697
meta-llama/Llama-3.2-3B-Instruct,1,153,0.9570880726837275,0.0289015527004247,0.9859896253841522,True,0.04291192731627247
meta-llama/Llama-3.2-3B-Instruct,1,154,0.9709259547439039,0.01778312592867049,0.9887090806725743,True,0.029074045256096137
meta-llama/Llama-3.2-3B-Instruct,1,155,0.9766368108626303,0.013930973163746637,0.9905677840263769,True,0.023363189137369678
meta-llama/Llama-3.2-3B-Instruct,1,156,0.9823336794430966,0.008498852088872726,0.9908325315319693,True,0.017666320556903425
meta-llama/Llama-3.2-3B-Instruct,1,157,0.9688257760193479,0.02278459634207208,0.99161037236142,True,0.03117422398065206
meta-llama/Llama-3.2-3B-Instruct,1,158,0.9808289212869766,0.010896025334730101,0.9917249466217067,True,0.01917107871302337
meta-llama/Llama-3.2-3B-Instruct,1,159,0.974719776901091,0.017852616449020583,0.9925723933501116,True,0.025280223098908983
meta-llama/Llama-3.2-3B-Instruct,1,160,0.9852786220220029,0.00663875661839379,0.9919173786403966,True,0.014721377977997108
meta-llama/Llama-3.2-3B-Instruct,1,161,0.9615524960271286,0.029036371999272427,0.990588868026401,True,0.038447503972871444
meta-llama/Llama-3.2-3B-Instruct,1,162,0.9813066900894852,0.009620391162980121,0.9909270812524653,True,0.018693309910514766
meta-llama/Llama-3.2-3B-Instruct,1,163,0.9679189523809317,0.022763273796904925,0.9906822261778366,True,0.03208104761906827
meta-llama/Llama-3.2-3B-Instruct,1,164,0.9808950969765607,0.010896757943153578,0.9917918549197143,True,0.019104903023439257
meta-llama/Llama-3.2-3B-Instruct,1,165,0.9809573815850434,0.010897454226596494,0.9918548358116399,True,0.01904261841495658
meta-llama/Llama-3.2-3B-Instruct,1,166,0.9797627312079917,0.010884180546008012,0.9906469117539998,True,0.020237268792008267
meta-llama/Llama-3.2-3B-Instruct,1,167,0.9729647220622591,0.020193239521191456,0.9931579615834506,True,0.027035277937740854
meta-llama/Llama-3.2-3B-Instruct,1,168,0.982490956274901,0.00850021386096815,0.9909911701358691,True,0.017509043725098983
meta-llama/Llama-3.2-3B-Instruct,1,169,0.9678636701548002,0.02276197130919511,0.9906256414639953,True,0.03213632984519976
meta-llama/Llama-3.2-3B-Instruct,1,170,0.9784741953017642,0.012317171410366413,0.9907913667121305,True,0.02152580469823584
meta-llama/Llama-3.2-3B-Instruct,1,171,0.974793513093466,0.01575607325391779,0.9905495863473838,True,0.025206486906534042
meta-llama/Llama-3.2-3B-Instruct,1,172,0.9776771725953224,0.012307138054999844,0.9899843106503222,True,0.022322827404677614
meta-llama/Llama-3.2-3B-Instruct,1,173,0.9605208499727969,0.02900521531123132,0.9895260652840282,True,0.03947915002720315
meta-llama/Llama-3.2-3B-Instruct,1,174,0.9799741361804521,0.010886531861669045,0.9908606680421211,True,0.02002586381954785
meta-llama/Llama-3.2-3B-Instruct,1,175,0.9767640616854864,0.01393279341140411,0.9906968550968904,True,0.02323593831451365
meta-llama/Llama-3.2-3B-Instruct,1,176,0.9799544445664572,0.010886308646532082,0.9908407532129893,True,0.020045555433542805
meta-llama/Llama-3.2-3B-Instruct,1,177,0.9801209249150811,0.012337903915730487,0.9924588288308116,True,0.01987907508491893
meta-llama/Llama-3.2-3B-Instruct,1,178,0.9798882812324484,0.010885576740633408,0.9907738579730818,True,0.02011171876755158
meta-llama/Llama-3.2-3B-Instruct,1,179,0.9721586206267195,0.0201765066378148,0.9923351272645343,True,0.02784137937328046
meta-llama/Llama-3.2-3B-Instruct,1,180,0.9837235343192311,0.005162107509505869,0.988885641828737,True,0.016276465680768903
meta-llama/Llama-3.2-3B-Instruct,1,181,0.9681603569373654,0.020093529035155454,0.9882538859725208,True,0.03183964306263465
meta-llama/Llama-3.2-3B-Instruct,1,182,0.9789610976977295,0.010875272994327976,0.9898363706920575,True,0.021038902302270457
meta-llama/Llama-3.2-3B-Instruct,1,183,0.9706468868981376,0.020145133221599356,0.990792020119737,True,0.029353113101862394
meta-llama/Llama-3.2-3B-Instruct,1,184,0.9741473655497109,0.01574562602308096,0.9898929915727919,True,0.02585263445028907
meta-llama/Llama-3.2-3B-Instruct,1,185,0.9730024165709452,0.01782116388728429,0.9908235804582295,True,0.026997583429054783
meta-llama/Llama-3.2-3B-Instruct,1,186,0.9777617283293769,0.01394702477984165,0.9917087531092186,True,0.02223827167062309
meta-llama/Llama-3.2-3B-Instruct,1,187,0.96952247104114,0.02280098052742719,0.9923234515685672,True,0.030477528958860023
meta-llama/Llama-3.2-3B-Instruct,1,188,0.9798603526625412,0.01088526530623983,0.990745617968781,True,0.020139647337458766
meta-llama/Llama-3.2-3B-Instruct,1,189,0.9758184863420835,0.015772633268185,0.9915911196102685,True,0.024181513657916542
meta-llama/Llama-3.2-3B-Instruct,1,190,0.9760017307083214,0.012286047150407074,0.9882877778587285,True,0.023998269291678587
meta-llama/Llama-3.2-3B-Instruct,1,191,0.9654176949601961,0.02270444867161331,0.9881221436318095,True,0.03458230503980386
meta-llama/Llama-3.2-3B-Instruct,1,192,0.9792836054996129,0.009600557541843193,0.9888841630414561,True,0.020716394500387092
meta-llama/Llama-3.2-3B-Instruct,1,193,0.9694429200351011,0.020120144450083626,0.9895630644851847,True,0.03055707996489887
meta-llama/Llama-3.2-3B-Instruct,1,194,0.9739237697313925,0.015742015041310068,0.9896657847727026,True,0.026076230268607503
meta-llama/Llama-3.2-3B-Instruct,1,195,0.9769311646253561,0.013935172049578835,0.990866336674935,True,0.02306883537464388
meta-llama/Llama-3.2-3B-Instruct,1,196,0.978405833831416,0.012316313940602707,0.9907221477720187,True,0.021594166168584006
meta-llama/Llama-3.2-3B-Instruct,1,197,0.9774173301376403,0.01579848146225012,0.9932158115998905,True,0.022582669862359683
meta-llama/Llama-3.2-3B-Instruct,1,198,0.9775283810028593,0.013943693297505059,0.9914720743003644,True,0.022471618997140674
meta-llama/Llama-3.2-3B-Instruct,1,199,0.9773791805937169,0.01579786374348044,0.9931770443371973,True,0.022620819406283132
meta-llama/Llama-3.2-3B-Instruct,1,200,0.9822570712558661,0.007499624140710534,0.9897566953965766,True,0.017742928744133857
meta-llama/Llama-3.2-3B-Instruct,3,1,0.6108245446163105,0.3704838029735218,0.9813083475898323,False,0.6295161970264782
meta-llama/Llama-3.2-3B-Instruct,3,2,0.429531947887767,0.5515299383672873,0.9810618862550542,False,0.44847006163271275
meta-llama/Llama-3.2-3B-Instruct,3,3,0.9751197426451046,0.0074451302222371145,0.9825648728673417,True,0.024880257354895408
meta-llama/Llama-3.2-3B-Instruct,3,4,0.778603151178353,0.1968617060362367,0.9754648572145896,False,0.8031382939637632
meta-llama/Llama-3.2-3B-Instruct,3,5,0.43089894082791413,0.5532851920468689,0.984184132874783,False,0.4467148079531311
meta-llama/Llama-3.2-3B-Instruct,3,6,0.9717615310704295,0.007419489396899226,0.9791810204673287,True,0.028238468929570493
meta-llama/Llama-3.2-3B-Instruct,3,7,0.1802115211414848,0.8076519926138369,0.9878635137553218,False,0.1923480073861631
meta-llama/Llama-3.2-3B-Instruct,3,8,0.8323039090266646,0.14463273242078403,0.9769366414474486,False,0.855367267579216
meta-llama/Llama-3.2-3B-Instruct,3,9,0.9737259305491225,0.009546070899920111,0.9832720014490426,True,0.026274069450877513
meta-llama/Llama-3.2-3B-Instruct,3,10,0.8171221596077439,0.16090089809005007,0.978023057697794,False,0.83909910190995
meta-llama/Llama-3.2-3B-Instruct,3,11,0.10555808489625453,0.8838270041243008,0.9893850890205553,False,0.11617299587569918
meta-llama/Llama-3.2-3B-Instruct,3,12,0.9569934044789773,0.01986176675317502,0.9768551712321523,True,0.043006595521022706
meta-llama/Llama-3.2-3B-Instruct,3,13,0.05291023716589576,0.937856422082924,0.9907666592488197,False,0.06214357791707603
meta-llama/Llama-3.2-3B-Instruct,3,14,0.580315767645033,0.39884480541578415,0.9791605730608172,False,0.6011551945842158
meta-llama/Llama-3.2-3B-Instruct,3,15,0.9508724299961715,0.03253706227866017,0.9834094922748317,True,0.0491275700038285
meta-llama/Llama-3.2-3B-Instruct,3,16,0.1800072488110835,0.8067364714930152,0.9867437203040987,False,0.1932635285069848
meta-llama/Llama-3.2-3B-Instruct,3,17,0.009667784852603436,0.986140835143182,0.9958086199957854,False,0.01385916485681804
meta-llama/Llama-3.2-3B-Instruct,3,18,0.963856838778768,0.017653657285053356,0.9815104960638213,True,0.036143161221231956
meta-llama/Llama-3.2-3B-Instruct,3,19,0.02286529951120622,0.9722573243681943,0.9951226238794005,False,0.027742675631805658
meta-llama/Llama-3.2-3B-Instruct,3,20,0.7393653536982113,0.24003678635740325,0.9794021400556145,False,0.7599632136425968
meta-llama/Llama-3.2-3B-Instruct,3,21,0.8979106347653609,0.08351870900572804,0.9814293437710889,True,0.10208936523463907
meta-llama/Llama-3.2-3B-Instruct,3,22,0.6901207819416999,0.28768512583495826,0.9778059077766581,False,0.7123148741650418
meta-llama/Llama-3.2-3B-Instruct,3,23,0.022845535423055344,0.971416957435276,0.9942624928583313,False,0.028583042564723993
meta-llama/Llama-3.2-3B-Instruct,3,24,0.9620420055029569,0.017620412590121533,0.9796624180930784,True,0.03795799449704307
meta-llama/Llama-3.2-3B-Instruct,3,25,0.04174887185437044,0.9502000109342064,0.9919488827885768,False,0.04979998906579364
meta-llama/Llama-3.2-3B-Instruct,3,26,0.046998802254444,0.9439961006607183,0.9909949029151622,False,0.05600389933928174
meta-llama/Llama-3.2-3B-Instruct,3,27,0.5842997382092432,0.40158294567158465,0.9858826838808279,True,0.4157002617907568
meta-llama/Llama-3.2-3B-Instruct,3,28,0.4609882838953267,0.5223681607779205,0.9833564446732472,False,0.4776318392220795
meta-llama/Llama-3.2-3B-Instruct,3,29,0.010937497642975049,0.984561994542863,0.995499492185838,False,0.015438005457137027
meta-llama/Llama-3.2-3B-Instruct,3,30,0.9640886895715092,0.017657900426466318,0.9817465899979755,True,0.03591131042849083
meta-llama/Llama-3.2-3B-Instruct,3,31,0.0178901461723636,0.9767688393492444,0.994658985521608,False,0.02323116065075559
meta-llama/Llama-3.2-3B-Instruct,3,32,0.34309720086941536,0.6409899585305964,0.9840871594000118,False,0.35901004146940363
meta-llama/Llama-3.2-3B-Instruct,3,33,0.7403173849003956,0.240345851310465,0.9806632362108605,True,0.25968261509960444
meta-llama/Llama-3.2-3B-Instruct,3,34,0.3994996943862826,0.5812686254746363,0.980768319860919,False,0.4187313745253637
meta-llama/Llama-3.2-3B-Instruct,3,35,0.19956097573919915,0.7892789229047333,0.9888398986439325,False,0.21072107709526666
meta-llama/Llama-3.2-3B-Instruct,3,36,0.9509912240940966,0.028717444164670574,0.9797086682587672,True,0.04900877590590336
meta-llama/Llama-3.2-3B-Instruct,3,37,0.029158518120019492,0.96559761030697,0.9947561284269895,False,0.03440238969303
meta-llama/Llama-3.2-3B-Instruct,3,38,0.6117570268827753,0.37104939309904894,0.9828064199818243,False,0.6289506069009511
meta-llama/Llama-3.2-3B-Instruct,3,39,0.7861287743723149,0.19876447860095528,0.9848932529732701,True,0.21387122562768512
meta-llama/Llama-3.2-3B-Instruct,3,40,0.8013702221022979,0.17880987132481788,0.9801800934271158,False,0.8211901286751822
meta-llama/Llama-3.2-3B-Instruct,3,41,0.05299831111839391,0.9394174548046359,0.9924157659230298,False,0.0605825451953641
meta-llama/Llama-3.2-3B-Instruct,3,42,0.8186025992598972,0.1611924043428658,0.979795003602763,True,0.1813974007401028
meta-llama/Llama-3.2-3B-Instruct,3,43,0.05963350850756002,0.932825007646189,0.992458516153749,False,0.06717499235381097
meta-llama/Llama-3.2-3B-Instruct,3,44,0.6658503130268523,0.31452542637960773,0.9803757394064601,False,0.6854745736203922
meta-llama/Llama-3.2-3B-Instruct,3,45,0.9244243150497288,0.05909646358466595,0.9835207786343947,True,0.07557568495027123
meta-llama/Llama-3.2-3B-Instruct,3,46,0.6385153134420346,0.34177262898985217,0.9802879424318868,False,0.6582273710101478
meta-llama/Llama-3.2-3B-Instruct,3,47,0.10578135070884062,0.8856964254376185,0.9914777761464592,False,0.1143035745623815
meta-llama/Llama-3.2-3B-Instruct,3,48,0.9616567719289789,0.01995854740695522,0.9816153193359342,True,0.038343228071021085
meta-llama/Llama-3.2-3B-Instruct,3,49,0.6414917611430899,0.34336577598641743,0.9848575371295074,False,0.6566342240135825
meta-llama/Llama-3.2-3B-Instruct,3,50,0.8186724243297221,0.16120616332256235,0.9798785876522844,False,0.8387938366774377
meta-llama/Llama-3.2-3B-Instruct,3,51,0.46181916820917635,0.5233096760528366,0.985128844262013,True,0.5381808317908237
meta-llama/Llama-3.2-3B-Instruct,3,52,0.692774185060119,0.2887912631785941,0.9815654482387131,False,0.711208736821406
meta-llama/Llama-3.2-3B-Instruct,3,53,0.11811554395400284,0.872762380431836,0.9908779243858388,False,0.12723761956816404
meta-llama/Llama-3.2-3B-Instruct,3,54,0.9310792660268344,0.05252789619579119,0.9836071622226257,True,0.06892073397316556
meta-llama/Llama-3.2-3B-Instruct,3,55,0.5532446960938445,0.43086740254798755,0.9841120986418321,False,0.5691325974520125
meta-llama/Llama-3.2-3B-Instruct,3,56,0.6929298961511671,0.288856164613779,0.981786060764946,False,0.711143835386221
meta-llama/Llama-3.2-3B-Instruct,3,57,0.46225806754142407,0.5238070141522252,0.9860650816936493,True,0.5377419324585759
meta-llama/Llama-3.2-3B-Instruct,3,58,0.6914560607823277,0.2882417871972154,0.9796978479795431,False,0.7117582128027846
meta-llama/Llama-3.2-3B-Instruct,3,59,0.0670182851942799,0.9251588828944679,0.9921771680887478,False,0.0748411171055321
meta-llama/Llama-3.2-3B-Instruct,3,60,0.9662047486819811,0.017696657796840824,0.983901406478822,True,0.03379525131801886
meta-llama/Llama-3.2-3B-Instruct,3,61,0.2903300863660251,0.6964656297662036,0.9867957161322287,False,0.30353437023379637
meta-llama/Llama-3.2-3B-Instruct,3,62,0.6388148848909414,0.3419329474651271,0.9807478323560685,False,0.6580670525348729
meta-llama/Llama-3.2-3B-Instruct,3,63,0.8999406717100885,0.08370751254397123,0.9836481842540598,True,0.10005932828991149
meta-llama/Llama-3.2-3B-Instruct,3,64,0.5822492146621127,0.4001736428217334,0.9824228574838461,False,0.5998263571782666
meta-llama/Llama-3.2-3B-Instruct,3,65,0.31669279701438846,0.6704386365599462,0.9871314335743346,False,0.3295613634400538
meta-llama/Llama-3.2-3B-Instruct,3,66,0.8633836576975784,0.11684627185636443,0.9802299295539428,True,0.1366163423024216
meta-llama/Llama-3.2-3B-Instruct,3,67,0.07531490567103455,0.9175234860295647,0.9928383917005992,False,0.08247651397043532
meta-llama/Llama-3.2-3B-Instruct,3,68,0.5817315111525854,0.39981783075004274,0.9815493419026281,False,0.6001821692499573
meta-llama/Llama-3.2-3B-Instruct,3,69,0.49270123443697755,0.49270123443697755,0.9854024688739551,True,0.5072987655630224
meta-llama/Llama-3.2-3B-Instruct,3,70,0.7609517378223464,0.21801631656780734,0.9789680543901538,False,0.7819836834321927
meta-llama/Llama-3.2-3B-Instruct,3,71,0.03286891535034314,0.9605705670342829,0.993439482384626,False,0.039429432965717104
meta-llama/Llama-3.2-3B-Instruct,3,72,0.9621750843843726,0.019969304488833554,0.9821443888732062,True,0.0378249156156274
meta-llama/Llama-3.2-3B-Instruct,3,73,0.09458599582025409,0.8974070023373093,0.9919929981575634,False,0.1025929976626907
meta-llama/Llama-3.2-3B-Instruct,3,74,0.4312148104568212,0.5536907766787453,0.9849055871355665,False,0.44630922332125467
meta-llama/Llama-3.2-3B-Instruct,3,75,0.8366777445224914,0.145392782396812,0.9820705269193034,True,0.16332225547750856
meta-llama/Llama-3.2-3B-Instruct,3,76,0.610888826287189,0.37052280281904504,0.981411629106234,False,0.629477197180955
meta-llama/Llama-3.2-3B-Instruct,3,77,0.5844805878628608,0.4017072416995891,0.98618782956245,False,0.598292758300411
meta-llama/Llama-3.2-3B-Instruct,3,78,0.7419965511507904,0.24089101828160175,0.9828875694323922,True,0.25800344884920956
meta-llama/Llama-3.2-3B-Instruct,3,79,0.07532893098203801,0.9176942194055074,0.9930231503875454,False,0.08230578059449256
meta-llama/Llama-3.2-3B-Instruct,3,80,0.8752450941074058,0.10453310864647834,0.9797782027538842,False,0.8954668913535216
meta-llama/Llama-3.2-3B-Instruct,3,81,0.8750678689863909,0.10451195147052814,0.979579820456919,True,0.12493213101360912
meta-llama/Llama-3.2-3B-Instruct,3,82,0.5818830558316599,0.3999219857832286,0.9818050416148885,False,0.6000780142167714
meta-llama/Llama-3.2-3B-Instruct,3,83,0.13159966337647913,0.8581375755998585,0.9897372389763376,False,0.14186242440014152
meta-llama/Llama-3.2-3B-Instruct,3,84,0.9229935057918949,0.05900500776690133,0.9819985135587962,True,0.07700649420810513
meta-llama/Llama-3.2-3B-Instruct,3,85,0.19955160288759194,0.7892419466446899,0.9887935495322819,False,0.21075805335531006
meta-llama/Llama-3.2-3B-Instruct,3,86,0.39984113814715083,0.5817654232152747,0.9816065613624255,False,0.4182345767847253
meta-llama/Llama-3.2-3B-Instruct,3,87,0.5834962755096282,0.4010307343722308,0.984527009881859,True,0.41650372449037176
meta-llama/Llama-3.2-3B-Instruct,3,88,0.666895516215104,0.31501912664466647,0.9819146428597705,False,0.6849808733553335
meta-llama/Llama-3.2-3B-Instruct,3,89,0.013998047100269327,0.9813390632523418,0.9953371103526111,False,0.01866093674765823
meta-llama/Llama-3.2-3B-Instruct,3,90,0.9563380324898361,0.025485544269928755,0.9818235767597648,True,0.043661967510163935
meta-llama/Llama-3.2-3B-Instruct,3,91,0.2899251200647632,0.695494207623805,0.9854193276885681,False,0.304505792376195
meta-llama/Llama-3.2-3B-Instruct,3,92,0.6080556411718532,0.3688044001731799,0.976860041345033,False,0.6311955998268202
meta-llama/Llama-3.2-3B-Instruct,3,93,0.5827244819546199,0.4005002889364336,0.9832247708910535,True,0.4172755180453801
meta-llama/Llama-3.2-3B-Instruct,3,94,0.6399882935187459,0.3425610482242747,0.9825493417430206,False,0.6574389517757253
meta-llama/Llama-3.2-3B-Instruct,3,95,0.4625817049126328,0.524173743338765,0.9867554482513978,False,0.475826256661235
meta-llama/Llama-3.2-3B-Instruct,3,96,0.8885788295665497,0.09365552308734339,0.982234352653893,True,0.11142117043345034
meta-llama/Llama-3.2-3B-Instruct,3,97,0.06709598524671019,0.9262315749351016,0.9933275601818118,False,0.07376842506489845
meta-llama/Llama-3.2-3B-Instruct,3,98,0.7424520684646322,0.24103889592235322,0.9834909643869854,False,0.7589611040776467
meta-llama/Llama-3.2-3B-Instruct,3,99,0.9327771922669397,0.05262368898902748,0.9854008812559671,True,0.06722280773306033
meta-llama/Llama-3.2-3B-Instruct,3,100,0.8015362240146635,0.17884690069910653,0.98038312471377,False,0.8211530993008935
meta-llama/Llama-3.2-3B-Instruct,3,101,0.19922045789465748,0.7879321722665298,0.9871526301611873,False,0.21206782773347022
meta-llama/Llama-3.2-3B-Instruct,3,102,0.6904302437250385,0.2878141372688145,0.978244380993853,True,0.3095697562749615
meta-llama/Llama-3.2-3B-Instruct,3,103,0.4009046165225296,0.5833127751210829,0.9842173916436125,False,0.4166872248789171
meta-llama/Llama-3.2-3B-Instruct,3,104,0.6934509287995495,0.28907335472731777,0.9825242835268673,False,0.7109266452726822
meta-llama/Llama-3.2-3B-Instruct,3,105,0.9246198442398442,0.05910896246559063,0.9837288067054348,True,0.07538015576015578
meta-llama/Llama-3.2-3B-Instruct,3,106,0.37144663682105106,0.6124119710568923,0.9838586078779433,False,0.38758802894310773
meta-llama/Llama-3.2-3B-Instruct,3,107,0.1993943759272098,0.7886200314082737,0.9880144073354835,False,0.21137996859172625
meta-llama/Llama-3.2-3B-Instruct,3,108,0.9595242358074394,0.022565847204465046,0.9820900830119045,True,0.040475764192560604
meta-llama/Llama-3.2-3B-Instruct,3,109,0.18060478569587685,0.8094144699815284,0.9900192556774052,False,0.19058553001847156
meta-llama/Llama-3.2-3B-Instruct,3,110,0.5827336862950355,0.40050661498091955,0.9832403012759551,False,0.5994933850190804
meta-llama/Llama-3.2-3B-Instruct,3,111,0.6662991146228713,0.31473741586879594,0.9810365304916673,True,0.3337008853771287
meta-llama/Llama-3.2-3B-Instruct,3,112,0.581613181168004,0.3997365038202805,0.9813496849882845,False,0.6002634961797195
meta-llama/Llama-3.2-3B-Instruct,3,113,0.09449085568224372,0.896504230908265,0.9909950865905087,False,0.10349576909173497
meta-llama/Llama-3.2-3B-Instruct,3,114,0.7411637043126695,0.24062063249261606,0.9817843368052857,True,0.25883629568733046
meta-llama/Llama-3.2-3B-Instruct,3,115,0.4022160302949294,0.5852208709009367,0.9874369011958661,False,0.41477912909906334
meta-llama/Llama-3.2-3B-Instruct,3,116,0.5217926257251845,0.4604803759939584,0.9822730017191429,False,0.5395196240060416
meta-llama/Llama-3.2-3B-Instruct,3,117,0.5846435467692211,0.40181924160881405,0.9864627883780352,True,0.41535645323077885
meta-llama/Llama-3.2-3B-Instruct,3,118,0.6930286558885489,0.28889731657897144,0.9819259724675203,False,0.7111026834210286
meta-llama/Llama-3.2-3B-Instruct,3,119,0.3170285588359595,0.6711494243187943,0.9881779831547538,False,0.3288505756812057
meta-llama/Llama-3.2-3B-Instruct,3,120,0.9765887161264998,0.007456346374602836,0.9840450625011026,True,0.02341128387350022
meta-llama/Llama-3.2-3B-Instruct,3,121,0.28984829943468937,0.6953099659559562,0.9851582653906455,False,0.3046900340440438
meta-llama/Llama-3.2-3B-Instruct,3,122,0.5811560012332365,0.3994222889526365,0.9805782901858731,False,0.6005777110473636
meta-llama/Llama-3.2-3B-Instruct,3,123,0.4912140044044996,0.4912140044044996,0.9824280088089992,True,0.5087859955955004
meta-llama/Llama-3.2-3B-Instruct,3,124,0.6658963524332507,0.3145471738559466,0.9804435262891973,False,0.6854528261440533
meta-llama/Llama-3.2-3B-Instruct,3,125,0.46195726211402877,0.5234661569474981,0.9854234190615269,False,0.4765338430525019
meta-llama/Llama-3.2-3B-Instruct,3,126,0.959854051410092,0.02557924137659977,0.9854332927866917,True,0.040145948589908054
meta-llama/Llama-3.2-3B-Instruct,3,127,0.22030774191419764,0.7689495296315757,0.9892572715457734,False,0.2310504703684243
meta-llama/Llama-3.2-3B-Instruct,3,128,0.34359060931854024,0.6419117477405757,0.9855023570591159,False,0.3580882522594243
meta-llama/Llama-3.2-3B-Instruct,3,129,0.6946134805893093,0.2895579956733788,0.9841714762626881,True,0.3053865194106907
meta-llama/Llama-3.2-3B-Instruct,3,130,0.8531319970200476,0.13083204276420182,0.9839640397842494,False,0.8691679572357982
meta-llama/Llama-3.2-3B-Instruct,3,131,0.3433744537627958,0.6415078968909893,0.9848823506537852,False,0.3584921031090107
meta-llama/Llama-3.2-3B-Instruct,3,132,0.888280086632046,0.09362402186146293,0.981904108493509,True,0.11171991336795395
meta-llama/Llama-3.2-3B-Instruct,3,133,0.49107483348650915,0.49107483348650915,0.9821496669730183,False,0.5089251665134908
meta-llama/Llama-3.2-3B-Instruct,3,134,0.6408733071901394,0.34303475168305125,0.9839080588731905,False,0.6569652483169488
meta-llama/Llama-3.2-3B-Instruct,3,135,0.8980087750862763,0.08352782938833603,0.9815366044746123,True,0.1019912249137237
meta-llama/Llama-3.2-3B-Instruct,3,136,0.7431244520435393,0.24125720129030603,0.9843816533338453,False,0.758742798709694
meta-llama/Llama-3.2-3B-Instruct,3,137,0.11812379539767524,0.8728234028363558,0.9909471982340311,False,0.12717659716364416
meta-llama/Llama-3.2-3B-Instruct,3,138,0.8205348152862112,0.16157288022612465,0.9821076955123358,True,0.1794651847137888
meta-llama/Llama-3.2-3B-Instruct,3,139,0.37255794999001113,0.6142442167169659,0.9868021667069771,False,0.38575578328303406
meta-llama/Llama-3.2-3B-Instruct,3,140,0.8771564863762403,0.10476139968018773,0.981917886056428,False,0.8952386003198123
meta-llama/Llama-3.2-3B-Instruct,3,141,0.7648942352756934,0.2191458544350818,0.9840400897107753,True,0.23510576472430655
meta-llama/Llama-3.2-3B-Instruct,3,142,0.7177220891902926,0.26403518535000103,0.9817572745402936,False,0.735964814649999
meta-llama/Llama-3.2-3B-Instruct,3,143,0.5813827616238282,0.3995781389379446,0.9809609005617728,False,0.6004218610620554
meta-llama/Llama-3.2-3B-Instruct,3,144,0.9453380015111038,0.03665473500935627,0.98199273652046,True,0.05466199848889619
meta-llama/Llama-3.2-3B-Instruct,3,145,0.3166275670271729,0.6703005846330695,0.9869281516602424,False,0.3296994153669305
meta-llama/Llama-3.2-3B-Instruct,3,146,0.5529084106370046,0.430605503170865,0.9835139138078696,False,0.569394496829135
meta-llama/Llama-3.2-3B-Instruct,3,147,0.7665602872627911,0.21962319283803364,0.9861834801008248,True,0.23343971273720887
meta-llama/Llama-3.2-3B-Instruct,3,148,0.7186123703985972,0.26436273299836777,0.9829751033969649,False,0.7356372670016322
meta-llama/Llama-3.2-3B-Instruct,3,149,0.40087522579388885,0.5832700118632412,0.98414523765713,False,0.41672998813675877
meta-llama/Llama-3.2-3B-Instruct,3,150,0.9153634924401591,0.06630871244865776,0.9816722048888169,True,0.08463650755984087
meta-llama/Llama-3.2-3B-Instruct,3,151,0.2416569523714248,0.7443558163526448,0.9860127687240696,False,0.2556441836473552
meta-llama/Llama-3.2-3B-Instruct,3,152,0.6654997242087463,0.3143598199432341,0.9798595441519804,False,0.685640180056766
meta-llama/Llama-3.2-3B-Instruct,3,153,0.7393801612352008,0.24004159366082237,0.9794217548960231,True,0.2606198387647992
meta-llama/Llama-3.2-3B-Instruct,3,154,0.6115380841597716,0.3709166086790024,0.9824546928387741,False,0.6290833913209977
meta-llama/Llama-3.2-3B-Instruct,3,155,0.6680675820324942,0.3155727713179127,0.9836403533504069,False,0.6844272286820873
meta-llama/Llama-3.2-3B-Instruct,3,156,0.9087900081977541,0.07459803324190924,0.9833880414396634,True,0.09120999180224587
meta-llama/Llama-3.2-3B-Instruct,3,157,0.5235305285977039,0.4620140698959496,0.9855445984936535,False,0.5379859301040504
meta-llama/Llama-3.2-3B-Instruct,3,158,0.7192447939661262,0.2645953807552844,0.9838401747214105,False,0.7354046192447157
meta-llama/Llama-3.2-3B-Instruct,3,159,0.6697047703878234,0.3163461525980084,0.9860509229858319,True,0.3302952296121766
meta-llama/Llama-3.2-3B-Instruct,3,160,0.7846366043731641,0.19838719303472074,0.9830237974078848,False,0.8016128069652793
meta-llama/Llama-3.2-3B-Instruct,3,161,0.34309221106012555,0.6409805981341403,0.9840728091942659,False,0.3590194018658597
meta-llama/Llama-3.2-3B-Instruct,3,162,0.9090101130897602,0.07461608776681787,0.983626200856578,True,0.09098988691023979
meta-llama/Llama-3.2-3B-Instruct,3,163,0.4310816411581502,0.5535197839145292,0.9846014250726793,False,0.44648021608547084
meta-llama/Llama-3.2-3B-Instruct,3,164,0.6118294842676839,0.3710933407245186,0.9829228249922025,False,0.6289066592754814
meta-llama/Llama-3.2-3B-Instruct,3,165,0.8516336022181847,0.1306022292093219,0.9822358314275066,True,0.14836639778181526
meta-llama/Llama-3.2-3B-Instruct,3,166,0.7172539767376522,0.26386300786770256,0.9811169846053548,False,0.7361369921322974
meta-llama/Llama-3.2-3B-Instruct,3,167,0.2418225960834557,0.7448660793028364,0.9866886753862921,False,0.25513392069716356
meta-llama/Llama-3.2-3B-Instruct,3,168,0.917122733030714,0.06643614646636999,0.983558879497084,True,0.08287726696928599
meta-llama/Llama-3.2-3B-Instruct,3,169,0.5546137351068225,0.43193361120335017,0.9865473463101727,False,0.5680663887966498
meta-llama/Llama-3.2-3B-Instruct,3,170,0.7186411973401755,0.26437332208027997,0.9830145194204555,False,0.73562667791972
meta-llama/Llama-3.2-3B-Instruct,3,171,0.7404266939501405,0.24038135308889877,0.9808080470390392,True,0.2595733060498595
meta-llama/Llama-3.2-3B-Instruct,3,172,0.7163398237103032,0.26352668618168845,0.9798665098919916,False,0.7364733138183115
meta-llama/Llama-3.2-3B-Instruct,3,173,0.3707957841064659,0.611338914561582,0.9821346986680479,False,0.38866108543841804
meta-llama/Llama-3.2-3B-Instruct,3,174,0.8356516531459899,0.1452144744626048,0.9808661276085947,True,0.16434834685401012
meta-llama/Llama-3.2-3B-Instruct,3,175,0.7422150398172245,0.24096195834958922,0.9831769981668137,False,0.7590380416504108
meta-llama/Llama-3.2-3B-Instruct,3,176,0.7188966425606517,0.26446728724349916,0.9833639298041508,False,0.7355327127565008
meta-llama/Llama-3.2-3B-Instruct,3,177,0.7842755333962513,0.19829590295378163,0.982571436350033,True,0.21572446660374867
meta-llama/Llama-3.2-3B-Instruct,3,178,0.7172370472767249,0.2638567798667061,0.981093827143431,False,0.7361432201332939
meta-llama/Llama-3.2-3B-Instruct,3,179,0.401877828296543,0.5847287898968777,0.9866066181934208,False,0.4152712101031223
meta-llama/Llama-3.2-3B-Instruct,3,180,0.9700233843501744,0.013836640657751987,0.9838600250079265,True,0.029976615649825566
meta-llama/Llama-3.2-3B-Instruct,3,181,0.371180211759239,0.6119727103904352,0.9831529221496742,False,0.3880272896095648
meta-llama/Llama-3.2-3B-Instruct,3,182,0.7629530110403517,0.21858969744198636,0.981542708482338,False,0.7814103025580137
meta-llama/Llama-3.2-3B-Instruct,3,183,0.5224145859736854,0.4610292539867912,0.9834438399604766,True,0.4775854140263146
meta-llama/Llama-3.2-3B-Instruct,3,184,0.611732924944228,0.37103477453436146,0.9827676994785894,False,0.6289652254656386
meta-llama/Llama-3.2-3B-Instruct,3,185,0.4615721558226515,0.5230297743491577,0.9846019301718092,False,0.47697022565084235
meta-llama/Llama-3.2-3B-Instruct,3,186,0.6928148594249369,0.2888082015631611,0.981623060988098,True,0.3071851405750631
meta-llama/Llama-3.2-3B-Instruct,3,187,0.46154932155664247,0.5230038997359526,0.9845532212925951,False,0.4769961002640474
meta-llama/Llama-3.2-3B-Instruct,3,188,0.6935617511489497,0.28911953512284655,0.9826812862717962,False,0.7108804648771534
meta-llama/Llama-3.2-3B-Instruct,3,189,0.8046316100139789,0.17953757732758963,0.9841691873415686,True,0.19536838998602113
meta-llama/Llama-3.2-3B-Instruct,3,190,0.7609136395193651,0.21800540122157627,0.9789190407409414,False,0.7819945987784237
meta-llama/Llama-3.2-3B-Instruct,3,191,0.31557190607736385,0.6680657702280944,0.9836376763054583,False,0.33193422977190556
meta-llama/Llama-3.2-3B-Instruct,3,192,0.7375037330988483,0.23943240663653492,0.9769361397353833,True,0.2624962669011517
meta-llama/Llama-3.2-3B-Instruct,3,193,0.6394171364100673,0.3422553196543711,0.9816724560644383,False,0.6577446803456288
meta-llama/Llama-3.2-3B-Instruct,3,194,0.7170265311793828,0.2637793195953691,0.9808058507747519,False,0.736220680404631
meta-llama/Llama-3.2-3B-Instruct,3,195,0.7605991746160169,0.21791531850977264,0.9785144931257895,True,0.2394008253839831
meta-llama/Llama-3.2-3B-Instruct,3,196,0.8030710512453894,0.17918937494508136,0.9822604261904707,False,0.8208106250549186
meta-llama/Llama-3.2-3B-Instruct,3,197,0.667515985271048,0.3153122154649705,0.9828282007360185,False,0.6846877845350294
meta-llama/Llama-3.2-3B-Instruct,3,198,0.785165529726631,0.1985209292595162,0.9836864589861471,True,0.214834470273369
meta-llama/Llama-3.2-3B-Instruct,3,199,0.583129158654462,0.4007784188936116,0.9839075775480737,False,0.5992215811063883
meta-llama/Llama-3.2-3B-Instruct,3,200,0.801580417368701,0.17885677222967059,0.9804371895983716,False,0.8211432277703294
meta-llama/Llama-3.2-3B-Instruct,5,1,0.6391361395217412,0.3421049230585198,0.981241062580261,False,0.6578950769414802
meta-llama/Llama-3.2-3B-Instruct,5,2,0.2198506412395198,0.7673541373438278,0.9872047785833477,False,0.23264586265617215
meta-llama/Llama-3.2-3B-Instruct,5,3,0.13166305776639814,0.8585509845242572,0.9902140422906553,False,0.14144901547574285
meta-llama/Llama-3.2-3B-Instruct,5,4,0.49087706435616313,0.49087706435616313,0.9817541287123263,False,0.5091229356438369
meta-llama/Llama-3.2-3B-Instruct,5,5,0.9773433099113166,0.003994178828675832,0.9813374887399924,True,0.02265669008868343
meta-llama/Llama-3.2-3B-Instruct,5,6,0.4595495277368905,0.5207378364626482,0.9802873641995387,False,0.47926216353735185
meta-llama/Llama-3.2-3B-Instruct,5,7,0.012376628761576474,0.98319719607525,0.9955738248368265,False,0.016802803924749976
meta-llama/Llama-3.2-3B-Instruct,5,8,0.28959686555338526,0.6947067866902025,0.9843036522435877,False,0.30529321330979753
meta-llama/Llama-3.2-3B-Instruct,5,9,0.16276261814489235,0.8265767908452473,0.9893394089901396,False,0.17342320915475273
meta-llama/Llama-3.2-3B-Instruct,5,10,0.9670478242143294,0.012173335339700246,0.9792211595540297,True,0.03295217578567056
meta-llama/Llama-3.2-3B-Instruct,5,11,0.04180402192285114,0.9514552526960949,0.993259274618946,False,0.04854474730390512
meta-llama/Llama-3.2-3B-Instruct,5,12,0.3995363427926795,0.5813219485913034,0.980858291383983,False,0.4186780514086966
meta-llama/Llama-3.2-3B-Instruct,5,13,0.004592917912546502,0.9917939376112741,0.9963868555238206,False,0.008206062388725899
meta-llama/Llama-3.2-3B-Instruct,5,14,0.19935646692058878,0.7884701453795478,0.9878266123001367,False,0.21152985462045215
meta-llama/Llama-3.2-3B-Instruct,5,15,0.9634683803992372,0.019996146286162794,0.9834645266854,True,0.03653161960076279
meta-llama/Llama-3.2-3B-Instruct,5,16,0.13143780109608372,0.8570821903790858,0.9885199914751696,False,0.14291780962091416
meta-llama/Llama-3.2-3B-Instruct,5,17,0.005892625016789934,0.9909870195272563,0.9968796445440462,False,0.009012980472743681
meta-llama/Llama-3.2-3B-Instruct,5,18,0.3163597289933614,0.6697335315749123,0.9860932605682737,False,0.33026646842508767
meta-llama/Llama-3.2-3B-Instruct,5,19,0.017918285421745575,0.9783054216612049,0.9962237070829505,False,0.021694578338795067
meta-llama/Llama-3.2-3B-Instruct,5,20,0.9660237197655737,0.015614319340974334,0.981638039106548,True,0.03397628023442634
meta-llama/Llama-3.2-3B-Instruct,5,21,0.1182018887801168,0.8734002830784109,0.9916021718585277,False,0.1265997169215891
meta-llama/Llama-3.2-3B-Instruct,5,22,0.5504880370221973,0.4287205143043278,0.9792085513265251,False,0.5712794856956722
meta-llama/Llama-3.2-3B-Instruct,5,23,0.008546737902227276,0.9878685164685154,0.9964152543707426,False,0.012131483531484633
meta-llama/Llama-3.2-3B-Instruct,5,24,0.5218177872544852,0.46050258096563057,0.9823203682201158,False,0.5394974190343694
meta-llama/Llama-3.2-3B-Instruct,5,25,0.9738367107507436,0.009547158871109213,0.9833838696218529,True,0.026163289249256372
meta-llama/Llama-3.2-3B-Instruct,5,26,0.015809370836211634,0.9780913159812479,0.9939006868174595,False,0.021908684018752123
meta-llama/Llama-3.2-3B-Instruct,5,27,0.014007141115631437,0.9819762811616648,0.9959834222772962,False,0.0180237188383352
meta-llama/Llama-3.2-3B-Instruct,5,28,0.14658832174226855,0.8435575611392347,0.9901458828815033,False,0.15644243886076525
meta-llama/Llama-3.2-3B-Instruct,5,29,0.008544460055985784,0.9876050888535196,0.9961495489095054,False,0.012394911146480392
meta-llama/Llama-3.2-3B-Instruct,5,30,0.957135248062735,0.022509662759072367,0.9796449108218074,True,0.04286475193726502
meta-llama/Llama-3.2-3B-Instruct,5,31,0.020224036905085906,0.9744485994538253,0.9946726363589112,False,0.025551400546174663
meta-llama/Llama-3.2-3B-Instruct,5,32,0.2899383229605951,0.6955258589961387,0.9854641819567338,False,0.3044741410038613
meta-llama/Llama-3.2-3B-Instruct,5,33,0.31666104856555843,0.6703714051166235,0.987032453682182,False,0.3296285948833765
meta-llama/Llama-3.2-3B-Instruct,5,34,0.3432818748387428,0.6413350131537798,0.9846168879925226,False,0.35866498684622017
meta-llama/Llama-3.2-3B-Instruct,5,35,0.8517575196107083,0.13062125591186027,0.9823787755225686,True,0.14824248038929166
meta-llama/Llama-3.2-3B-Instruct,5,36,0.580885009587637,0.39923603929997403,0.9801210488876111,False,0.6007639607000259
meta-llama/Llama-3.2-3B-Instruct,5,37,0.020243632487597966,0.9753927674270135,0.9956363999146115,False,0.02460723257298647
meta-llama/Llama-3.2-3B-Instruct,5,38,0.3718762228527855,0.6131202386850085,0.984996461537794,False,0.38687976131499147
meta-llama/Llama-3.2-3B-Instruct,5,39,0.3731549080550798,0.615228452511797,0.9883833605668768,False,0.38477154748820297
meta-llama/Llama-3.2-3B-Instruct,5,40,0.9471838719799113,0.03241084593063639,0.9795947179105476,True,0.052816128020088726
meta-llama/Llama-3.2-3B-Instruct,5,41,0.09459571582596277,0.8974990827652997,0.9920947985912625,False,0.10250091723470034
meta-llama/Llama-3.2-3B-Instruct,5,42,0.8477317257861711,0.13000385520366411,0.9777355809898352,False,0.8699961447963359
meta-llama/Llama-3.2-3B-Instruct,5,43,0.06711904078233726,0.926549846810778,0.9936688875931152,False,0.07345015318922199
meta-llama/Llama-3.2-3B-Instruct,5,44,0.8019539963095855,0.1789401156289844,0.9808941119385699,False,0.8210598843710156
meta-llama/Llama-3.2-3B-Instruct,5,45,0.9580675945605749,0.025531637628493083,0.983599232189068,True,0.04193240543942511
meta-llama/Llama-3.2-3B-Instruct,5,46,0.665878531630237,0.31453873715643876,0.9804172687866758,False,0.6854612628435612
meta-llama/Llama-3.2-3B-Instruct,5,47,0.200304184919222,0.7922183838626715,0.9925225687818935,False,0.20778161613732848
meta-llama/Llama-3.2-3B-Instruct,5,48,0.8018675184913098,0.17892083315104623,0.980788351642356,False,0.8210791668489538
meta-llama/Llama-3.2-3B-Instruct,5,49,0.43261611576669234,0.5554900883131593,0.9881062040798516,False,0.44450991168684073
meta-llama/Llama-3.2-3B-Instruct,5,50,0.9734143023251653,0.008421682987312225,0.9818359853124776,True,0.026585697674834652
meta-llama/Llama-3.2-3B-Instruct,5,51,0.7851085767856071,0.1985065411332685,0.9836151179188756,False,0.8014934588667315
meta-llama/Llama-3.2-3B-Instruct,5,52,0.46068031420782496,0.5220191854029363,0.9826994996107613,False,0.47798081459706365
meta-llama/Llama-3.2-3B-Instruct,5,53,0.4938042984275198,0.4938042984275198,0.9876085968550397,False,0.5061957015724802
meta-llama/Llama-3.2-3B-Instruct,5,54,0.836865301224306,0.14542538786460651,0.9822906890889125,False,0.8545746121353934
meta-llama/Llama-3.2-3B-Instruct,5,55,0.9545076042826073,0.02882363489782701,0.9833312391804343,True,0.04549239571739272
meta-llama/Llama-3.2-3B-Instruct,5,56,0.8015829496022507,0.17885732658663717,0.980440276188888,False,0.8211426734133629
meta-llama/Llama-3.2-3B-Instruct,5,57,0.7435555544403148,0.24139713097866328,0.9849526854189781,False,0.7586028690213367
meta-llama/Llama-3.2-3B-Instruct,5,58,0.8171910181792057,0.16091445954492511,0.9781054777241308,False,0.8390855404550749
meta-llama/Llama-3.2-3B-Instruct,5,59,0.3440987968334111,0.6428611669825559,0.986959963815967,False,0.3571388330174441
meta-llama/Llama-3.2-3B-Instruct,5,60,0.9620249033521725,0.01996619100278216,0.9819910943549547,True,0.0379750966478275
meta-llama/Llama-3.2-3B-Instruct,5,61,0.4021655203675071,0.5851473793901841,0.9873128997576912,False,0.41485262060981587
meta-llama/Llama-3.2-3B-Instruct,5,62,0.6924975595102926,0.28867592267668557,0.9811734821869782,False,0.7113240773233145
meta-llama/Llama-3.2-3B-Instruct,5,63,0.5827882206526003,0.4005440958601996,0.9833323165127998,False,0.5994559041398004
meta-llama/Llama-3.2-3B-Instruct,5,64,0.4309307639564875,0.5533260537527956,0.9842568177092832,False,0.44667394624720436
meta-llama/Llama-3.2-3B-Instruct,5,65,0.7416765534201989,0.24078711587368912,0.982463669293888,True,0.2583234465798011
meta-llama/Llama-3.2-3B-Instruct,5,66,0.8000615768004242,0.17851787042020748,0.9785794472206317,False,0.8214821295797925
meta-llama/Llama-3.2-3B-Instruct,5,67,0.08463504596999107,0.9099125020069289,0.9945475479769199,False,0.09008749799307114
meta-llama/Llama-3.2-3B-Instruct,5,68,0.66516531733437,0.31420186668000954,0.9793671840143796,False,0.6857981333199905
meta-llama/Llama-3.2-3B-Instruct,5,69,0.7645205695161238,0.21903882352038478,0.9835593930365085,False,0.7809611764796152
meta-llama/Llama-3.2-3B-Instruct,5,70,0.9530683104692997,0.028780167376256546,0.9818484778455563,True,0.04693168953070026
meta-llama/Llama-3.2-3B-Instruct,5,71,0.05309516432804059,0.9411342328872546,0.9942293972152952,False,0.05886576711274538
meta-llama/Llama-3.2-3B-Instruct,5,72,0.7818033828435474,0.19767084248037053,0.9794742253239179,False,0.8023291575196294
meta-llama/Llama-3.2-3B-Instruct,5,73,0.0753840518567687,0.9183658454291017,0.9937498972858704,False,0.08163415457089829
meta-llama/Llama-3.2-3B-Instruct,5,74,0.6669015582531668,0.31502198070127263,0.9819235389544394,False,0.6849780192987274
meta-llama/Llama-3.2-3B-Instruct,5,75,0.96992939687451,0.013835301364218167,0.9837646982387281,True,0.030070603125490036
meta-llama/Llama-3.2-3B-Instruct,5,76,0.9054833676383495,0.07432660486299159,0.979809972501341,False,0.9256733951370084
meta-llama/Llama-3.2-3B-Instruct,5,77,0.4931296542986094,0.4931296542986094,0.9862593085972188,False,0.5068703457013906
meta-llama/Llama-3.2-3B-Instruct,5,78,0.5537214698935506,0.4312387143565466,0.9849601842500972,False,0.5687612856434534
meta-llama/Llama-3.2-3B-Instruct,5,79,0.11843142443916317,0.8750963477775762,0.9935277722167394,False,0.12490365222242383
meta-llama/Llama-3.2-3B-Instruct,5,80,0.9619439303011111,0.019964510683748653,0.9819084409848597,True,0.03805606969888886
meta-llama/Llama-3.2-3B-Instruct,5,81,0.24218647082947084,0.7459868480289313,0.9881733188584022,False,0.25401315197106866
meta-llama/Llama-3.2-3B-Instruct,5,82,0.7630869482701231,0.21862805806954588,0.981715006339669,False,0.7813719419304541
meta-llama/Llama-3.2-3B-Instruct,5,83,0.10592384006185383,0.8868894081318017,0.9928132481936556,False,0.11311059186819827
meta-llama/Llama-3.2-3B-Instruct,5,84,0.7836721051864936,0.19814332650854485,0.9818154316950384,False,0.8018566734914552
meta-llama/Llama-3.2-3B-Instruct,5,85,0.9001352540641229,0.08372561588684944,0.9838608699509723,True,0.09986474593587713
meta-llama/Llama-3.2-3B-Instruct,5,86,0.6389148430880911,0.34198647161331813,0.9809013147014092,False,0.6580135283866819
meta-llama/Llama-3.2-3B-Instruct,5,87,0.4622815155075528,0.5238335841787716,0.9861150996863244,False,0.47616641582122843
meta-llama/Llama-3.2-3B-Instruct,5,88,0.7831033661270378,0.1979995297136277,0.9811028958406655,False,0.8020004702863723
meta-llama/Llama-3.2-3B-Instruct,5,89,0.01585112128644735,0.9806740093291367,0.9965251306155841,False,0.01932599067086327
meta-llama/Llama-3.2-3B-Instruct,5,90,0.9432613416202805,0.036574213479606626,0.9798355550998872,True,0.056738658379719475
meta-llama/Llama-3.2-3B-Instruct,5,91,0.18054158535712056,0.8091312136655293,0.9896727990226499,False,0.19086878633447069
meta-llama/Llama-3.2-3B-Instruct,5,92,0.7135499927640967,0.2625003882321845,0.9760503809962813,False,0.7374996117678154
meta-llama/Llama-3.2-3B-Instruct,5,93,0.3718760676939667,0.6131199645989646,0.9849960322929312,False,0.38688003540103544
meta-llama/Llama-3.2-3B-Instruct,5,94,0.8036807940549233,0.17932543230216363,0.9830062263570869,False,0.8206745676978364
meta-llama/Llama-3.2-3B-Instruct,5,95,0.9367869830243881,0.0466398817398904,0.9834268647642785,True,0.06321301697561188
meta-llama/Llama-3.2-3B-Instruct,5,96,0.7646561264544814,0.21907765470676385,0.9837337811612453,False,0.7809223452932361
meta-llama/Llama-3.2-3B-Instruct,5,97,0.10606844327338932,0.8881001824027446,0.994168625676134,False,0.11189981759725542
meta-llama/Llama-3.2-3B-Instruct,5,98,0.7837681011377875,0.19816760989633186,0.9819357110341194,False,0.8018323901036681
meta-llama/Llama-3.2-3B-Instruct,5,99,0.8671495527749694,0.11735593383078184,0.9845054866057512,False,0.8826440661692182
meta-llama/Llama-3.2-3B-Instruct,5,100,0.9580123396587534,0.02553016456453214,0.9835425042232856,True,0.04198766034124657
meta-llama/Llama-3.2-3B-Instruct,5,101,0.5217040879386807,0.46040224167160715,0.9821063296102879,False,0.5395977583283929
meta-llama/Llama-3.2-3B-Instruct,5,102,0.7134867521275612,0.2624771076559146,0.9759638597834758,False,0.7375228923440854
meta-llama/Llama-3.2-3B-Instruct,5,103,0.5219916806725509,0.4606560413684534,0.9826477220410043,False,0.5393439586315466
meta-llama/Llama-3.2-3B-Instruct,5,104,0.7822958808308238,0.19779537136160286,0.9800912521924267,False,0.8022046286383971
meta-llama/Llama-3.2-3B-Instruct,5,105,0.9409653220401867,0.04134313259057471,0.9823084546307614,True,0.05903467795981332
meta-llama/Llama-3.2-3B-Instruct,5,106,0.6122524389835731,0.37134987572737543,0.9836023147109485,False,0.6286501242726246
meta-llama/Llama-3.2-3B-Instruct,5,107,0.2906341562754077,0.6971950762940153,0.987829232569423,False,0.30280492370598466
meta-llama/Llama-3.2-3B-Instruct,5,108,0.8024196335212485,0.1790440293377322,0.9814636628589807,False,0.8209559706622678
meta-llama/Llama-3.2-3B-Instruct,5,109,0.19993069771469,0.7907412722945666,0.9906719700092566,False,0.2092587277054334
meta-llama/Llama-3.2-3B-Instruct,5,110,0.8006607904165228,0.17865156506597554,0.9793123554824984,True,0.19933920958347717
meta-llama/Llama-3.2-3B-Instruct,5,111,0.46067732122072086,0.5220157939042293,0.9826931151249501,False,0.47798420609577075
meta-llama/Llama-3.2-3B-Instruct,5,112,0.4906699867494944,0.4906699867494944,0.9813399734989888,False,0.5093300132505056
meta-llama/Llama-3.2-3B-Instruct,5,113,0.07534044410426786,0.9178345941961646,0.9931750383004325,False,0.08216540580383536
meta-llama/Llama-3.2-3B-Instruct,5,114,0.7415657338298921,0.24075115237122308,0.9823168862011151,False,0.7592488476287769
meta-llama/Llama-3.2-3B-Instruct,5,115,0.667979645503044,0.31553124244743797,0.9835108879504819,True,0.332020354496956
meta-llama/Llama-3.2-3B-Instruct,5,116,0.4922912909808269,0.4922912909808269,0.9845825819616538,False,0.5077087090191731
meta-llama/Llama-3.2-3B-Instruct,5,117,0.3731318218164166,0.6151903714038162,0.9883221932202327,False,0.38480962859618384
meta-llama/Llama-3.2-3B-Instruct,5,118,0.6396637129091518,0.34238733315138864,0.9820510460605405,False,0.6576126668486113
meta-llama/Llama-3.2-3B-Instruct,5,119,0.4633084118080688,0.5249972101331613,0.9883056219412301,False,0.47500278986683875
meta-llama/Llama-3.2-3B-Instruct,5,120,0.9623673698194606,0.017626370663043397,0.979993740482504,True,0.03763263018053942
meta-llama/Llama-3.2-3B-Instruct,5,121,0.199458136352588,0.7888721852647916,0.9883303216173797,False,0.21112781473520836
meta-llama/Llama-3.2-3B-Instruct,5,122,0.666594457531575,0.3148769447485847,0.9814714022801596,False,0.6851230552514154
meta-llama/Llama-3.2-3B-Instruct,5,123,0.19929877350369574,0.7882419517368076,0.9875407252405033,False,0.21175804826319244
meta-llama/Llama-3.2-3B-Instruct,5,124,0.7803497833996905,0.19730332382109922,0.9776531072207897,False,0.8026966761789007
meta-llama/Llama-3.2-3B-Instruct,5,125,0.9644348475854906,0.01766424178198018,0.9820990893674708,True,0.035565152414509416
meta-llama/Llama-3.2-3B-Instruct,5,126,0.7413221613396552,0.2406720687863437,0.981994230125999,False,0.7593279312136563
meta-llama/Llama-3.2-3B-Instruct,5,127,0.18098997589278837,0.8111407967994595,0.9921307726922479,False,0.1888592032005405
meta-llama/Llama-3.2-3B-Instruct,5,128,0.10569397346676634,0.8849649038526073,0.9906588773193736,False,0.11503509614739271
meta-llama/Llama-3.2-3B-Instruct,5,129,0.49351337979113696,0.49351337979113696,0.9870267595822739,False,0.506486620208863
meta-llama/Llama-3.2-3B-Instruct,5,130,0.907898493427824,0.07452484602840935,0.9824233394562334,True,0.09210150657217597
meta-llama/Llama-3.2-3B-Instruct,5,131,0.40205838456995263,0.5849914977245442,0.9870498822944969,False,0.4150085022754558
meta-llama/Llama-3.2-3B-Instruct,5,132,0.6393756144823051,0.34223308436932376,0.9816086988516288,False,0.6577669156306762
meta-llama/Llama-3.2-3B-Instruct,5,133,0.5226780827239756,0.46126178905276344,0.9839398717767391,False,0.5387382109472365
meta-llama/Llama-3.2-3B-Instruct,5,134,0.5831964872497906,0.40082469311533697,0.9840211803651275,False,0.599175306884663
meta-llama/Llama-3.2-3B-Instruct,5,135,0.741536495602148,0.2407416529335014,0.9822781485356493,True,0.25846350439785204
meta-llama/Llama-3.2-3B-Instruct,5,136,0.668718496869139,0.3158802322922986,0.9845987291614375,False,0.6841197677077013
meta-llama/Llama-3.2-3B-Instruct,5,137,0.09471945684997535,0.8986731583733786,0.9933926152233539,False,0.10132684162662142
meta-llama/Llama-3.2-3B-Instruct,5,138,0.6676078996914558,0.31535563276159173,0.9829635324530476,False,0.6846443672384083
meta-llama/Llama-3.2-3B-Instruct,5,139,0.34490203863680585,0.6443618585968243,0.9892638972336301,False,0.35563814140317573
meta-llama/Llama-3.2-3B-Instruct,5,140,0.9209342817135113,0.058873352800910723,0.9798076345144221,True,0.07906571828648867
meta-llama/Llama-3.2-3B-Instruct,5,141,0.7182933381064558,0.264245336069523,0.9825386741759787,False,0.7357546639304771
meta-llama/Llama-3.2-3B-Instruct,5,142,0.7399344451527006,0.24022153614309597,0.9801559812957965,False,0.7597784638569041
meta-llama/Llama-3.2-3B-Instruct,5,143,0.316090610285013,0.6691638072818472,0.9852544175668603,False,0.3308361927181528
meta-llama/Llama-3.2-3B-Instruct,5,144,0.40162715828291734,0.5843640671791501,0.9859912254620675,False,0.4156359328208499
meta-llama/Llama-3.2-3B-Instruct,5,145,0.4926831151571271,0.4926831151571271,0.9853662303142542,True,0.5073168848428729
meta-llama/Llama-3.2-3B-Instruct,5,146,0.49230387922335755,0.49230387922335755,0.9846077584467151,False,0.5076961207766424
meta-llama/Llama-3.2-3B-Instruct,5,147,0.40217041046756563,0.585154494443786,0.9873249049113516,False,0.414845505556214
meta-llama/Llama-3.2-3B-Instruct,5,148,0.6677771587813809,0.31543560389346353,0.9832127626748444,False,0.6845643961065364
meta-llama/Llama-3.2-3B-Instruct,5,149,0.43182997326442213,0.5544806613591059,0.986310634623528,False,0.4455193386408941
meta-llama/Llama-3.2-3B-Instruct,5,150,0.9617859960227828,0.01996123137492691,0.9817472273977097,True,0.03821400397721719
meta-llama/Llama-3.2-3B-Instruct,5,151,0.344047238841595,0.6427648248197579,0.9868120636613529,False,0.35723517518024206
meta-llama/Llama-3.2-3B-Instruct,5,152,0.7599498205902284,0.2177292689721413,0.9776790895623697,False,0.7822707310278587
meta-llama/Llama-3.2-3B-Instruct,5,153,0.4916867010503889,0.4916867010503889,0.9833734021007778,False,0.5083132989496111
meta-llama/Llama-3.2-3B-Instruct,5,154,0.6650937980953638,0.31416808338161195,0.9792618814769758,False,0.685831916618388
meta-llama/Llama-3.2-3B-Instruct,5,155,0.9423604334768002,0.04140442920318726,0.9837648626799874,True,0.05763956652319979
meta-llama/Llama-3.2-3B-Instruct,5,156,0.8355276261860725,0.14519292397351358,0.980720550159586,False,0.8548070760264864
meta-llama/Llama-3.2-3B-Instruct,5,157,0.49357400925153905,0.49357400925153905,0.9871480185030781,False,0.506425990748461
meta-llama/Llama-3.2-3B-Instruct,5,158,0.7424733547474253,0.24104579219913366,0.983519146946559,False,0.7589542078008663
meta-llama/Llama-3.2-3B-Instruct,5,159,0.6957966023631186,0.29005119423493153,0.9858477965980501,False,0.7099488057650685
meta-llama/Llama-3.2-3B-Instruct,5,160,0.887058783268324,0.09349531416662138,0.9805540974349454,True,0.11294121673167601
meta-llama/Llama-3.2-3B-Instruct,5,161,0.40204352682522887,0.5849698798335305,0.9870134066587595,False,0.41503012016646945
meta-llama/Llama-3.2-3B-Instruct,5,162,0.6408249872441576,0.3430089083254334,0.983833895569591,False,0.6569910916745666
meta-llama/Llama-3.2-3B-Instruct,5,163,0.40156946981212516,0.5842801309494251,0.9858496007615503,False,0.4157198690505749
meta-llama/Llama-3.2-3B-Instruct,5,164,0.7169735806142322,0.26375985589236384,0.9807334365065961,False,0.7362401441076362
meta-llama/Llama-3.2-3B-Instruct,5,165,0.9427320545250051,0.04142076002484538,0.9841528145498505,True,0.05726794547499492
meta-llama/Llama-3.2-3B-Instruct,5,166,0.761149834381641,0.21807308517876367,0.9792229195604046,False,0.7819269148212363
meta-llama/Llama-3.2-3B-Instruct,5,167,0.2425689073943339,0.7471648355796648,0.9897337429739987,False,0.25283516442033516
meta-llama/Llama-3.2-3B-Instruct,5,168,0.5824768182317536,0.40033007231496215,0.9828068905467158,False,0.5996699276850379
meta-llama/Llama-3.2-3B-Instruct,5,169,0.19975959807998003,0.7900645130003413,0.9898241110803213,False,0.2099354869996587
meta-llama/Llama-3.2-3B-Instruct,5,170,0.865421264694224,0.11712203197638037,0.9825432966706044,True,0.13457873530577602
meta-llama/Llama-3.2-3B-Instruct,5,171,0.6649587888335317,0.31410427207406155,0.9790630609075932,False,0.6858957279259384
meta-llama/Llama-3.2-3B-Instruct,5,172,0.7386598275986852,0.23980774986206171,0.978467577460747,False,0.7601922501379383
meta-llama/Llama-3.2-3B-Instruct,5,173,0.31679610531186764,0.6706573801952016,0.9874534855070692,False,0.3293426198047984
meta-llama/Llama-3.2-3B-Instruct,5,174,0.8198193511772561,0.16143200902170196,0.9812513601989581,False,0.838567990978298
meta-llama/Llama-3.2-3B-Instruct,5,175,0.9409261678832571,0.04134140765664752,0.9822675755399046,True,0.059073832116742886
meta-llama/Llama-3.2-3B-Instruct,5,176,0.7183693577098883,0.26427330999304316,0.9826426677029314,False,0.7357266900069568
meta-llama/Llama-3.2-3B-Instruct,5,177,0.6415558094535773,0.34340007904277886,0.9849558884963561,False,0.6565999209572211
meta-llama/Llama-3.2-3B-Instruct,5,178,0.6922366819784062,0.2885671641451239,0.98080384612353,False,0.711432835854876
meta-llama/Llama-3.2-3B-Instruct,5,179,0.4318896405555165,0.554557275677416,0.9864469162329325,False,0.445442724322584
meta-llama/Llama-3.2-3B-Instruct,5,180,0.9433572344066237,0.036577928376333696,0.9799351627829573,True,0.05664276559337633
meta-llama/Llama-3.2-3B-Instruct,5,181,0.4917048129932646,0.4917048129932646,0.9834096259865291,False,0.5082951870067354
meta-llama/Llama-3.2-3B-Instruct,5,182,0.740258897727625,0.24032688479354491,0.9805857825211699,False,0.7596731152064551
meta-llama/Llama-3.2-3B-Instruct,5,183,0.4934092886442315,0.4934092886442315,0.986818577288463,False,0.5065907113557685
meta-llama/Llama-3.2-3B-Instruct,5,184,0.7170316170327101,0.26378117485366537,0.9808127918863755,False,0.7362188251463346
meta-llama/Llama-3.2-3B-Instruct,5,185,0.7186314525908721,0.2643697293085199,0.983001181899392,True,0.28136854740912787
meta-llama/Llama-3.2-3B-Instruct,5,186,0.7428900426321364,0.2411810853164727,0.9840711279486092,False,0.7588189146835274
meta-llama/Llama-3.2-3B-Instruct,5,187,0.5844510113548298,0.4016869140827153,0.9861379254375451,False,0.5983130859172847
meta-llama/Llama-3.2-3B-Instruct,5,188,0.7415955036407268,0.24076079568835784,0.9823562993290846,False,0.7592392043116422
meta-llama/Llama-3.2-3B-Instruct,5,189,0.6948515011475741,0.28965721740993616,0.9845087185575103,False,0.7103427825900639
meta-llama/Llama-3.2-3B-Instruct,5,190,0.8738845242608769,0.10437061487860962,0.9782551391394866,True,0.12611547573912307
meta-llama/Llama-3.2-3B-Instruct,5,191,0.43066992987112634,0.5529911361576534,0.9836610660287797,False,0.4470088638423466
meta-llama/Llama-3.2-3B-Instruct,5,192,0.5193634110969273,0.4583366016088082,0.9777000127057355,False,0.5416633983911918
meta-llama/Llama-3.2-3B-Instruct,5,193,0.6112080591967979,0.3707164273663121,0.98192448656311,False,0.6292835726336878
meta-llama/Llama-3.2-3B-Instruct,5,194,0.7397979352701728,0.24017721071639656,0.9799751459865693,False,0.7598227892836035
meta-llama/Llama-3.2-3B-Instruct,5,195,0.8868475880920265,0.09347304808945926,0.9803206361814857,True,0.11315241190797354
meta-llama/Llama-3.2-3B-Instruct,5,196,0.7830792463664964,0.19799344013439044,0.9810726865008869,False,0.8020065598656095
meta-llama/Llama-3.2-3B-Instruct,5,197,0.719454267463247,0.2646724496384956,0.9841267171017427,False,0.7353275503615044
meta-llama/Llama-3.2-3B-Instruct,5,198,0.7861843252211206,0.1987785299789664,0.984962855200087,False,0.8012214700210336
meta-llama/Llama-3.2-3B-Instruct,5,199,0.6415564977686568,0.3434004474712916,0.9849569452399484,False,0.6565995525287084
meta-llama/Llama-3.2-3B-Instruct,5,200,0.894813488207673,0.08323061644386663,0.9780441046515397,True,0.10518651179232696
meta-llama/Llama-3.2-3B-Instruct,7,1,0.34298408908550426,0.6407786760909508,0.9837627651764551,False,0.35922132390904915
meta-llama/Llama-3.2-3B-Instruct,7,2,0.13141326634786196,0.856922152635307,0.988335418983169,False,0.14307784736469298
meta-llama/Llama-3.2-3B-Instruct,7,3,0.1057044317380419,0.8850523907658333,0.9907568225038752,False,0.11494760923416669
meta-llama/Llama-3.2-3B-Instruct,7,4,0.1799447080448636,0.8064562553441081,0.9864009633889718,False,0.19354374465589186
meta-llama/Llama-3.2-3B-Instruct,7,5,0.07510464212449276,0.914961937723394,0.9900665798478867,False,0.08503806227660604
meta-llama/Llama-3.2-3B-Instruct,7,6,0.40000275439854965,0.5820005734735227,0.9820033278720723,False,0.41799942652647726
meta-llama/Llama-3.2-3B-Instruct,7,7,0.9379264681489807,0.03636735255538673,0.9742938207043674,True,0.06207353185101927
meta-llama/Llama-3.2-3B-Instruct,7,8,0.11762361394973388,0.8691274690825368,0.9867510830322707,False,0.1308725309174632
meta-llama/Llama-3.2-3B-Instruct,7,9,0.16259411435999888,0.8257210949160646,0.9883152092760634,False,0.1742789050839354
meta-llama/Llama-3.2-3B-Instruct,7,10,0.14596929845136866,0.8399952904491144,0.985964588900483,False,0.16000470955088564
meta-llama/Llama-3.2-3B-Instruct,7,11,0.10539656090738692,0.8824745474791287,0.9878711083865156,False,0.11752545252087132
meta-llama/Llama-3.2-3B-Instruct,7,12,0.2640122092735273,0.7176595909595559,0.9816718002330832,False,0.2823404090404441
meta-llama/Llama-3.2-3B-Instruct,7,13,0.015806694896816582,0.9779255264661064,0.993732221362923,False,0.02207447353389358
meta-llama/Llama-3.2-3B-Instruct,7,14,0.9327874570770662,0.04644075186015014,0.9792282089372164,True,0.06721254292293377
meta-llama/Llama-3.2-3B-Instruct,7,15,0.19937602659258075,0.788547528885804,0.9879235554783847,False,0.21145247111419596
meta-llama/Llama-3.2-3B-Instruct,7,16,0.03697048760737916,0.9534813712587815,0.9904518588661607,False,0.04651862874121848
meta-llama/Llama-3.2-3B-Instruct,7,17,0.013998480968278014,0.9813694870659427,0.9953679680342208,False,0.018630512934057264
meta-llama/Llama-3.2-3B-Instruct,7,18,0.16231278512460975,0.8242923379545382,0.9866051230791479,False,0.17570766204546184
meta-llama/Llama-3.2-3B-Instruct,7,19,0.009670016330276721,0.9863685696314352,0.9960385859617119,False,0.013631430368564845
meta-llama/Llama-3.2-3B-Instruct,7,20,0.09434968579863168,0.8951649751348267,0.9895146609334584,False,0.10483502486517327
meta-llama/Llama-3.2-3B-Instruct,7,21,0.899770975418681,0.08369172770831708,0.9834627031269981,True,0.10022902458131899
meta-llama/Llama-3.2-3B-Instruct,7,22,0.26470419226499076,0.7195405528628934,0.9842447451278842,False,0.2804594471371066
meta-llama/Llama-3.2-3B-Instruct,7,23,0.006665153129384899,0.9891963949839992,0.9958615481133841,False,0.01080360501600075
meta-llama/Llama-3.2-3B-Instruct,7,24,0.3160901204332105,0.6691627902082089,0.9852529106414194,False,0.3308372097917911
meta-llama/Llama-3.2-3B-Instruct,7,25,0.015802060186448214,0.9776388890818739,0.9934409492683222,False,0.022361110918126093
meta-llama/Llama-3.2-3B-Instruct,7,26,0.012346143105008527,0.9807754812041887,0.9931216243091971,False,0.01922451879581133
meta-llama/Llama-3.2-3B-Instruct,7,27,0.012376404501421757,0.983179681223883,0.9955560857253047,False,0.016820318776117005
meta-llama/Llama-3.2-3B-Instruct,7,28,0.8650786529215827,0.11707565928139983,0.9821543122029825,True,0.1349213470784173
meta-llama/Llama-3.2-3B-Instruct,7,29,0.0058861912281724426,0.9899053030600544,0.9957914942882269,False,0.01009469693994558
meta-llama/Llama-3.2-3B-Instruct,7,30,0.24130506284283565,0.7432718759952692,0.9845769388381049,False,0.2567281240047308
meta-llama/Llama-3.2-3B-Instruct,7,31,0.012364265110958833,0.9822154378432421,0.9945797029542008,False,0.017784562156757944
meta-llama/Llama-3.2-3B-Instruct,7,32,0.07506862320406554,0.9145230420081254,0.989591665212191,False,0.0854769579918746
meta-llama/Llama-3.2-3B-Instruct,7,33,0.16240998585846042,0.8247859885922908,0.9871959744507512,False,0.1752140114077092
meta-llama/Llama-3.2-3B-Instruct,7,34,0.10543684958852581,0.8828118541462859,0.9882487037348118,False,0.11718814585371407
meta-llama/Llama-3.2-3B-Instruct,7,35,0.6407803566021106,0.3429849885982547,0.9837653452003654,True,0.35921964339788937
meta-llama/Llama-3.2-3B-Instruct,7,36,0.16220257086574003,0.8237326237641253,0.9859351946298653,False,0.17626737623587474
meta-llama/Llama-3.2-3B-Instruct,7,37,0.03287943369661326,0.9608778758592809,0.9937573095558941,False,0.03912212414071914
meta-llama/Llama-3.2-3B-Instruct,7,38,0.07516058445496367,0.915643352561389,0.9908039370163526,False,0.08435664743861104
meta-llama/Llama-3.2-3B-Instruct,7,39,0.19954977118882836,0.7892346668535751,0.9887844380424035,False,0.21076533314642487
meta-llama/Llama-3.2-3B-Instruct,7,40,0.2901277919521533,0.6959804129490792,0.9861082049012325,False,0.3040195870509208
meta-llama/Llama-3.2-3B-Instruct,7,41,0.041756845534798165,0.9503815123197779,0.992138357854576,False,0.049618487680222145
meta-llama/Llama-3.2-3B-Instruct,7,42,0.8626886903036616,0.11675223216521831,0.9794409224688799,True,0.13731130969633842
meta-llama/Llama-3.2-3B-Instruct,7,43,0.029121689204196763,0.9643778566864959,0.9934995458906927,False,0.03562214331350411
meta-llama/Llama-3.2-3B-Instruct,7,44,0.28967821230808344,0.6949018652870369,0.9845800775951203,False,0.3050981347129631
meta-llama/Llama-3.2-3B-Instruct,7,45,0.43128341563424105,0.5537788674702687,0.9850622831045097,False,0.4462211325297313
meta-llama/Llama-3.2-3B-Instruct,7,46,0.1797856542630139,0.8057433777011033,0.9855290319641172,False,0.19425662229889673
meta-llama/Llama-3.2-3B-Instruct,7,47,0.08437482047013241,0.9071147466204328,0.9914895670905652,False,0.09288525337956721
meta-llama/Llama-3.2-3B-Instruct,7,48,0.5220955466284173,0.4607477027527895,0.9828432493812067,False,0.5392522972472105
meta-llama/Llama-3.2-3B-Instruct,7,49,0.9691267470732078,0.01775017910753292,0.9868769261807407,True,0.030873252926792216
meta-llama/Llama-3.2-3B-Instruct,7,50,0.21915113159138552,0.7649125631774427,0.9840636947688283,False,0.23508743682255728
meta-llama/Llama-3.2-3B-Instruct,7,51,0.10558146763669266,0.8840228776193717,0.9896043452560643,False,0.1159771223806283
meta-llama/Llama-3.2-3B-Instruct,7,52,0.1313034331775007,0.8562059886626862,0.9875094218401869,False,0.14379401133731384
meta-llama/Llama-3.2-3B-Instruct,7,53,0.0669244618265925,0.9238637463310593,0.9907882081576518,False,0.07613625366894072
meta-llama/Llama-3.2-3B-Instruct,7,54,0.2196830510449794,0.7667691672370718,0.9864522182820512,False,0.23323083276292822
meta-llama/Llama-3.2-3B-Instruct,7,55,0.43119119059299016,0.5536604481732476,0.9848516387662377,False,0.44633955182675245
meta-llama/Llama-3.2-3B-Instruct,7,56,0.5824626880453438,0.4003203607893354,0.9827830488346793,True,0.41753731195465615
meta-llama/Llama-3.2-3B-Instruct,7,57,0.18018892256098862,0.8075506887372449,0.9877396112982335,False,0.1924493112627551
meta-llama/Llama-3.2-3B-Instruct,7,58,0.2195980342182281,0.766472452206057,0.9860704864242851,False,0.23352754779394302
meta-llama/Llama-3.2-3B-Instruct,7,59,0.06701187816042346,0.9250705261210016,0.992082404281425,False,0.0749294738789984
meta-llama/Llama-3.2-3B-Instruct,7,60,0.6104847888523275,0.3702777417271299,0.9807625305794574,False,0.6297222582728701
meta-llama/Llama-3.2-3B-Instruct,7,61,0.13149976937105723,0.8574861721011703,0.9889859414722275,False,0.14251382789882971
meta-llama/Llama-3.2-3B-Instruct,7,62,0.3160690952021951,0.6691183196763587,0.9851874148785538,False,0.3308816803236413
meta-llama/Llama-3.2-3B-Instruct,7,63,0.6941534683414675,0.28936620815588054,0.9835196764973481,True,0.3058465316585325
meta-llama/Llama-3.2-3B-Instruct,7,64,0.1315165123985387,0.8575953120125241,0.9891118244110628,False,0.14240468798747585
meta-llama/Llama-3.2-3B-Instruct,7,65,0.10556681820949743,0.8839001075024737,0.9894669257119711,False,0.11609989249752628
meta-llama/Llama-3.2-3B-Instruct,7,66,0.4598948149889005,0.5211290981781269,0.9810239131670274,False,0.4788709018218731
meta-llama/Llama-3.2-3B-Instruct,7,67,0.04708610597819477,0.9457498223667397,0.9928359283449344,False,0.054250177633260344
meta-llama/Llama-3.2-3B-Instruct,7,68,0.2416866838019495,0.7444473734196285,0.986134057221578,False,0.2555526265803715
meta-llama/Llama-3.2-3B-Instruct,7,69,0.4314626271265278,0.5540089795813274,0.9854716067078553,False,0.44599102041867256
meta-llama/Llama-3.2-3B-Instruct,7,70,0.9422631571984482,0.04140015502743128,0.9836633122258795,True,0.05773684280155178
meta-llama/Llama-3.2-3B-Instruct,7,71,0.05958650898422779,0.9320898253041466,0.9916763342883744,False,0.06791017469585336
meta-llama/Llama-3.2-3B-Instruct,7,72,0.5817983315953963,0.3998637557239908,0.9816620873193871,False,0.6001362442760092
meta-llama/Llama-3.2-3B-Instruct,7,73,0.0752650032162552,0.9169155291129895,0.9921805323292446,False,0.08308447088701054
meta-llama/Llama-3.2-3B-Instruct,7,74,0.2200289557450507,0.7679765618973897,0.9880055176424405,False,0.23202343810261028
meta-llama/Llama-3.2-3B-Instruct,7,75,0.37234463185924005,0.6138925145773377,0.9862371464365778,False,0.38610748542266227
meta-llama/Llama-3.2-3B-Instruct,7,76,0.21995159233723227,0.7677064684173406,0.9876580607545729,False,0.23229353158265942
meta-llama/Llama-3.2-3B-Instruct,7,77,0.43171578410147937,0.5543340395715771,0.9860498236730565,True,0.5682842158985206
meta-llama/Llama-3.2-3B-Instruct,7,78,0.18032530893869084,0.8081619661758657,0.9884872751145565,False,0.19183803382413434
meta-llama/Llama-3.2-3B-Instruct,7,79,0.02916615929482611,0.9658506512915234,0.9950168105863495,False,0.034149348708476635
meta-llama/Llama-3.2-3B-Instruct,7,80,0.31582763143864134,0.6686071010023454,0.9844347324409868,False,0.33139289899765456
meta-llama/Llama-3.2-3B-Instruct,7,81,0.046984472748547744,0.9437084079101005,0.9906928806586482,False,0.056291592089899534
meta-llama/Llama-3.2-3B-Instruct,7,82,0.16250776785572252,0.8252825050751387,0.9877902729308612,False,0.17471749492486133
meta-llama/Llama-3.2-3B-Instruct,7,83,0.022829070235800275,0.9707167512087483,0.9935458214445486,False,0.02928324879125166
meta-llama/Llama-3.2-3B-Instruct,7,84,0.9005443044874475,0.08376367161391202,0.9843079761013596,True,0.09945569551255251
meta-llama/Llama-3.2-3B-Instruct,7,85,0.032803365282545315,0.9586548917092914,0.9914582569918368,False,0.04134510829070859
meta-llama/Llama-3.2-3B-Instruct,7,86,0.07498751862976395,0.9135350745116354,0.9885225931413993,False,0.0864649254883646
meta-llama/Llama-3.2-3B-Instruct,7,87,0.1056238164129152,0.8843774068974882,0.9900012233104034,False,0.11562259310251177
meta-llama/Llama-3.2-3B-Instruct,7,88,0.24129102553825163,0.7432286823556337,0.9845197078938853,False,0.25677131764436634
meta-llama/Llama-3.2-3B-Instruct,7,89,0.009659960310201752,0.98534250642075,0.9950024667309518,False,0.014657493579249947
meta-llama/Llama-3.2-3B-Instruct,7,90,0.2895103302349489,0.6944991578511865,0.9840094880861354,False,0.30550084214881346
meta-llama/Llama-3.2-3B-Instruct,7,91,0.4310071850203722,0.5534241803411939,0.9844313653615662,True,0.5689928149796277
meta-llama/Llama-3.2-3B-Instruct,7,92,0.19873955347385466,0.78603021700636,0.9847697704802146,False,0.21396978299364
meta-llama/Llama-3.2-3B-Instruct,7,93,0.16238950344592973,0.8246819580267486,0.9870714614726783,False,0.1753180419732514
meta-llama/Llama-3.2-3B-Instruct,7,94,0.16245969258322646,0.825038432471172,0.9874981250543985,False,0.17496156752882797
meta-llama/Llama-3.2-3B-Instruct,7,95,0.16273566986449753,0.8264398992382884,0.9891755691027859,False,0.17356010076171158
meta-llama/Llama-3.2-3B-Instruct,7,96,0.26518496157060095,0.7208474622179748,0.9860324237885758,False,0.2791525377820252
meta-llama/Llama-3.2-3B-Instruct,7,97,0.03290805090177509,0.9617143221380801,0.9946223730398551,False,0.03828567786191994
meta-llama/Llama-3.2-3B-Instruct,7,98,0.492542999568588,0.492542999568588,0.985085999137176,True,0.5074570004314121
meta-llama/Llama-3.2-3B-Instruct,7,99,0.5233985487157743,0.46189759805894326,0.9852961467747176,False,0.5381024019410567
meta-llama/Llama-3.2-3B-Instruct,7,100,0.21911986237610637,0.7648034912773706,0.9839233536534769,False,0.23519650872262943
meta-llama/Llama-3.2-3B-Instruct,7,101,0.14606418156210282,0.8405412925107391,0.9866054740728418,False,0.15945870748926094
meta-llama/Llama-3.2-3B-Instruct,7,102,0.26473401360746024,0.7196216585641888,0.9843556721716491,False,0.2803783414358112
meta-llama/Llama-3.2-3B-Instruct,7,103,0.18017685109664555,0.8074966603856782,0.9876735114823239,False,0.19250333961432176
meta-llama/Llama-3.2-3B-Instruct,7,104,0.24180939344893332,0.7448254123231066,0.98663480577204,False,0.2551745876768934
meta-llama/Llama-3.2-3B-Instruct,7,105,0.877723229791331,0.10482908440233016,0.9825523141936612,True,0.122276770208669
meta-llama/Llama-3.2-3B-Instruct,7,106,0.19859918295035342,0.7854750407914577,0.9840742237418111,False,0.2145249592085423
meta-llama/Llama-3.2-3B-Instruct,7,107,0.16251941110657372,0.8253417081705685,0.9878611192771423,False,0.1746582918294315
meta-llama/Llama-3.2-3B-Instruct,7,108,0.28986720032851215,0.6953552653994792,0.9852224657279913,False,0.3046447346005208
meta-llama/Llama-3.2-3B-Instruct,7,109,0.105608984855672,0.8842531381397312,0.9898621229954032,False,0.11574686186026883
meta-llama/Llama-3.2-3B-Instruct,7,110,0.4003759606703289,0.5825435853948432,0.9829195460651721,False,0.4174564146051568
meta-llama/Llama-3.2-3B-Instruct,7,111,0.28998135751417453,0.6956290935204307,0.9856104510346052,False,0.3043709064795693
meta-llama/Llama-3.2-3B-Instruct,7,112,0.34188746056347225,0.6387298660944754,0.9806173266579477,True,0.6581125394365277
meta-llama/Llama-3.2-3B-Instruct,7,113,0.08431260289312571,0.9064459527312532,0.9907585556243789,False,0.09355404726874683
meta-llama/Llama-3.2-3B-Instruct,7,114,0.2418532704886337,0.7449604743219138,0.9868137448105475,False,0.2550395256780862
meta-llama/Llama-3.2-3B-Instruct,7,115,0.18050844415873027,0.8089827212899103,0.9894911654486406,False,0.19101727871008967
meta-llama/Llama-3.2-3B-Instruct,7,116,0.28960732610119316,0.694731859536025,0.9843391856372181,False,0.305268140463975
meta-llama/Llama-3.2-3B-Instruct,7,117,0.22027462710144904,0.7688340163241149,0.9891086434255639,False,0.23116598367588514
meta-llama/Llama-3.2-3B-Instruct,7,118,0.17980104318383422,0.8058123460572926,0.9856133892411267,False,0.19418765394270743
meta-llama/Llama-3.2-3B-Instruct,7,119,0.4934483459865851,0.4934483459865851,0.9868966919731702,True,0.506551654013415
meta-llama/Llama-3.2-3B-Instruct,7,120,0.7631066656335876,0.21863371370421553,0.9817403793378032,False,0.7813662862957844
meta-llama/Llama-3.2-3B-Instruct,7,121,0.05296285434411718,0.938789076916245,0.9917519312603622,False,0.061210923083754976
meta-llama/Llama-3.2-3B-Instruct,7,122,0.24135972406262324,0.7434403108641463,0.9848000349267696,False,0.2565596891358537
meta-llama/Llama-3.2-3B-Instruct,7,123,0.0668963212986344,0.9234751338160111,0.9903714551146455,False,0.0765248661839889
meta-llama/Llama-3.2-3B-Instruct,7,124,0.37101226174431634,0.6116958076284178,0.9827080693727341,False,0.3883041923715822
meta-llama/Llama-3.2-3B-Instruct,7,125,0.07504768575170881,0.9142678762575615,0.9893155620092703,False,0.08573212374243855
meta-llama/Llama-3.2-3B-Instruct,7,126,0.7420599745774364,0.24091160885416435,0.9829715834316008,True,0.25794002542256356
meta-llama/Llama-3.2-3B-Instruct,7,127,0.19925047880295554,0.7880509777158465,0.9873014565188021,False,0.21194902228415347
meta-llama/Llama-3.2-3B-Instruct,7,128,0.07501448413080135,0.9138633977565748,0.9888778818873761,False,0.08613660224342523
meta-llama/Llama-3.2-3B-Instruct,7,129,0.3715464571025344,0.6125765468782213,0.9841230039807557,False,0.3874234531217787
meta-llama/Llama-3.2-3B-Instruct,7,130,0.7434868847558482,0.24137485877809037,0.9848617435339386,False,0.7586251412219096
meta-llama/Llama-3.2-3B-Instruct,7,131,0.31583885121502203,0.6686308532691297,0.9844697044841517,False,0.33136914673087026
meta-llama/Llama-3.2-3B-Instruct,7,132,0.460192467087393,0.5214663821930857,0.9816588492804788,False,0.4785336178069143
meta-llama/Llama-3.2-3B-Instruct,7,133,0.5511943009674783,0.42927055321796775,0.9804648541854462,True,0.44880569903252165
meta-llama/Llama-3.2-3B-Instruct,7,134,0.3429893635348161,0.6407884727691863,0.9837778363040024,False,0.35921152723081373
meta-llama/Llama-3.2-3B-Instruct,7,135,0.37212078925605463,0.613523460516177,0.9856442497722316,False,0.386476539483823
meta-llama/Llama-3.2-3B-Instruct,7,136,0.4003244887554703,0.58246869420063,0.9827931829561003,False,0.41753130579937003
meta-llama/Llama-3.2-3B-Instruct,7,137,0.11796573834894515,0.8716554454234521,0.9896211837723973,False,0.12834455457654792
meta-llama/Llama-3.2-3B-Instruct,7,138,0.5220473139111212,0.46070513752917247,0.9827524514402937,False,0.5392948624708276
meta-llama/Llama-3.2-3B-Instruct,7,139,0.290117623867518,0.6959559794991235,0.9860736033666415,False,0.30404402050087653
meta-llama/Llama-3.2-3B-Instruct,7,140,0.9295418851451024,0.05244116662053593,0.9819830517656383,True,0.07045811485489761
meta-llama/Llama-3.2-3B-Instruct,7,141,0.5521470276806255,0.43001253752821983,0.9821595652088453,False,0.5699874624717802
meta-llama/Llama-3.2-3B-Instruct,7,142,0.5514986763208224,0.4295076009814997,0.981006277302322,False,0.5704923990185002
meta-llama/Llama-3.2-3B-Instruct,7,143,0.46029624499616695,0.5215839779698754,0.9818802229660424,False,0.47841602203012457
meta-llama/Llama-3.2-3B-Instruct,7,144,0.2900820383775475,0.6958706558260754,0.985952694203623,False,0.30412934417392457
meta-llama/Llama-3.2-3B-Instruct,7,145,0.1625520205226769,0.8255072263503831,0.98805924687306,False,0.1744927736496169
meta-llama/Llama-3.2-3B-Instruct,7,146,0.40134171723168166,0.5839487529002226,0.9852904701319043,False,0.41605124709977737
meta-llama/Llama-3.2-3B-Instruct,7,147,0.7860730048940241,0.19875038083042754,0.9848233857244516,True,0.2139269951059759
meta-llama/Llama-3.2-3B-Instruct,7,148,0.3714063443069555,0.612345539931853,0.9837518842388085,False,0.38765446006814697
meta-llama/Llama-3.2-3B-Instruct,7,149,0.29010091993066833,0.695915908838897,0.9860168287695653,False,0.304084091161103
meta-llama/Llama-3.2-3B-Instruct,7,150,0.43007864429925874,0.5522319104548546,0.9823105547541133,False,0.44776808954514535
meta-llama/Llama-3.2-3B-Instruct,7,151,0.1311265216839687,0.8550522405903008,0.9861787622742695,False,0.14494775940969917
meta-llama/Llama-3.2-3B-Instruct,7,152,0.4296141128816671,0.5516354403078171,0.9812495531894843,False,0.4483645596921829
meta-llama/Llama-3.2-3B-Instruct,7,153,0.3158568112169019,0.6686689144491798,0.9845257256660817,False,0.33133108555082025
meta-llama/Llama-3.2-3B-Instruct,7,154,0.5814948752529202,0.39965519343322586,0.9811500686861461,True,0.4185051247470798
meta-llama/Llama-3.2-3B-Instruct,7,155,0.49205334866618217,0.49205334866618217,0.9841066973323643,False,0.5079466513338178
meta-llama/Llama-3.2-3B-Instruct,7,156,0.5221262623003474,0.46077480923812864,0.9829010715384761,False,0.5392251907618714
meta-llama/Llama-3.2-3B-Instruct,7,157,0.37248620871692556,0.6141259536564221,0.9866121623733477,False,0.3858740463435779
meta-llama/Llama-3.2-3B-Instruct,7,158,0.40162569801608183,0.5843619425034414,0.9859876405195233,False,0.4156380574965586
meta-llama/Llama-3.2-3B-Instruct,7,159,0.46253398021118264,0.5241196641671437,0.9866536443783264,False,0.47588033583285627
meta-llama/Llama-3.2-3B-Instruct,7,160,0.46144102549072635,0.5228811842163865,0.9843222097071129,False,0.4771188157836135
meta-llama/Llama-3.2-3B-Instruct,7,161,0.5530099571177042,0.4306845876495521,0.9836945447672563,True,0.4469900428822958
meta-llama/Llama-3.2-3B-Instruct,7,162,0.4620937171900429,0.5236207808057967,0.9857144979958395,False,0.47637921919420334
meta-llama/Llama-3.2-3B-Instruct,7,163,0.34369621834376635,0.6421090705054839,0.9858052888492503,False,0.35789092949451606
meta-llama/Llama-3.2-3B-Instruct,7,164,0.40017793624217424,0.5822554615519935,0.9824333977941677,False,0.4177445384480065
meta-llama/Llama-3.2-3B-Instruct,7,165,0.6940461918507878,0.28932150590754957,0.9833676977583373,False,0.7106784940924504
meta-llama/Llama-3.2-3B-Instruct,7,166,0.49059187633979423,0.49059187633979423,0.9811837526795885,False,0.5094081236602057
meta-llama/Llama-3.2-3B-Instruct,7,167,0.1178093814421589,0.8705000765705823,0.9883094580127412,False,0.12949992342941774
meta-llama/Llama-3.2-3B-Instruct,7,168,0.6675354812118087,0.3153214246950256,0.9828569059068344,True,0.3324645187881913
meta-llama/Llama-3.2-3B-Instruct,7,169,0.094296613196612,0.8946613629384806,0.9889579761350926,False,0.10533863706151936
meta-llama/Llama-3.2-3B-Instruct,7,170,0.46115663899473236,0.5225589320983779,0.9837155710931103,False,0.4774410679016221
meta-llama/Llama-3.2-3B-Instruct,7,171,0.4608189190453366,0.5221762452601503,0.9829951643054868,False,0.4778237547398497
meta-llama/Llama-3.2-3B-Instruct,7,172,0.46054479806732257,0.5218656254979605,0.9824104235652831,False,0.47813437450203955
meta-llama/Llama-3.2-3B-Instruct,7,173,0.2899548101432371,0.6955654718784635,0.9855202820217006,False,0.3044345281215365
meta-llama/Llama-3.2-3B-Instruct,7,174,0.7178475084572554,0.2640813323873302,0.9819288408445856,False,0.7359186676126698
meta-llama/Llama-3.2-3B-Instruct,7,175,0.8369745104579037,0.1454443547479063,0.98241886520581,True,0.16302548954209628
meta-llama/Llama-3.2-3B-Instruct,7,176,0.5211194691355057,0.45988631738861246,0.9810057865241182,False,0.5401136826113875
meta-llama/Llama-3.2-3B-Instruct,7,177,0.430626678214135,0.5529355999307627,0.9835622781448976,False,0.4470644000692373
meta-llama/Llama-3.2-3B-Instruct,7,178,0.34307740565968164,0.6409529762100349,0.9840303818697165,False,0.3590470237899651
meta-llama/Llama-3.2-3B-Instruct,7,179,0.2193512608968769,0.7656111058647999,0.9849623667616767,False,0.23438889413520014
meta-llama/Llama-3.2-3B-Instruct,7,180,0.46074481917798177,0.5220922791100846,0.9828370982880663,False,0.4779077208899154
meta-llama/Llama-3.2-3B-Instruct,7,181,0.19892414933857103,0.786760272675759,0.98568442201433,False,0.213239727324241
meta-llama/Llama-3.2-3B-Instruct,7,182,0.5531032143707171,0.43075721647122556,0.9838604308419426,True,0.4468967856292829
meta-llama/Llama-3.2-3B-Instruct,7,183,0.1993278557419724,0.788356997717049,0.9876848534590215,False,0.21164300228295096
meta-llama/Llama-3.2-3B-Instruct,7,184,0.34321836916678516,0.6412163689317993,0.9844347380985845,False,0.35878363106820066
meta-llama/Llama-3.2-3B-Instruct,7,185,0.24162218391422127,0.7442486997846156,0.9858708836988369,False,0.2557513002153844
meta-llama/Llama-3.2-3B-Instruct,7,186,0.430825260941786,0.5531905852003818,0.9840158461421677,False,0.4468094147996182
meta-llama/Llama-3.2-3B-Instruct,7,187,0.4015988396287635,0.5843228637804828,0.9859217034092463,False,0.4156771362195172
meta-llama/Llama-3.2-3B-Instruct,7,188,0.2411523072566687,0.7428013556930366,0.9839536629497053,False,0.2571986443069634
meta-llama/Llama-3.2-3B-Instruct,7,189,0.4312635963821629,0.5537534190468606,0.9850170154290234,True,0.5687364036178371
meta-llama/Llama-3.2-3B-Instruct,7,190,0.3704150663555512,0.6107111988881967,0.9811262652437479,False,0.3892888011118033
meta-llama/Llama-3.2-3B-Instruct,7,191,0.16200335792723533,0.8227209860227612,0.9847243439499965,False,0.17727901397723878
meta-llama/Llama-3.2-3B-Instruct,7,192,0.26398917225647783,0.7175970126268422,0.9815861848833201,False,0.28240298737315783
meta-llama/Llama-3.2-3B-Instruct,7,193,0.3152288184015965,0.6673394137929736,0.9825682321945701,False,0.33266058620702643
meta-llama/Llama-3.2-3B-Instruct,7,194,0.4913820046629778,0.4913820046629778,0.9827640093259556,False,0.5086179953370222
meta-llama/Llama-3.2-3B-Instruct,7,195,0.491143155214677,0.491143155214677,0.982286310429354,False,0.508856844785323
meta-llama/Llama-3.2-3B-Instruct,7,196,0.6935803955148596,0.28912732448374306,0.9827077199986027,True,0.3064196044851404
meta-llama/Llama-3.2-3B-Instruct,7,197,0.522662786313455,0.4612482900178583,0.9839110763313133,False,0.5387517099821417
meta-llama/Llama-3.2-3B-Instruct,7,198,0.4914043817009516,0.4914043817009516,0.9828087634019032,False,0.5085956182990484
meta-llama/Llama-3.2-3B-Instruct,7,199,0.40098037329320463,0.5834230005720142,0.9844033738652189,False,0.41657699942798576
meta-llama/Llama-3.2-3B-Instruct,7,200,0.4903113838395818,0.4903113838395818,0.9806227676791636,False,0.5096886161604182
meta-llama/Llama-3.2-3B-Instruct,10,1,0.3436845006138639,0.6420871597682746,0.9857716603821385,False,0.3579128402317254
meta-llama/Llama-3.2-3B-Instruct,10,2,0.1314538467288656,0.857186769963609,0.9886406166924746,False,0.14281323003639101
meta-llama/Llama-3.2-3B-Instruct,10,3,0.013981776752987372,0.9801982300847986,0.994180006837786,False,0.01980176991520144
meta-llama/Llama-3.2-3B-Instruct,10,4,0.40051021967737316,0.5827389310974278,0.9832491507748009,False,0.4172610689025722
meta-llama/Llama-3.2-3B-Instruct,10,5,0.26579191985239314,0.7224973243539048,0.9882892442062979,False,0.2775026756460952
meta-llama/Llama-3.2-3B-Instruct,10,6,0.5203698822108317,0.45922480924936976,0.9795946914602014,False,0.5407751907506302
meta-llama/Llama-3.2-3B-Instruct,10,7,0.003579573514288206,0.9925164385738351,0.9960960120881233,False,0.007483561426164909
meta-llama/Llama-3.2-3B-Instruct,10,8,0.3431763113110213,0.6411377562933174,0.9843140676043387,False,0.3588622437066826
meta-llama/Llama-3.2-3B-Instruct,10,9,0.11809673394389122,0.8726234702305143,0.9907202041744055,False,0.12737652976948566
meta-llama/Llama-3.2-3B-Instruct,10,10,0.9698816234140155,0.004491441983627939,0.9743730653976435,True,0.030118376585984485
meta-llama/Llama-3.2-3B-Instruct,10,11,0.015812228184175946,0.9782681157380015,0.9940803439221775,False,0.021731884261998458
meta-llama/Llama-3.2-3B-Instruct,10,12,0.5795739857300728,0.398334986658431,0.9779089723885037,False,0.6016650133415691
meta-llama/Llama-3.2-3B-Instruct,10,13,0.0014963379595642064,0.9952764575741594,0.9967727955337236,False,0.00472354242584061
meta-llama/Llama-3.2-3B-Instruct,10,14,0.11797611701303011,0.8717321599331075,0.9897082769461376,False,0.1282678400668925
meta-llama/Llama-3.2-3B-Instruct,10,15,0.08438168048395038,0.9071885189917445,0.9915701994756948,False,0.09281148100825554
meta-llama/Llama-3.2-3B-Instruct,10,16,0.06694766592336267,0.9241839588517303,0.991131624775093,False,0.07581604114826967
meta-llama/Llama-3.2-3B-Instruct,10,17,0.0013210917780902415,0.9957126210017333,0.9970337127798236,False,0.0042873789982667
meta-llama/Llama-3.2-3B-Instruct,10,18,0.37206150649804687,0.6134257380535751,0.9854872445516221,False,0.38657426194642486
meta-llama/Llama-3.2-3B-Instruct,10,19,0.004594258433377563,0.9920836561533523,0.9966779145867298,False,0.007916343846647744
meta-llama/Llama-3.2-3B-Instruct,10,20,0.9491643255484884,0.03247861597890812,0.9816429415273965,True,0.0508356744515116
meta-llama/Llama-3.2-3B-Instruct,10,21,0.029125841504948576,0.9645154626032111,0.9936413041081597,False,0.03548453739678892
meta-llama/Llama-3.2-3B-Instruct,10,22,0.429780308820639,0.5518488401176072,0.9816291489382462,False,0.44815115988239285
meta-llama/Llama-3.2-3B-Instruct,10,23,0.0016953272742405035,0.995132531603303,0.9968278588775434,False,0.00486746839669705
meta-llama/Llama-3.2-3B-Instruct,10,24,0.49186078501219543,0.49186078501219543,0.9837215700243909,False,0.5081392149878046
meta-llama/Llama-3.2-3B-Instruct,10,25,0.11813016038624,0.8728703560560384,0.9910005164422784,False,0.12712964394396165
meta-llama/Llama-3.2-3B-Instruct,10,26,0.010924560664066413,0.9833976336784318,0.9943221943424982,False,0.016602366321568196
meta-llama/Llama-3.2-3B-Instruct,10,27,0.002791676263235404,0.9939054832434534,0.9966971595066888,False,0.006094516756546597
meta-llama/Llama-3.2-3B-Instruct,10,28,0.10579716498089749,0.8858288631191166,0.9916260281000141,False,0.11417113688088343
meta-llama/Llama-3.2-3B-Instruct,10,29,0.0021760421213754878,0.9947662345543806,0.9969422766757561,False,0.005233765445619376
meta-llama/Llama-3.2-3B-Instruct,10,30,0.9208127657915944,0.0588655911274724,0.9796783569190668,True,0.07918723420840557
meta-llama/Llama-3.2-3B-Instruct,10,31,0.005882296741576876,0.9892501722889412,0.9951324690305181,False,0.010749827711058813
meta-llama/Llama-3.2-3B-Instruct,10,32,0.13140587235392193,0.8568740015796146,0.9882798739335366,False,0.14312599842038543
meta-llama/Llama-3.2-3B-Instruct,10,33,0.08434831105575503,0.9068298787041895,0.9911781897599445,False,0.09317012129581048
meta-llama/Llama-3.2-3B-Instruct,10,34,0.13146494192500877,0.8572590303127516,0.9887239722377604,False,0.14274096968724836
meta-llama/Llama-3.2-3B-Instruct,10,35,0.03707924128904828,0.9562862474035065,0.9933654886925548,False,0.04371375259649346
meta-llama/Llama-3.2-3B-Instruct,10,36,0.5815669374325297,0.3997047209966778,0.9812716584292076,False,0.6002952790033222
meta-llama/Llama-3.2-3B-Instruct,10,37,0.0031620323845254015,0.9934810196075011,0.9966430519920265,False,0.006518980392498874
meta-llama/Llama-3.2-3B-Instruct,10,38,0.2654023866675274,0.721438463407459,0.9868408500749863,False,0.278561536592541
meta-llama/Llama-3.2-3B-Instruct,10,39,0.03708049664426162,0.9563185165646086,0.9933990132088703,False,0.043681483435391355
meta-llama/Llama-3.2-3B-Instruct,10,40,0.8842731796690385,0.09320171299322563,0.9774748926622642,True,0.11572682033096149
meta-llama/Llama-3.2-3B-Instruct,10,41,0.008538094272490002,0.9868692842616229,0.9954073785341129,False,0.013130715738377097
meta-llama/Llama-3.2-3B-Instruct,10,42,0.5515077161626508,0.4295146412173946,0.9810223573800454,False,0.5704853587826054
meta-llama/Llama-3.2-3B-Instruct,10,43,0.00405549195926443,0.9923463088929513,0.9964018008522157,False,0.007653691107048721
meta-llama/Llama-3.2-3B-Instruct,10,44,0.640193019167665,0.3426706299675697,0.9828636491352347,False,0.6573293700324303
meta-llama/Llama-3.2-3B-Instruct,10,45,0.3444347896480163,0.6434888841814609,0.9879236738294772,False,0.3565111158185391
meta-llama/Llama-3.2-3B-Instruct,10,46,0.34352864364873414,0.6417960380129458,0.98532468166168,False,0.3582039619870542
meta-llama/Llama-3.2-3B-Instruct,10,47,0.010946038594465864,0.9853311640635734,0.9962772026580392,False,0.01466883593642665
meta-llama/Llama-3.2-3B-Instruct,10,48,0.8193453873908463,0.16133868241849544,0.9806840698093418,False,0.8386613175815045
meta-llama/Llama-3.2-3B-Instruct,10,49,0.025817339071089778,0.968788515796268,0.9946058548673578,False,0.031211484203731987
meta-llama/Llama-3.2-3B-Instruct,10,50,0.9442238072065003,0.03230955990152137,0.9765333671080217,True,0.05577619279349966
meta-llama/Llama-3.2-3B-Instruct,10,51,0.03707143605511041,0.9560849406414781,0.9931563766965885,False,0.04391505935852191
meta-llama/Llama-3.2-3B-Instruct,10,52,0.146547174624093,0.8433207883858023,0.9898679630098952,False,0.15667921161419773
meta-llama/Llama-3.2-3B-Instruct,10,53,0.00854118493372391,0.9872267670479775,0.9957679519817014,False,0.012773232952022484
meta-llama/Llama-3.2-3B-Instruct,10,54,0.5235320888425882,0.4620154468072273,0.9855475356498155,False,0.5379845531927727
meta-llama/Llama-3.2-3B-Instruct,10,55,0.2204513407723588,0.7694507388649838,0.9899020796373427,False,0.23054926113501617
meta-llama/Llama-3.2-3B-Instruct,10,56,0.43193659766261217,0.554617569796421,0.9865541674590331,False,0.44538243020357904
meta-llama/Llama-3.2-3B-Instruct,10,57,0.025819869037028757,0.9688835134284741,0.9947033824655028,False,0.03111648657152588
meta-llama/Llama-3.2-3B-Instruct,10,58,0.6399055786673077,0.3425167843625297,0.9824223630298374,False,0.6574832156374704
meta-llama/Llama-3.2-3B-Instruct,10,59,0.01789264583811077,0.9769053401235495,0.9947979859616602,False,0.02309465987645054
meta-llama/Llama-3.2-3B-Instruct,10,60,0.9430135337217826,0.03656460533271652,0.9795781390544992,True,0.05698646627821735
meta-llama/Llama-3.2-3B-Instruct,10,61,0.05297182050619844,0.9389479569754761,0.9919197774816745,False,0.06105204302452394
meta-llama/Llama-3.2-3B-Instruct,10,62,0.4317437817146495,0.5543699892184941,0.9861137709331436,False,0.4456300107815059
meta-llama/Llama-3.2-3B-Instruct,10,63,0.09459837716178524,0.8975244331204639,0.9921228102822491,False,0.10247556687953607
meta-llama/Llama-3.2-3B-Instruct,10,64,0.26581714220233954,0.7225659073415336,0.9883830495438731,False,0.2774340926584664
meta-llama/Llama-3.2-3B-Instruct,10,65,0.05959048694563068,0.9321519677491374,0.9917424546947682,False,0.06784803225086256
meta-llama/Llama-3.2-3B-Instruct,10,66,0.6931002871885559,0.28892717694647463,0.9820274641350305,False,0.7110728230535254
meta-llama/Llama-3.2-3B-Instruct,10,67,0.00588638489743261,0.9899375440898132,0.9958239289872458,False,0.01006245591018684
meta-llama/Llama-3.2-3B-Instruct,10,68,0.3721710528191982,0.6136063311218729,0.9857773839410711,False,0.3863936688781271
meta-llama/Llama-3.2-3B-Instruct,10,69,0.24266490013747966,0.7474605140444763,0.990125414181956,False,0.25253948595552367
meta-llama/Llama-3.2-3B-Instruct,10,70,0.7834002855654432,0.19807460270106467,0.9814748882665079,True,0.21659971443455683
meta-llama/Llama-3.2-3B-Instruct,10,71,0.0040552076992657945,0.9922768179055983,0.9963320256048641,False,0.007723182094401704
meta-llama/Llama-3.2-3B-Instruct,10,72,0.7165426640317043,0.26360130696354866,0.980143970995253,False,0.7363986930364513
meta-llama/Llama-3.2-3B-Instruct,10,73,0.006667216095626253,0.9895025727604173,0.9961697888560436,False,0.01049742723958269
meta-llama/Llama-3.2-3B-Instruct,10,74,0.2660002026722859,0.7230634957415263,0.9890636984138121,False,0.2769365042584737
meta-llama/Llama-3.2-3B-Instruct,10,75,0.5536426280634893,0.431177312277556,0.9848199403410454,False,0.568822687722444
meta-llama/Llama-3.2-3B-Instruct,10,76,0.7194118147279137,0.26465680059946306,0.9840686153273768,False,0.7353431994005369
meta-llama/Llama-3.2-3B-Instruct,10,77,0.08446774960298878,0.9081139303757835,0.9925816799787722,False,0.09188606962421653
meta-llama/Llama-3.2-3B-Instruct,10,78,0.2908363183708323,0.697680017143168,0.9885163355140003,False,0.30231998285683204
meta-llama/Llama-3.2-3B-Instruct,10,79,0.005205276846132714,0.9919501534515477,0.9971554302976804,False,0.00804984654845231
meta-llama/Llama-3.2-3B-Instruct,10,80,0.9384705304188203,0.04123352078188589,0.9797040512007062,True,0.06152946958117966
meta-llama/Llama-3.2-3B-Instruct,10,81,0.18042286472053176,0.8085991326608248,0.9890219973813565,False,0.19140086733917516
meta-llama/Llama-3.2-3B-Instruct,10,82,0.5533140158906913,0.43092138886005416,0.9842354047507454,False,0.5690786111399458
meta-llama/Llama-3.2-3B-Instruct,10,83,0.006663837487481626,0.989001165894692,0.9956650033821737,False,0.010998834105307997
meta-llama/Llama-3.2-3B-Instruct,10,84,0.5835879256041258,0.40109372449957914,0.9846816501037049,False,0.5989062755004209
meta-llama/Llama-3.2-3B-Instruct,10,85,0.06699948125087583,0.9248993782660979,0.9918988595169738,False,0.07510062173390208
meta-llama/Llama-3.2-3B-Instruct,10,86,0.5228615810772456,0.4614237257811535,0.984285306858399,False,0.5385762742188465
meta-llama/Llama-3.2-3B-Instruct,10,87,0.05959669593750071,0.9322492385763969,0.9918459345138976,False,0.06775076142360315
meta-llama/Llama-3.2-3B-Instruct,10,88,0.7845924917103573,0.19837605438755265,0.98296854609791,False,0.8016239456124473
meta-llama/Llama-3.2-3B-Instruct,10,89,0.0027923432615666217,0.994142827931048,0.9969351711926147,False,0.005857172068951977
meta-llama/Llama-3.2-3B-Instruct,10,90,0.9273801650935031,0.052319204868866466,0.9796993699623695,True,0.07261983490649693
meta-llama/Llama-3.2-3B-Instruct,10,91,0.013989052375806145,0.9807084038815599,0.994697456257366,False,0.019291596118440113
meta-llama/Llama-3.2-3B-Instruct,10,92,0.69218442750024,0.28854538983843925,0.9807298173386793,False,0.7114546101615608
meta-llama/Llama-3.2-3B-Instruct,10,93,0.04178871563562746,0.9511068123052925,0.99289552794092,False,0.04889318769470752
meta-llama/Llama-3.2-3B-Instruct,10,94,0.6129639564366862,0.37178143287760923,0.9847453893142954,False,0.6282185671223908
meta-llama/Llama-3.2-3B-Instruct,10,95,0.22062646035590247,0.7700619891833224,0.9906884495392249,False,0.22993801081667764
meta-llama/Llama-3.2-3B-Instruct,10,96,0.786171286468179,0.19877523622787552,0.9849465226960545,False,0.8012247637721245
meta-llama/Llama-3.2-3B-Instruct,10,97,0.0066728869774570765,0.9903441361248897,0.9970170231023467,False,0.009655863875110304
meta-llama/Llama-3.2-3B-Instruct,10,98,0.7642709378551128,0.21896728979632604,0.9832382276514389,False,0.7810327102036739
meta-llama/Llama-3.2-3B-Instruct,10,99,0.7668373591509109,0.21970258835598364,0.9865399475068946,False,0.7802974116440163
meta-llama/Llama-3.2-3B-Instruct,10,100,0.9568959223795975,0.022504033771829815,0.9793999561514274,True,0.04310407762040247
meta-llama/Llama-3.2-3B-Instruct,10,101,0.11781460591583098,0.8705386545532576,0.9883532604690886,False,0.12946134544674237
meta-llama/Llama-3.2-3B-Instruct,10,102,0.7794062905945499,0.1970647832275788,0.9764710738221287,False,0.8029352167724212
meta-llama/Llama-3.2-3B-Instruct,10,103,0.14653845746086597,0.8432705994420512,0.9898090569029172,False,0.15672940055794882
meta-llama/Llama-3.2-3B-Instruct,10,104,0.6675498847011136,0.3153282284214132,0.9828781131225268,False,0.6846717715785868
meta-llama/Llama-3.2-3B-Instruct,10,105,0.24249072986787182,0.7469240095853792,0.989414739453251,False,0.2530759904146208
meta-llama/Llama-3.2-3B-Instruct,10,106,0.3433276700457417,0.641420531637581,0.9847482016833227,False,0.35857946836241905
meta-llama/Llama-3.2-3B-Instruct,10,107,0.020222031141520175,0.9743519400260875,0.9945739711676077,False,0.025648059973912507
meta-llama/Llama-3.2-3B-Instruct,10,108,0.8195664891604179,0.16138221272658015,0.980948701886998,False,0.8386177872734198
meta-llama/Llama-3.2-3B-Instruct,10,109,0.022855172844630785,0.9718267148555195,0.9946818877001503,False,0.028173285144480475
meta-llama/Llama-3.2-3B-Instruct,10,110,0.6677854576792889,0.31543951461454645,0.9832249722938353,True,0.3322145423207111
meta-llama/Llama-3.2-3B-Instruct,10,111,0.2901587480090327,0.6960546104392042,0.9862133584482369,False,0.30394538956079575
meta-llama/Llama-3.2-3B-Instruct,10,112,0.31595483735592517,0.6688764158654188,0.9848312532213439,False,0.3311235841345812
meta-llama/Llama-3.2-3B-Instruct,10,113,0.0066635038514742465,0.9889514961087168,0.9956149999601911,False,0.011048503891283201
meta-llama/Llama-3.2-3B-Instruct,10,114,0.6132358225528022,0.37194633909723507,0.9851821616500372,False,0.6280536609027649
meta-llama/Llama-3.2-3B-Instruct,10,115,0.16312429983996443,0.8284135127009764,0.9915378125409409,False,0.1715864872990236
meta-llama/Llama-3.2-3B-Instruct,10,116,0.40196241801331256,0.5848518672085424,0.986814285221855,False,0.41514813279145757
meta-llama/Llama-3.2-3B-Instruct,10,117,0.07533584582881968,0.9177785620518952,0.9931144078807149,False,0.08222143794810477
meta-llama/Llama-3.2-3B-Instruct,10,118,0.5524742552501802,0.4302673826156316,0.9827416378658118,False,0.5697326173843684
meta-llama/Llama-3.2-3B-Instruct,10,119,0.07536205616512245,0.9180978830225054,0.9934599391876279,False,0.08190211697749461
meta-llama/Llama-3.2-3B-Instruct,10,120,0.9472863426470293,0.03241435433642821,0.9797006969834575,True,0.05271365735297073
meta-llama/Llama-3.2-3B-Instruct,10,121,0.10572688901654198,0.8852404958118889,0.9909673848284308,False,0.1147595041881111
meta-llama/Llama-3.2-3B-Instruct,10,122,0.5828712129792843,0.40060113559655147,0.9834723485758359,False,0.5993988644034485
meta-llama/Llama-3.2-3B-Instruct,10,123,0.03703737038682396,0.955206258045704,0.992243628432528,False,0.044793741954295974
meta-llama/Llama-3.2-3B-Instruct,10,124,0.521568900106366,0.4602829388283223,0.9818518389346883,False,0.5397170611716777
meta-llama/Llama-3.2-3B-Instruct,10,125,0.19934902856966846,0.7884406556379983,0.9877896842076668,False,0.21155934436200174
meta-llama/Llama-3.2-3B-Instruct,10,126,0.5536731536017485,0.43120108559065595,0.9848742391924045,False,0.568798914409344
meta-llama/Llama-3.2-3B-Instruct,10,127,0.014007134436507666,0.9819759372959339,0.9959830717324416,False,0.01802406270406609
meta-llama/Llama-3.2-3B-Instruct,10,128,0.041719200449874386,0.9495246716092686,0.991243872059143,False,0.05047532839073143
meta-llama/Llama-3.2-3B-Instruct,10,129,0.0945941596558082,0.8974843917898515,0.9920785514456597,False,0.10251560821014849
meta-llama/Llama-3.2-3B-Instruct,10,130,0.641181093327749,0.3431995079539789,0.9843806012817279,True,0.358818906672251
meta-llama/Llama-3.2-3B-Instruct,10,131,0.10571912546716267,0.8851753868808762,0.9908945123480388,False,0.11482461311912384
meta-llama/Llama-3.2-3B-Instruct,10,132,0.3719069899090934,0.6131709649851802,0.9850779548942736,False,0.3868290350148198
meta-llama/Llama-3.2-3B-Instruct,10,133,0.19947390130076692,0.7889345721087786,0.9884084734095455,False,0.2110654278912214
meta-llama/Llama-3.2-3B-Instruct,10,134,0.2904899249187627,0.6968490832662557,0.9873390081850184,False,0.3031509167337443
meta-llama/Llama-3.2-3B-Instruct,10,135,0.19962224316167249,0.7895212520115711,0.9891434951732436,False,0.21047874798842892
meta-llama/Llama-3.2-3B-Instruct,10,136,0.40178259933110283,0.5845902325697393,0.9863728319008421,False,0.4154097674302607
meta-llama/Llama-3.2-3B-Instruct,10,137,0.009662498675289203,0.9856017176159364,0.9952642162912256,False,0.014398282384063599
meta-llama/Llama-3.2-3B-Instruct,10,138,0.34403263830022834,0.6427375857291435,0.9867702240293719,False,0.3572624142708565
meta-llama/Llama-3.2-3B-Instruct,10,139,0.05303845756000033,0.9401290569360419,0.9931675144960422,False,0.059870943063958126
meta-llama/Llama-3.2-3B-Instruct,10,140,0.7626601365560058,0.21850578098536347,0.9811659175413693,True,0.23733986344399416
meta-llama/Llama-3.2-3B-Instruct,10,141,0.31701661655212654,0.6711241825073457,0.9881407990594723,False,0.32887581749265427
meta-llama/Llama-3.2-3B-Instruct,10,142,0.4617266056401823,0.5232047889209691,0.9849313945611514,False,0.4767952110790309
meta-llama/Llama-3.2-3B-Instruct,10,143,0.05298629585188046,0.9392044686331594,0.9921907644850398,False,0.06079553136684057
meta-llama/Llama-3.2-3B-Instruct,10,144,0.31666297376728075,0.6703755207259523,0.9870384944932331,False,0.3296244792740477
meta-llama/Llama-3.2-3B-Instruct,10,145,0.03705892282440796,0.955762173880606,0.992821096705014,False,0.044237826119393975
meta-llama/Llama-3.2-3B-Instruct,10,146,0.16283335677697033,0.8269360559110239,0.9897694126879942,False,0.17306394408897607
meta-llama/Llama-3.2-3B-Instruct,10,147,0.10573553545842536,0.8853129047831572,0.9910484402415826,False,0.11468709521684284
meta-llama/Llama-3.2-3B-Instruct,10,148,0.4320682540939545,0.5547866200005349,0.9868548740944894,False,0.4452133799994651
meta-llama/Llama-3.2-3B-Instruct,10,149,0.10567988793692042,0.8848468221042526,0.990526710041173,False,0.11515317789574742
meta-llama/Llama-3.2-3B-Instruct,10,150,0.9055603942984103,0.0743329314733708,0.9798933257717811,True,0.09443960570158971
meta-llama/Llama-3.2-3B-Instruct,10,151,0.03283863316710321,0.9596856025903377,0.992524235757441,False,0.04031439740966225
meta-llama/Llama-3.2-3B-Instruct,10,152,0.43071007951018736,0.5530426893146786,0.983752768824866,False,0.4469573106853214
meta-llama/Llama-3.2-3B-Instruct,10,153,0.16248857090604157,0.8251850887020742,0.9876736596081157,False,0.1748149112979258
meta-llama/Llama-3.2-3B-Instruct,10,154,0.3437342012843416,0.6421800511191217,0.9859142524034633,False,0.3578199488808783
meta-llama/Llama-3.2-3B-Instruct,10,155,0.5538889924149676,0.4313691810274082,0.9852581734423758,False,0.5686308189725918
meta-llama/Llama-3.2-3B-Instruct,10,156,0.5538153752923071,0.4313118479546327,0.9851272232469397,False,0.5686881520453673
meta-llama/Llama-3.2-3B-Instruct,10,157,0.08447910858267565,0.9082360441547507,0.9927151527374263,False,0.09176395584524932
meta-llama/Llama-3.2-3B-Instruct,10,158,0.4317988558473863,0.5544407058047303,0.9862395616521166,False,0.44555929419526974
meta-llama/Llama-3.2-3B-Instruct,10,159,0.24268804356930238,0.7475318453894872,0.9902198889587897,False,0.25246815461051275
meta-llama/Llama-3.2-3B-Instruct,10,160,0.742622243024663,0.2410941291428185,0.9837163721674814,True,0.25737775697533705
meta-llama/Llama-3.2-3B-Instruct,10,161,0.09445706916077988,0.8961836666574163,0.9906407358181962,False,0.10381633334258367
meta-llama/Llama-3.2-3B-Instruct,10,162,0.4622176219063663,0.5237611832434261,0.9859788051497924,False,0.47623881675657387
meta-llama/Llama-3.2-3B-Instruct,10,163,0.11800455754342817,0.8719423865685545,0.9899469441119827,False,0.1280576134314455
meta-llama/Llama-3.2-3B-Instruct,10,164,0.46190197554720475,0.5234035090598261,0.9853054846070308,False,0.47659649094017387
meta-llama/Llama-3.2-3B-Instruct,10,165,0.37317964171825263,0.615269213093136,0.9884488548113886,False,0.384730786906864
meta-llama/Llama-3.2-3B-Instruct,10,166,0.5222280695074706,0.46086465378307556,0.9830927232905462,False,0.5391353462169244
meta-llama/Llama-3.2-3B-Instruct,10,167,0.02912532069897395,0.9644980505973159,0.9936233712962899,False,0.03550194940268414
meta-llama/Llama-3.2-3B-Instruct,10,168,0.46151790565387685,0.5229683008543321,0.984486206508209,False,0.4770316991456679
meta-llama/Llama-3.2-3B-Instruct,10,169,0.08430639169940853,0.9063790613003543,0.9906854529997629,False,0.09362093869964572
meta-llama/Llama-3.2-3B-Instruct,10,170,0.5829703051052237,0.4006692405523223,0.983639545657546,True,0.41702969489477626
meta-llama/Llama-3.2-3B-Instruct,10,171,0.3438758035938828,0.6424445607766882,0.986320364370571,False,0.3575554392233118
meta-llama/Llama-3.2-3B-Instruct,10,172,0.5215666928680763,0.4602809909473683,0.9818476838154446,False,0.5397190090526317
meta-llama/Llama-3.2-3B-Instruct,10,173,0.037055574307658344,0.9556758287399552,0.9927314030476135,False,0.04432417126004484
meta-llama/Llama-3.2-3B-Instruct,10,174,0.582986914760576,0.40068065619037024,0.9836675709509461,False,0.5993193438096298
meta-llama/Llama-3.2-3B-Instruct,10,175,0.4019767216876037,0.5848726789318335,0.9868494006194372,False,0.4151273210681665
meta-llama/Llama-3.2-3B-Instruct,10,176,0.5227866969961228,0.4613576408115098,0.9841443378076327,False,0.5386423591884901
meta-llama/Llama-3.2-3B-Instruct,10,177,0.16286094249787678,0.8270761231187025,0.9899370656165792,False,0.1729238768812975
meta-llama/Llama-3.2-3B-Instruct,10,178,0.4921800354765158,0.4921800354765158,0.9843600709530316,False,0.5078199645234842
meta-llama/Llama-3.2-3B-Instruct,10,179,0.059614530849860646,0.9325282235638377,0.9921427544136984,False,0.06747177643616231
meta-llama/Llama-3.2-3B-Instruct,10,180,0.8968141854934703,0.08341672021708504,0.9802309057105553,True,0.10318581450652975
meta-llama/Llama-3.2-3B-Instruct,10,181,0.1463331863899023,0.8420893710839957,0.9884225574738981,False,0.15791062891600427
meta-llama/Llama-3.2-3B-Instruct,10,182,0.4614862443288926,0.5229324238729042,0.9844186682017968,False,0.4770675761270958
meta-llama/Llama-3.2-3B-Instruct,10,183,0.0752402078986198,0.9166134534493329,0.9918536613479527,False,0.08338654655066713
meta-llama/Llama-3.2-3B-Instruct,10,184,0.5530823792901199,0.43074099009414113,0.9838233693842611,False,0.5692590099058589
meta-llama/Llama-3.2-3B-Instruct,10,185,0.26555609901723587,0.7218563399080182,0.9874124389252541,False,0.27814366009198177
meta-llama/Llama-3.2-3B-Instruct,10,186,0.5534152080446688,0.4310001973888125,0.9844154054334813,False,0.5689998026111875
meta-llama/Llama-3.2-3B-Instruct,10,187,0.18076003895695641,0.8101103150904428,0.9908703540473993,False,0.18988968490955715
meta-llama/Llama-3.2-3B-Instruct,10,188,0.6944345219801489,0.28948337736712443,0.9839178993472733,False,0.7105166226328756
meta-llama/Llama-3.2-3B-Instruct,10,189,0.3729717698277471,0.6149264719594416,0.9878982417871887,False,0.3850735280405584
meta-llama/Llama-3.2-3B-Instruct,10,190,0.7815925037042551,0.19761752388641174,0.9792100275906669,True,0.21840749629574485
meta-llama/Llama-3.2-3B-Instruct,10,191,0.10552806492452162,0.883575649984003,0.9891037149085246,False,0.11642435001599705
meta-llama/Llama-3.2-3B-Instruct,10,192,0.46017568047314644,0.52144736046712,0.9816230409402664,False,0.47855263953287996
meta-llama/Llama-3.2-3B-Instruct,10,193,0.2415940444270408,0.7441620905979383,0.985756135024979,False,0.25583790940206175
meta-llama/Llama-3.2-3B-Instruct,10,194,0.6118693814281722,0.3711175395755902,0.9829869210037623,False,0.6288824604244099
meta-llama/Llama-3.2-3B-Instruct,10,195,0.523066718033466,0.46160475850962374,0.9846714765430897,False,0.5383952414903763
meta-llama/Llama-3.2-3B-Instruct,10,196,0.5827052054108707,0.4004870403745826,0.9831922457854533,False,0.5995129596254174
meta-llama/Llama-3.2-3B-Instruct,10,197,0.3441418292659576,0.6429415813094553,0.9870834105754129,False,0.35705841869054467
meta-llama/Llama-3.2-3B-Instruct,10,198,0.6128001531502927,0.3716820811622498,0.9844822343125426,False,0.6283179188377501
meta-llama/Llama-3.2-3B-Instruct,10,199,0.24228482500282925,0.7462898224520409,0.9885746474548701,False,0.2537101775479591
meta-llama/Llama-3.2-3B-Instruct,10,200,0.8499687882510605,0.13034692951450344,0.9803157177655639,True,0.15003121174893952
Qwen/Qwen3-4B-instruct-2507,1,1,0.9999997615814777,6.023573837886479e-08,0.9999998218172161,True,2.3841852225814364e-07
Qwen/Qwen3-4B-instruct-2507,1,2,0.9999998807907247,2.510999155743982e-08,0.9999999059007162,True,1.1920927533992653e-07
Qwen/Qwen3-4B-instruct-2507,1,3,0.9999998807907247,1.9555681087850496e-08,0.9999999003464057,True,1.1920927533992653e-07
Qwen/Qwen3-4B-instruct-2507,1,4,0.9999998807907247,1.3440409951135022e-08,0.9999998942311346,True,1.1920927533992653e-07
Qwen/Qwen3-4B-instruct-2507,1,5,0.9999998807907247,1.7257827987960214e-08,0.9999998980485526,True,1.1920927533992653e-07
Qwen/Qwen3-4B-instruct-2507,1,6,0.9999998807907247,1.186112015134383e-08,0.9999998926518449,True,1.1920927533992653e-07
Qwen/Qwen3-4B-instruct-2507,1,7,0.9999998807907247,1.7257827987960214e-08,0.9999998980485526,True,1.1920927533992653e-07
Qwen/Qwen3-4B-instruct-2507,1,8,0.9999998807907247,2.215948977336598e-08,0.9999999029502145,True,1.1920927533992653e-07
Qwen/Qwen3-4B-instruct-2507,1,9,0.9999998807907247,1.3440409951135022e-08,0.9999998942311346,True,1.1920927533992653e-07
Qwen/Qwen3-4B-instruct-2507,1,10,0.9999998807907247,1.7257827987960214e-08,0.9999998980485526,True,1.1920927533992653e-07
Qwen/Qwen3-4B-instruct-2507,1,11,0.9999998807907247,1.3440409951135022e-08,0.9999998942311346,True,1.1920927533992653e-07
Qwen/Qwen3-4B-instruct-2507,1,12,0.9999998807907247,1.522997974471263e-08,0.9999998960207044,True,1.1920927533992653e-07
Qwen/Qwen3-4B-instruct-2507,1,13,0.9999998807907247,1.522997974471263e-08,0.9999998960207044,True,1.1920927533992653e-07
Qwen/Qwen3-4B-instruct-2507,1,14,0.9999998807907247,1.522997974471263e-08,0.9999998960207044,True,1.1920927533992653e-07
Qwen/Qwen3-4B-instruct-2507,1,15,0.9999998807907247,1.3440409951135022e-08,0.9999998942311346,True,1.1920927533992653e-07
Qwen/Qwen3-4B-instruct-2507,1,16,0.9999998807907247,1.522997974471263e-08,0.9999998960207044,True,1.1920927533992653e-07
Qwen/Qwen3-4B-instruct-2507,1,17,0.9999998807907247,1.3440409951135022e-08,0.9999998942311346,True,1.1920927533992653e-07
Qwen/Qwen3-4B-instruct-2507,1,18,0.9999998807907247,1.3440409951135022e-08,0.9999998942311346,True,1.1920927533992653e-07
Qwen/Qwen3-4B-instruct-2507,1,19,0.9999998807907247,1.3440409951135022e-08,0.9999998942311346,True,1.1920927533992653e-07
Qwen/Qwen3-4B-instruct-2507,1,20,0.9999998807907247,1.3440409951135022e-08,0.9999998942311346,True,1.1920927533992653e-07
Qwen/Qwen3-4B-instruct-2507,1,21,0.9999998807907247,9.237449661970594e-09,0.9999998900281744,True,1.1920927533992653e-07
Qwen/Qwen3-4B-instruct-2507,1,22,0.9999998807907247,1.0467401794744658e-08,0.9999998912581265,True,1.1920927533992653e-07
Qwen/Qwen3-4B-instruct-2507,1,23,0.9999998807907247,1.3440409951135022e-08,0.9999998942311346,True,1.1920927533992653e-07
Qwen/Qwen3-4B-instruct-2507,1,24,0.9999998807907247,1.0467401794744658e-08,0.9999998912581265,True,1.1920927533992653e-07
Qwen/Qwen3-4B-instruct-2507,1,25,0.9999998807907247,1.3440409951135022e-08,0.9999998942311346,True,1.1920927533992653e-07
Qwen/Qwen3-4B-instruct-2507,1,26,0.9999998807907247,1.186112015134383e-08,0.9999998926518449,True,1.1920927533992653e-07
Qwen/Qwen3-4B-instruct-2507,1,27,0.9999998807907247,1.3440409951135022e-08,0.9999998942311346,True,1.1920927533992653e-07
Qwen/Qwen3-4B-instruct-2507,1,28,0.9999998807907247,1.0467401794744658e-08,0.9999998912581265,True,1.1920927533992653e-07
Qwen/Qwen3-4B-instruct-2507,1,29,0.9999998807907247,1.186112015134383e-08,0.9999998926518449,True,1.1920927533992653e-07
Qwen/Qwen3-4B-instruct-2507,1,30,0.9999998807907247,1.186112015134383e-08,0.9999998926518449,True,1.1920927533992653e-07
Qwen/Qwen3-4B-instruct-2507,1,31,0.9999998807907247,1.186112015134383e-08,0.9999998926518449,True,1.1920927533992653e-07
Qwen/Qwen3-4B-instruct-2507,1,32,0.9999998807907247,1.186112015134383e-08,0.9999998926518449,True,1.1920927533992653e-07
Qwen/Qwen3-4B-instruct-2507,1,33,0.9999998807907247,1.186112015134383e-08,0.9999998926518449,True,1.1920927533992653e-07
Qwen/Qwen3-4B-instruct-2507,1,34,0.9999998807907247,1.0467401794744658e-08,0.9999998912581265,True,1.1920927533992653e-07
Qwen/Qwen3-4B-instruct-2507,1,35,0.9999998807907247,9.237449661970594e-09,0.9999998900281744,True,1.1920927533992653e-07
Qwen/Qwen3-4B-instruct-2507,1,36,0.9999998807907247,1.0467401794744658e-08,0.9999998912581265,True,1.1920927533992653e-07
Qwen/Qwen3-4B-instruct-2507,1,37,0.9999998807907247,1.186112015134383e-08,0.9999998926518449,True,1.1920927533992653e-07
Qwen/Qwen3-4B-instruct-2507,1,38,0.9999998807907247,1.0467401794744658e-08,0.9999998912581265,True,1.1920927533992653e-07
Qwen/Qwen3-4B-instruct-2507,1,39,0.9999998807907247,8.152020714470167e-09,0.9999998889427454,True,1.1920927533992653e-07
Qwen/Qwen3-4B-instruct-2507,1,40,0.9999998807907247,1.0467401794744658e-08,0.9999998912581265,True,1.1920927533992653e-07
Qwen/Qwen3-4B-instruct-2507,1,41,0.9999998807907247,9.237449661970594e-09,0.9999998900281744,True,1.1920927533992653e-07
Qwen/Qwen3-4B-instruct-2507,1,42,0.9999998807907247,7.194133030325383e-09,0.9999998879848577,True,1.1920927533992653e-07
Qwen/Qwen3-4B-instruct-2507,1,43,0.9999998807907247,9.237449661970594e-09,0.9999998900281744,True,1.1920927533992653e-07
Qwen/Qwen3-4B-instruct-2507,1,44,0.9999998807907247,7.194133030325383e-09,0.9999998879848577,True,1.1920927533992653e-07
Qwen/Qwen3-4B-instruct-2507,1,45,0.9999998807907247,8.152020714470167e-09,0.9999998889427454,True,1.1920927533992653e-07
Qwen/Qwen3-4B-instruct-2507,1,46,0.9999998807907247,6.34880011604368e-09,0.9999998871395248,True,1.1920927533992653e-07
Qwen/Qwen3-4B-instruct-2507,1,47,0.9999998807907247,7.194133030325383e-09,0.9999998879848577,True,1.1920927533992653e-07
Qwen/Qwen3-4B-instruct-2507,1,48,0.9999998807907247,7.194133030325383e-09,0.9999998879848577,True,1.1920927533992653e-07
Qwen/Qwen3-4B-instruct-2507,1,49,0.9999998807907247,9.237449661970594e-09,0.9999998900281744,True,1.1920927533992653e-07
Qwen/Qwen3-4B-instruct-2507,1,50,0.9999998807907247,1.0467401794744658e-08,0.9999998912581265,True,1.1920927533992653e-07
Qwen/Qwen3-4B-instruct-2507,1,51,0.9999998807907247,9.237449661970594e-09,0.9999998900281744,True,1.1920927533992653e-07
Qwen/Qwen3-4B-instruct-2507,1,52,0.9999998807907247,8.152020714470167e-09,0.9999998889427454,True,1.1920927533992653e-07
Qwen/Qwen3-4B-instruct-2507,1,53,0.9999998807907247,9.237449661970594e-09,0.9999998900281744,True,1.1920927533992653e-07
Qwen/Qwen3-4B-instruct-2507,1,54,0.9999998807907247,9.237449661970594e-09,0.9999998900281744,True,1.1920927533992653e-07
Qwen/Qwen3-4B-instruct-2507,1,55,0.9999998807907247,8.152020714470167e-09,0.9999998889427454,True,1.1920927533992653e-07
Qwen/Qwen3-4B-instruct-2507,1,56,0.9999998807907247,9.237449661970594e-09,0.9999998900281744,True,1.1920927533992653e-07
Qwen/Qwen3-4B-instruct-2507,1,57,0.9999998807907247,8.152020714470167e-09,0.9999998889427454,True,1.1920927533992653e-07
Qwen/Qwen3-4B-instruct-2507,1,58,0.9999998807907247,9.237449661970594e-09,0.9999998900281744,True,1.1920927533992653e-07
Qwen/Qwen3-4B-instruct-2507,1,59,0.9999998807907247,9.237449661970594e-09,0.9999998900281744,True,1.1920927533992653e-07
Qwen/Qwen3-4B-instruct-2507,1,60,0.9999998807907247,9.237449661970594e-09,0.9999998900281744,True,1.1920927533992653e-07
Qwen/Qwen3-4B-instruct-2507,1,61,0.9999998807907247,1.0467401794744658e-08,0.9999998912581265,True,1.1920927533992653e-07
Qwen/Qwen3-4B-instruct-2507,1,62,0.9999998807907247,1.0467401794744658e-08,0.9999998912581265,True,1.1920927533992653e-07
Qwen/Qwen3-4B-instruct-2507,1,63,0.9999998807907247,9.237449661970594e-09,0.9999998900281744,True,1.1920927533992653e-07
Qwen/Qwen3-4B-instruct-2507,1,64,0.9999998807907247,9.237449661970594e-09,0.9999998900281744,True,1.1920927533992653e-07
Qwen/Qwen3-4B-instruct-2507,1,65,0.9999998807907247,1.186112015134383e-08,0.9999998926518449,True,1.1920927533992653e-07
Qwen/Qwen3-4B-instruct-2507,1,66,0.9999998807907247,8.152020714470167e-09,0.9999998889427454,True,1.1920927533992653e-07
Qwen/Qwen3-4B-instruct-2507,1,67,0.9999998807907247,1.0467401794744658e-08,0.9999998912581265,True,1.1920927533992653e-07
Qwen/Qwen3-4B-instruct-2507,1,68,0.9999998807907247,1.0467401794744658e-08,0.9999998912581265,True,1.1920927533992653e-07
Qwen/Qwen3-4B-instruct-2507,1,69,0.9999998807907247,1.0467401794744658e-08,0.9999998912581265,True,1.1920927533992653e-07
Qwen/Qwen3-4B-instruct-2507,1,70,0.9999998807907247,1.0467401794744658e-08,0.9999998912581265,True,1.1920927533992653e-07
Qwen/Qwen3-4B-instruct-2507,1,71,0.9999998807907247,1.186112015134383e-08,0.9999998926518449,True,1.1920927533992653e-07
Qwen/Qwen3-4B-instruct-2507,1,72,0.9999998807907247,1.0467401794744658e-08,0.9999998912581265,True,1.1920927533992653e-07
Qwen/Qwen3-4B-instruct-2507,1,73,0.9999998807907247,1.186112015134383e-08,0.9999998926518449,True,1.1920927533992653e-07
Qwen/Qwen3-4B-instruct-2507,1,74,0.9999998807907247,9.237449661970594e-09,0.9999998900281744,True,1.1920927533992653e-07
Qwen/Qwen3-4B-instruct-2507,1,75,0.9999998807907247,1.3440409951135022e-08,0.9999998942311346,True,1.1920927533992653e-07
Qwen/Qwen3-4B-instruct-2507,1,76,0.9999998807907247,1.186112015134383e-08,0.9999998926518449,True,1.1920927533992653e-07
Qwen/Qwen3-4B-instruct-2507,1,77,0.9999998807907247,9.237449661970594e-09,0.9999998900281744,True,1.1920927533992653e-07
Qwen/Qwen3-4B-instruct-2507,1,78,0.9999998807907247,1.186112015134383e-08,0.9999998926518449,True,1.1920927533992653e-07
Qwen/Qwen3-4B-instruct-2507,1,79,0.9999998807907247,1.3440409951135022e-08,0.9999998942311346,True,1.1920927533992653e-07
Qwen/Qwen3-4B-instruct-2507,1,80,0.9999998807907247,1.186112015134383e-08,0.9999998926518449,True,1.1920927533992653e-07
Qwen/Qwen3-4B-instruct-2507,1,81,0.9999998807907247,1.9555681087850496e-08,0.9999999003464057,True,1.1920927533992653e-07
Qwen/Qwen3-4B-instruct-2507,1,82,0.9999998807907247,1.522997974471263e-08,0.9999998960207044,True,1.1920927533992653e-07
Qwen/Qwen3-4B-instruct-2507,1,83,0.9999998807907247,1.7257827987960214e-08,0.9999998980485526,True,1.1920927533992653e-07
Qwen/Qwen3-4B-instruct-2507,1,84,0.9999998807907247,1.186112015134383e-08,0.9999998926518449,True,1.1920927533992653e-07
Qwen/Qwen3-4B-instruct-2507,1,85,0.9999998807907247,1.3440409951135022e-08,0.9999998942311346,True,1.1920927533992653e-07
Qwen/Qwen3-4B-instruct-2507,1,86,0.9999998807907247,1.522997974471263e-08,0.9999998960207044,True,1.1920927533992653e-07
Qwen/Qwen3-4B-instruct-2507,1,87,0.9999998807907247,1.0467401794744658e-08,0.9999998912581265,True,1.1920927533992653e-07
Qwen/Qwen3-4B-instruct-2507,1,88,0.9999998807907247,1.186112015134383e-08,0.9999998926518449,True,1.1920927533992653e-07
Qwen/Qwen3-4B-instruct-2507,1,89,0.9999998807907247,1.186112015134383e-08,0.9999998926518449,True,1.1920927533992653e-07
Qwen/Qwen3-4B-instruct-2507,1,90,0.9999998807907247,1.186112015134383e-08,0.9999998926518449,True,1.1920927533992653e-07
Qwen/Qwen3-4B-instruct-2507,1,91,0.9999998807907247,1.0467401794744658e-08,0.9999998912581265,True,1.1920927533992653e-07
Qwen/Qwen3-4B-instruct-2507,1,92,0.9999998807907247,1.0467401794744658e-08,0.9999998912581265,True,1.1920927533992653e-07
Qwen/Qwen3-4B-instruct-2507,1,93,0.9999998807907247,7.194133030325383e-09,0.9999998879848577,True,1.1920927533992653e-07
Qwen/Qwen3-4B-instruct-2507,1,94,0.9999998807907247,9.237449661970594e-09,0.9999998900281744,True,1.1920927533992653e-07
Qwen/Qwen3-4B-instruct-2507,1,95,0.9999998807907247,9.237449661970594e-09,0.9999998900281744,True,1.1920927533992653e-07
Qwen/Qwen3-4B-instruct-2507,1,96,0.9999998807907247,9.237449661970594e-09,0.9999998900281744,True,1.1920927533992653e-07
Qwen/Qwen3-4B-instruct-2507,1,97,0.9999998807907247,9.237449661970594e-09,0.9999998900281744,True,1.1920927533992653e-07
Qwen/Qwen3-4B-instruct-2507,1,98,0.9999998807907247,8.152020714470167e-09,0.9999998889427454,True,1.1920927533992653e-07
Qwen/Qwen3-4B-instruct-2507,1,99,0.9999998807907247,9.237449661970594e-09,0.9999998900281744,True,1.1920927533992653e-07
Qwen/Qwen3-4B-instruct-2507,1,100,0.9999998807907247,1.522997974471263e-08,0.9999998960207044,True,1.1920927533992653e-07
Qwen/Qwen3-4B-instruct-2507,1,101,0.9999998807907247,1.522997974471263e-08,0.9999998960207044,True,1.1920927533992653e-07
Qwen/Qwen3-4B-instruct-2507,1,102,0.9999998807907247,1.522997974471263e-08,0.9999998960207044,True,1.1920927533992653e-07
Qwen/Qwen3-4B-instruct-2507,1,103,0.9999998807907247,1.3440409951135022e-08,0.9999998942311346,True,1.1920927533992653e-07
Qwen/Qwen3-4B-instruct-2507,1,104,0.9999998807907247,1.186112015134383e-08,0.9999998926518449,True,1.1920927533992653e-07
Qwen/Qwen3-4B-instruct-2507,1,105,0.9999998807907247,1.3440409951135022e-08,0.9999998942311346,True,1.1920927533992653e-07
Qwen/Qwen3-4B-instruct-2507,1,106,0.9999998807907247,1.522997974471263e-08,0.9999998960207044,True,1.1920927533992653e-07
Qwen/Qwen3-4B-instruct-2507,1,107,0.9999998807907247,1.3440409951135022e-08,0.9999998942311346,True,1.1920927533992653e-07
Qwen/Qwen3-4B-instruct-2507,1,108,0.9999998807907247,1.3440409951135022e-08,0.9999998942311346,True,1.1920927533992653e-07
Qwen/Qwen3-4B-instruct-2507,1,109,0.9999998807907247,1.522997974471263e-08,0.9999998960207044,True,1.1920927533992653e-07
Qwen/Qwen3-4B-instruct-2507,1,110,0.9999998807907247,1.0467401794744658e-08,0.9999998912581265,True,1.1920927533992653e-07
Qwen/Qwen3-4B-instruct-2507,1,111,0.9999998807907247,1.3440409951135022e-08,0.9999998942311346,True,1.1920927533992653e-07
Qwen/Qwen3-4B-instruct-2507,1,112,0.9999998807907247,1.0467401794744658e-08,0.9999998912581265,True,1.1920927533992653e-07
Qwen/Qwen3-4B-instruct-2507,1,113,0.9999998807907247,1.186112015134383e-08,0.9999998926518449,True,1.1920927533992653e-07
Qwen/Qwen3-4B-instruct-2507,1,114,0.9999998807907247,1.186112015134383e-08,0.9999998926518449,True,1.1920927533992653e-07
Qwen/Qwen3-4B-instruct-2507,1,115,0.9999998807907247,1.186112015134383e-08,0.9999998926518449,True,1.1920927533992653e-07
Qwen/Qwen3-4B-instruct-2507,1,116,0.9999998807907247,9.237449661970594e-09,0.9999998900281744,True,1.1920927533992653e-07
Qwen/Qwen3-4B-instruct-2507,1,117,0.9999998807907247,1.186112015134383e-08,0.9999998926518449,True,1.1920927533992653e-07
Qwen/Qwen3-4B-instruct-2507,1,118,0.9999998807907247,1.186112015134383e-08,0.9999998926518449,True,1.1920927533992653e-07
Qwen/Qwen3-4B-instruct-2507,1,119,0.9999998807907247,1.186112015134383e-08,0.9999998926518449,True,1.1920927533992653e-07
Qwen/Qwen3-4B-instruct-2507,1,120,0.9999998807907247,1.186112015134383e-08,0.9999998926518449,True,1.1920927533992653e-07
Qwen/Qwen3-4B-instruct-2507,1,121,0.9999998807907247,1.7257827987960214e-08,0.9999998980485526,True,1.1920927533992653e-07
Qwen/Qwen3-4B-instruct-2507,1,122,0.9999998807907247,9.237449661970594e-09,0.9999998900281744,True,1.1920927533992653e-07
Qwen/Qwen3-4B-instruct-2507,1,123,0.9999998807907247,1.186112015134383e-08,0.9999998926518449,True,1.1920927533992653e-07
Qwen/Qwen3-4B-instruct-2507,1,124,0.9999998807907247,1.3440409951135022e-08,0.9999998942311346,True,1.1920927533992653e-07
Qwen/Qwen3-4B-instruct-2507,1,125,0.9999998807907247,1.3440409951135022e-08,0.9999998942311346,True,1.1920927533992653e-07
Qwen/Qwen3-4B-instruct-2507,1,126,0.9999998807907247,1.3440409951135022e-08,0.9999998942311346,True,1.1920927533992653e-07
Qwen/Qwen3-4B-instruct-2507,1,127,0.9999998807907247,1.3440409951135022e-08,0.9999998942311346,True,1.1920927533992653e-07
Qwen/Qwen3-4B-instruct-2507,1,128,0.9999998807907247,1.3440409951135022e-08,0.9999998942311346,True,1.1920927533992653e-07
Qwen/Qwen3-4B-instruct-2507,1,129,0.9999998807907247,1.3440409951135022e-08,0.9999998942311346,True,1.1920927533992653e-07
Qwen/Qwen3-4B-instruct-2507,1,130,0.9999998807907247,1.522997974471263e-08,0.9999998960207044,True,1.1920927533992653e-07
Qwen/Qwen3-4B-instruct-2507,1,131,0.9999998807907247,1.3440409951135022e-08,0.9999998942311346,True,1.1920927533992653e-07
Qwen/Qwen3-4B-instruct-2507,1,132,0.9999998807907247,1.522997974471263e-08,0.9999998960207044,True,1.1920927533992653e-07
Qwen/Qwen3-4B-instruct-2507,1,133,0.9999998807907247,1.522997974471263e-08,0.9999998960207044,True,1.1920927533992653e-07
Qwen/Qwen3-4B-instruct-2507,1,134,0.9999998807907247,1.0467401794744658e-08,0.9999998912581265,True,1.1920927533992653e-07
Qwen/Qwen3-4B-instruct-2507,1,135,0.9999998807907247,1.522997974471263e-08,0.9999998960207044,True,1.1920927533992653e-07
Qwen/Qwen3-4B-instruct-2507,1,136,0.9999998807907247,1.3440409951135022e-08,0.9999998942311346,True,1.1920927533992653e-07
Qwen/Qwen3-4B-instruct-2507,1,137,0.9999998807907247,1.522997974471263e-08,0.9999998960207044,True,1.1920927533992653e-07
Qwen/Qwen3-4B-instruct-2507,1,138,0.9999998807907247,1.7257827987960214e-08,0.9999998980485526,True,1.1920927533992653e-07
Qwen/Qwen3-4B-instruct-2507,1,139,0.9999998807907247,1.3440409951135022e-08,0.9999998942311346,True,1.1920927533992653e-07
Qwen/Qwen3-4B-instruct-2507,1,140,0.9999998807907247,1.186112015134383e-08,0.9999998926518449,True,1.1920927533992653e-07
Qwen/Qwen3-4B-instruct-2507,1,141,0.9999998807907247,1.3440409951135022e-08,0.9999998942311346,True,1.1920927533992653e-07
Qwen/Qwen3-4B-instruct-2507,1,142,0.9999998807907247,1.186112015134383e-08,0.9999998926518449,True,1.1920927533992653e-07
Qwen/Qwen3-4B-instruct-2507,1,143,0.9999998807907247,1.0467401794744658e-08,0.9999998912581265,True,1.1920927533992653e-07
Qwen/Qwen3-4B-instruct-2507,1,144,0.9999998807907247,1.186112015134383e-08,0.9999998926518449,True,1.1920927533992653e-07
Qwen/Qwen3-4B-instruct-2507,1,145,0.9999998807907247,1.0467401794744658e-08,0.9999998912581265,True,1.1920927533992653e-07
Qwen/Qwen3-4B-instruct-2507,1,146,0.9999998807907247,8.152020714470167e-09,0.9999998889427454,True,1.1920927533992653e-07
Qwen/Qwen3-4B-instruct-2507,1,147,0.9999998807907247,9.237449661970594e-09,0.9999998900281744,True,1.1920927533992653e-07
Qwen/Qwen3-4B-instruct-2507,1,148,0.9999998807907247,9.237449661970594e-09,0.9999998900281744,True,1.1920927533992653e-07
Qwen/Qwen3-4B-instruct-2507,1,149,0.9999998807907247,9.237449661970594e-09,0.9999998900281744,True,1.1920927533992653e-07
Qwen/Qwen3-4B-instruct-2507,1,150,0.9999998807907247,1.3440409951135022e-08,0.9999998942311346,True,1.1920927533992653e-07
Qwen/Qwen3-4B-instruct-2507,1,151,0.9999998807907247,1.0467401794744658e-08,0.9999998912581265,True,1.1920927533992653e-07
Qwen/Qwen3-4B-instruct-2507,1,152,0.9999998807907247,1.3440409951135022e-08,0.9999998942311346,True,1.1920927533992653e-07
Qwen/Qwen3-4B-instruct-2507,1,153,0.9999998807907247,1.0467401794744658e-08,0.9999998912581265,True,1.1920927533992653e-07
Qwen/Qwen3-4B-instruct-2507,1,154,0.9999998807907247,8.152020714470167e-09,0.9999998889427454,True,1.1920927533992653e-07
Qwen/Qwen3-4B-instruct-2507,1,155,0.9999998807907247,9.237449661970594e-09,0.9999998900281744,True,1.1920927533992653e-07
Qwen/Qwen3-4B-instruct-2507,1,156,0.9999998807907247,1.186112015134383e-08,0.9999998926518449,True,1.1920927533992653e-07
Qwen/Qwen3-4B-instruct-2507,1,157,0.9999998807907247,9.237449661970594e-09,0.9999998900281744,True,1.1920927533992653e-07
Qwen/Qwen3-4B-instruct-2507,1,158,0.9999998807907247,9.237449661970594e-09,0.9999998900281744,True,1.1920927533992653e-07
Qwen/Qwen3-4B-instruct-2507,1,159,0.9999998807907247,1.0467401794744658e-08,0.9999998912581265,True,1.1920927533992653e-07
Qwen/Qwen3-4B-instruct-2507,1,160,0.9999998807907247,1.186112015134383e-08,0.9999998926518449,True,1.1920927533992653e-07
Qwen/Qwen3-4B-instruct-2507,1,161,0.9999998807907247,1.3440409951135022e-08,0.9999998942311346,True,1.1920927533992653e-07
Qwen/Qwen3-4B-instruct-2507,1,162,0.9999998807907247,9.237449661970594e-09,0.9999998900281744,True,1.1920927533992653e-07
Qwen/Qwen3-4B-instruct-2507,1,163,0.9999998807907247,1.0467401794744658e-08,0.9999998912581265,True,1.1920927533992653e-07
Qwen/Qwen3-4B-instruct-2507,1,164,0.9999998807907247,1.0467401794744658e-08,0.9999998912581265,True,1.1920927533992653e-07
Qwen/Qwen3-4B-instruct-2507,1,165,0.9999998807907247,1.0467401794744658e-08,0.9999998912581265,True,1.1920927533992653e-07
Qwen/Qwen3-4B-instruct-2507,1,166,0.9999998807907247,1.186112015134383e-08,0.9999998926518449,True,1.1920927533992653e-07
Qwen/Qwen3-4B-instruct-2507,1,167,0.9999998807907247,1.0467401794744658e-08,0.9999998912581265,True,1.1920927533992653e-07
Qwen/Qwen3-4B-instruct-2507,1,168,0.9999998807907247,9.237449661970594e-09,0.9999998900281744,True,1.1920927533992653e-07
Qwen/Qwen3-4B-instruct-2507,1,169,0.9999998807907247,1.3440409951135022e-08,0.9999998942311346,True,1.1920927533992653e-07
Qwen/Qwen3-4B-instruct-2507,1,170,0.9999998807907247,1.522997974471263e-08,0.9999998960207044,True,1.1920927533992653e-07
Qwen/Qwen3-4B-instruct-2507,1,171,0.9999998807907247,1.0467401794744658e-08,0.9999998912581265,True,1.1920927533992653e-07
Qwen/Qwen3-4B-instruct-2507,1,172,0.9999998807907247,8.152020714470167e-09,0.9999998889427454,True,1.1920927533992653e-07
Qwen/Qwen3-4B-instruct-2507,1,173,0.9999998807907247,1.0467401794744658e-08,0.9999998912581265,True,1.1920927533992653e-07
Qwen/Qwen3-4B-instruct-2507,1,174,0.9999998807907247,1.3440409951135022e-08,0.9999998942311346,True,1.1920927533992653e-07
Qwen/Qwen3-4B-instruct-2507,1,175,0.9999998807907247,1.3440409951135022e-08,0.9999998942311346,True,1.1920927533992653e-07
Qwen/Qwen3-4B-instruct-2507,1,176,0.9999998807907247,1.186112015134383e-08,0.9999998926518449,True,1.1920927533992653e-07
Qwen/Qwen3-4B-instruct-2507,1,177,0.9999998807907247,1.186112015134383e-08,0.9999998926518449,True,1.1920927533992653e-07
Qwen/Qwen3-4B-instruct-2507,1,178,0.9999998807907247,1.3440409951135022e-08,0.9999998942311346,True,1.1920927533992653e-07
Qwen/Qwen3-4B-instruct-2507,1,179,0.9999998807907247,1.0467401794744658e-08,0.9999998912581265,True,1.1920927533992653e-07
Qwen/Qwen3-4B-instruct-2507,1,180,0.9999998807907247,1.3440409951135022e-08,0.9999998942311346,True,1.1920927533992653e-07
Qwen/Qwen3-4B-instruct-2507,1,181,0.9999998807907247,1.3440409951135022e-08,0.9999998942311346,True,1.1920927533992653e-07
Qwen/Qwen3-4B-instruct-2507,1,182,0.9999998807907247,1.522997974471263e-08,0.9999998960207044,True,1.1920927533992653e-07
Qwen/Qwen3-4B-instruct-2507,1,183,0.9999998807907247,1.0467401794744658e-08,0.9999998912581265,True,1.1920927533992653e-07
Qwen/Qwen3-4B-instruct-2507,1,184,0.9999998807907247,8.152020714470167e-09,0.9999998889427454,True,1.1920927533992653e-07
Qwen/Qwen3-4B-instruct-2507,1,185,0.9999998807907247,9.237449661970594e-09,0.9999998900281744,True,1.1920927533992653e-07
Qwen/Qwen3-4B-instruct-2507,1,186,0.9999998807907247,1.186112015134383e-08,0.9999998926518449,True,1.1920927533992653e-07
Qwen/Qwen3-4B-instruct-2507,1,187,0.9999998807907247,1.522997974471263e-08,0.9999998960207044,True,1.1920927533992653e-07
Qwen/Qwen3-4B-instruct-2507,1,188,0.9999998807907247,1.0467401794744658e-08,0.9999998912581265,True,1.1920927533992653e-07
Qwen/Qwen3-4B-instruct-2507,1,189,0.9999998807907247,1.186112015134383e-08,0.9999998926518449,True,1.1920927533992653e-07
Qwen/Qwen3-4B-instruct-2507,1,190,0.9999998807907247,1.3440409951135022e-08,0.9999998942311346,True,1.1920927533992653e-07
Qwen/Qwen3-4B-instruct-2507,1,191,0.9999998807907247,1.0467401794744658e-08,0.9999998912581265,True,1.1920927533992653e-07
Qwen/Qwen3-4B-instruct-2507,1,192,0.9999998807907247,1.186112015134383e-08,0.9999998926518449,True,1.1920927533992653e-07
Qwen/Qwen3-4B-instruct-2507,1,193,0.9999998807907247,1.0467401794744658e-08,0.9999998912581265,True,1.1920927533992653e-07
Qwen/Qwen3-4B-instruct-2507,1,194,0.9999998807907247,1.0467401794744658e-08,0.9999998912581265,True,1.1920927533992653e-07
Qwen/Qwen3-4B-instruct-2507,1,195,0.9999998807907247,1.186112015134383e-08,0.9999998926518449,True,1.1920927533992653e-07
Qwen/Qwen3-4B-instruct-2507,1,196,0.9999998807907247,1.186112015134383e-08,0.9999998926518449,True,1.1920927533992653e-07
Qwen/Qwen3-4B-instruct-2507,1,197,0.9999998807907247,1.0467401794744658e-08,0.9999998912581265,True,1.1920927533992653e-07
Qwen/Qwen3-4B-instruct-2507,1,198,0.9999998807907247,1.0467401794744658e-08,0.9999998912581265,True,1.1920927533992653e-07
Qwen/Qwen3-4B-instruct-2507,1,199,0.9999998807907247,1.186112015134383e-08,0.9999998926518449,True,1.1920927533992653e-07
Qwen/Qwen3-4B-instruct-2507,1,200,0.9999998807907247,1.3440409951135022e-08,0.9999998942311346,True,1.1920927533992653e-07
Qwen/Qwen3-4B-instruct-2507,3,1,8.315263400842229e-07,0.9999971389852362,0.9999979705115764,False,2.861014763766434e-06
Qwen/Qwen3-4B-instruct-2507,3,2,9.931156427728716e-08,0.9999969005680498,0.9999969998796141,False,3.0994319502042345e-06
Qwen/Qwen3-4B-instruct-2507,3,3,0.9999995231630692,1.6373771305908126e-07,0.9999996869007822,True,4.7683693082944956e-07
Qwen/Qwen3-4B-instruct-2507,3,4,7.734407154916583e-08,0.9999980926550052,0.9999981699990768,False,1.907344994833693e-06
Qwen/Qwen3-4B-instruct-2507,3,5,2.2159447507533765e-08,0.999998927117538,0.9999989492769855,False,1.0728824619832267e-06
Qwen/Qwen3-4B-instruct-2507,3,6,0.9999997615814777,5.3157852544244216e-08,0.9999998147393303,True,2.3841852225814364e-07
Qwen/Qwen3-4B-instruct-2507,3,7,1.7257827987960214e-08,0.9999991655356624,0.9999991827934903,False,8.344643376290151e-07
Qwen/Qwen3-4B-instruct-2507,3,8,2.2159447507533765e-08,0.9999985694905718,0.9999985916500193,False,1.430509428246296e-06
Qwen/Qwen3-4B-instruct-2507,3,9,0.9999998807907247,2.510999155743982e-08,0.9999999059007162,True,1.1920927533992653e-07
Qwen/Qwen3-4B-instruct-2507,3,10,4.139929822488149e-08,0.9999973774024795,0.9999974188017777,False,2.6225975204852148e-06
Qwen/Qwen3-4B-instruct-2507,3,11,3.6534752452633856e-08,0.9999980926550052,0.9999981291897576,False,1.907344994833693e-06
Qwen/Qwen3-4B-instruct-2507,3,12,0.9999998807907247,3.2241867372567335e-08,0.9999999130325921,True,1.1920927533992653e-07
Qwen/Qwen3-4B-instruct-2507,3,13,3.6534752452633856e-08,0.9999983310727032,0.9999983676074556,False,1.6689272968051228e-06
Qwen/Qwen3-4B-instruct-2507,3,14,2.2159447507533765e-08,0.9999976158197796,0.9999976379792271,False,2.3841802203605766e-06
Qwen/Qwen3-4B-instruct-2507,3,15,0.9999998807907247,2.215948977336598e-08,0.9999999029502145,True,1.1920927533992653e-07
Qwen/Qwen3-4B-instruct-2507,3,16,2.2159447507533765e-08,0.9999973774024795,0.999997399561927,False,2.6225975204852148e-06
Qwen/Qwen3-4B-instruct-2507,3,17,3.6534752452633856e-08,0.9999980926550052,0.9999981291897576,False,1.907344994833693e-06
Qwen/Qwen3-4B-instruct-2507,3,18,0.9999998807907247,2.215948977336598e-08,0.9999999029502145,True,1.1920927533992653e-07
Qwen/Qwen3-4B-instruct-2507,3,19,4.691155074157667e-08,0.9999983310727032,0.999998377984254,False,1.6689272968051228e-06
Qwen/Qwen3-4B-instruct-2507,3,20,6.825577338773997e-08,0.9999970197767496,0.999997088032523,False,2.980223250403924e-06
Qwen/Qwen3-4B-instruct-2507,3,21,0.9999997615814777,3.2241867372567335e-08,0.9999997938233451,True,2.3841852225814364e-07
Qwen/Qwen3-4B-instruct-2507,3,22,3.6534682768190175e-08,0.9999970197767496,0.9999970563114323,False,2.980223250403924e-06
Qwen/Qwen3-4B-instruct-2507,3,23,3.6534752452633856e-08,0.9999984502816872,0.9999984868164397,False,1.5497183127877179e-06
Qwen/Qwen3-4B-instruct-2507,3,24,0.9999998807907247,1.9555681087850496e-08,0.9999999003464057,True,1.1920927533992653e-07
Qwen/Qwen3-4B-instruct-2507,3,25,2.2159447507533765e-08,0.9999973774024795,0.999997399561927,False,2.6225975204852148e-06
Qwen/Qwen3-4B-instruct-2507,3,26,5.315764976351624e-08,0.9999970197767496,0.9999970729343993,False,2.980223250403924e-06
Qwen/Qwen3-4B-instruct-2507,3,27,0.9999998807907247,1.522997974471263e-08,0.9999998960207044,True,1.1920927533992653e-07
Qwen/Qwen3-4B-instruct-2507,3,28,1.955564378838448e-08,0.9999971389852362,0.99999715854088,False,2.861014763766434e-06
Qwen/Qwen3-4B-instruct-2507,3,29,3.224180587614433e-08,0.9999985694905718,0.9999986017323776,False,1.430509428246296e-06
Qwen/Qwen3-4B-instruct-2507,3,30,0.9999997615814777,3.6534822137210456e-08,0.9999997981162999,True,2.3841852225814364e-07
Qwen/Qwen3-4B-instruct-2507,3,31,5.422207002319895e-06,0.9999921322487634,0.9999975544557657,False,7.8677512366232e-06
Qwen/Qwen3-4B-instruct-2507,3,32,1.5534912787802026e-06,0.9999941587791524,0.9999957122704312,False,5.841220847568884e-06
Qwen/Qwen3-4B-instruct-2507,3,33,0.9999996423722521,3.2241867372567335e-08,0.9999996746141195,True,3.5762774786007867e-07
Qwen/Qwen3-4B-instruct-2507,3,34,3.288741062985334e-06,0.9999942779868433,0.9999975667279063,False,5.7220131567392585e-06
Qwen/Qwen3-4B-instruct-2507,3,35,1.3709499342753462e-06,0.9999930859092101,0.9999944568591443,False,6.914090789900129e-06
Qwen/Qwen3-4B-instruct-2507,3,36,0.9999998807907247,1.7257827987960214e-08,0.9999998980485526,True,1.1920927533992653e-07
Qwen/Qwen3-4B-instruct-2507,3,37,6.144159617356885e-06,0.9999914170043662,0.9999975611639835,False,8.582995633776846e-06
Qwen/Qwen3-4B-instruct-2507,3,38,7.889227017802535e-06,0.9999877215940446,0.9999956108210624,False,1.227840595541263e-05
Qwen/Qwen3-4B-instruct-2507,3,39,0.9999998807907247,2.215948977336598e-08,0.9999999029502145,True,1.1920927533992653e-07
Qwen/Qwen3-4B-instruct-2507,3,40,6.825577338773997e-08,0.9999961853172863,0.9999962535730597,False,3.8146827137097716e-06
Qwen/Qwen3-4B-instruct-2507,3,41,4.691164021834418e-08,0.9999991655356624,0.9999992124473026,False,8.344643376290151e-07
Qwen/Qwen3-4B-instruct-2507,3,42,0.9999998807907247,1.522997974471263e-08,0.9999998960207044,True,1.1920927533992653e-07
Qwen/Qwen3-4B-instruct-2507,3,43,1.1253496007565217e-07,0.9999986886995842,0.9999988012345443,False,1.3113004158071817e-06
Qwen/Qwen3-4B-instruct-2507,3,44,6.023562348842112e-08,0.9999973774024795,0.999997437638103,False,2.6225975204852148e-06
Qwen/Qwen3-4B-instruct-2507,3,45,0.9999998807907247,8.152020714470167e-09,0.9999998889427454,True,1.1920927533992653e-07
Qwen/Qwen3-4B-instruct-2507,3,46,5.315775115378354e-08,0.9999973774024795,0.9999974305602307,False,2.6225975204852148e-06
Qwen/Qwen3-4B-instruct-2507,3,47,7.734407154916583e-08,0.9999980926550052,0.9999981699990768,False,1.907344994833693e-06
Qwen/Qwen3-4B-instruct-2507,3,48,0.9999997615814777,1.9555681087850496e-08,0.9999997811371588,True,2.3841852225814364e-07
Qwen/Qwen3-4B-instruct-2507,3,49,3.6534752452633856e-08,0.9999973774024795,0.999997413937232,False,2.6225975204852148e-06
Qwen/Qwen3-4B-instruct-2507,3,50,1.1253496007565217e-07,0.9999973774024795,0.9999974899374396,False,2.6225975204852148e-06
Qwen/Qwen3-4B-instruct-2507,3,51,0.9999995231630692,6.023573837886479e-08,0.9999995833988076,True,4.7683693082944956e-07
Qwen/Qwen3-4B-instruct-2507,3,52,7.734392402719739e-08,0.9999957084838798,0.9999957858278038,False,4.291516120247252e-06
Qwen/Qwen3-4B-instruct-2507,3,53,5.315775115378354e-08,0.9999986886995842,0.9999987418573354,False,1.3113004158071817e-06
Qwen/Qwen3-4B-instruct-2507,3,54,0.9999998807907247,1.522997974471263e-08,0.9999998960207044,True,1.1920927533992653e-07
Qwen/Qwen3-4B-instruct-2507,3,55,6.023562348842112e-08,0.9999973774024795,0.999997437638103,False,2.6225975204852148e-06
Qwen/Qwen3-4B-instruct-2507,3,56,4.691146126497983e-08,0.9999957084838798,0.999995755395341,False,4.291516120247252e-06
Qwen/Qwen3-4B-instruct-2507,3,57,0.9999995231630692,5.3157852544244216e-08,0.9999995763209217,True,4.7683693082944956e-07
Qwen/Qwen3-4B-instruct-2507,3,58,6.825590357542018e-08,0.9999973774024795,0.9999974456583831,False,2.6225975204852148e-06
Qwen/Qwen3-4B-instruct-2507,3,59,1.4449761119935134e-07,0.9999972581939645,0.9999974026915757,False,2.741806035544414e-06
Qwen/Qwen3-4B-instruct-2507,3,60,0.9999997615814777,2.510999155743982e-08,0.9999997866914693,True,2.3841852225814364e-07
Qwen/Qwen3-4B-instruct-2507,3,61,1.209863685851439e-06,0.9999966621509202,0.9999978720146061,False,3.337849079798616e-06
Qwen/Qwen3-4B-instruct-2507,3,62,1.473890403393186e-05,0.9999797348316635,0.9999944737356974,False,2.0265168336530692e-05
Qwen/Qwen3-4B-instruct-2507,3,63,0.9999998807907247,1.3440409951135022e-08,0.9999998942311346,True,1.1920927533992653e-07
Qwen/Qwen3-4B-instruct-2507,3,64,1.6373661999556875e-07,0.9999935627400018,0.9999937264766219,False,6.4372599981599166e-06
Qwen/Qwen3-4B-instruct-2507,3,65,9.422409887669812e-07,0.9999947548186582,0.999995697059647,False,5.245181341817506e-06
Qwen/Qwen3-4B-instruct-2507,3,66,0.9999997615814777,1.9555681087850496e-08,0.9999997811371588,True,2.3841852225814364e-07
Qwen/Qwen3-4B-instruct-2507,3,67,7.889242065323251e-06,0.9999893904859,0.9999972797279653,False,1.0609514100035078e-05
Qwen/Qwen3-4B-instruct-2507,3,68,4.4508355217969405e-07,0.9999960661089133,0.9999965111924655,False,3.933891086660424e-06
Qwen/Qwen3-4B-instruct-2507,3,69,0.9999995231630692,1.1253517471925912e-07,0.9999996356982439,True,4.7683693082944956e-07
Qwen/Qwen3-4B-instruct-2507,3,70,9.931137485569145e-08,0.9999945164027223,0.9999946157140972,False,5.483597277700092e-06
Qwen/Qwen3-4B-instruct-2507,3,71,6.023562348842112e-08,0.9999983310727032,0.9999983913083267,False,1.6689272968051228e-06
Qwen/Qwen3-4B-instruct-2507,3,72,0.9999997615814777,2.510999155743982e-08,0.9999997866914693,True,2.3841852225814364e-07
Qwen/Qwen3-4B-instruct-2507,3,73,7.734407154916583e-08,0.999997854237364,0.9999979315814356,False,2.145762636018844e-06
Qwen/Qwen3-4B-instruct-2507,3,74,6.023550859819657e-08,0.9999961853172863,0.9999962455527949,False,3.8146827137097716e-06
Qwen/Qwen3-4B-instruct-2507,3,75,0.9999997615814777,3.2241867372567335e-08,0.9999997938233451,True,2.3841852225814364e-07
Qwen/Qwen3-4B-instruct-2507,3,76,1.275184510919254e-07,0.999995112442896,0.9999952399613471,False,4.887557104038542e-06
Qwen/Qwen3-4B-instruct-2507,3,77,1.4449705998576038e-07,0.9999935627400018,0.9999937072370618,False,6.4372599981599166e-06
Qwen/Qwen3-4B-instruct-2507,3,78,0.9999997615814777,2.510999155743982e-08,0.9999997866914693,True,2.3841852225814364e-07
Qwen/Qwen3-4B-instruct-2507,3,79,1.4449774900307763e-07,0.9999976158197796,0.9999977603175286,False,2.3841802203605766e-06
Qwen/Qwen3-4B-instruct-2507,3,80,5.315764976351624e-08,0.9999965429424904,0.9999965961001401,False,3.457057509592687e-06
Qwen/Qwen3-4B-instruct-2507,3,81,0.9999997615814777,2.8453348089834e-08,0.9999997900348259,True,2.3841852225814364e-07
Qwen/Qwen3-4B-instruct-2507,3,82,4.691155074157667e-08,0.9999973774024795,0.9999974243140303,False,2.6225975204852148e-06
Qwen/Qwen3-4B-instruct-2507,3,83,6.023562348842112e-08,0.9999983310727032,0.9999983913083267,False,1.6689272968051228e-06
Qwen/Qwen3-4B-instruct-2507,3,84,0.9999997615814777,2.8453348089834e-08,0.9999997900348259,True,2.3841852225814364e-07
Qwen/Qwen3-4B-instruct-2507,3,85,3.224180587614433e-08,0.9999976158197796,0.9999976480615855,False,2.3841802203605766e-06
Qwen/Qwen3-4B-instruct-2507,3,86,7.734377650551034e-08,0.999995112442896,0.9999951897866725,False,4.887557104038542e-06
Qwen/Qwen3-4B-instruct-2507,3,87,0.9999997615814777,3.2241867372567335e-08,0.9999997938233451,True,2.3841852225814364e-07
Qwen/Qwen3-4B-instruct-2507,3,88,4.691146126497983e-08,0.9999965429424904,0.9999965898539517,False,3.457057509592687e-06
Qwen/Qwen3-4B-instruct-2507,3,89,4.139929822488149e-08,0.9999984502816872,0.9999984916809854,False,1.5497183127877179e-06
Qwen/Qwen3-4B-instruct-2507,3,90,0.9999998807907247,1.3440409951135022e-08,0.9999998942311346,True,1.1920927533992653e-07
Qwen/Qwen3-4B-instruct-2507,3,91,1.6373708845046632e-07,0.9999960661089133,0.9999962298460018,False,3.933891086660424e-06
Qwen/Qwen3-4B-instruct-2507,3,92,5.714980485251211e-07,0.9999955892755635,0.9999961607736121,False,4.410724436465507e-06
Qwen/Qwen3-4B-instruct-2507,3,93,0.9999997615814777,3.6534822137210456e-08,0.9999997981162999,True,2.3841852225814364e-07
Qwen/Qwen3-4B-instruct-2507,3,94,5.714991385721822e-07,0.9999970197767496,0.9999975912758882,False,2.980223250403924e-06
Qwen/Qwen3-4B-instruct-2507,3,95,8.31525547079287e-07,0.9999965429424904,0.9999973744680375,False,3.457057509592687e-06
Qwen/Qwen3-4B-instruct-2507,3,96,0.9999995231630692,1.8553913626159784e-07,0.9999997087022054,True,4.7683693082944956e-07
Qwen/Qwen3-4B-instruct-2507,3,97,1.760339596980714e-06,0.9999963045256735,0.9999980648652704,False,3.695474326548265e-06
Qwen/Qwen3-4B-instruct-2507,3,98,1.3709473193983572e-06,0.9999915362117302,0.9999929071590496,False,8.463788269796879e-06
Qwen/Qwen3-4B-instruct-2507,3,99,0.9999998807907247,8.152020714470167e-09,0.9999998889427454,True,1.1920927533992653e-07
Qwen/Qwen3-4B-instruct-2507,3,100,4.4508058093634505e-07,0.9999893904859,0.9999898355664809,False,1.0609514100035078e-05
Qwen/Qwen3-4B-instruct-2507,3,101,7.734377650551034e-08,0.9999945164027223,0.9999945937464988,False,5.483597277700092e-06
Qwen/Qwen3-4B-instruct-2507,3,102,0.9999995231630692,8.764248219443636e-08,0.9999996108055513,True,4.7683693082944956e-07
Qwen/Qwen3-4B-instruct-2507,3,103,1.275183294809117e-07,0.999994397195003,0.9999945247133325,False,5.602804996951427e-06
Qwen/Qwen3-4B-instruct-2507,3,104,4.139906133687463e-08,0.9999920130413283,0.9999920544403896,False,7.98695867165744e-06
Qwen/Qwen3-4B-instruct-2507,3,105,0.9999995231630692,6.82560337633487e-08,0.9999995914191029,True,4.7683693082944956e-07
Qwen/Qwen3-4B-instruct-2507,3,106,1.444960953670358e-07,0.9999867679437158,0.9999869124398112,False,1.3232056284229188e-05
Qwen/Qwen3-4B-instruct-2507,3,107,1.2751857270305506e-07,0.9999961853172863,0.999996312835859,False,3.8146827137097716e-06
Qwen/Qwen3-4B-instruct-2507,3,108,0.9999997615814777,2.510999155743982e-08,0.9999997866914693,True,2.3841852225814364e-07
Qwen/Qwen3-4B-instruct-2507,3,109,1.6373708845046632e-07,0.9999960661089133,0.9999962298460018,False,3.933891086660424e-06
Qwen/Qwen3-4B-instruct-2507,3,110,5.043366000707302e-07,0.9999779467683537,0.9999784511049538,False,2.2053231646279592e-05
Qwen/Qwen3-4B-instruct-2507,3,111,0.9999996423722521,6.023573837886479e-08,0.9999997026079905,True,3.5762774786007867e-07
Qwen/Qwen3-4B-instruct-2507,3,112,1.4449554415922725e-07,0.9999830725678546,0.9999832170633988,False,1.6927432145430465e-05
Qwen/Qwen3-4B-instruct-2507,3,113,1.1253453078966649e-07,0.999994397195003,0.9999945097295339,False,5.602804996951427e-06
Qwen/Qwen3-4B-instruct-2507,3,114,0.9999992847447459,1.8553895931777327e-07,0.9999994702837052,True,7.152552541356272e-07
Qwen/Qwen3-4B-instruct-2507,3,115,1.637359953911235e-07,0.9999896288992495,0.9999897926352449,False,1.037110075052805e-05
Qwen/Qwen3-4B-instruct-2507,3,116,1.637358392403845e-07,0.9999883176260755,0.9999884813619148,False,1.168237392445981e-05
Qwen/Qwen3-4B-instruct-2507,3,117,0.9999997615814777,2.510999155743982e-08,0.9999997866914693,True,2.3841852225814364e-07
Qwen/Qwen3-4B-instruct-2507,3,118,2.3823446755805012e-07,0.9999896288992495,0.9999898671337171,False,1.037110075052805e-05
Qwen/Qwen3-4B-instruct-2507,3,119,3.0589911147560753e-07,0.9999895096921129,0.9999898155912244,False,1.0490307887134342e-05
Qwen/Qwen3-4B-instruct-2507,3,120,0.9999997615814777,2.8453348089834e-08,0.9999997900348259,True,2.3841852225814364e-07
Qwen/Qwen3-4B-instruct-2507,3,121,1.1478680950158408e-05,0.9999805692637573,0.9999920479447075,False,1.9430736242664892e-05
Qwen/Qwen3-4B-instruct-2507,3,122,4.78506719451317e-06,0.9999895096921129,0.9999942947593073,False,1.0490307887134342e-05
Qwen/Qwen3-4B-instruct-2507,3,123,0.9999997615814777,3.2241867372567335e-08,0.9999997938233451,True,2.3841852225814364e-07
Qwen/Qwen3-4B-instruct-2507,3,124,1.370943397092225e-06,0.9999883176260755,0.9999896885694727,False,1.168237392445981e-05
Qwen/Qwen3-4B-instruct-2507,3,125,3.4663009667834417e-07,0.9999927282861518,0.9999930749162484,False,7.271713848178152e-06
Qwen/Qwen3-4B-instruct-2507,3,126,0.9999997615814777,2.215948977336598e-08,0.9999997837409675,True,2.3841852225814364e-07
Qwen/Qwen3-4B-instruct-2507,3,127,5.043447766756707e-07,0.9999939203633587,0.9999944247081354,False,6.079636641342923e-06
Qwen/Qwen3-4B-instruct-2507,3,128,8.764181353791273e-08,0.9999929667012066,0.9999930543430202,False,7.033298793368559e-06
Qwen/Qwen3-4B-instruct-2507,3,129,0.9999997615814777,3.6534822137210456e-08,0.9999997981162999,True,2.3841852225814364e-07
Qwen/Qwen3-4B-instruct-2507,3,130,1.8553665906340977e-07,0.9999867679437158,0.9999869534803748,False,1.3232056284229188e-05
Qwen/Qwen3-4B-instruct-2507,3,131,2.3823560355122348e-07,0.9999941587791524,0.999994397014756,False,5.841220847568884e-06
Qwen/Qwen3-4B-instruct-2507,3,132,0.9999996423722521,6.023573837886479e-08,0.9999997026079905,True,3.5762774786007867e-07
Qwen/Qwen3-4B-instruct-2507,3,133,7.338103218766942e-07,0.999984503032491,0.9999852368428128,False,1.5496967509021076e-05
Qwen/Qwen3-4B-instruct-2507,3,134,1.275183294809117e-07,0.999994397195003,0.9999945247133325,False,5.602804996951427e-06
Qwen/Qwen3-4B-instruct-2507,3,135,0.9999997615814777,2.8453348089834e-08,0.9999997900348259,True,2.3841852225814364e-07
Qwen/Qwen3-4B-instruct-2507,3,136,1.8553701294684026e-07,0.9999883176260755,0.9999885031630885,False,1.168237392445981e-05
Qwen/Qwen3-4B-instruct-2507,3,137,1.1253474543245463e-07,0.9999965429424904,0.9999966554772358,False,3.457057509592687e-06
Qwen/Qwen3-4B-instruct-2507,3,138,0.9999996423722521,6.023573837886479e-08,0.9999997026079905,True,3.5762774786007867e-07
Qwen/Qwen3-4B-instruct-2507,3,139,2.3823583075050818e-07,0.9999948740268748,0.9999951122627055,False,5.125973125186256e-06
Qwen/Qwen3-4B-instruct-2507,3,140,1.1253367222260788e-07,0.9999868871505255,0.9999869996841978,False,1.3112849474472554e-05
Qwen/Qwen3-4B-instruct-2507,3,141,0.9999996423722521,6.023573837886479e-08,0.9999997026079905,True,3.5762774786007867e-07
Qwen/Qwen3-4B-instruct-2507,3,142,9.931137485569145e-08,0.9999936819476216,0.9999937812589965,False,6.318052378384564e-06
Qwen/Qwen3-4B-instruct-2507,3,143,2.6995321624244547e-07,0.9999829533624089,0.9999832233156252,False,1.704663759105607e-05
Qwen/Qwen3-4B-instruct-2507,3,144,0.9999997615814777,3.2241867372567335e-08,0.9999997938233451,True,2.3841852225814364e-07
Qwen/Qwen3-4B-instruct-2507,3,145,1.1253453078966649e-07,0.999994397195003,0.9999945097295339,False,5.602804996951427e-06
Qwen/Qwen3-4B-instruct-2507,3,146,2.3823446755805012e-07,0.9999896288992495,0.9999898671337171,False,1.037110075052805e-05
Qwen/Qwen3-4B-instruct-2507,3,147,0.9999985694905718,3.4663241069161144e-07,0.9999989161229824,True,1.430509428246296e-06
Qwen/Qwen3-4B-instruct-2507,3,148,1.2751796464856653e-07,0.9999909401759619,0.9999910676939265,False,9.059824038093467e-06
Qwen/Qwen3-4B-instruct-2507,3,149,1.6373693229868488e-07,0.9999949932351057,0.999995156972038,False,5.006764894344151e-06
Qwen/Qwen3-4B-instruct-2507,3,150,0.9999997615814777,4.139937718785167e-08,0.9999998029808549,True,2.3841852225814364e-07
Qwen/Qwen3-4B-instruct-2507,3,151,0.0011695008272135125,0.9988225274021179,0.9999920282293314,False,0.0011774725978821454
Qwen/Qwen3-4B-instruct-2507,3,152,3.535571375993035e-05,0.9999496962111042,0.9999850519248641,False,5.030378889581133e-05
Qwen/Qwen3-4B-instruct-2507,3,153,0.9999996423722521,2.8453348089834e-08,0.9999996708256003,True,3.5762774786007867e-07
Qwen/Qwen3-4B-instruct-2507,3,154,4.5397332031988356e-05,0.9999431404007152,0.9999885377327472,False,5.685959928480866e-05
Qwen/Qwen3-4B-instruct-2507,3,155,1.1478724737934761e-05,0.9999846222381212,0.9999961009628592,False,1.5377761878765384e-05
Qwen/Qwen3-4B-instruct-2507,3,156,0.9999996423722521,3.6534822137210456e-08,0.9999996789070743,True,3.5762774786007867e-07
Qwen/Qwen3-4B-instruct-2507,3,157,0.0024725947278642557,0.9975157854618352,0.9999883801896994,False,0.0024842145381648306
Qwen/Qwen3-4B-instruct-2507,3,158,0.0001584351834265206,0.9998345648853537,0.9999930000687802,False,0.00016543511464628402
Qwen/Qwen3-4B-instruct-2507,3,159,0.9999996423722521,4.139937718785167e-08,0.9999996837716293,True,3.5762774786007867e-07
Qwen/Qwen3-4B-instruct-2507,3,160,8.764164637457892e-08,0.9999897481064004,0.9999898357480468,False,1.0251893599599882e-05
Qwen/Qwen3-4B-instruct-2507,3,161,2.3823333157029354e-07,0.9999849798550975,0.9999852180884291,False,1.5020144902511134e-05
Qwen/Qwen3-4B-instruct-2507,3,162,0.9999997615814777,2.510999155743982e-08,0.9999997866914693,True,2.3841852225814364e-07
Qwen/Qwen3-4B-instruct-2507,3,163,1.8553772071572618e-07,0.9999927282861518,0.9999929138238726,False,7.271713848178152e-06
Qwen/Qwen3-4B-instruct-2507,3,164,9.931118543445705e-08,0.9999929667012066,0.999993066012392,False,7.033298793368559e-06
Qwen/Qwen3-4B-instruct-2507,3,165,0.999998927117538,1.6373755690670415e-07,0.999999090855095,True,1.0728824619832267e-06
Qwen/Qwen3-4B-instruct-2507,3,166,1.444967843797534e-07,0.9999917746265009,0.9999919191232853,False,8.225373499093358e-06
Qwen/Qwen3-4B-instruct-2507,3,167,9.931137485569145e-08,0.9999936819476216,0.9999937812589965,False,6.318052378384564e-06
Qwen/Qwen3-4B-instruct-2507,3,168,0.9999994039539004,7.734421907141565e-08,0.9999994812981194,True,5.960460995879657e-07
Qwen/Qwen3-4B-instruct-2507,3,169,1.275173565969774e-07,0.9999868871505255,0.9999870146678821,False,1.3112849474472554e-05
Qwen/Qwen3-4B-instruct-2507,3,170,1.8553736683094573e-07,0.9999908209686689,0.9999910065060357,False,9.179031331130183e-06
Qwen/Qwen3-4B-instruct-2507,3,171,0.9999995231630692,8.764248219443636e-08,0.9999996108055513,True,4.7683693082944956e-07
Qwen/Qwen3-4B-instruct-2507,3,172,1.2098452249375081e-06,0.9999818805158571,0.999983090361082,False,1.8119484142875564e-05
Qwen/Qwen3-4B-instruct-2507,3,173,2.699557907292112e-07,0.9999926090786457,0.9999928790344365,False,7.390921354266666e-06
Qwen/Qwen3-4B-instruct-2507,3,174,0.9999994039539004,1.1253517471925912e-07,0.9999995164890751,True,5.960460995879657e-07
Qwen/Qwen3-4B-instruct-2507,3,175,2.1024138021057844e-07,0.9999908209686689,0.9999910312100491,False,9.179031331130183e-06
Qwen/Qwen3-4B-instruct-2507,3,176,6.4758410097096e-07,0.9999824765407688,0.9999831241248698,False,1.752345923122789e-05
Qwen/Qwen3-4B-instruct-2507,3,177,0.9999995231630692,7.734421907141565e-08,0.9999996005072882,True,4.7683693082944956e-07
Qwen/Qwen3-4B-instruct-2507,3,178,3.4663042725072227e-07,0.9999934435319415,0.9999937901623688,False,6.556468058471765e-06
Qwen/Qwen3-4B-instruct-2507,3,179,8.315223750671064e-07,0.9999921322487634,0.9999929637711384,False,7.8677512366232e-06
Qwen/Qwen3-4B-instruct-2507,3,180,0.9999998807907247,1.7257827987960214e-08,0.9999998980485526,True,1.1920927533992653e-07
Qwen/Qwen3-4B-instruct-2507,3,181,0.06008591822349099,0.9399018476723934,0.9999877658958843,False,0.060098152327606624
Qwen/Qwen3-4B-instruct-2507,3,182,0.0015011497393830505,0.9984773965822893,0.9999785463216724,False,0.0015226034177107106
Qwen/Qwen3-4B-instruct-2507,3,183,0.9999995231630692,7.734421907141565e-08,0.9999996005072882,True,4.7683693082944956e-07
Qwen/Qwen3-4B-instruct-2507,3,184,0.04742476647537905,0.9525519726339607,0.9999767391093398,False,0.04744802736603926
Qwen/Qwen3-4B-instruct-2507,3,185,0.0001584351834265206,0.9998351607315255,0.999993595914952,False,0.0001648392684745481
Qwen/Qwen3-4B-instruct-2507,3,186,0.9999996423722521,3.2241867372567335e-08,0.9999996746141195,True,3.5762774786007867e-07
Qwen/Qwen3-4B-instruct-2507,3,187,0.0009110392407622156,0.9990759098339771,0.9999869490747393,False,0.0009240901660229062
Qwen/Qwen3-4B-instruct-2507,3,188,0.09534675449228465,0.9046248531768286,0.9999716076691133,False,0.09537514682317139
Qwen/Qwen3-4B-instruct-2507,3,189,0.9999998807907247,1.0467401794744658e-08,0.9999998912581265,True,1.1920927533992653e-07
Qwen/Qwen3-4B-instruct-2507,3,190,2.3823514915330412e-07,0.9999918938339075,0.9999921320690567,False,8.106166092480827e-06
Qwen/Qwen3-4B-instruct-2507,3,191,2.1024238272199137e-07,0.9999948740268748,0.9999950842692575,False,5.125973125186256e-06
Qwen/Qwen3-4B-instruct-2507,3,192,0.9999986886995842,3.059020287707785e-07,0.999998994601613,True,1.3113004158071817e-06
Qwen/Qwen3-4B-instruct-2507,3,193,2.1024238272199137e-07,0.9999948740268748,0.9999950842692575,False,5.125973125186256e-06
Qwen/Qwen3-4B-instruct-2507,3,194,1.1253474543245463e-07,0.9999965429424904,0.9999966554772358,False,3.457057509592687e-06
Qwen/Qwen3-4B-instruct-2507,3,195,0.9999996423722521,4.691164021834418e-08,0.9999996892838924,True,3.5762774786007867e-07
Qwen/Qwen3-4B-instruct-2507,3,196,1.855371898888086e-07,0.9999895096921129,0.9999896952293027,False,1.0490307887134342e-05
Qwen/Qwen3-4B-instruct-2507,3,197,2.1024238272199137e-07,0.9999954700677164,0.9999956803100991,False,4.529932283614535e-06
Qwen/Qwen3-4B-instruct-2507,3,198,0.9999997615814777,2.215948977336598e-08,0.9999997837409675,True,2.3841852225814364e-07
Qwen/Qwen3-4B-instruct-2507,3,199,7.338173200706349e-07,0.999994397195003,0.9999951310123231,False,5.602804996951427e-06
Qwen/Qwen3-4B-instruct-2507,3,200,1.7603312030474177e-06,0.9999911785905904,0.9999929389217934,False,8.821409409609515e-06
Qwen/Qwen3-4B-instruct-2507,5,1,2.1024298423113373e-07,0.9999979734461775,0.9999981836891617,False,2.026553822531696e-06
Qwen/Qwen3-4B-instruct-2507,5,2,2.845329381943118e-08,0.9999984502816872,0.999998478734981,False,1.5497183127877179e-06
Qwen/Qwen3-4B-instruct-2507,5,3,2.8453348089834e-08,0.9999991655356624,0.9999991939890105,False,8.344643376290151e-07
Qwen/Qwen3-4B-instruct-2507,5,4,4.139929822488149e-08,0.9999984502816872,0.9999984916809854,False,1.5497183127877179e-06
Qwen/Qwen3-4B-instruct-2507,5,5,0.9999997615814777,6.82560337633487e-08,0.9999998298375115,True,2.3841852225814364e-07
Qwen/Qwen3-4B-instruct-2507,5,6,1.955564378838448e-08,0.9999988079084972,0.9999988274641409,False,1.1920915028440504e-06
Qwen/Qwen3-4B-instruct-2507,5,7,1.0467401794744658e-08,0.9999992847447459,0.9999992952121477,False,7.152552541356272e-07
Qwen/Qwen3-4B-instruct-2507,5,8,1.18610975280741e-08,0.9999988079084972,0.9999988197695947,False,1.1920915028440504e-06
Qwen/Qwen3-4B-instruct-2507,5,9,1.3440409951135022e-08,0.9999994039539004,0.9999994173943103,False,5.960460995879657e-07
Qwen/Qwen3-4B-instruct-2507,5,10,0.9999998807907247,3.2241867372567335e-08,0.9999999130325921,True,1.1920927533992653e-07
Qwen/Qwen3-4B-instruct-2507,5,11,1.18610975280741e-08,0.999998927117538,0.9999989389786356,False,1.0728824619832267e-06
Qwen/Qwen3-4B-instruct-2507,5,12,1.955564378838448e-08,0.9999979734461775,0.9999979930018212,False,2.026553822531696e-06
Qwen/Qwen3-4B-instruct-2507,5,13,1.3440409951135022e-08,0.9999991655356624,0.9999991789760723,False,8.344643376290151e-07
Qwen/Qwen3-4B-instruct-2507,5,14,1.18610975280741e-08,0.9999985694905718,0.9999985813516693,False,1.430509428246296e-06
Qwen/Qwen3-4B-instruct-2507,5,15,0.9999998807907247,3.2241867372567335e-08,0.9999999130325921,True,1.1920927533992653e-07
Qwen/Qwen3-4B-instruct-2507,5,16,1.3440384315611926e-08,0.9999982118638471,0.9999982253042314,False,1.7881361529248352e-06
Qwen/Qwen3-4B-instruct-2507,5,17,1.18610975280741e-08,0.999998927117538,0.9999989389786356,False,1.0728824619832267e-06
Qwen/Qwen3-4B-instruct-2507,5,18,1.5229950695859287e-08,0.9999985694905718,0.9999985847205225,False,1.430509428246296e-06
Qwen/Qwen3-4B-instruct-2507,5,19,1.7257795071296986e-08,0.9999985694905718,0.9999985867483668,False,1.430509428246296e-06
Qwen/Qwen3-4B-instruct-2507,5,20,0.9999998807907247,3.2241867372567335e-08,0.9999999130325921,True,1.1920927533992653e-07
Qwen/Qwen3-4B-instruct-2507,5,21,2.2159447507533765e-08,0.9999988079084972,0.9999988300679447,False,1.1920915028440504e-06
Qwen/Qwen3-4B-instruct-2507,5,22,1.18610975280741e-08,0.9999985694905718,0.9999985813516693,False,1.430509428246296e-06
Qwen/Qwen3-4B-instruct-2507,5,23,1.7257827987960214e-08,0.9999991655356624,0.9999991827934903,False,8.344643376290151e-07
Qwen/Qwen3-4B-instruct-2507,5,24,1.3440384315611926e-08,0.9999984502816872,0.9999984637220716,False,1.5497183127877179e-06
Qwen/Qwen3-4B-instruct-2507,5,25,0.9999998807907247,1.522997974471263e-08,0.9999998960207044,True,1.1920927533992653e-07
Qwen/Qwen3-4B-instruct-2507,5,26,1.955564378838448e-08,0.9999979734461775,0.9999979930018212,False,2.026553822531696e-06
Qwen/Qwen3-4B-instruct-2507,5,27,1.7257795071296986e-08,0.9999984502816872,0.9999984675394823,False,1.5497183127877179e-06
Qwen/Qwen3-4B-instruct-2507,5,28,1.3440384315611926e-08,0.9999984502816872,0.9999984637220716,False,1.5497183127877179e-06
Qwen/Qwen3-4B-instruct-2507,5,29,2.2159447507533765e-08,0.9999984502816872,0.9999984724411347,False,1.5497183127877179e-06
Qwen/Qwen3-4B-instruct-2507,5,30,0.9999998807907247,2.510999155743982e-08,0.9999999059007162,True,1.1920927533992653e-07
Qwen/Qwen3-4B-instruct-2507,5,31,1.522997974471263e-08,0.9999991655356624,0.9999991807656421,False,8.344643376290151e-07
Qwen/Qwen3-4B-instruct-2507,5,32,1.3440384315611926e-08,0.9999988079084972,0.9999988213488815,False,1.1920915028440504e-06
Qwen/Qwen3-4B-instruct-2507,5,33,1.955564378838448e-08,0.999998927117538,0.9999989466731818,False,1.0728824619832267e-06
Qwen/Qwen3-4B-instruct-2507,5,34,2.2159447507533765e-08,0.999998927117538,0.9999989492769855,False,1.0728824619832267e-06
Qwen/Qwen3-4B-instruct-2507,5,35,0.9999997615814777,2.8453348089834e-08,0.9999997900348259,True,2.3841852225814364e-07
Qwen/Qwen3-4B-instruct-2507,5,36,2.2159447507533765e-08,0.9999984502816872,0.9999984724411347,False,1.5497183127877179e-06
Qwen/Qwen3-4B-instruct-2507,5,37,1.522997974471263e-08,0.9999990463265931,0.9999990615565728,False,9.536734069115482e-07
Qwen/Qwen3-4B-instruct-2507,5,38,3.224180587614433e-08,0.9999985694905718,0.9999986017323776,False,1.430509428246296e-06
Qwen/Qwen3-4B-instruct-2507,5,39,3.224180587614433e-08,0.9999986886995842,0.9999987209413901,False,1.3113004158071817e-06
Qwen/Qwen3-4B-instruct-2507,5,40,0.9999998807907247,1.522997974471263e-08,0.9999998960207044,True,1.1920927533992653e-07
Qwen/Qwen3-4B-instruct-2507,5,41,2.5109943663977427e-08,0.9999988079084972,0.9999988330184408,False,1.1920915028440504e-06
Qwen/Qwen3-4B-instruct-2507,5,42,2.2159447507533765e-08,0.9999982118638471,0.9999982340232946,False,1.7881361529248352e-06
Qwen/Qwen3-4B-instruct-2507,5,43,2.5109943663977427e-08,0.999998927117538,0.9999989522274817,False,1.0728824619832267e-06
Qwen/Qwen3-4B-instruct-2507,5,44,1.5229950695859287e-08,0.9999985694905718,0.9999985847205225,False,1.430509428246296e-06
Qwen/Qwen3-4B-instruct-2507,5,45,0.9999998807907247,1.522997974471263e-08,0.9999998960207044,True,1.1920927533992653e-07
Qwen/Qwen3-4B-instruct-2507,5,46,3.224180587614433e-08,0.999997854237364,0.9999978864791699,False,2.145762636018844e-06
Qwen/Qwen3-4B-instruct-2507,5,47,2.2159447507533765e-08,0.9999988079084972,0.9999988300679447,False,1.1920915028440504e-06
Qwen/Qwen3-4B-instruct-2507,5,48,1.7257795071296986e-08,0.9999979734461775,0.9999979907039726,False,2.026553822531696e-06
Qwen/Qwen3-4B-instruct-2507,5,49,1.955564378838448e-08,0.9999988079084972,0.9999988274641409,False,1.1920915028440504e-06
Qwen/Qwen3-4B-instruct-2507,5,50,0.9999998807907247,1.7257827987960214e-08,0.9999998980485526,True,1.1920927533992653e-07
Qwen/Qwen3-4B-instruct-2507,5,51,0.2689403152275393,0.731055550035914,0.9999958652634533,False,0.26894444996408595
Qwen/Qwen3-4B-instruct-2507,5,52,0.18242356736428147,0.8175656714805456,0.999989238844827,False,0.1824343285194544
Qwen/Qwen3-4B-instruct-2507,5,53,0.0140635795780399,0.9859331362928984,0.9999967158709383,False,0.01406686370710164
Qwen/Qwen3-4B-instruct-2507,5,54,0.00033534939459671937,0.9996628706005333,0.9999982199951299,False,0.00033712939946672904
Qwen/Qwen3-4B-instruct-2507,5,55,0.9999998807907247,2.215948977336598e-08,0.9999999029502145,True,1.1920927533992653e-07
Qwen/Qwen3-4B-instruct-2507,5,56,0.00020342626613230685,0.9997928571758736,0.999996283442006,False,0.00020714282412637175
Qwen/Qwen3-4B-instruct-2507,5,57,0.02297728523972042,0.9770191189891364,0.9999964042288568,False,0.022980881010863596
Qwen/Qwen3-4B-instruct-2507,5,58,0.006692822541675761,0.9933030320068416,0.9999958545485174,False,0.0066969679931584425
Qwen/Qwen3-4B-instruct-2507,5,59,0.014063599696166251,0.9859344107855623,0.9999980104817285,False,0.01406558921443768
Qwen/Qwen3-4B-instruct-2507,5,60,0.9999997615814777,2.8453348089834e-08,0.9999997900348259,True,2.3841852225814364e-07
Qwen/Qwen3-4B-instruct-2507,5,61,3.6534752452633856e-08,0.9999984502816872,0.9999984868164397,False,1.5497183127877179e-06
Qwen/Qwen3-4B-instruct-2507,5,62,3.224180587614433e-08,0.9999980926550052,0.9999981248968111,False,1.907344994833693e-06
Qwen/Qwen3-4B-instruct-2507,5,63,3.224180587614433e-08,0.999997854237364,0.9999978864791699,False,2.145762636018844e-06
Qwen/Qwen3-4B-instruct-2507,5,64,2.5109943663977427e-08,0.9999977350285647,0.9999977601385084,False,2.2649714352951378e-06
Qwen/Qwen3-4B-instruct-2507,5,65,0.9999997615814777,4.139937718785167e-08,0.9999998029808549,True,2.3841852225814364e-07
Qwen/Qwen3-4B-instruct-2507,5,66,2.5109943663977427e-08,0.999997854237364,0.9999978793473077,False,2.145762636018844e-06
Qwen/Qwen3-4B-instruct-2507,5,67,3.224180587614433e-08,0.9999984502816872,0.9999984825234931,False,1.5497183127877179e-06
Qwen/Qwen3-4B-instruct-2507,5,68,2.845329381943118e-08,0.9999984502816872,0.999998478734981,False,1.5497183127877179e-06
Qwen/Qwen3-4B-instruct-2507,5,69,3.6534752452633856e-08,0.9999983310727032,0.9999983676074556,False,1.6689272968051228e-06
Qwen/Qwen3-4B-instruct-2507,5,70,0.9999997615814777,3.6534822137210456e-08,0.9999997981162999,True,2.3841852225814364e-07
Qwen/Qwen3-4B-instruct-2507,5,71,1.7257795071296986e-08,0.999998927117538,0.9999989443753331,False,1.0728824619832267e-06
Qwen/Qwen3-4B-instruct-2507,5,72,3.6534682768190175e-08,0.9999970197767496,0.9999970563114323,False,2.980223250403924e-06
Qwen/Qwen3-4B-instruct-2507,5,73,2.5109943663977427e-08,0.9999985694905718,0.9999985946005154,False,1.430509428246296e-06
Qwen/Qwen3-4B-instruct-2507,5,74,2.5109943663977427e-08,0.9999979734461775,0.9999979985561211,False,2.026553822531696e-06
Qwen/Qwen3-4B-instruct-2507,5,75,0.9999997615814777,2.215948977336598e-08,0.9999997837409675,True,2.3841852225814364e-07
Qwen/Qwen3-4B-instruct-2507,5,76,3.6534682768190175e-08,0.9999970197767496,0.9999970563114323,False,2.980223250403924e-06
Qwen/Qwen3-4B-instruct-2507,5,77,2.2159447507533765e-08,0.9999982118638471,0.9999982340232946,False,1.7881361529248352e-06
Qwen/Qwen3-4B-instruct-2507,5,78,2.845329381943118e-08,0.9999974966112362,0.99999752506453,False,2.5033887638414853e-06
Qwen/Qwen3-4B-instruct-2507,5,79,3.6534752452633856e-08,0.9999983310727032,0.9999983676074556,False,1.6689272968051228e-06
Qwen/Qwen3-4B-instruct-2507,5,80,0.9999997615814777,2.8453348089834e-08,0.9999997900348259,True,2.3841852225814364e-07
Qwen/Qwen3-4B-instruct-2507,5,81,2.845329381943118e-08,0.9999977350285647,0.9999977634818585,False,2.2649714352951378e-06
Qwen/Qwen3-4B-instruct-2507,5,82,3.224180587614433e-08,0.9999977350285647,0.9999977672703706,False,2.2649714352951378e-06
Qwen/Qwen3-4B-instruct-2507,5,83,3.6534752452633856e-08,0.9999980926550052,0.9999981291897576,False,1.907344994833693e-06
Qwen/Qwen3-4B-instruct-2507,5,84,3.224180587614433e-08,0.9999977350285647,0.9999977672703706,False,2.2649714352951378e-06
Qwen/Qwen3-4B-instruct-2507,5,85,0.9999997615814777,4.139937718785167e-08,0.9999998029808549,True,2.3841852225814364e-07
Qwen/Qwen3-4B-instruct-2507,5,86,2.845329381943118e-08,0.9999974966112362,0.99999752506453,False,2.5033887638414853e-06
Qwen/Qwen3-4B-instruct-2507,5,87,4.139929822488149e-08,0.999997854237364,0.9999978956366622,False,2.145762636018844e-06
Qwen/Qwen3-4B-instruct-2507,5,88,1.955564378838448e-08,0.9999979734461775,0.9999979930018212,False,2.026553822531696e-06
Qwen/Qwen3-4B-instruct-2507,5,89,2.2159447507533765e-08,0.9999988079084972,0.9999988300679447,False,1.1920915028440504e-06
Qwen/Qwen3-4B-instruct-2507,5,90,0.9999998807907247,2.215948977336598e-08,0.9999999029502145,True,1.1920927533992653e-07
Qwen/Qwen3-4B-instruct-2507,5,91,1.3440384315611926e-08,0.9999985694905718,0.9999985829309561,False,1.430509428246296e-06
Qwen/Qwen3-4B-instruct-2507,5,92,2.5109943663977427e-08,0.9999985694905718,0.9999985946005154,False,1.430509428246296e-06
Qwen/Qwen3-4B-instruct-2507,5,93,2.845329381943118e-08,0.999998927117538,0.9999989555708318,False,1.0728824619832267e-06
Qwen/Qwen3-4B-instruct-2507,5,94,2.845329381943118e-08,0.9999985694905718,0.9999985979438656,False,1.430509428246296e-06
Qwen/Qwen3-4B-instruct-2507,5,95,0.9999997615814777,2.8453348089834e-08,0.9999997900348259,True,2.3841852225814364e-07
Qwen/Qwen3-4B-instruct-2507,5,96,2.845329381943118e-08,0.9999971389852362,0.9999971674385301,False,2.861014763766434e-06
Qwen/Qwen3-4B-instruct-2507,5,97,1.7257827987960214e-08,0.9999994039539004,0.9999994212117284,False,5.960460995879657e-07
Qwen/Qwen3-4B-instruct-2507,5,98,2.845329381943118e-08,0.9999979734461775,0.9999980018994713,False,2.026553822531696e-06
Qwen/Qwen3-4B-instruct-2507,5,99,5.315775115378354e-08,0.999997854237364,0.9999979073951152,False,2.145762636018844e-06
Qwen/Qwen3-4B-instruct-2507,5,100,0.9999998807907247,2.215948977336598e-08,0.9999999029502145,True,1.1920927533992653e-07
Qwen/Qwen3-4B-instruct-2507,5,101,8.31525547079287e-07,0.9999958276922101,0.9999966592177572,False,4.172307789929164e-06
Qwen/Qwen3-4B-instruct-2507,5,102,0.00033534875496912006,0.9996604880359932,0.9999958367909623,False,0.00033951196400683337
Qwen/Qwen3-4B-instruct-2507,5,103,4.785085448130728e-06,0.9999929667012066,0.9999977517866547,False,7.033298793368559e-06
Qwen/Qwen3-4B-instruct-2507,5,104,1.3007086775440182e-05,0.9999833109787883,0.9999963180655638,False,1.6689021211657717e-05
Qwen/Qwen3-4B-instruct-2507,5,105,0.9999997615814777,4.691164021834418e-08,0.999999808493118,True,2.3841852225814364e-07
Qwen/Qwen3-4B-instruct-2507,5,106,0.00020342568412592353,0.9997903548262453,0.9999937805103712,False,0.00020964517375465785
Qwen/Qwen3-4B-instruct-2507,5,107,4.222823086577989e-06,0.9999934435319415,0.9999976663550281,False,6.556468058471765e-06
Qwen/Qwen3-4B-instruct-2507,5,108,3.726621186095193e-06,0.9999915362117302,0.9999952628329163,False,8.463788269796879e-06
Qwen/Qwen3-4B-instruct-2507,5,109,3.5356118376279385e-05,0.9999612584807916,0.9999966145991679,False,3.874151920835178e-05
Qwen/Qwen3-4B-instruct-2507,5,110,0.9999997615814777,3.6534822137210456e-08,0.9999997981162999,True,2.3841852225814364e-07
Qwen/Qwen3-4B-instruct-2507,5,111,3.65346130838794e-08,0.999995112442896,0.9999951489775091,False,4.887557104038542e-06
Qwen/Qwen3-4B-instruct-2507,5,112,6.023539370819118e-08,0.9999936819476216,0.9999937421830153,False,6.318052378384564e-06
Qwen/Qwen3-4B-instruct-2507,5,113,2.845329381943118e-08,0.9999979734461775,0.9999980018994713,False,2.026553822531696e-06
Qwen/Qwen3-4B-instruct-2507,5,114,9.931156427728716e-08,0.9999957084838798,0.9999958077954441,False,4.291516120247252e-06
Qwen/Qwen3-4B-instruct-2507,5,115,0.9999997615814777,4.691164021834418e-08,0.999999808493118,True,2.3841852225814364e-07
Qwen/Qwen3-4B-instruct-2507,5,116,6.023539370819118e-08,0.999995112442896,0.9999951726782896,False,4.887557104038542e-06
Qwen/Qwen3-4B-instruct-2507,5,117,5.315764976351624e-08,0.9999961853172863,0.999996238474936,False,3.8146827137097716e-06
Qwen/Qwen3-4B-instruct-2507,5,118,6.023539370819118e-08,0.999995112442896,0.9999951726782896,False,4.887557104038542e-06
Qwen/Qwen3-4B-instruct-2507,5,119,5.315764976351624e-08,0.9999961853172863,0.999996238474936,False,3.8146827137097716e-06
Qwen/Qwen3-4B-instruct-2507,5,120,0.9999997615814777,2.8453348089834e-08,0.9999997900348259,True,2.3841852225814364e-07
Qwen/Qwen3-4B-instruct-2507,5,121,3.6534682768190175e-08,0.9999965429424904,0.9999965794771731,False,3.457057509592687e-06
Qwen/Qwen3-4B-instruct-2507,5,122,3.224180587614433e-08,0.9999971389852362,0.9999971712270421,False,2.861014763766434e-06
Qwen/Qwen3-4B-instruct-2507,5,123,6.825577338773997e-08,0.9999965429424904,0.9999966111982638,False,3.457057509592687e-06
Qwen/Qwen3-4B-instruct-2507,5,124,2.845329381943118e-08,0.9999971389852362,0.9999971674385301,False,2.861014763766434e-06
Qwen/Qwen3-4B-instruct-2507,5,125,0.9999997615814777,2.510999155743982e-08,0.9999997866914693,True,2.3841852225814364e-07
Qwen/Qwen3-4B-instruct-2507,5,126,5.3157548373442334e-08,0.9999936819476216,0.99999373510517,False,6.318052378384564e-06
Qwen/Qwen3-4B-instruct-2507,5,127,2.845329381943118e-08,0.9999979734461775,0.9999980018994713,False,2.026553822531696e-06
Qwen/Qwen3-4B-instruct-2507,5,128,2.5109943663977427e-08,0.9999971389852362,0.9999971640951799,False,2.861014763766434e-06
Qwen/Qwen3-4B-instruct-2507,5,129,4.691146126497983e-08,0.9999970197767496,0.9999970666882109,False,2.980223250403924e-06
Qwen/Qwen3-4B-instruct-2507,5,130,0.9999997615814777,3.6534822137210456e-08,0.9999997981162999,True,2.3841852225814364e-07
Qwen/Qwen3-4B-instruct-2507,5,131,4.139929822488149e-08,0.999997854237364,0.9999978956366622,False,2.145762636018844e-06
Qwen/Qwen3-4B-instruct-2507,5,132,5.315764976351624e-08,0.9999965429424904,0.9999965961001401,False,3.457057509592687e-06
Qwen/Qwen3-4B-instruct-2507,5,133,6.023550859819657e-08,0.9999970197767496,0.9999970800122582,False,2.980223250403924e-06
Qwen/Qwen3-4B-instruct-2507,5,134,4.139929822488149e-08,0.9999973774024795,0.9999974188017777,False,2.6225975204852148e-06
Qwen/Qwen3-4B-instruct-2507,5,135,0.9999997615814777,5.3157852544244216e-08,0.9999998147393303,True,2.3841852225814364e-07
Qwen/Qwen3-4B-instruct-2507,5,136,4.691146126497983e-08,0.9999961853172863,0.9999962322287476,False,3.8146827137097716e-06
Qwen/Qwen3-4B-instruct-2507,5,137,4.139929822488149e-08,0.999997854237364,0.9999978956366622,False,2.145762636018844e-06
Qwen/Qwen3-4B-instruct-2507,5,138,6.023539370819118e-08,0.999995112442896,0.9999951726782896,False,4.887557104038542e-06
Qwen/Qwen3-4B-instruct-2507,5,139,5.315775115378354e-08,0.9999976158197796,0.9999976689775308,False,2.3841802203605766e-06
Qwen/Qwen3-4B-instruct-2507,5,140,0.9999997615814777,2.510999155743982e-08,0.9999997866914693,True,2.3841852225814364e-07
Qwen/Qwen3-4B-instruct-2507,5,141,5.315775115378354e-08,0.999997854237364,0.9999979073951152,False,2.145762636018844e-06
Qwen/Qwen3-4B-instruct-2507,5,142,4.691146126497983e-08,0.9999965429424904,0.9999965898539517,False,3.457057509592687e-06
Qwen/Qwen3-4B-instruct-2507,5,143,4.691146126497983e-08,0.9999961853172863,0.9999962322287476,False,3.8146827137097716e-06
Qwen/Qwen3-4B-instruct-2507,5,144,4.139921926206193e-08,0.9999961853172863,0.9999962267165056,False,3.8146827137097716e-06
Qwen/Qwen3-4B-instruct-2507,5,145,0.9999997615814777,3.6534822137210456e-08,0.9999997981162999,True,2.3841852225814364e-07
Qwen/Qwen3-4B-instruct-2507,5,146,5.315764976351624e-08,0.9999970197767496,0.9999970729343993,False,2.980223250403924e-06
Qwen/Qwen3-4B-instruct-2507,5,147,6.023550859819657e-08,0.9999961853172863,0.9999962455527949,False,3.8146827137097716e-06
Qwen/Qwen3-4B-instruct-2507,5,148,4.139921926206193e-08,0.9999970197767496,0.9999970611759689,False,2.980223250403924e-06
Qwen/Qwen3-4B-instruct-2507,5,149,5.315775115378354e-08,0.9999973774024795,0.9999974305602307,False,2.6225975204852148e-06
Qwen/Qwen3-4B-instruct-2507,5,150,0.9999998807907247,1.9555681087850496e-08,0.9999999003464057,True,1.1920927533992653e-07
Qwen/Qwen3-4B-instruct-2507,5,151,0.0005527777358179716,0.9994453885120366,0.9999981662478545,False,0.0005546114879634301
Qwen/Qwen3-4B-instruct-2507,5,152,0.00026118930123256916,0.9997344722354619,0.9999956615366944,False,0.00026552776453814264
Qwen/Qwen3-4B-instruct-2507,5,153,0.00012339426962008568,0.9998740116489376,0.9999974059185577,False,0.00012598835106236717
Qwen/Qwen3-4B-instruct-2507,5,154,1.0129958348192378e-05,0.9999861719135179,0.9999963018718661,False,1.3828086482092772e-05
Qwen/Qwen3-4B-instruct-2507,5,155,0.9999997615814777,2.215948977336598e-08,0.9999997837409675,True,2.3841852225814364e-07
Qwen/Qwen3-4B-instruct-2507,5,156,0.0001584354856179393,0.9998368291114251,0.999995264597043,False,0.0001631708885748706
Qwen/Qwen3-4B-instruct-2507,5,157,4.539776497674872e-05,0.9999519609634618,0.9999973587284385,False,4.8039036538161106e-05
Qwen/Qwen3-4B-instruct-2507,5,158,5.829110581553952e-05,0.9999390877636344,0.99999737886945,False,6.091223636561782e-05
Qwen/Qwen3-4B-instruct-2507,5,159,0.002472613592336913,0.9975236142511427,0.9999962278434795,False,0.002476385748857335
Qwen/Qwen3-4B-instruct-2507,5,160,0.9999997615814777,3.2241867372567335e-08,0.9999997938233451,True,2.3841852225814364e-07
Qwen/Qwen3-4B-instruct-2507,5,161,7.734392402719739e-08,0.9999961853172863,0.9999962626612103,False,3.8146827137097716e-06
Qwen/Qwen3-4B-instruct-2507,5,162,4.691137178855366e-08,0.999995112442896,0.9999951593542677,False,4.887557104038542e-06
Qwen/Qwen3-4B-instruct-2507,5,163,6.023550859819657e-08,0.9999965429424904,0.999996603177999,False,3.457057509592687e-06
Qwen/Qwen3-4B-instruct-2507,5,164,5.315764976351624e-08,0.9999961853172863,0.999996238474936,False,3.8146827137097716e-06
Qwen/Qwen3-4B-instruct-2507,5,165,0.9999992847447459,1.275189375371399e-07,0.9999994122636834,True,7.152552541356272e-07
Qwen/Qwen3-4B-instruct-2507,5,166,4.691146126497983e-08,0.9999957084838798,0.999995755395341,False,4.291516120247252e-06
Qwen/Qwen3-4B-instruct-2507,5,167,4.691146126497983e-08,0.9999965429424904,0.9999965898539517,False,3.457057509592687e-06
Qwen/Qwen3-4B-instruct-2507,5,168,8.764181353791273e-08,0.9999920130413283,0.9999921006831419,False,7.98695867165744e-06
Qwen/Qwen3-4B-instruct-2507,5,169,2.8453239549131867e-08,0.9999966621509202,0.9999966906041597,False,3.337849079798616e-06
Qwen/Qwen3-4B-instruct-2507,5,170,0.9999997615814777,2.8453348089834e-08,0.9999997900348259,True,2.3841852225814364e-07
Qwen/Qwen3-4B-instruct-2507,5,171,8.76423150298272e-08,0.9999973774024795,0.9999974650447946,False,2.6225975204852148e-06
Qwen/Qwen3-4B-instruct-2507,5,172,1.1253453078966649e-07,0.999994397195003,0.9999945097295339,False,5.602804996951427e-06
Qwen/Qwen3-4B-instruct-2507,5,173,4.691155074157667e-08,0.9999976158197796,0.9999976627313304,False,2.3841802203605766e-06
Qwen/Qwen3-4B-instruct-2507,5,174,6.825577338773997e-08,0.9999961853172863,0.9999962535730597,False,3.8146827137097716e-06
Qwen/Qwen3-4B-instruct-2507,5,175,0.9999997615814777,2.510999155743982e-08,0.9999997866914693,True,2.3841852225814364e-07
Qwen/Qwen3-4B-instruct-2507,5,176,6.825564320030807e-08,0.9999945164027223,0.9999945846583655,False,5.483597277700092e-06
Qwen/Qwen3-4B-instruct-2507,5,177,6.825577338773997e-08,0.9999970197767496,0.999997088032523,False,2.980223250403924e-06
Qwen/Qwen3-4B-instruct-2507,5,178,5.315764976351624e-08,0.9999970197767496,0.9999970729343993,False,2.980223250403924e-06
Qwen/Qwen3-4B-instruct-2507,5,179,6.023550859819657e-08,0.9999970197767496,0.9999970800122582,False,2.980223250403924e-06
Qwen/Qwen3-4B-instruct-2507,5,180,0.9999997615814777,4.691164021834418e-08,0.999999808493118,True,2.3841852225814364e-07
Qwen/Qwen3-4B-instruct-2507,5,181,4.139929822488149e-08,0.9999976158197796,0.9999976572190779,False,2.3841802203605766e-06
Qwen/Qwen3-4B-instruct-2507,5,182,6.023550859819657e-08,0.9999957084838798,0.9999957687193883,False,4.291516120247252e-06
Qwen/Qwen3-4B-instruct-2507,5,183,7.734392402719739e-08,0.9999970197767496,0.9999970971206736,False,2.980223250403924e-06
Qwen/Qwen3-4B-instruct-2507,5,184,6.825577338773997e-08,0.9999965429424904,0.9999966111982638,False,3.457057509592687e-06
Qwen/Qwen3-4B-instruct-2507,5,185,0.9999997615814777,3.6534822137210456e-08,0.9999997981162999,True,2.3841852225814364e-07
Qwen/Qwen3-4B-instruct-2507,5,186,6.825577338773997e-08,0.9999957084838798,0.9999957767396531,False,4.291516120247252e-06
Qwen/Qwen3-4B-instruct-2507,5,187,4.691146126497983e-08,0.9999970197767496,0.9999970666882109,False,2.980223250403924e-06
Qwen/Qwen3-4B-instruct-2507,5,188,4.139921926206193e-08,0.9999965429424904,0.9999965843417097,False,3.457057509592687e-06
Qwen/Qwen3-4B-instruct-2507,5,189,7.734392402719739e-08,0.9999957084838798,0.9999957858278038,False,4.291516120247252e-06
Qwen/Qwen3-4B-instruct-2507,5,190,0.9999997615814777,2.8453348089834e-08,0.9999997900348259,True,2.3841852225814364e-07
Qwen/Qwen3-4B-instruct-2507,5,191,4.691155074157667e-08,0.9999976158197796,0.9999976627313304,False,2.3841802203605766e-06
Qwen/Qwen3-4B-instruct-2507,5,192,5.3157548373442334e-08,0.999995112442896,0.9999951656004443,False,4.887557104038542e-06
Qwen/Qwen3-4B-instruct-2507,5,193,5.315775115378354e-08,0.9999976158197796,0.9999976689775308,False,2.3841802203605766e-06
Qwen/Qwen3-4B-instruct-2507,5,194,4.691146126497983e-08,0.9999970197767496,0.9999970666882109,False,2.980223250403924e-06
Qwen/Qwen3-4B-instruct-2507,5,195,0.9999997615814777,2.8453348089834e-08,0.9999997900348259,True,2.3841852225814364e-07
Qwen/Qwen3-4B-instruct-2507,5,196,6.825564320030807e-08,0.9999936819476216,0.9999937502032649,False,6.318052378384564e-06
Qwen/Qwen3-4B-instruct-2507,5,197,4.139929822488149e-08,0.9999984502816872,0.9999984916809854,False,1.5497183127877179e-06
Qwen/Qwen3-4B-instruct-2507,5,198,9.931156427728716e-08,0.9999961853172863,0.9999962846288506,False,3.8146827137097716e-06
Qwen/Qwen3-4B-instruct-2507,5,199,6.825590357542018e-08,0.9999980926550052,0.9999981609109088,False,1.907344994833693e-06
Qwen/Qwen3-4B-instruct-2507,5,200,0.9999998807907247,2.510999155743982e-08,0.9999999059007162,True,1.1920927533992653e-07
Qwen/Qwen3-4B-instruct-2507,7,1,2.1024278372789506e-07,0.9999972581939645,0.9999974684367482,False,2.741806035544414e-06
Qwen/Qwen3-4B-instruct-2507,7,2,2.2159405241782167e-08,0.9999966621509202,0.9999966843103254,False,3.337849079798616e-06
Qwen/Qwen3-4B-instruct-2507,7,3,6.825590357542018e-08,0.9999976158197796,0.9999976840756832,False,2.3841802203605766e-06
Qwen/Qwen3-4B-instruct-2507,7,4,5.315764976351624e-08,0.9999964237340748,0.9999964768917246,False,3.5762659251759032e-06
Qwen/Qwen3-4B-instruct-2507,7,5,3.6534752452633856e-08,0.9999984502816872,0.9999984868164397,False,1.5497183127877179e-06
Qwen/Qwen3-4B-instruct-2507,7,6,3.224180587614433e-08,0.9999972581939645,0.9999972904357703,False,2.741806035544414e-06
Qwen/Qwen3-4B-instruct-2507,7,7,0.9999995231630692,2.382369667501818e-07,0.9999997614000359,True,4.7683693082944956e-07
Qwen/Qwen3-4B-instruct-2507,7,8,2.5109895770606383e-08,0.9999970197767496,0.9999970448866453,False,2.980223250403924e-06
Qwen/Qwen3-4B-instruct-2507,7,9,1.0467401794744658e-08,0.9999992847447459,0.9999992952121477,False,7.152552541356272e-07
Qwen/Qwen3-4B-instruct-2507,7,10,1.18610975280741e-08,0.9999974966112362,0.9999975084723337,False,2.5033887638414853e-06
Qwen/Qwen3-4B-instruct-2507,7,11,1.7257795071296986e-08,0.9999977350285647,0.9999977522863598,False,2.2649714352951378e-06
Qwen/Qwen3-4B-instruct-2507,7,12,7.19411930861867e-09,0.9999982118638471,0.9999982190579664,False,1.7881361529248352e-06
Qwen/Qwen3-4B-instruct-2507,7,13,2.2159447507533765e-08,0.9999977350285647,0.9999977571880122,False,2.2649714352951378e-06
Qwen/Qwen3-4B-instruct-2507,7,14,0.9999997615814777,3.2241867372567335e-08,0.9999997938233451,True,2.3841852225814364e-07
Qwen/Qwen3-4B-instruct-2507,7,15,8.152005165739432e-09,0.9999984502816872,0.9999984584336924,False,1.5497183127877179e-06
Qwen/Qwen3-4B-instruct-2507,7,16,7.19411930861867e-09,0.9999982118638471,0.9999982190579664,False,1.7881361529248352e-06
Qwen/Qwen3-4B-instruct-2507,7,17,1.955564378838448e-08,0.9999977350285647,0.9999977545842085,False,2.2649714352951378e-06
Qwen/Qwen3-4B-instruct-2507,7,18,9.237432042950414e-09,0.9999977350285647,0.9999977442659967,False,2.2649714352951378e-06
Qwen/Qwen3-4B-instruct-2507,7,19,2.845329381943118e-08,0.9999973774024795,0.9999974058557733,False,2.6225975204852148e-06
Qwen/Qwen3-4B-instruct-2507,7,20,1.955560648898961e-08,0.9999958276922101,0.9999958472478165,False,4.172307789929164e-06
Qwen/Qwen3-4B-instruct-2507,7,21,0.9999997615814777,2.215948977336598e-08,0.9999997837409675,True,2.3841852225814364e-07
Qwen/Qwen3-4B-instruct-2507,7,22,1.7257795071296986e-08,0.9999971389852362,0.9999971562430313,False,2.861014763766434e-06
Qwen/Qwen3-4B-instruct-2507,7,23,2.5109895770606383e-08,0.9999966621509202,0.9999966872608159,False,3.337849079798616e-06
Qwen/Qwen3-4B-instruct-2507,7,24,6.348788006680007e-09,0.9999977350285647,0.9999977413773528,False,2.2649714352951378e-06
Qwen/Qwen3-4B-instruct-2507,7,25,1.0467381829779195e-08,0.9999971389852362,0.9999971494526181,False,2.861014763766434e-06
Qwen/Qwen3-4B-instruct-2507,7,26,4.139914029939298e-08,0.9999935627400018,0.9999936041391422,False,6.4372599981599166e-06
Qwen/Qwen3-4B-instruct-2507,7,27,1.7257762154696544e-08,0.9999952316511552,0.9999952489089173,False,4.768348844774728e-06
Qwen/Qwen3-4B-instruct-2507,7,28,0.9999997615814777,2.215948977336598e-08,0.9999997837409675,True,2.3841852225814364e-07
Qwen/Qwen3-4B-instruct-2507,7,29,2.5109895770606383e-08,0.9999965429424904,0.9999965680523861,False,3.457057509592687e-06
Qwen/Qwen3-4B-instruct-2507,7,30,2.2159405241782167e-08,0.9999963045256735,0.9999963266850787,False,3.695474326548265e-06
Qwen/Qwen3-4B-instruct-2507,7,31,8.764198070156538e-08,0.9999949932351057,0.9999950808770863,False,5.006764894344151e-06
Qwen/Qwen3-4B-instruct-2507,7,32,2.510984787732669e-08,0.9999945164027223,0.9999945415125702,False,5.483597277700092e-06
Qwen/Qwen3-4B-instruct-2507,7,33,6.825564320030807e-08,0.9999935627400018,0.9999936309956451,False,6.4372599981599166e-06
Qwen/Qwen3-4B-instruct-2507,7,34,7.734377650551034e-08,0.9999949932351057,0.9999950705788822,False,5.006764894344151e-06
Qwen/Qwen3-4B-instruct-2507,7,35,0.9999997615814777,1.7257827987960214e-08,0.9999997788393057,True,2.3841852225814364e-07
Qwen/Qwen3-4B-instruct-2507,7,36,1.3440358680137724e-08,0.9999963045256735,0.9999963179660322,False,3.695474326548265e-06
Qwen/Qwen3-4B-instruct-2507,7,37,8.764181353791273e-08,0.9999928474936721,0.9999929351354857,False,7.152506327878783e-06
Qwen/Qwen3-4B-instruct-2507,7,38,3.466287743919842e-07,0.9999880792130387,0.999988425841813,False,1.1920786961328034e-05
Qwen/Qwen3-4B-instruct-2507,7,39,0.022976058153067004,0.9769668909793678,0.9999429491324349,False,0.02303310902063216
Qwen/Qwen3-4B-instruct-2507,7,40,5.3157548373442334e-08,0.999994397195003,0.9999944503525514,False,5.602804996951427e-06
Qwen/Qwen3-4B-instruct-2507,7,41,6.023550859819657e-08,0.9999969005680498,0.9999969608035584,False,3.0994319502042345e-06
Qwen/Qwen3-4B-instruct-2507,7,42,0.9999998807907247,1.522997974471263e-08,0.9999998960207044,True,1.1920927533992653e-07
Qwen/Qwen3-4B-instruct-2507,7,43,1.8553825154416246e-07,0.9999948740268748,0.9999950595651264,False,5.125973125186256e-06
Qwen/Qwen3-4B-instruct-2507,7,44,8.764198070156538e-08,0.9999935627400018,0.9999936503819825,False,6.4372599981599166e-06
Qwen/Qwen3-4B-instruct-2507,7,45,1.3440384315611926e-08,0.9999974966112362,0.9999975100516205,False,2.5033887638414853e-06
Qwen/Qwen3-4B-instruct-2507,7,46,6.02352788184049e-08,0.9999928474936721,0.9999929077289509,False,7.152506327878783e-06
Qwen/Qwen3-4B-instruct-2507,7,47,5.315764976351624e-08,0.9999957084838798,0.9999957616415295,False,4.291516120247252e-06
Qwen/Qwen3-4B-instruct-2507,7,48,1.1861074904847522e-08,0.9999966621509202,0.9999966740119951,False,3.337849079798616e-06
Qwen/Qwen3-4B-instruct-2507,7,49,0.9999997615814777,1.186112015134383e-08,0.9999997734425979,True,2.3841852225814364e-07
Qwen/Qwen3-4B-instruct-2507,7,50,1.275184510919254e-07,0.999995112442896,0.9999952399613471,False,4.887557104038542e-06
Qwen/Qwen3-4B-instruct-2507,7,51,9.931137485569145e-08,0.9999949932351057,0.9999950925464806,False,5.006764894344151e-06
Qwen/Qwen3-4B-instruct-2507,7,52,4.450776097128312e-07,0.9999827149515604,0.9999831600291702,False,1.7285048439563688e-05
Qwen/Qwen3-4B-instruct-2507,7,53,5.315764976351624e-08,0.9999960661089133,0.9999961192665631,False,3.933891086660424e-06
Qwen/Qwen3-4B-instruct-2507,7,54,1.7257762154696544e-08,0.9999963045256735,0.9999963217834356,False,3.695474326548265e-06
Qwen/Qwen3-4B-instruct-2507,7,55,4.139914029939298e-08,0.9999945164027223,0.9999945578018626,False,5.483597277700092e-06
Qwen/Qwen3-4B-instruct-2507,7,56,0.9999997615814777,1.9555681087850496e-08,0.9999997811371588,True,2.3841852225814364e-07
Qwen/Qwen3-4B-instruct-2507,7,57,1.7603144153009008e-06,0.9999814036965474,0.9999831640109628,False,1.8596303452578233e-05
Qwen/Qwen3-4B-instruct-2507,7,58,7.734348146298033e-08,0.9999908209686689,0.9999908983121504,False,9.179031331130183e-06
Qwen/Qwen3-4B-instruct-2507,7,59,1.1253431614728773e-07,0.9999918938339075,0.9999920063682237,False,8.106166092480827e-06
Qwen/Qwen3-4B-instruct-2507,7,60,2.8453185278936072e-08,0.9999936819476216,0.9999937104008069,False,6.318052378384564e-06
Qwen/Qwen3-4B-instruct-2507,7,61,8.764198070156538e-08,0.9999949932351057,0.9999950808770863,False,5.006764894344151e-06
Qwen/Qwen3-4B-instruct-2507,7,62,4.450793075524103e-07,0.9999864103261001,0.9999868554054077,False,1.3589673899860877e-05
Qwen/Qwen3-4B-instruct-2507,7,63,0.9999997615814777,1.9555681087850496e-08,0.9999997811371588,True,2.3841852225814364e-07
Qwen/Qwen3-4B-instruct-2507,7,64,2.2159362976111183e-08,0.9999938011552557,0.9999938233146187,False,6.198844744287335e-06
Qwen/Qwen3-4B-instruct-2507,7,65,1.3709342450882239e-06,0.9999817613105537,0.9999831322447988,False,1.8238689446281597e-05
Qwen/Qwen3-4B-instruct-2507,7,66,1.637359953911235e-07,0.9999895096921129,0.9999896734281083,False,1.0490307887134342e-05
Qwen/Qwen3-4B-instruct-2507,7,67,1.27518207870014e-07,0.9999935627400018,0.9999936902582097,False,6.4372599981599166e-06
Qwen/Qwen3-4B-instruct-2507,7,68,6.825551301312449e-08,0.9999918938339075,0.9999919620894205,False,8.106166092480827e-06
Qwen/Qwen3-4B-instruct-2507,7,69,5.714936883576678e-07,0.9999878408000585,0.9999884122937469,False,1.215919994146386e-05
Qwen/Qwen3-4B-instruct-2507,7,70,0.9999997615814777,2.8453348089834e-08,0.9999997900348259,True,2.3841852225814364e-07
Qwen/Qwen3-4B-instruct-2507,7,71,4.5397461914982933e-05,0.9999455243228242,0.9999909217847393,False,5.4475677175758186e-05
Qwen/Qwen3-4B-instruct-2507,7,72,4.78506719451317e-06,0.9999897481064004,0.9999945331735949,False,1.0251893599599882e-05
Qwen/Qwen3-4B-instruct-2507,7,73,0.00015843488123567828,0.9998334923544098,0.9999919272356455,False,0.00016650764559023035
Qwen/Qwen3-4B-instruct-2507,7,74,0.0005527714098150174,0.9994340763155742,0.9999868477253893,False,0.000565923684425762
Qwen/Qwen3-4B-instruct-2507,7,75,1.760332881830875e-06,0.9999920130413283,0.9999937733742101,False,7.98695867165744e-06
Qwen/Qwen3-4B-instruct-2507,7,76,5.829027196054636e-05,0.9999249037905161,0.9999831940624767,False,7.509620948387141e-05
Qwen/Qwen3-4B-instruct-2507,7,77,0.9999998807907247,1.522997974471263e-08,0.9999998960207044,True,1.1920927533992653e-07
Qwen/Qwen3-4B-instruct-2507,7,78,0.07585408416119337,0.924092025463757,0.9999461096249503,False,0.07590797453624298
Qwen/Qwen3-4B-instruct-2507,7,79,0.0002611885539650532,0.9997324467414286,0.9999936352953936,False,0.000267553258571418
Qwen/Qwen3-4B-instruct-2507,7,80,4.139914029939298e-08,0.9999936819476216,0.999993723346762,False,6.318052378384564e-06
Qwen/Qwen3-4B-instruct-2507,7,81,3.224174437983862e-08,0.9999958276922101,0.9999958599339545,False,4.172307789929164e-06
Qwen/Qwen3-4B-instruct-2507,7,82,8.764181353791273e-08,0.9999920130413283,0.9999921006831419,False,7.98695867165744e-06
Qwen/Qwen3-4B-instruct-2507,7,83,1.1253431614728773e-07,0.9999918938339075,0.9999920063682237,False,8.106166092480827e-06
Qwen/Qwen3-4B-instruct-2507,7,84,0.9999997615814777,2.510999155743982e-08,0.9999997866914693,True,2.3841852225814364e-07
Qwen/Qwen3-4B-instruct-2507,7,85,4.139906133687463e-08,0.9999929667012066,0.9999930081002679,False,7.033298793368559e-06
Qwen/Qwen3-4B-instruct-2507,7,86,2.3823378596474615e-07,0.9999866487378297,0.9999868869716156,False,1.3351262170280265e-05
Qwen/Qwen3-4B-instruct-2507,7,87,3.466287743919842e-07,0.9999880792130387,0.999988425841813,False,1.1920786961328034e-05
Qwen/Qwen3-4B-instruct-2507,7,88,3.65346130838794e-08,0.999995112442896,0.9999951489775091,False,4.887557104038542e-06
Qwen/Qwen3-4B-instruct-2507,7,89,6.023539370819118e-08,0.9999945164027223,0.999994576638116,False,5.483597277700092e-06
Qwen/Qwen3-4B-instruct-2507,7,90,4.691137178855366e-08,0.9999936819476216,0.9999937288589934,False,6.318052378384564e-06
Qwen/Qwen3-4B-instruct-2507,7,91,0.9999996423722521,3.2241867372567335e-08,0.9999996746141195,True,3.5762774786007867e-07
Qwen/Qwen3-4B-instruct-2507,7,92,5.3157548373442334e-08,0.9999942779868433,0.9999943311443916,False,5.7220131567392585e-06
Qwen/Qwen3-4B-instruct-2507,7,93,1.3006962730785783e-05,0.9999738938465109,0.9999869008092417,False,2.610615348908052e-05
Qwen/Qwen3-4B-instruct-2507,7,94,1.1253453078966649e-07,0.9999949932351057,0.9999951057696365,False,5.006764894344151e-06
Qwen/Qwen3-4B-instruct-2507,7,95,1.1253431614728773e-07,0.9999920130413283,0.9999921255756445,False,7.98695867165744e-06
Qwen/Qwen3-4B-instruct-2507,7,96,6.825551301312449e-08,0.9999920130413283,0.9999920812968414,False,7.98695867165744e-06
Qwen/Qwen3-4B-instruct-2507,7,97,7.734392402719739e-08,0.9999965429424904,0.9999966202864145,False,3.457057509592687e-06
Qwen/Qwen3-4B-instruct-2507,7,98,0.9999997615814777,1.7257827987960214e-08,0.9999997788393057,True,2.3841852225814364e-07
Qwen/Qwen3-4B-instruct-2507,7,99,3.466281132506958e-07,0.9999866487378297,0.9999869953659429,False,1.3351262170280265e-05
Qwen/Qwen3-4B-instruct-2507,7,100,2.1023977620226084e-07,0.9999830725678546,0.9999832828076308,False,1.6927432145430465e-05
Qwen/Qwen3-4B-instruct-2507,7,101,9.931099601358393e-08,0.9999897481064004,0.9999898474173964,False,1.0251893599599882e-05
Qwen/Qwen3-4B-instruct-2507,7,102,5.714800630487805e-07,0.9999638808887751,0.9999644523688381,False,3.611911122491929e-05
Qwen/Qwen3-4B-instruct-2507,7,103,7.734362898410464e-08,0.9999928474936721,0.9999929248373011,False,7.152506327878783e-06
Qwen/Qwen3-4B-instruct-2507,7,104,2.1023877370327672e-07,0.9999781851762466,0.9999783954150203,False,2.1814823753407708e-05
Qwen/Qwen3-4B-instruct-2507,7,105,0.9999997615814777,2.215948977336598e-08,0.9999997837409675,True,2.3841852225814364e-07
Qwen/Qwen3-4B-instruct-2507,7,106,3.927721203762156e-07,0.9999640000901282,0.9999643928622486,False,3.59999098717978e-05
Qwen/Qwen3-4B-instruct-2507,7,107,2.3823446755805012e-07,0.9999895096921129,0.9999897479265805,False,1.0490307887134342e-05
Qwen/Qwen3-4B-instruct-2507,7,108,6.825421115494573e-08,0.9999723442092404,0.9999724124634516,False,2.7655790759584242e-05
Qwen/Qwen3-4B-instruct-2507,7,109,2.699537311378345e-07,0.9999847414437658,0.999985011397497,False,1.5258556234187814e-05
Qwen/Qwen3-4B-instruct-2507,7,110,8.314906556108061e-07,0.9999537489348336,0.9999545804254892,False,4.6251065166424965e-05
Qwen/Qwen3-4B-instruct-2507,7,111,2.3822856048086717e-07,0.9999643576942727,0.9999645959228332,False,3.564230572727922e-05
Qwen/Qwen3-4B-instruct-2507,7,112,0.9999995231630692,5.3157852544244216e-08,0.9999995763209217,True,4.7683693082944956e-07
Qwen/Qwen3-4B-instruct-2507,7,113,1.855371898888086e-07,0.9999895096921129,0.9999896952293027,False,1.0490307887134342e-05
Qwen/Qwen3-4B-instruct-2507,7,114,2.561166642087953e-06,0.9999518417671817,0.9999544029338238,False,4.815823281834053e-05
Qwen/Qwen3-4B-instruct-2507,7,115,1.8553595129857372e-07,0.9999829533624089,0.9999831388983602,False,1.704663759105607e-05
Qwen/Qwen3-4B-instruct-2507,7,116,1.855350665963254e-07,0.9999781851762466,0.9999783707113132,False,2.1814823753407708e-05
Qwen/Qwen3-4B-instruct-2507,7,117,5.42190192074913e-06,0.9999362271009362,0.999941649002857,False,6.377289906378536e-05
Qwen/Qwen3-4B-instruct-2507,7,118,9.422014515911525e-07,0.9999535105382235,0.9999544527396751,False,4.648946177654434e-05
Qwen/Qwen3-4B-instruct-2507,7,119,0.9999994039539004,5.3157852544244216e-08,0.999999457111753,True,5.960460995879657e-07
Qwen/Qwen3-4B-instruct-2507,7,120,4.1398824450223246e-08,0.9999868871505255,0.99998692854935,False,1.3112849474472554e-05
Qwen/Qwen3-4B-instruct-2507,7,121,4.691101388455558e-08,0.9999868871505255,0.9999869340615394,False,1.3112849474472554e-05
Qwen/Qwen3-4B-instruct-2507,7,122,1.2751687015779368e-07,0.9999830725678546,0.9999832000847247,False,1.6927432145430465e-05
Qwen/Qwen3-4B-instruct-2507,7,123,1.1253324294153494e-07,0.9999830725678546,0.9999831851010975,False,1.6927432145430465e-05
Qwen/Qwen3-4B-instruct-2507,7,124,4.6911192836213296e-08,0.9999897481064004,0.9999897950175932,False,1.0251893599599882e-05
Qwen/Qwen3-4B-instruct-2507,7,125,5.315673725981295e-08,0.9999784235841962,0.9999784767409334,False,2.1576415803803428e-05
Qwen/Qwen3-4B-instruct-2507,7,126,0.9999997615814777,2.215948977336598e-08,0.9999997837409675,True,2.3841852225814364e-07
Qwen/Qwen3-4B-instruct-2507,7,127,1.1253410150531838e-07,0.9999897481064004,0.9999898606405019,False,1.0251893599599882e-05
Qwen/Qwen3-4B-instruct-2507,7,128,3.2241559891625255e-08,0.9999897481064004,0.9999897803479603,False,1.0251893599599882e-05
Qwen/Qwen3-4B-instruct-2507,7,129,1.0676734632150038e-06,0.9999712713868034,0.9999723390602666,False,2.8728613196582486e-05
Qwen/Qwen3-4B-instruct-2507,7,130,1.637331847006054e-07,0.9999721058045592,0.9999722695377439,False,2.789419544080296e-05
Qwen/Qwen3-4B-instruct-2507,7,131,3.466281132506958e-07,0.9999865295319578,0.999986876160071,False,1.347046804223151e-05
Qwen/Qwen3-4B-instruct-2507,7,132,1.3708767196048878e-06,0.9999401605169844,0.999941531393704,False,5.9839483015577954e-05
Qwen/Qwen3-4B-instruct-2507,7,133,0.999997854237364,1.8553878237411744e-07,0.9999980397761463,True,2.145762636018844e-06
Qwen/Qwen3-4B-instruct-2507,7,134,2.382317411965346e-07,0.9999781851762466,0.9999784234079878,False,2.1814823753407708e-05
Qwen/Qwen3-4B-instruct-2507,7,135,8.764097772443205e-08,0.9999831917733143,0.999983279414292,False,1.680822668570503e-05
Qwen/Qwen3-4B-instruct-2507,7,136,1.8553400495919595e-07,0.9999721058045592,0.9999722913385641,False,2.789419544080296e-05
Qwen/Qwen3-4B-instruct-2507,7,137,3.058982362924814e-07,0.9999865295319578,0.9999868354301941,False,1.347046804223151e-05
Qwen/Qwen3-4B-instruct-2507,7,138,1.3006367332911505e-05,0.9999287179248457,0.9999417242921786,False,7.128207515427754e-05
Qwen/Qwen3-4B-instruct-2507,7,139,2.102411797088695e-07,0.9999896288992495,0.9999898391404292,False,1.037110075052805e-05
Qwen/Qwen3-4B-instruct-2507,7,140,0.9999997615814777,2.510999155743982e-08,0.9999997866914693,True,2.3841852225814364e-07
Qwen/Qwen3-4B-instruct-2507,7,141,0.04742248252739926,0.9525060060514927,0.9999284885788919,False,0.047493993948507285
Qwen/Qwen3-4B-instruct-2507,7,142,0.73094917110748,0.2689011725917487,0.9998503436992288,False,0.7310988274082513
Qwen/Qwen3-4B-instruct-2507,7,143,0.037314831261891654,0.9623621821968878,0.9996770134587795,False,0.03763781780311215
Qwen/Qwen3-4B-instruct-2507,7,144,5.422067386589378e-06,0.9999669801176596,0.9999724021850462,False,3.301988234039044e-05
Qwen/Qwen3-4B-instruct-2507,7,145,2.753511008128668e-05,0.9999508881865387,0.9999784232966199,False,4.911181346134441e-05
Qwen/Qwen3-4B-instruct-2507,7,146,0.37746162260671146,0.6223290060646696,0.999790628671381,False,0.37767099393533043
Qwen/Qwen3-4B-instruct-2507,7,147,0.9999996423722521,3.6534822137210456e-08,0.9999996789070743,True,3.5762774786007867e-07
Qwen/Qwen3-4B-instruct-2507,7,148,0.00043053185782233183,0.9995110042898191,0.9999415361476415,False,0.0004889957101809062
Qwen/Qwen3-4B-instruct-2507,7,149,5.828966047446582e-05,0.9999140574916894,0.9999723471521639,False,8.594250831062133e-05
Qwen/Qwen3-4B-instruct-2507,7,150,7.734289138129681e-08,0.9999831917733143,0.9999832691162057,False,1.680822668570503e-05
Qwen/Qwen3-4B-instruct-2507,7,151,1.275175998172651e-07,0.9999883176260755,0.9999884451436754,False,1.168237392445981e-05
Qwen/Qwen3-4B-instruct-2507,7,152,1.12532169746017e-07,0.9999723442092404,0.9999724567414101,False,2.7655790759584242e-05
Qwen/Qwen3-4B-instruct-2507,7,153,1.275162621114235e-07,0.9999784235841962,0.9999785511004583,False,2.1576415803803428e-05
Qwen/Qwen3-4B-instruct-2507,7,154,0.9999996423722521,3.2241867372567335e-08,0.9999996746141195,True,3.5762774786007867e-07
Qwen/Qwen3-4B-instruct-2507,7,155,2.699519290082697e-07,0.9999780659713836,0.9999783359233126,False,2.1934028616388268e-05
Qwen/Qwen3-4B-instruct-2507,7,156,0.001500997280878668,0.9983755554927406,0.9998765527736193,False,0.0016244445072594038
Qwen/Qwen3-4B-instruct-2507,7,157,1.444960953670358e-07,0.9999867679437158,0.9999869124398112,False,1.3232056284229188e-05
Qwen/Qwen3-4B-instruct-2507,7,158,1.637341215920838e-07,0.9999781851762466,0.9999783489103682,False,2.1814823753407708e-05
Qwen/Qwen3-4B-instruct-2507,7,159,2.382317411965346e-07,0.9999781851762466,0.9999784234079878,False,2.1814823753407708e-05
Qwen/Qwen3-4B-instruct-2507,7,160,8.764064340127165e-08,0.9999784235841962,0.9999785112248396,False,2.1576415803803428e-05
Qwen/Qwen3-4B-instruct-2507,7,161,0.9999988079084972,7.734407154916583e-08,0.9999988852525687,True,1.1920915028440504e-06
Qwen/Qwen3-4B-instruct-2507,7,162,1.125310965607338e-07,0.9999643576942727,0.9999644702253693,False,3.564230572727922e-05
Qwen/Qwen3-4B-instruct-2507,7,163,8.315049292164037e-07,0.9999715097912857,0.9999723412962149,False,2.8490208714315735e-05
Qwen/Qwen3-4B-instruct-2507,7,164,7.33794926084947e-07,0.9999636424897494,0.9999643762846755,False,3.6357510250550895e-05
Qwen/Qwen3-4B-instruct-2507,7,165,4.222585488585185e-06,0.9999372998439418,0.9999415224294304,False,6.270015605824852e-05
Qwen/Qwen3-4B-instruct-2507,7,166,1.0676653175439955e-06,0.9999634040871428,0.9999644717524603,False,3.659591285720687e-05
Qwen/Qwen3-4B-instruct-2507,7,167,1.637352146389176e-07,0.9999848606494245,0.9999850243846391,False,1.5139350575510413e-05
Qwen/Qwen3-4B-instruct-2507,7,168,0.9999997615814777,2.215948977336598e-08,0.9999997837409675,True,2.3841852225814364e-07
Qwen/Qwen3-4B-instruct-2507,7,169,2.1023596673155222e-07,0.9999643576942727,0.9999645679302395,False,3.564230572727922e-05
Qwen/Qwen3-4B-instruct-2507,7,170,2.3823037802747707e-07,0.9999721058045592,0.9999723440349372,False,2.789419544080296e-05
Qwen/Qwen3-4B-instruct-2507,7,171,2.9021792507931894e-06,0.9999514841747886,0.9999543863540394,False,4.8515825211370434e-05
Qwen/Qwen3-4B-instruct-2507,7,172,1.3006367332911505e-05,0.9999285987313362,0.9999416050986691,False,7.140126866378438e-05
Qwen/Qwen3-4B-instruct-2507,7,173,3.058964859337409e-07,0.9999805692637573,0.9999808751602433,False,1.9430736242664892e-05
Qwen/Qwen3-4B-instruct-2507,7,174,1.7602808402881647e-06,0.9999626888833015,0.9999644491641418,False,3.731111669846854e-05
Qwen/Qwen3-4B-instruct-2507,7,175,0.9999996423722521,3.6534822137210456e-08,0.9999996789070743,True,3.5762774786007867e-07
Qwen/Qwen3-4B-instruct-2507,7,176,4.784816214332732e-06,0.9999367038714213,0.9999414886876357,False,6.329612857869371e-05
Qwen/Qwen3-4B-instruct-2507,7,177,5.42190192074913e-06,0.9999361079065316,0.9999415298084524,False,6.3892093468354e-05
Qwen/Qwen3-4B-instruct-2507,7,178,1.2098325332225825e-06,0.9999711521845835,0.9999723620171168,False,2.884781541645509e-05
Qwen/Qwen3-4B-instruct-2507,7,179,8.315104801291966e-07,0.9999775891557117,0.9999784206661918,False,2.2410844288334175e-05
Qwen/Qwen3-4B-instruct-2507,7,180,5.315673725981295e-08,0.9999784235841962,0.9999784767409334,False,2.1576415803803428e-05
Qwen/Qwen3-4B-instruct-2507,7,181,1.637358392403845e-07,0.9999881984200047,0.999988362155844,False,1.1801579995251998e-05
Qwen/Qwen3-4B-instruct-2507,7,182,0.9999995231630692,3.2241867372567335e-08,0.9999995554049366,True,4.7683693082944956e-07
Qwen/Qwen3-4B-instruct-2507,7,183,2.2602431839015573e-06,0.9999622120822376,0.9999644723254215,False,3.7787917762432954e-05
Qwen/Qwen3-4B-instruct-2507,7,184,6.475766900014682e-07,0.9999716289935482,0.9999722765702382,False,2.8371006451810565e-05
Qwen/Qwen3-4B-instruct-2507,7,185,1.1253345758186671e-07,0.9999849798550975,0.999985092388555,False,1.5020144902511134e-05
Qwen/Qwen3-4B-instruct-2507,7,186,5.4219743114328995e-06,0.9999489810279807,0.9999544030022921,False,5.101897201931216e-05
Qwen/Qwen3-4B-instruct-2507,7,187,3.535419648986087e-05,0.9999061910914088,0.9999415452878986,False,9.380890859123081e-05
Qwen/Qwen3-4B-instruct-2507,7,188,3.058964859337409e-07,0.9999805692637573,0.9999808751602433,False,1.9430736242664892e-05
Qwen/Qwen3-4B-instruct-2507,7,189,0.9999992847447459,5.3157852544244216e-08,0.9999993379025984,True,7.152552541356272e-07
Qwen/Qwen3-4B-instruct-2507,7,190,1.2098233029680806e-06,0.9999632848858607,0.9999644947091637,False,3.6715114139274085e-05
Qwen/Qwen3-4B-instruct-2507,7,191,4.450797320133171e-07,0.9999879600069962,0.9999884050867281,False,1.2039993003809535e-05
Qwen/Qwen3-4B-instruct-2507,7,192,1.6373021791295743e-07,0.9999542257282243,0.9999543894584423,False,4.577427177565596e-05
Qwen/Qwen3-4B-instruct-2507,7,193,4.4507845863181117e-07,0.9999846222381212,0.9999850673165799,False,1.5377761878765384e-05
Qwen/Qwen3-4B-instruct-2507,7,194,5.043351571542074e-07,0.9999749666753994,0.9999754710105566,False,2.503332460057628e-05
Qwen/Qwen3-4B-instruct-2507,7,195,0.004069495588191114,0.9957725468463968,0.999842042434588,False,0.004227453153603178
Qwen/Qwen3-4B-instruct-2507,7,196,0.9999996423722521,4.691164021834418e-08,0.9999996892838924,True,3.5762774786007867e-07
Qwen/Qwen3-4B-instruct-2507,7,197,3.92779611981329e-07,0.9999827149515604,0.9999831077311724,False,1.7285048439563688e-05
Qwen/Qwen3-4B-instruct-2507,7,198,8.939025999286601e-06,0.9999160837028892,0.9999250227288885,False,8.391629711079762e-05
Qwen/Qwen3-4B-instruct-2507,7,199,1.5534646115638898e-06,0.9999768739326302,0.9999784273972419,False,2.312606736976086e-05
Qwen/Qwen3-4B-instruct-2507,7,200,3.7265572149518444e-06,0.9999746090656421,0.999978335622857,False,2.5390934357938377e-05
Qwen/Qwen3-4B-instruct-2507,10,1,1.7257795071296986e-08,0.9999985694905718,0.9999985867483668,False,1.430509428246296e-06
Qwen/Qwen3-4B-instruct-2507,10,2,1.7257795071296986e-08,0.9999979734461775,0.9999979907039726,False,2.026553822531696e-06
Qwen/Qwen3-4B-instruct-2507,10,3,9.237449661970594e-09,0.9999995231630692,0.9999995324005189,False,4.7683693082944956e-07
Qwen/Qwen3-4B-instruct-2507,10,4,9.237449661970594e-09,0.9999992847447459,0.9999992939821956,False,7.152552541356272e-07
Qwen/Qwen3-4B-instruct-2507,10,5,8.152020714470167e-09,0.9999994039539004,0.9999994121059211,False,5.960460995879657e-07
Qwen/Qwen3-4B-instruct-2507,10,6,1.0467381829779195e-08,0.999998927117538,0.9999989375849199,False,1.0728824619832267e-06
Qwen/Qwen3-4B-instruct-2507,10,7,9.237449661970594e-09,0.9999996423722521,0.9999996516097018,False,3.5762774786007867e-07
Qwen/Qwen3-4B-instruct-2507,10,8,9.237449661970594e-09,0.9999991655356624,0.9999991747731121,False,8.344643376290151e-07
Qwen/Qwen3-4B-instruct-2507,10,9,6.34880011604368e-09,0.9999997615814777,0.9999997679302779,False,2.3841852225814364e-07
Qwen/Qwen3-4B-instruct-2507,10,10,0.9999997615814777,6.023573837886479e-08,0.9999998218172161,True,2.3841852225814364e-07
Qwen/Qwen3-4B-instruct-2507,10,11,6.34880011604368e-09,0.9999992847447459,0.999999291093546,False,7.152552541356272e-07
Qwen/Qwen3-4B-instruct-2507,10,12,9.237449661970594e-09,0.9999990463265931,0.9999990555640428,False,9.536734069115482e-07
Qwen/Qwen3-4B-instruct-2507,10,13,5.602796437537268e-09,0.9999995231630692,0.9999995287658656,False,4.7683693082944956e-07
Qwen/Qwen3-4B-instruct-2507,10,14,5.602796437537268e-09,0.9999991655356624,0.9999991711384588,False,8.344643376290151e-07
Qwen/Qwen3-4B-instruct-2507,10,15,5.602796437537268e-09,0.9999995231630692,0.9999995287658656,False,4.7683693082944956e-07
Qwen/Qwen3-4B-instruct-2507,10,16,7.194133030325383e-09,0.9999990463265931,0.9999990535207262,False,9.536734069115482e-07
Qwen/Qwen3-4B-instruct-2507,10,17,5.602796437537268e-09,0.9999996423722521,0.9999996479750486,False,3.5762774786007867e-07
Qwen/Qwen3-4B-instruct-2507,10,18,5.602796437537268e-09,0.9999994039539004,0.9999994095566969,False,5.960460995879657e-07
Qwen/Qwen3-4B-instruct-2507,10,19,6.34880011604368e-09,0.9999996423722521,0.9999996487210523,False,3.5762774786007867e-07
Qwen/Qwen3-4B-instruct-2507,10,20,0.9999997615814777,4.691164021834418e-08,0.999999808493118,True,2.3841852225814364e-07
Qwen/Qwen3-4B-instruct-2507,10,21,5.602796437537268e-09,0.9999994039539004,0.9999994095566969,False,5.960460995879657e-07
Qwen/Qwen3-4B-instruct-2507,10,22,4.944450501938644e-09,0.9999994039539004,0.9999994088983509,False,5.960460995879657e-07
Qwen/Qwen3-4B-instruct-2507,10,23,6.34880011604368e-09,0.9999995231630692,0.9999995295118693,False,4.7683693082944956e-07
Qwen/Qwen3-4B-instruct-2507,10,24,6.34880011604368e-09,0.9999991655356624,0.9999991718844625,False,8.344643376290151e-07
Qwen/Qwen3-4B-instruct-2507,10,25,3.398267819495071e-09,0.9999994039539004,0.9999994073521682,False,5.960460995879657e-07
Qwen/Qwen3-4B-instruct-2507,10,26,4.944450501938644e-09,0.9999991655356624,0.9999991704801129,False,8.344643376290151e-07
Qwen/Qwen3-4B-instruct-2507,10,27,5.602796437537268e-09,0.9999994039539004,0.9999994095566969,False,5.960460995879657e-07
Qwen/Qwen3-4B-instruct-2507,10,28,5.602796437537268e-09,0.9999990463265931,0.9999990519293895,False,9.536734069115482e-07
Qwen/Qwen3-4B-instruct-2507,10,29,5.602796437537268e-09,0.9999996423722521,0.9999996479750486,False,3.5762774786007867e-07
Qwen/Qwen3-4B-instruct-2507,10,30,0.9999998807907247,2.510999155743982e-08,0.9999999059007162,True,1.1920927533992653e-07
Qwen/Qwen3-4B-instruct-2507,10,31,4.363462252943702e-09,0.9999996423722521,0.9999996467357144,False,3.5762774786007867e-07
Qwen/Qwen3-4B-instruct-2507,10,32,5.602796437537268e-09,0.9999990463265931,0.9999990519293895,False,9.536734069115482e-07
Qwen/Qwen3-4B-instruct-2507,10,33,6.34880011604368e-09,0.9999995231630692,0.9999995295118693,False,4.7683693082944956e-07
Qwen/Qwen3-4B-instruct-2507,10,34,5.602796437537268e-09,0.9999994039539004,0.9999994095566969,False,5.960460995879657e-07
Qwen/Qwen3-4B-instruct-2507,10,35,4.363462252943702e-09,0.9999995231630692,0.9999995275265314,False,4.7683693082944956e-07
Qwen/Qwen3-4B-instruct-2507,10,36,7.194133030325383e-09,0.9999990463265931,0.9999990535207262,False,9.536734069115482e-07
Qwen/Qwen3-4B-instruct-2507,10,37,5.602796437537268e-09,0.9999996423722521,0.9999996479750486,False,3.5762774786007867e-07
Qwen/Qwen3-4B-instruct-2507,10,38,7.19411930861867e-09,0.999998927117538,0.9999989343116573,False,1.0728824619832267e-06
Qwen/Qwen3-4B-instruct-2507,10,39,6.34880011604368e-09,0.9999995231630692,0.9999995295118693,False,4.7683693082944956e-07
Qwen/Qwen3-4B-instruct-2507,10,40,0.9999998807907247,1.3440409951135022e-08,0.9999998942311346,True,1.1920927533992653e-07
Qwen/Qwen3-4B-instruct-2507,10,41,5.602796437537268e-09,0.9999995231630692,0.9999995287658656,False,4.7683693082944956e-07
Qwen/Qwen3-4B-instruct-2507,10,42,6.34880011604368e-09,0.9999992847447459,0.999999291093546,False,7.152552541356272e-07
Qwen/Qwen3-4B-instruct-2507,10,43,5.602796437537268e-09,0.9999996423722521,0.9999996479750486,False,3.5762774786007867e-07
Qwen/Qwen3-4B-instruct-2507,10,44,4.944450501938644e-09,0.9999992847447459,0.9999992896891964,False,7.152552541356272e-07
Qwen/Qwen3-4B-instruct-2507,10,45,5.602796437537268e-09,0.9999994039539004,0.9999994095566969,False,5.960460995879657e-07
Qwen/Qwen3-4B-instruct-2507,10,46,8.152005165739432e-09,0.9999988079084972,0.9999988160605023,False,1.1920915028440504e-06
Qwen/Qwen3-4B-instruct-2507,10,47,4.944450501938644e-09,0.9999996423722521,0.9999996473167027,False,3.5762774786007867e-07
Qwen/Qwen3-4B-instruct-2507,10,48,6.348788006680007e-09,0.999998927117538,0.9999989334663261,False,1.0728824619832267e-06
Qwen/Qwen3-4B-instruct-2507,10,49,4.944450501938644e-09,0.9999994039539004,0.9999994088983509,False,5.960460995879657e-07
Qwen/Qwen3-4B-instruct-2507,10,50,0.9999998807907247,1.9555681087850496e-08,0.9999999003464057,True,1.1920927533992653e-07
Qwen/Qwen3-4B-instruct-2507,10,51,4.944450501938644e-09,0.9999996423722521,0.9999996473167027,False,3.5762774786007867e-07
Qwen/Qwen3-4B-instruct-2507,10,52,8.152005165739432e-09,0.9999985694905718,0.9999985776425769,False,1.430509428246296e-06
Qwen/Qwen3-4B-instruct-2507,10,53,4.944450501938644e-09,0.9999995231630692,0.9999995281075197,False,4.7683693082944956e-07
Qwen/Qwen3-4B-instruct-2507,10,54,7.19411930861867e-09,0.999998927117538,0.9999989343116573,False,1.0728824619832267e-06
Qwen/Qwen3-4B-instruct-2507,10,55,7.19411930861867e-09,0.9999988079084972,0.9999988151026165,False,1.1920915028440504e-06
Qwen/Qwen3-4B-instruct-2507,10,56,1.18610975280741e-08,0.9999977350285647,0.9999977468896623,False,2.2649714352951378e-06
Qwen/Qwen3-4B-instruct-2507,10,57,5.602796437537268e-09,0.9999994039539004,0.9999994095566969,False,5.960460995879657e-07
Qwen/Qwen3-4B-instruct-2507,10,58,7.19411930861867e-09,0.9999984502816872,0.9999984574758065,False,1.5497183127877179e-06
Qwen/Qwen3-4B-instruct-2507,10,59,7.194133030325383e-09,0.9999991655356624,0.9999991727297954,False,8.344643376290151e-07
Qwen/Qwen3-4B-instruct-2507,10,60,0.9999998807907247,1.9555681087850496e-08,0.9999999003464057,True,1.1920927533992653e-07
Qwen/Qwen3-4B-instruct-2507,10,61,6.34880011604368e-09,0.9999994039539004,0.9999994103027006,False,5.960460995879657e-07
Qwen/Qwen3-4B-instruct-2507,10,62,9.237432042950414e-09,0.9999985694905718,0.9999985787280038,False,1.430509428246296e-06
Qwen/Qwen3-4B-instruct-2507,10,63,6.34880011604368e-09,0.9999990463265931,0.9999990526753932,False,9.536734069115482e-07
Qwen/Qwen3-4B-instruct-2507,10,64,9.237432042950414e-09,0.9999984502816872,0.9999984595191193,False,1.5497183127877179e-06
Qwen/Qwen3-4B-instruct-2507,10,65,6.34880011604368e-09,0.9999990463265931,0.9999990526753932,False,9.536734069115482e-07
Qwen/Qwen3-4B-instruct-2507,10,66,9.237432042950414e-09,0.9999988079084972,0.9999988171459292,False,1.1920915028440504e-06
Qwen/Qwen3-4B-instruct-2507,10,67,6.34880011604368e-09,0.9999994039539004,0.9999994103027006,False,5.960460995879657e-07
Qwen/Qwen3-4B-instruct-2507,10,68,8.152005165739432e-09,0.9999988079084972,0.9999988160605023,False,1.1920915028440504e-06
Qwen/Qwen3-4B-instruct-2507,10,69,7.194133030325383e-09,0.9999994039539004,0.9999994111480335,False,5.960460995879657e-07
Qwen/Qwen3-4B-instruct-2507,10,70,0.9999997615814777,2.215948977336598e-08,0.9999997837409675,True,2.3841852225814364e-07
Qwen/Qwen3-4B-instruct-2507,10,71,5.602796437537268e-09,0.9999994039539004,0.9999994095566969,False,5.960460995879657e-07
Qwen/Qwen3-4B-instruct-2507,10,72,9.237432042950414e-09,0.9999984502816872,0.9999984595191193,False,1.5497183127877179e-06
Qwen/Qwen3-4B-instruct-2507,10,73,8.152020714470167e-09,0.9999992847447459,0.9999992928967666,False,7.152552541356272e-07
Qwen/Qwen3-4B-instruct-2507,10,74,8.152020714470167e-09,0.9999990463265931,0.9999990544786138,False,9.536734069115482e-07
Qwen/Qwen3-4B-instruct-2507,10,75,8.152005165739432e-09,0.9999982118638471,0.9999982200158523,False,1.7881361529248352e-06
Qwen/Qwen3-4B-instruct-2507,10,76,7.19411930861867e-09,0.9999988079084972,0.9999988151026165,False,1.1920915028440504e-06
Qwen/Qwen3-4B-instruct-2507,10,77,4.944450501938644e-09,0.9999995231630692,0.9999995281075197,False,4.7683693082944956e-07
Qwen/Qwen3-4B-instruct-2507,10,78,7.19411930861867e-09,0.9999988079084972,0.9999988151026165,False,1.1920915028440504e-06
Qwen/Qwen3-4B-instruct-2507,10,79,6.34880011604368e-09,0.9999994039539004,0.9999994103027006,False,5.960460995879657e-07
Qwen/Qwen3-4B-instruct-2507,10,80,0.9999997615814777,3.2241867372567335e-08,0.9999997938233451,True,2.3841852225814364e-07
Qwen/Qwen3-4B-instruct-2507,10,81,8.152005165739432e-09,0.999998927117538,0.9999989352695432,False,1.0728824619832267e-06
Qwen/Qwen3-4B-instruct-2507,10,82,8.152005165739432e-09,0.9999985694905718,0.9999985776425769,False,1.430509428246296e-06
Qwen/Qwen3-4B-instruct-2507,10,83,6.34880011604368e-09,0.9999994039539004,0.9999994103027006,False,5.960460995879657e-07
Qwen/Qwen3-4B-instruct-2507,10,84,8.152005165739432e-09,0.9999984502816872,0.9999984584336924,False,1.5497183127877179e-06
Qwen/Qwen3-4B-instruct-2507,10,85,6.348788006680007e-09,0.999998927117538,0.9999989334663261,False,1.0728824619832267e-06
Qwen/Qwen3-4B-instruct-2507,10,86,7.19411930861867e-09,0.999998927117538,0.9999989343116573,False,1.0728824619832267e-06
Qwen/Qwen3-4B-instruct-2507,10,87,6.34880011604368e-09,0.9999994039539004,0.9999994103027006,False,5.960460995879657e-07
Qwen/Qwen3-4B-instruct-2507,10,88,1.3440384315611926e-08,0.9999979734461775,0.9999979868865618,False,2.026553822531696e-06
Qwen/Qwen3-4B-instruct-2507,10,89,6.34880011604368e-09,0.9999994039539004,0.9999994103027006,False,5.960460995879657e-07
Qwen/Qwen3-4B-instruct-2507,10,90,0.9999998807907247,2.215948977336598e-08,0.9999999029502145,True,1.1920927533992653e-07
Qwen/Qwen3-4B-instruct-2507,10,91,4.944450501938644e-09,0.9999995231630692,0.9999995281075197,False,4.7683693082944956e-07
Qwen/Qwen3-4B-instruct-2507,10,92,1.0467381829779195e-08,0.9999985694905718,0.9999985799579536,False,1.430509428246296e-06
Qwen/Qwen3-4B-instruct-2507,10,93,6.34880011604368e-09,0.9999994039539004,0.9999994103027006,False,5.960460995879657e-07
Qwen/Qwen3-4B-instruct-2507,10,94,8.152020714470167e-09,0.9999992847447459,0.9999992928967666,False,7.152552541356272e-07
Qwen/Qwen3-4B-instruct-2507,10,95,1.5229950695859287e-08,0.9999984502816872,0.999998465511638,False,1.5497183127877179e-06
Qwen/Qwen3-4B-instruct-2507,10,96,1.0467381829779195e-08,0.9999984502816872,0.9999984607490691,False,1.5497183127877179e-06
Qwen/Qwen3-4B-instruct-2507,10,97,7.194133030325383e-09,0.9999995231630692,0.9999995303572022,False,4.7683693082944956e-07
Qwen/Qwen3-4B-instruct-2507,10,98,7.19411930861867e-09,0.999998927117538,0.9999989343116573,False,1.0728824619832267e-06
Qwen/Qwen3-4B-instruct-2507,10,99,9.237432042950414e-09,0.999998927117538,0.9999989363549701,False,1.0728824619832267e-06
Qwen/Qwen3-4B-instruct-2507,10,100,0.9999997615814777,2.8453348089834e-08,0.9999997900348259,True,2.3841852225814364e-07
Qwen/Qwen3-4B-instruct-2507,10,101,1.955564378838448e-08,0.9999974966112362,0.9999975161668799,False,2.5033887638414853e-06
Qwen/Qwen3-4B-instruct-2507,10,102,2.1024238272199137e-07,0.9999949932351057,0.9999952034774884,False,5.006764894344151e-06
Qwen/Qwen3-4B-instruct-2507,10,103,2.5109943663977427e-08,0.9999985694905718,0.9999985946005154,False,1.430509428246296e-06
Qwen/Qwen3-4B-instruct-2507,10,104,5.315764976351624e-08,0.9999961853172863,0.999996238474936,False,3.8146827137097716e-06
Qwen/Qwen3-4B-instruct-2507,10,105,2.845329381943118e-08,0.9999971389852362,0.9999971674385301,False,2.861014763766434e-06
Qwen/Qwen3-4B-instruct-2507,10,106,6.023550859819657e-08,0.9999961853172863,0.9999962455527949,False,3.8146827137097716e-06
Qwen/Qwen3-4B-instruct-2507,10,107,2.510999155743982e-08,0.9999990463265931,0.9999990714365846,False,9.536734069115482e-07
Qwen/Qwen3-4B-instruct-2507,10,108,6.825564320030807e-08,0.999995112442896,0.9999951806985392,False,4.887557104038542e-06
Qwen/Qwen3-4B-instruct-2507,10,109,4.139929822488149e-08,0.9999976158197796,0.9999976572190779,False,2.3841802203605766e-06
Qwen/Qwen3-4B-instruct-2507,10,110,0.9999997615814777,2.215948977336598e-08,0.9999997837409675,True,2.3841852225814364e-07
Qwen/Qwen3-4B-instruct-2507,10,111,7.19411930861867e-09,0.9999982118638471,0.9999982190579664,False,1.7881361529248352e-06
Qwen/Qwen3-4B-instruct-2507,10,112,1.18610975280741e-08,0.9999971389852362,0.9999971508463338,False,2.861014763766434e-06
Qwen/Qwen3-4B-instruct-2507,10,113,6.34880011604368e-09,0.9999991655356624,0.9999991718844625,False,8.344643376290151e-07
Qwen/Qwen3-4B-instruct-2507,10,114,1.0467381829779195e-08,0.9999982118638471,0.9999982223312289,False,1.7881361529248352e-06
Qwen/Qwen3-4B-instruct-2507,10,115,1.18610975280741e-08,0.9999982118638471,0.9999982237249446,False,1.7881361529248352e-06
Qwen/Qwen3-4B-instruct-2507,10,116,1.18610975280741e-08,0.9999979734461775,0.999997985307275,False,2.026553822531696e-06
Qwen/Qwen3-4B-instruct-2507,10,117,5.602796437537268e-09,0.9999990463265931,0.9999990519293895,False,9.536734069115482e-07
Qwen/Qwen3-4B-instruct-2507,10,118,1.5229950695859287e-08,0.9999974966112362,0.9999975118411869,False,2.5033887638414853e-06
Qwen/Qwen3-4B-instruct-2507,10,119,6.348788006680007e-09,0.999998927117538,0.9999989334663261,False,1.0728824619832267e-06
Qwen/Qwen3-4B-instruct-2507,10,120,0.9999998807907247,2.215948977336598e-08,0.9999999029502145,True,1.1920927533992653e-07
Qwen/Qwen3-4B-instruct-2507,10,121,6.348788006680007e-09,0.9999988079084972,0.9999988142572852,False,1.1920915028440504e-06
Qwen/Qwen3-4B-instruct-2507,10,122,8.152005165739432e-09,0.999998927117538,0.9999989352695432,False,1.0728824619832267e-06
Qwen/Qwen3-4B-instruct-2507,10,123,8.152020714470167e-09,0.9999990463265931,0.9999990544786138,False,9.536734069115482e-07
Qwen/Qwen3-4B-instruct-2507,10,124,9.237449661970594e-09,0.9999990463265931,0.9999990555640428,False,9.536734069115482e-07
Qwen/Qwen3-4B-instruct-2507,10,125,4.9444410711567335e-09,0.9999985694905718,0.9999985744350128,False,1.430509428246296e-06
Qwen/Qwen3-4B-instruct-2507,10,126,1.18610975280741e-08,0.9999977350285647,0.9999977468896623,False,2.2649714352951378e-06
Qwen/Qwen3-4B-instruct-2507,10,127,5.602796437537268e-09,0.9999994039539004,0.9999994095566969,False,5.960460995879657e-07
Qwen/Qwen3-4B-instruct-2507,10,128,7.19411930861867e-09,0.9999984502816872,0.9999984574758065,False,1.5497183127877179e-06
Qwen/Qwen3-4B-instruct-2507,10,129,5.602796437537268e-09,0.9999994039539004,0.9999994095566969,False,5.960460995879657e-07
Qwen/Qwen3-4B-instruct-2507,10,130,0.9999997615814777,3.6534822137210456e-08,0.9999997981162999,True,2.3841852225814364e-07
Qwen/Qwen3-4B-instruct-2507,10,131,4.363462252943702e-09,0.9999995231630692,0.9999995275265314,False,4.7683693082944956e-07
Qwen/Qwen3-4B-instruct-2507,10,132,9.237432042950414e-09,0.9999984502816872,0.9999984595191193,False,1.5497183127877179e-06
Qwen/Qwen3-4B-instruct-2507,10,133,5.602796437537268e-09,0.9999990463265931,0.9999990519293895,False,9.536734069115482e-07
Qwen/Qwen3-4B-instruct-2507,10,134,1.0467381829779195e-08,0.9999988079084972,0.999998818375879,False,1.1920915028440504e-06
Qwen/Qwen3-4B-instruct-2507,10,135,7.19411930861867e-09,0.9999984502816872,0.9999984574758065,False,1.5497183127877179e-06
Qwen/Qwen3-4B-instruct-2507,10,136,9.237432042950414e-09,0.9999985694905718,0.9999985787280038,False,1.430509428246296e-06
Qwen/Qwen3-4B-instruct-2507,10,137,5.602796437537268e-09,0.9999995231630692,0.9999995287658656,False,4.7683693082944956e-07
Qwen/Qwen3-4B-instruct-2507,10,138,1.3440384315611926e-08,0.9999974966112362,0.9999975100516205,False,2.5033887638414853e-06
Qwen/Qwen3-4B-instruct-2507,10,139,4.944450501938644e-09,0.9999995231630692,0.9999995281075197,False,4.7683693082944956e-07
Qwen/Qwen3-4B-instruct-2507,10,140,0.9999997615814777,2.510999155743982e-08,0.9999997866914693,True,2.3841852225814364e-07
Qwen/Qwen3-4B-instruct-2507,10,141,5.602796437537268e-09,0.9999991655356624,0.9999991711384588,False,8.344643376290151e-07
Qwen/Qwen3-4B-instruct-2507,10,142,8.152005165739432e-09,0.9999985694905718,0.9999985776425769,False,1.430509428246296e-06
Qwen/Qwen3-4B-instruct-2507,10,143,6.348788006680007e-09,0.9999985694905718,0.9999985758393598,False,1.430509428246296e-06
Qwen/Qwen3-4B-instruct-2507,10,144,5.602785751061334e-09,0.999998927117538,0.9999989327203238,False,1.0728824619832267e-06
Qwen/Qwen3-4B-instruct-2507,10,145,1.18610975280741e-08,0.9999985694905718,0.9999985813516693,False,1.430509428246296e-06
Qwen/Qwen3-4B-instruct-2507,10,146,1.0467381829779195e-08,0.9999988079084972,0.999998818375879,False,1.1920915028440504e-06
Qwen/Qwen3-4B-instruct-2507,10,147,5.602785751061334e-09,0.9999988079084972,0.999998813511283,False,1.1920915028440504e-06
Qwen/Qwen3-4B-instruct-2507,10,148,7.19411930861867e-09,0.9999985694905718,0.999998576684691,False,1.430509428246296e-06
Qwen/Qwen3-4B-instruct-2507,10,149,6.34880011604368e-09,0.9999990463265931,0.9999990526753932,False,9.536734069115482e-07
Qwen/Qwen3-4B-instruct-2507,10,150,0.9999997615814777,4.139937718785167e-08,0.9999998029808549,True,2.3841852225814364e-07
Qwen/Qwen3-4B-instruct-2507,10,151,6.34880011604368e-09,0.9999992847447459,0.999999291093546,False,7.152552541356272e-07
Qwen/Qwen3-4B-instruct-2507,10,152,8.152005165739432e-09,0.9999984502816872,0.9999984584336924,False,1.5497183127877179e-06
Qwen/Qwen3-4B-instruct-2507,10,153,8.152020714470167e-09,0.9999990463265931,0.9999990544786138,False,9.536734069115482e-07
Qwen/Qwen3-4B-instruct-2507,10,154,9.237432042950414e-09,0.9999988079084972,0.9999988171459292,False,1.1920915028440504e-06
Qwen/Qwen3-4B-instruct-2507,10,155,7.19411930861867e-09,0.999998927117538,0.9999989343116573,False,1.0728824619832267e-06
Qwen/Qwen3-4B-instruct-2507,10,156,1.0467381829779195e-08,0.9999982118638471,0.9999982223312289,False,1.7881361529248352e-06
Qwen/Qwen3-4B-instruct-2507,10,157,6.34880011604368e-09,0.9999994039539004,0.9999994103027006,False,5.960460995879657e-07
Qwen/Qwen3-4B-instruct-2507,10,158,9.237432042950414e-09,0.999998927117538,0.9999989363549701,False,1.0728824619832267e-06
Qwen/Qwen3-4B-instruct-2507,10,159,8.152020714470167e-09,0.9999990463265931,0.9999990544786138,False,9.536734069115482e-07
Qwen/Qwen3-4B-instruct-2507,10,160,0.9999997615814777,2.510999155743982e-08,0.9999997866914693,True,2.3841852225814364e-07
Qwen/Qwen3-4B-instruct-2507,10,161,8.152005165739432e-09,0.9999984502816872,0.9999984584336924,False,1.5497183127877179e-06
Qwen/Qwen3-4B-instruct-2507,10,162,9.237432042950414e-09,0.9999977350285647,0.9999977442659967,False,2.2649714352951378e-06
Qwen/Qwen3-4B-instruct-2507,10,163,6.34880011604368e-09,0.9999991655356624,0.9999991718844625,False,8.344643376290151e-07
Qwen/Qwen3-4B-instruct-2507,10,164,1.18610975280741e-08,0.9999984502816872,0.9999984621427848,False,1.5497183127877179e-06
Qwen/Qwen3-4B-instruct-2507,10,165,9.237432042950414e-09,0.9999982118638471,0.9999982211012791,False,1.7881361529248352e-06
Qwen/Qwen3-4B-instruct-2507,10,166,8.152005165739432e-09,0.9999988079084972,0.9999988160605023,False,1.1920915028440504e-06
Qwen/Qwen3-4B-instruct-2507,10,167,6.34880011604368e-09,0.9999994039539004,0.9999994103027006,False,5.960460995879657e-07
Qwen/Qwen3-4B-instruct-2507,10,168,2.2159405241782167e-08,0.9999965429424904,0.9999965651018956,False,3.457057509592687e-06
Qwen/Qwen3-4B-instruct-2507,10,169,5.602785751061334e-09,0.999998927117538,0.9999989327203238,False,1.0728824619832267e-06
Qwen/Qwen3-4B-instruct-2507,10,170,0.9999997615814777,3.2241867372567335e-08,0.9999997938233451,True,2.3841852225814364e-07
Qwen/Qwen3-4B-instruct-2507,10,171,6.34880011604368e-09,0.9999990463265931,0.9999990526753932,False,9.536734069115482e-07
Qwen/Qwen3-4B-instruct-2507,10,172,1.5229950695859287e-08,0.9999979734461775,0.9999979886761282,False,2.026553822531696e-06
Qwen/Qwen3-4B-instruct-2507,10,173,6.34880011604368e-09,0.9999994039539004,0.9999994103027006,False,5.960460995879657e-07
Qwen/Qwen3-4B-instruct-2507,10,174,1.18610975280741e-08,0.9999982118638471,0.9999982237249446,False,1.7881361529248352e-06
Qwen/Qwen3-4B-instruct-2507,10,175,8.152005165739432e-09,0.9999985694905718,0.9999985776425769,False,1.430509428246296e-06
Qwen/Qwen3-4B-instruct-2507,10,176,9.237432042950414e-09,0.9999979734461775,0.9999979826836095,False,2.026553822531696e-06
Qwen/Qwen3-4B-instruct-2507,10,177,5.602796437537268e-09,0.9999994039539004,0.9999994095566969,False,5.960460995879657e-07
Qwen/Qwen3-4B-instruct-2507,10,178,1.0467381829779195e-08,0.9999988079084972,0.999998818375879,False,1.1920915028440504e-06
Qwen/Qwen3-4B-instruct-2507,10,179,5.602796437537268e-09,0.9999994039539004,0.9999994095566969,False,5.960460995879657e-07
Qwen/Qwen3-4B-instruct-2507,10,180,0.9999997615814777,2.8453348089834e-08,0.9999997900348259,True,2.3841852225814364e-07
Qwen/Qwen3-4B-instruct-2507,10,181,5.602796437537268e-09,0.9999992847447459,0.9999992903475423,False,7.152552541356272e-07
Qwen/Qwen3-4B-instruct-2507,10,182,1.0467381829779195e-08,0.9999984502816872,0.9999984607490691,False,1.5497183127877179e-06
Qwen/Qwen3-4B-instruct-2507,10,183,5.602796437537268e-09,0.9999991655356624,0.9999991711384588,False,8.344643376290151e-07
Qwen/Qwen3-4B-instruct-2507,10,184,1.3440384315611926e-08,0.9999982118638471,0.9999982253042314,False,1.7881361529248352e-06
Qwen/Qwen3-4B-instruct-2507,10,185,1.0467381829779195e-08,0.9999988079084972,0.999998818375879,False,1.1920915028440504e-06
Qwen/Qwen3-4B-instruct-2507,10,186,1.5229950695859287e-08,0.9999977350285647,0.9999977502585154,False,2.2649714352951378e-06
Qwen/Qwen3-4B-instruct-2507,10,187,6.34880011604368e-09,0.9999991655356624,0.9999991718844625,False,8.344643376290151e-07
Qwen/Qwen3-4B-instruct-2507,10,188,1.18610975280741e-08,0.9999984502816872,0.9999984621427848,False,1.5497183127877179e-06
Qwen/Qwen3-4B-instruct-2507,10,189,6.348788006680007e-09,0.9999988079084972,0.9999988142572852,False,1.1920915028440504e-06
Qwen/Qwen3-4B-instruct-2507,10,190,0.9999997615814777,2.510999155743982e-08,0.9999997866914693,True,2.3841852225814364e-07
Qwen/Qwen3-4B-instruct-2507,10,191,5.602796437537268e-09,0.9999992847447459,0.9999992903475423,False,7.152552541356272e-07
Qwen/Qwen3-4B-instruct-2507,10,192,1.0467381829779195e-08,0.9999977350285647,0.9999977454959466,False,2.2649714352951378e-06
Qwen/Qwen3-4B-instruct-2507,10,193,4.944450501938644e-09,0.9999995231630692,0.9999995281075197,False,4.7683693082944956e-07
Qwen/Qwen3-4B-instruct-2507,10,194,7.194133030325383e-09,0.9999991655356624,0.9999991727297954,False,8.344643376290151e-07
Qwen/Qwen3-4B-instruct-2507,10,195,9.237432042950414e-09,0.999998927117538,0.9999989363549701,False,1.0728824619832267e-06
Qwen/Qwen3-4B-instruct-2507,10,196,1.0467381829779195e-08,0.9999977350285647,0.9999977454959466,False,2.2649714352951378e-06
Qwen/Qwen3-4B-instruct-2507,10,197,5.602796437537268e-09,0.9999996423722521,0.9999996479750486,False,3.5762774786007867e-07
Qwen/Qwen3-4B-instruct-2507,10,198,2.2159447507533765e-08,0.9999971389852362,0.9999971611446837,False,2.861014763766434e-06
Qwen/Qwen3-4B-instruct-2507,10,199,8.152020714470167e-09,0.9999991655356624,0.9999991736876831,False,8.344643376290151e-07
Qwen/Qwen3-4B-instruct-2507,10,200,0.9999998807907247,1.7257827987960214e-08,0.9999998980485526,True,1.1920927533992653e-07
google/gemma-4-e2b-it,1,1,1.0,3.444533321873019e-10,1.0000000003444534,True,0.0
google/gemma-4-e2b-it,1,2,0.9999998807907247,1.3176514270095466e-10,0.9999998809224898,True,1.1920927533992653e-07
google/gemma-4-e2b-it,1,3,1.0,8.641369031076029e-11,1.0000000000864138,True,0.0
google/gemma-4-e2b-it,1,4,0.9999998807907247,6.032647824709456e-11,0.9999998808510512,True,1.1920927533992653e-07
google/gemma-4-e2b-it,1,5,1.0,6.224144622907783e-11,1.0000000000622415,True,0.0
google/gemma-4-e2b-it,1,6,1.0,8.245651932552454e-11,1.0000000000824565,True,0.0
google/gemma-4-e2b-it,1,7,1.0,2.084827301773189e-11,1.0000000000208482,True,0.0
google/gemma-4-e2b-it,1,8,1.0,8.245651932552454e-11,1.0000000000824565,True,0.0
google/gemma-4-e2b-it,1,9,1.0,3.894970178482088e-11,1.0000000000389497,True,0.0
google/gemma-4-e2b-it,1,10,1.0,7.276762290268223e-11,1.0000000000727676,True,0.0
google/gemma-4-e2b-it,1,11,1.0,8.507397021943229e-11,1.000000000085074,True,0.0
google/gemma-4-e2b-it,1,12,1.0,5.407630560739699e-11,1.0000000000540763,True,0.0
google/gemma-4-e2b-it,1,13,1.0,4.5536814829435366e-11,1.000000000045537,True,0.0
google/gemma-4-e2b-it,1,14,1.0,1.127046991112573e-10,1.0000000001127047,True,0.0
google/gemma-4-e2b-it,1,15,1.0,7.625981404015043e-11,1.0000000000762599,True,0.0
google/gemma-4-e2b-it,1,16,1.0,7.276762290268223e-11,1.0000000000727676,True,0.0
google/gemma-4-e2b-it,1,17,1.0,3.658985864935009e-11,1.0000000000365898,True,0.0
google/gemma-4-e2b-it,1,18,1.0,8.245651932552454e-11,1.0000000000824565,True,0.0
google/gemma-4-e2b-it,1,19,1.0,6.224144622907783e-11,1.0000000000622415,True,0.0
google/gemma-4-e2b-it,1,20,0.9999998807907247,6.835885550466474e-11,0.9999998808590835,True,1.1920927533992653e-07
google/gemma-4-e2b-it,1,21,1.0,5.667148169885362e-11,1.0000000000566716,True,0.0
google/gemma-4-e2b-it,1,22,1.0,7.05287985111216e-11,1.0000000000705287,True,0.0
google/gemma-4-e2b-it,1,23,1.0,3.437299118169812e-11,1.000000000034373,True,0.0
google/gemma-4-e2b-it,1,24,0.9999998807907247,7.391354622269951e-11,0.9999998808646382,True,1.1920927533992653e-07
google/gemma-4-e2b-it,1,25,1.0,6.224144622907783e-11,1.0000000000622415,True,0.0
google/gemma-4-e2b-it,1,26,1.0,6.224144622907783e-11,1.0000000000622415,True,0.0
google/gemma-4-e2b-it,1,27,1.0,5.4927883509546835e-11,1.0000000000549278,True,0.0
google/gemma-4-e2b-it,1,28,1.0,6.032647824709456e-11,1.0000000000603264,True,0.0
google/gemma-4-e2b-it,1,29,1.0,4.8473687062702556e-11,1.0000000000484737,True,0.0
google/gemma-4-e2b-it,1,30,0.9999998807907247,7.276762290268223e-11,0.9999998808634922,True,1.1920927533992653e-07
google/gemma-4-e2b-it,1,31,1.0,5.4927883509546835e-11,1.0000000000549278,True,0.0
google/gemma-4-e2b-it,1,32,0.9999998807907247,5.4927883509546835e-11,0.9999998808456525,True,1.1920927533992653e-07
google/gemma-4-e2b-it,1,33,1.0,5.00124070641179e-11,1.0000000000500124,True,0.0
google/gemma-4-e2b-it,1,34,1.0,5.4927883509546835e-11,1.0000000000549278,True,0.0
google/gemma-4-e2b-it,1,35,1.0,4.698230849877731e-11,1.0000000000469824,True,0.0
google/gemma-4-e2b-it,1,36,0.9999998807907247,4.9237036560688194e-11,0.9999998808399617,True,1.1920927533992653e-07
google/gemma-4-e2b-it,1,37,1.0,5.15999712815652e-11,1.0000000000516,True,0.0
google/gemma-4-e2b-it,1,38,1.0,5.15999712815652e-11,1.0000000000516,True,0.0
google/gemma-4-e2b-it,1,39,1.0,7.507751520922312e-11,1.0000000000750775,True,0.0
google/gemma-4-e2b-it,1,40,0.9999998807907247,6.421720182006093e-11,0.9999998808549418,True,1.1920927533992653e-07
google/gemma-4-e2b-it,1,41,1.0,7.05287985111216e-11,1.0000000000705287,True,0.0
google/gemma-4-e2b-it,1,42,1.0,3.894970178482088e-11,1.0000000000389497,True,0.0
google/gemma-4-e2b-it,1,43,1.0,4.277787868968998e-11,1.0000000000427778,True,0.0
google/gemma-4-e2b-it,1,44,1.0,8.507397021943229e-11,1.000000000085074,True,0.0
google/gemma-4-e2b-it,1,45,1.0,6.522847560057564e-11,1.0000000000652285,True,0.0
google/gemma-4-e2b-it,1,46,1.0,7.05287985111216e-11,1.0000000000705287,True,0.0
google/gemma-4-e2b-it,1,47,1.0,5.667148169885362e-11,1.0000000000566716,True,0.0
google/gemma-4-e2b-it,1,48,0.9999998807907247,6.322160638630723e-11,0.9999998808539463,True,1.1920927533992653e-07
google/gemma-4-e2b-it,1,49,1.0,5.667148169885362e-11,1.0000000000566716,True,0.0
google/gemma-4-e2b-it,1,50,1.0,8.915675529579603e-11,1.0000000000891567,True,0.0
google/gemma-4-e2b-it,1,51,1.0,6.421720182006093e-11,1.0000000000642173,True,0.0
google/gemma-4-e2b-it,1,52,1.0,4.698230849877731e-11,1.0000000000469824,True,0.0
google/gemma-4-e2b-it,1,53,1.0,8.245651932552454e-11,1.0000000000824565,True,0.0
google/gemma-4-e2b-it,1,54,1.0,5.4927883509546835e-11,1.0000000000549278,True,0.0
google/gemma-4-e2b-it,1,55,1.0,7.991959892953932e-11,1.0000000000799196,True,0.0
google/gemma-4-e2b-it,1,56,1.0,6.032647824709456e-11,1.0000000000603264,True,0.0
google/gemma-4-e2b-it,1,57,1.0,6.421720182006093e-11,1.0000000000642173,True,0.0
google/gemma-4-e2b-it,1,58,1.0,6.421720182006093e-11,1.0000000000642173,True,0.0
google/gemma-4-e2b-it,1,59,1.0,5.4927883509546835e-11,1.0000000000549278,True,0.0
google/gemma-4-e2b-it,1,60,0.9999998807907247,7.625981404015043e-11,0.9999998808669844,True,1.1920927533992653e-07
google/gemma-4-e2b-it,1,61,1.0,7.746073136852956e-11,1.0000000000774607,True,0.0
google/gemma-4-e2b-it,1,62,1.0,6.421720182006093e-11,1.0000000000642173,True,0.0
google/gemma-4-e2b-it,1,63,1.0,4.698230849877731e-11,1.0000000000469824,True,0.0
google/gemma-4-e2b-it,1,64,0.9999998807907247,1.026187963170189e-10,0.9999998808933435,True,1.1920927533992653e-07
google/gemma-4-e2b-it,1,65,1.0,3.658985864935009e-11,1.0000000000365898,True,0.0
google/gemma-4-e2b-it,1,66,0.9999998807907247,7.991959892953932e-11,0.9999998808706443,True,1.1920927533992653e-07
google/gemma-4-e2b-it,1,67,1.0,4.413579432488399e-11,1.0000000000441358,True,0.0
google/gemma-4-e2b-it,1,68,1.0,7.507751520922312e-11,1.0000000000750775,True,0.0
google/gemma-4-e2b-it,1,69,1.0,8.777450792367426e-11,1.0000000000877745,True,0.0
google/gemma-4-e2b-it,1,70,1.0,4.146174172644489e-11,1.0000000000414617,True,0.0
google/gemma-4-e2b-it,1,71,1.0,4.146174172644489e-11,1.0000000000414617,True,0.0
google/gemma-4-e2b-it,1,72,1.0,4.277787868968998e-11,1.0000000000427778,True,0.0
google/gemma-4-e2b-it,1,73,1.0,4.146174172644489e-11,1.0000000000414617,True,0.0
google/gemma-4-e2b-it,1,74,1.0,5.847042763599827e-11,1.0000000000584703,True,0.0
google/gemma-4-e2b-it,1,75,1.0,3.1296964622560676e-11,1.000000000031297,True,0.0
google/gemma-4-e2b-it,1,76,1.0,4.413579432488399e-11,1.0000000000441358,True,0.0
google/gemma-4-e2b-it,1,77,1.0,3.658985864935009e-11,1.0000000000365898,True,0.0
google/gemma-4-e2b-it,1,78,1.0,3.437299118169812e-11,1.000000000034373,True,0.0
google/gemma-4-e2b-it,1,79,1.0,3.894970178482088e-11,1.0000000000389497,True,0.0
google/gemma-4-e2b-it,1,80,1.0,9.3435477318993e-11,1.0000000000934355,True,0.0
google/gemma-4-e2b-it,1,81,1.0,4.413579432488399e-11,1.0000000000441358,True,0.0
google/gemma-4-e2b-it,1,82,1.0,6.625567462588725e-11,1.0000000000662557,True,0.0
google/gemma-4-e2b-it,1,83,1.0,5.323793019689792e-11,1.0000000000532379,True,0.0
google/gemma-4-e2b-it,1,84,1.0,5.4927883509546835e-11,1.0000000000549278,True,0.0
google/gemma-4-e2b-it,1,85,1.0,5.00124070641179e-11,1.0000000000500124,True,0.0
google/gemma-4-e2b-it,1,86,1.0,6.625567462588725e-11,1.0000000000662557,True,0.0
google/gemma-4-e2b-it,1,87,1.0,8.507397021943229e-11,1.000000000085074,True,0.0
google/gemma-4-e2b-it,1,88,1.0,7.868056039303272e-11,1.0000000000786806,True,0.0
google/gemma-4-e2b-it,1,89,1.0,4.146174172644489e-11,1.0000000000414617,True,0.0
google/gemma-4-e2b-it,1,90,1.0,8.245651932552454e-11,1.0000000000824565,True,0.0
google/gemma-4-e2b-it,1,91,1.0,5.4927883509546835e-11,1.0000000000549278,True,0.0
google/gemma-4-e2b-it,1,92,1.0,3.775134544279098e-11,1.0000000000377514,True,0.0
google/gemma-4-e2b-it,1,93,1.0,4.413579432488399e-11,1.0000000000441358,True,0.0
google/gemma-4-e2b-it,1,94,1.0,5.847042763599827e-11,1.0000000000584703,True,0.0
google/gemma-4-e2b-it,1,95,1.0,4.8473687062702556e-11,1.0000000000484737,True,0.0
google/gemma-4-e2b-it,1,96,1.0,8.375502056293532e-11,1.000000000083755,True,0.0
google/gemma-4-e2b-it,1,97,1.0,6.835885550466474e-11,1.0000000000683589,True,0.0
google/gemma-4-e2b-it,1,98,1.0,6.421720182006093e-11,1.0000000000642173,True,0.0
google/gemma-4-e2b-it,1,99,1.0,8.507397021943229e-11,1.000000000085074,True,0.0
google/gemma-4-e2b-it,1,100,1.0,7.746073136852956e-11,1.0000000000774607,True,0.0
google/gemma-4-e2b-it,1,101,1.0,1.7456045278195877e-10,1.0000000001745604,True,0.0
google/gemma-4-e2b-it,1,102,1.0,6.224144622907783e-11,1.0000000000622415,True,0.0
google/gemma-4-e2b-it,1,103,1.0,8.777450792367426e-11,1.0000000000877745,True,0.0
google/gemma-4-e2b-it,1,104,1.0,6.835885550466474e-11,1.0000000000683589,True,0.0
google/gemma-4-e2b-it,1,105,1.0,6.224144622907783e-11,1.0000000000622415,True,0.0
google/gemma-4-e2b-it,1,106,1.0,6.625567462588725e-11,1.0000000000662557,True,0.0
google/gemma-4-e2b-it,1,107,1.0,9.056076989672867e-11,1.0000000000905607,True,0.0
google/gemma-4-e2b-it,1,108,1.0,8.641369031076029e-11,1.0000000000864138,True,0.0
google/gemma-4-e2b-it,1,109,1.0,7.276762290268223e-11,1.0000000000727676,True,0.0
google/gemma-4-e2b-it,1,110,1.0,1.665667476591448e-10,1.0000000001665668,True,0.0
google/gemma-4-e2b-it,1,111,1.0,1.7185414380588924e-10,1.000000000171854,True,0.0
google/gemma-4-e2b-it,1,112,1.0,1.127046991112573e-10,1.0000000001127047,True,0.0
google/gemma-4-e2b-it,1,113,1.0,7.507751520922312e-11,1.0000000000750775,True,0.0
google/gemma-4-e2b-it,1,114,1.0,7.276762290268223e-11,1.0000000000727676,True,0.0
google/gemma-4-e2b-it,1,115,1.0,5.4927883509546835e-11,1.0000000000549278,True,0.0
google/gemma-4-e2b-it,1,116,1.0,9.3435477318993e-11,1.0000000000934355,True,0.0
google/gemma-4-e2b-it,1,117,1.0,5.00124070641179e-11,1.0000000000500124,True,0.0
google/gemma-4-e2b-it,1,118,1.0,7.991959892953932e-11,1.0000000000799196,True,0.0
google/gemma-4-e2b-it,1,119,1.0,1.026187963170189e-10,1.0000000001026188,True,0.0
google/gemma-4-e2b-it,1,120,1.0,6.625567462588725e-11,1.0000000000662557,True,0.0
google/gemma-4-e2b-it,1,121,1.0,9.946154787241337e-11,1.0000000000994616,True,0.0
google/gemma-4-e2b-it,1,122,1.0,1.162823303022097e-10,1.0000000001162823,True,0.0
google/gemma-4-e2b-it,1,123,1.0,7.507751520922312e-11,1.0000000000750775,True,0.0
google/gemma-4-e2b-it,1,124,1.0,7.746073136852956e-11,1.0000000000774607,True,0.0
google/gemma-4-e2b-it,1,125,1.0,8.507397021943229e-11,1.000000000085074,True,0.0
google/gemma-4-e2b-it,1,126,1.0,7.746073136852956e-11,1.0000000000774607,True,0.0
google/gemma-4-e2b-it,1,127,1.0,1.0587626658557744e-10,1.0000000001058762,True,0.0
google/gemma-4-e2b-it,1,128,1.0,1.2378189627675852e-10,1.0000000001237819,True,0.0
google/gemma-4-e2b-it,1,129,1.0,7.507751520922312e-11,1.0000000000750775,True,0.0
google/gemma-4-e2b-it,1,130,1.0,1.127046991112573e-10,1.0000000001127047,True,0.0
google/gemma-4-e2b-it,1,131,1.0,1.2771115545128334e-10,1.0000000001277112,True,0.0
google/gemma-4-e2b-it,1,132,1.0,5.57928718123386e-11,1.000000000055793,True,0.0
google/gemma-4-e2b-it,1,133,1.0,1.3176514270095466e-10,1.000000000131765,True,0.0
google/gemma-4-e2b-it,1,134,1.0,7.05287985111216e-11,1.0000000000705287,True,0.0
google/gemma-4-e2b-it,1,135,1.0,7.05287985111216e-11,1.0000000000705287,True,0.0
google/gemma-4-e2b-it,1,136,1.0,6.835885550466474e-11,1.0000000000683589,True,0.0
google/gemma-4-e2b-it,1,137,1.0,6.032647824709456e-11,1.0000000000603264,True,0.0
google/gemma-4-e2b-it,1,138,1.0,5.847042763599827e-11,1.0000000000584703,True,0.0
google/gemma-4-e2b-it,1,139,1.0,9.640143775040296e-11,1.0000000000964013,True,0.0
google/gemma-4-e2b-it,1,140,1.0,7.276762290268223e-11,1.0000000000727676,True,0.0
google/gemma-4-e2b-it,1,141,1.0,1.0587626658557744e-10,1.0000000001058762,True,0.0
google/gemma-4-e2b-it,1,142,1.0,1.0923714006028706e-10,1.000000000109237,True,0.0
google/gemma-4-e2b-it,1,143,1.0,6.032647824709456e-11,1.0000000000603264,True,0.0
google/gemma-4-e2b-it,1,144,1.0,7.625981404015043e-11,1.0000000000762599,True,0.0
google/gemma-4-e2b-it,1,145,1.0,6.421720182006093e-11,1.0000000000642173,True,0.0
google/gemma-4-e2b-it,1,146,1.0,8.507397021943229e-11,1.000000000085074,True,0.0
google/gemma-4-e2b-it,1,147,1.0,7.05287985111216e-11,1.0000000000705287,True,0.0
google/gemma-4-e2b-it,1,148,1.0,1.162823303022097e-10,1.0000000001162823,True,0.0
google/gemma-4-e2b-it,1,149,1.0,9.946154787241337e-11,1.0000000000994616,True,0.0
google/gemma-4-e2b-it,1,150,1.0,6.625567462588725e-11,1.0000000000662557,True,0.0
google/gemma-4-e2b-it,1,151,1.0,1.162823303022097e-10,1.0000000001162823,True,0.0
google/gemma-4-e2b-it,1,152,1.0,6.625567462588725e-11,1.0000000000662557,True,0.0
google/gemma-4-e2b-it,1,153,1.0,9.640143775040296e-11,1.0000000000964013,True,0.0
google/gemma-4-e2b-it,1,154,1.0,1.3176514270095466e-10,1.000000000131765,True,0.0
google/gemma-4-e2b-it,1,155,1.0,1.3594781731988848e-10,1.000000000135948,True,0.0
google/gemma-4-e2b-it,1,156,1.0,7.276762290268223e-11,1.0000000000727676,True,0.0
google/gemma-4-e2b-it,1,157,1.0,6.224144622907783e-11,1.0000000000622415,True,0.0
google/gemma-4-e2b-it,1,158,1.0,6.625567462588725e-11,1.0000000000662557,True,0.0
google/gemma-4-e2b-it,1,159,1.0,1.162823303022097e-10,1.0000000001162823,True,0.0
google/gemma-4-e2b-it,1,160,1.0,9.946154787241337e-11,1.0000000000994616,True,0.0
google/gemma-4-e2b-it,1,161,1.0,8.777450792367426e-11,1.0000000000877745,True,0.0
google/gemma-4-e2b-it,1,162,1.0,9.056076989672867e-11,1.0000000000905607,True,0.0
google/gemma-4-e2b-it,1,163,1.0,8.245651932552454e-11,1.0000000000824565,True,0.0
google/gemma-4-e2b-it,1,164,1.0,1.3594781731988848e-10,1.000000000135948,True,0.0
google/gemma-4-e2b-it,1,165,1.0,1.026187963170189e-10,1.0000000001026188,True,0.0
google/gemma-4-e2b-it,1,166,1.0,9.056076989672867e-11,1.0000000000905607,True,0.0
google/gemma-4-e2b-it,1,167,1.0,5.00124070641179e-11,1.0000000000500124,True,0.0
google/gemma-4-e2b-it,1,168,1.0,1.127046991112573e-10,1.0000000001127047,True,0.0
google/gemma-4-e2b-it,1,169,1.0,4.8473687062702556e-11,1.0000000000484737,True,0.0
google/gemma-4-e2b-it,1,170,1.0,6.032647824709456e-11,1.0000000000603264,True,0.0
google/gemma-4-e2b-it,1,171,1.0,6.625567462588725e-11,1.0000000000662557,True,0.0
google/gemma-4-e2b-it,1,172,1.0,7.276762290268223e-11,1.0000000000727676,True,0.0
google/gemma-4-e2b-it,1,173,1.0,6.625567462588725e-11,1.0000000000662557,True,0.0
google/gemma-4-e2b-it,1,174,1.0,8.777450792367426e-11,1.0000000000877745,True,0.0
google/gemma-4-e2b-it,1,175,1.0,7.507751520922312e-11,1.0000000000750775,True,0.0
google/gemma-4-e2b-it,1,176,1.0,5.4927883509546835e-11,1.0000000000549278,True,0.0
google/gemma-4-e2b-it,1,177,1.0,7.746073136852956e-11,1.0000000000774607,True,0.0
google/gemma-4-e2b-it,1,178,1.0,6.625567462588725e-11,1.0000000000662557,True,0.0
google/gemma-4-e2b-it,1,179,1.0,8.777450792367426e-11,1.0000000000877745,True,0.0
google/gemma-4-e2b-it,1,180,1.0,7.991959892953932e-11,1.0000000000799196,True,0.0
google/gemma-4-e2b-it,1,181,1.0,1.0923714006028706e-10,1.000000000109237,True,0.0
google/gemma-4-e2b-it,1,182,1.0,8.777450792367426e-11,1.0000000000877745,True,0.0
google/gemma-4-e2b-it,1,183,1.0,7.746073136852956e-11,1.0000000000774607,True,0.0
google/gemma-4-e2b-it,1,184,1.0,1.026187963170189e-10,1.0000000001026188,True,0.0
google/gemma-4-e2b-it,1,185,1.0,1.026187963170189e-10,1.0000000001026188,True,0.0
google/gemma-4-e2b-it,1,186,1.0,1.026187963170189e-10,1.0000000001026188,True,0.0
google/gemma-4-e2b-it,1,187,1.0,9.946154787241337e-11,1.0000000000994616,True,0.0
google/gemma-4-e2b-it,1,188,1.0,1.7456045278195877e-10,1.0000000001745604,True,0.0
google/gemma-4-e2b-it,1,189,1.0,9.3435477318993e-11,1.0000000000934355,True,0.0
google/gemma-4-e2b-it,1,190,1.0,1.127046991112573e-10,1.0000000001127047,True,0.0
google/gemma-4-e2b-it,1,191,1.0,9.946154787241337e-11,1.0000000000994616,True,0.0
google/gemma-4-e2b-it,1,192,1.0,7.746073136852956e-11,1.0000000000774607,True,0.0
google/gemma-4-e2b-it,1,193,1.0,7.746073136852956e-11,1.0000000000774607,True,0.0
google/gemma-4-e2b-it,1,194,1.0,9.946154787241337e-11,1.0000000000994616,True,0.0
google/gemma-4-e2b-it,1,195,1.0,9.056076989672867e-11,1.0000000000905607,True,0.0
google/gemma-4-e2b-it,1,196,1.0,9.056076989672867e-11,1.0000000000905607,True,0.0
google/gemma-4-e2b-it,1,197,1.0,6.835885550466474e-11,1.0000000000683589,True,0.0
google/gemma-4-e2b-it,1,198,1.0,1.3594781731988848e-10,1.000000000135948,True,0.0
google/gemma-4-e2b-it,1,199,1.0,9.946154787241337e-11,1.0000000000994616,True,0.0
google/gemma-4-e2b-it,1,200,1.0,8.915675529579603e-11,1.0000000000891567,True,0.0
google/gemma-4-e2b-it,3,1,1.5428112031918877e-13,1.0,1.0000000000001543,False,0.0
google/gemma-4-e2b-it,3,2,8.878265478459658e-13,1.0,1.0000000000008877,False,0.0
google/gemma-4-e2b-it,3,3,1.0,6.1627377326348205e-12,1.0000000000061628,True,0.0
google/gemma-4-e2b-it,3,4,7.433680672352188e-12,1.0,1.0000000000074336,False,0.0
google/gemma-4-e2b-it,3,5,6.983296728391707e-12,0.9999998807907247,0.999999880797708,False,1.1920927533992653e-07
google/gemma-4-e2b-it,3,6,1.0,4.772217220174583e-11,1.0000000000477223,True,0.0
google/gemma-4-e2b-it,3,7,2.2447770550209742e-13,1.0,1.0000000000002245,False,0.0
google/gemma-4-e2b-it,3,8,2.020683909022217e-11,0.9999996423722521,0.999999642392459,False,3.5762774786007867e-07
google/gemma-4-e2b-it,3,9,1.0,9.397052872628792e-12,1.0000000000093971,True,0.0
google/gemma-4-e2b-it,3,10,5.384940217754036e-13,0.9999998807907247,0.9999998807912631,False,1.1920927533992653e-07
google/gemma-4-e2b-it,3,11,7.21582401942292e-15,1.0,1.000000000000007,False,0.0
google/gemma-4-e2b-it,3,12,1.0,1.9391914656687896e-12,1.0000000000019391,True,0.0
google/gemma-4-e2b-it,3,13,1.2015425731771786e-13,1.0,1.0000000000001201,False,0.0
google/gemma-4-e2b-it,3,14,1.748234128271057e-13,1.0,1.0000000000001747,False,0.0
google/gemma-4-e2b-it,3,15,1.0,6.983296728391707e-12,1.0000000000069833,True,0.0
google/gemma-4-e2b-it,3,16,5.3318128479527204e-14,1.0,1.0000000000000533,False,0.0
google/gemma-4-e2b-it,3,17,1.435037960133826e-14,1.0,1.0000000000000144,False,0.0
google/gemma-4-e2b-it,3,18,1.0,1.5581841173700477e-12,1.000000000001558,True,0.0
google/gemma-4-e2b-it,3,19,1.2917800047859961e-12,0.9999998807907247,0.9999998807920164,False,1.1920927533992653e-07
google/gemma-4-e2b-it,3,20,5.00124070641179e-11,0.9999998807907247,0.9999998808407371,False,1.1920927533992653e-07
google/gemma-4-e2b-it,3,21,1.0,9.251365071454483e-12,1.0000000000092513,True,0.0
google/gemma-4-e2b-it,3,22,1.304651588236747e-11,0.9999998807907247,0.9999998808037712,False,1.1920927533992653e-07
google/gemma-4-e2b-it,3,23,3.701011678592672e-13,0.9999998807907247,0.9999998807910948,False,1.1920927533992653e-07
google/gemma-4-e2b-it,3,24,1.0,2.650560470476525e-12,1.0000000000026505,True,0.0
google/gemma-4-e2b-it,3,25,6.846183213793546e-14,1.0,1.0000000000000684,False,0.0
google/gemma-4-e2b-it,3,26,5.384940217754036e-13,1.0,1.0000000000005385,False,0.0
google/gemma-4-e2b-it,3,27,1.0,2.064258569985229e-12,1.0000000000020643,True,0.0
google/gemma-4-e2b-it,3,28,2.4374100555808313e-11,0.9999998807907247,0.9999998808150987,False,1.1920927533992653e-07
google/gemma-4-e2b-it,3,29,7.360340600578901e-13,1.0,1.000000000000736,False,0.0
google/gemma-4-e2b-it,3,30,1.0,3.0034784968805537e-12,1.0000000000030034,True,0.0
google/gemma-4-e2b-it,3,31,5.384940217754036e-13,1.0,1.0000000000005385,False,0.0
google/gemma-4-e2b-it,3,32,2.5946094982764667e-11,0.9999997615814777,0.9999997616074239,False,2.3841852225814364e-07
google/gemma-4-e2b-it,3,33,1.0,1.8010159636784437e-10,1.0000000001801015,True,0.0
google/gemma-4-e2b-it,3,34,1.4893922260814913e-07,0.9999994039539004,0.999999552893123,False,5.960460995879657e-07
google/gemma-4-e2b-it,3,35,4.235583571640497e-12,0.9999998807907247,0.9999998807949603,False,1.1920927533992653e-07
google/gemma-4-e2b-it,3,36,1.0,1.1399918530443554e-12,1.00000000000114,True,0.0
google/gemma-4-e2b-it,3,37,8.790673253811879e-14,1.0,1.000000000000088,False,0.0
google/gemma-4-e2b-it,3,38,2.9693733281871395e-10,0.9999996423722521,0.9999996426691895,False,3.5762774786007867e-07
google/gemma-4-e2b-it,3,39,0.9999998807907247,1.3363882657349946e-07,1.0000000144295513,True,1.1920927533992653e-07
google/gemma-4-e2b-it,3,40,1.898256859952468e-11,0.9999998807907247,0.9999998808097073,False,1.1920927533992653e-07
google/gemma-4-e2b-it,3,41,1.8609855424356342e-13,1.0,1.000000000000186,False,0.0
google/gemma-4-e2b-it,3,42,1.0,7.433680672352188e-12,1.0000000000074336,True,0.0
google/gemma-4-e2b-it,3,43,1.6918946955790182e-10,0.9999982118638471,0.9999982120330365,False,1.7881361529248352e-06
google/gemma-4-e2b-it,3,44,4.840068321318137e-08,0.9999979734461775,0.9999980218468607,False,2.026553822531696e-06
google/gemma-4-e2b-it,3,45,1.0,3.5114221133765118e-12,1.0000000000035114,True,0.0
google/gemma-4-e2b-it,3,46,4.8473687062702556e-11,0.9999996423722521,0.9999996424207258,False,3.5762774786007867e-07
google/gemma-4-e2b-it,3,47,2.2447770550209742e-13,1.0,1.0000000000002245,False,0.0
google/gemma-4-e2b-it,3,48,1.0,7.2049703621281956e-12,1.000000000007205,True,0.0
google/gemma-4-e2b-it,3,49,6.224144622907783e-11,0.9999998807907247,0.9999998808529661,False,1.1920927533992653e-07
google/gemma-4-e2b-it,3,50,5.4927883509546835e-11,0.9999997615814777,0.9999997616364056,False,2.3841852225814364e-07
google/gemma-4-e2b-it,3,51,0.9999516033710262,2.1952903761164463e-05,0.9999735562747873,True,4.8396628973823574e-05
google/gemma-4-e2b-it,3,52,9.545034922840628e-12,0.9999998807907247,0.9999998808002697,False,1.1920927533992653e-07
google/gemma-4-e2b-it,3,53,1.4930918283477907e-10,0.9999988079084972,0.9999988080578064,False,1.1920915028440504e-06
google/gemma-4-e2b-it,3,54,1.0,4.370035426951586e-12,1.00000000000437,True,0.0
google/gemma-4-e2b-it,3,55,9.23741442396384e-09,0.9999960661089133,0.9999960753463277,False,3.933891086660424e-06
google/gemma-4-e2b-it,3,56,1.621219812533441e-08,0.9999985694905718,0.9999985857027699,False,1.430509428246296e-06
google/gemma-4-e2b-it,3,57,0.9999998807907247,9.184853273417225e-08,0.9999999726392574,True,1.1920927533992653e-07
google/gemma-4-e2b-it,3,58,3.6174303640639408e-09,0.9999984502816872,0.9999984538991176,False,1.5497183127877179e-06
google/gemma-4-e2b-it,3,59,2.703640025330883e-10,0.9999988079084972,0.9999988081788611,False,1.1920915028440504e-06
google/gemma-4-e2b-it,3,60,1.0,2.000748010582296e-12,1.0000000000020008,True,0.0
google/gemma-4-e2b-it,3,61,1.9810087980489796e-13,0.9999998807907247,0.9999998807909227,False,1.1920927533992653e-07
google/gemma-4-e2b-it,3,62,7.433680672352188e-12,0.9999998807907247,0.9999998807981584,False,1.1920927533992653e-07
google/gemma-4-e2b-it,3,63,1.0,5.880525425099987e-12,1.0000000000058806,True,0.0
google/gemma-4-e2b-it,3,64,5.547519716492686e-10,0.9999997615814777,0.9999997621362298,False,2.3841852225814364e-07
google/gemma-4-e2b-it,3,65,2.6810038677818034e-14,1.0,1.0000000000000269,False,0.0
google/gemma-4-e2b-it,3,66,1.0,3.028843137928935e-08,1.0000000302884313,True,0.0
google/gemma-4-e2b-it,3,67,1.0603575991523846e-13,0.9999998807907247,0.9999998807908307,False,1.1920927533992653e-07
google/gemma-4-e2b-it,3,68,1.2917800047859961e-12,1.0,1.0000000000012919,False,0.0
google/gemma-4-e2b-it,3,69,0.9999998807907247,1.5870003323401286e-07,1.000000039490758,True,1.1920927533992653e-07
google/gemma-4-e2b-it,3,70,2.7894680928689246e-10,0.9999995231630692,0.9999995234420159,False,4.7683693082944956e-07
google/gemma-4-e2b-it,3,71,1.3750926572355787e-12,0.9999997615814777,0.9999997615828529,False,2.3841852225814364e-07
google/gemma-4-e2b-it,3,72,1.0,5.880525425099987e-12,1.0000000000058806,True,0.0
google/gemma-4-e2b-it,3,73,4.320404458783166e-10,0.9999974966112362,0.9999974970432766,False,2.5033887638414853e-06
google/gemma-4-e2b-it,3,74,8.592150230932485e-10,0.9999988079084972,0.9999988087677122,False,1.1920915028440504e-06
google/gemma-4-e2b-it,3,75,1.0,2.3624188319157748e-11,1.0000000000236242,True,0.0
google/gemma-4-e2b-it,3,76,3.398261337819773e-09,0.9999984502816872,0.9999984536799486,False,1.5497183127877179e-06
google/gemma-4-e2b-it,3,77,1.2116873951653948e-09,0.9999988079084972,0.9999988091201846,False,1.1920915028440504e-06
google/gemma-4-e2b-it,3,78,1.0,8.727473555221112e-10,1.0000000008727474,True,0.0
google/gemma-4-e2b-it,3,79,2.5690112979751028e-12,0.9999998807907247,0.9999998807932937,False,1.1920927533992653e-07
google/gemma-4-e2b-it,3,80,1.3176514270095466e-10,0.9999997615814777,0.9999997617132429,False,2.3841852225814364e-07
google/gemma-4-e2b-it,3,81,1.0,3.197186217408291e-12,1.0000000000031972,True,0.0
google/gemma-4-e2b-it,3,82,3.5464107047741826e-11,0.9999997615814777,0.9999997616169418,False,2.3841852225814364e-07
google/gemma-4-e2b-it,3,83,1.162821085114775e-10,0.9999984502816872,0.9999984503979693,False,1.5497183127877179e-06
google/gemma-4-e2b-it,3,84,1.0,3.178982010108458e-11,1.00000000003179,True,0.0
google/gemma-4-e2b-it,3,85,4.277787868968998e-11,0.9999997615814777,0.9999997616242556,False,2.3841852225814364e-07
google/gemma-4-e2b-it,3,86,4.406848301584996e-08,0.9999790196052284,0.9999790636737114,False,2.098039477160807e-05
google/gemma-4-e2b-it,3,87,0.9999972581939645,2.7264699038522107e-06,0.9999999846638683,True,2.741806035544414e-06
google/gemma-4-e2b-it,3,88,2.1233748711316754e-06,0.9999961853172863,0.9999983086921574,False,3.8146827137097716e-06
google/gemma-4-e2b-it,3,89,5.109089028063325e-12,0.9999998807907247,0.9999998807958338,False,1.1920927533992653e-07
google/gemma-4-e2b-it,3,90,1.0,3.737889382610936e-12,1.000000000003738,True,0.0
google/gemma-4-e2b-it,3,91,1.2917800047859961e-12,0.9999998807907247,0.9999998807920164,False,1.1920927533992653e-07
google/gemma-4-e2b-it,3,92,3.5114221133765118e-12,1.0,1.0000000000035114,False,0.0
google/gemma-4-e2b-it,3,93,0.9924227367154145,0.0075772417595770785,0.9999999784749916,True,0.0075772632845855226
google/gemma-4-e2b-it,3,94,7.433680672352188e-12,0.9999998807907247,0.9999998807981584,False,1.1920927533992653e-07
google/gemma-4-e2b-it,3,95,1.2015425731771786e-13,1.0,1.0000000000001201,False,0.0
google/gemma-4-e2b-it,3,96,1.0,2.2447770550209742e-13,1.0000000000002245,True,0.0
google/gemma-4-e2b-it,3,97,7.75774191812223e-14,0.9999998807907247,0.9999998807908023,False,1.1920927533992653e-07
google/gemma-4-e2b-it,3,98,3.737889382610936e-12,0.9999998807907247,0.9999998807944626,False,1.1920927533992653e-07
google/gemma-4-e2b-it,3,99,1.0,1.2116897062778954e-09,1.0000000012116896,True,0.0
google/gemma-4-e2b-it,3,100,4.6448813899558095e-09,0.9999998807907247,0.999999885435606,False,1.1920927533992653e-07
google/gemma-4-e2b-it,3,101,4.235583571640497e-12,0.9999998807907247,0.9999998807949603,False,1.1920927533992653e-07
google/gemma-4-e2b-it,3,102,0.9999998807907247,4.993718107117558e-08,0.9999999307279057,True,1.1920927533992653e-07
google/gemma-4-e2b-it,3,103,1.0815941557285693e-11,0.9999996423722521,0.999999642383068,False,3.5762774786007867e-07
google/gemma-4-e2b-it,3,104,1.8795288165390832e-12,1.0,1.0000000000018796,False,0.0
google/gemma-4-e2b-it,3,105,1.0,2.3624188319157748e-11,1.0000000000236242,True,0.0
google/gemma-4-e2b-it,3,106,2.4374100555808313e-11,0.9999998807907247,0.9999998808150987,False,1.1920927533992653e-07
google/gemma-4-e2b-it,3,107,2.2447770550209742e-13,1.0,1.0000000000002245,False,0.0
google/gemma-4-e2b-it,3,108,1.0,3.0034784968805537e-12,1.0000000000030034,True,0.0
google/gemma-4-e2b-it,3,109,3.775134544279098e-11,0.9999996423722521,0.9999996424100035,False,3.5762774786007867e-07
google/gemma-4-e2b-it,3,110,1.482357388470959e-06,0.9999980926550052,0.9999995750123937,False,1.907344994833693e-06
google/gemma-4-e2b-it,3,111,0.9994115717949354,0.000588408915612475,0.999999980710548,True,0.0005884282050645506
google/gemma-4-e2b-it,3,112,7.123156315552984e-10,0.9999991655356624,0.999999166247978,False,8.344643376290151e-07
google/gemma-4-e2b-it,3,113,7.991944649514694e-11,0.999998927117538,0.9999989271974574,False,1.0728824619832267e-06
google/gemma-4-e2b-it,3,114,0.9999901057270286,9.81832974881335e-06,0.9999999240567774,True,9.894272971378015e-06
google/gemma-4-e2b-it,3,115,7.422499326709757e-09,0.9999990463265931,0.9999990537490924,False,9.536734069115482e-07
google/gemma-4-e2b-it,3,116,1.4307214629695401e-08,0.9999979734461775,0.9999979877533921,False,2.026553822531696e-06
google/gemma-4-e2b-it,3,117,1.0,2.2766975043844075e-10,1.0000000002276697,True,0.0
google/gemma-4-e2b-it,3,118,6.224144622907783e-11,0.9999997615814777,0.9999997616437192,False,2.3841852225814364e-07
google/gemma-4-e2b-it,3,119,2.0176445041544628e-08,1.0,1.000000020176445,False,0.0
google/gemma-4-e2b-it,3,120,1.0,2.5690112979751028e-12,1.000000000002569,True,0.0
google/gemma-4-e2b-it,3,121,2.0816795043384142e-08,0.9999933243243502,0.9999933451411452,False,6.675675649825408e-06
google/gemma-4-e2b-it,3,122,7.582560427911907e-10,0.9999995231630692,0.9999995239213252,False,4.7683693082944956e-07
google/gemma-4-e2b-it,3,123,1.0,2.646573638909117e-09,1.0000000026465736,True,0.0
google/gemma-4-e2b-it,3,124,4.018609804054498e-11,0.9999997615814777,0.9999997616216638,False,2.3841852225814364e-07
google/gemma-4-e2b-it,3,125,1.026187963170189e-10,0.9999997615814777,0.9999997616840965,False,2.3841852225814364e-07
google/gemma-4-e2b-it,3,126,1.0,3.0988191387218256e-12,1.0000000000030989,True,0.0
google/gemma-4-e2b-it,3,127,2.1087728885906676e-13,0.9999998807907247,0.9999998807909355,False,1.1920927533992653e-07
google/gemma-4-e2b-it,3,128,3.1296964622560676e-11,0.9999998807907247,0.9999998808220216,False,1.1920927533992653e-07
google/gemma-4-e2b-it,3,129,1.0,3.8127508250269574e-10,1.000000000381275,True,0.0
google/gemma-4-e2b-it,3,130,5.315775115378354e-08,0.9999972581939645,0.9999973113517157,False,2.741806035544414e-06
google/gemma-4-e2b-it,3,131,1.5893910094516368e-10,0.9999994039539004,0.9999994041128395,False,5.960460995879657e-07
google/gemma-4-e2b-it,3,132,1.0,8.86491126546674e-10,1.000000000886491,True,0.0
google/gemma-4-e2b-it,3,133,6.7582367636290854e-09,0.9999952316511552,0.999995238409392,False,4.768348844774728e-06
google/gemma-4-e2b-it,3,134,3.8127508250269574e-10,0.9999995231630692,0.9999995235443443,False,4.7683693082944956e-07
google/gemma-4-e2b-it,3,135,1.0,2.719127407940627e-11,1.0000000000271914,True,0.0
google/gemma-4-e2b-it,3,136,2.646568590975319e-09,0.999998927117538,0.9999989297641066,False,1.0728824619832267e-06
google/gemma-4-e2b-it,3,137,1.493094676197164e-10,0.9999990463265931,0.9999990464759025,False,9.536734069115482e-07
google/gemma-4-e2b-it,3,138,0.9999816421070834,1.834289742292997e-05,0.9999999850045064,True,1.8357892916598395e-05
google/gemma-4-e2b-it,3,139,7.582545965339434e-10,0.999998927117538,0.9999989278757926,False,1.0728824619832267e-06
google/gemma-4-e2b-it,3,140,3.8127508250269574e-10,0.9999998807907247,0.9999998811719998,False,1.1920927533992653e-07
google/gemma-4-e2b-it,3,141,0.9999998807907247,1.0087587866101831e-07,0.9999999816666033,True,1.1920927533992653e-07
google/gemma-4-e2b-it,3,142,2.0408184531908878e-10,0.9999995231630692,0.999999523367151,False,4.7683693082944956e-07
google/gemma-4-e2b-it,3,143,1.7087531108535575e-09,0.9999983310727032,0.9999983327814563,False,1.6689272968051228e-06
google/gemma-4-e2b-it,3,144,1.0,2.4899711297426796e-12,1.00000000000249,True,0.0
google/gemma-4-e2b-it,3,145,2.413362771833214e-12,1.0,1.0000000000024134,False,0.0
google/gemma-4-e2b-it,3,146,4.895668966831769e-10,0.9999995231630692,0.9999995236526361,False,4.7683693082944956e-07
google/gemma-4-e2b-it,3,147,1.0,4.925173916258293e-09,1.0000000049251738,True,0.0
google/gemma-4-e2b-it,3,148,1.079965219665058e-08,0.9999988079084972,0.9999988187081493,False,1.1920915028440504e-06
google/gemma-4-e2b-it,3,149,7.582560427911907e-10,0.9999990463265931,0.9999990470848491,False,9.536734069115482e-07
google/gemma-4-e2b-it,3,150,1.0,7.669651027152868e-12,1.0000000000076696,True,0.0
google/gemma-4-e2b-it,3,151,4.099077802738122e-09,0.9999967813595916,0.9999967854586694,False,3.218640408420015e-06
google/gemma-4-e2b-it,3,152,3.224174437983862e-08,0.9999954700677164,0.9999955023094608,False,4.529932283614535e-06
google/gemma-4-e2b-it,3,153,1.0,3.279893731487647e-11,1.0000000000327989,True,0.0
google/gemma-4-e2b-it,3,154,3.8891115722610075e-08,0.9999998807907247,0.9999999196818404,False,1.1920927533992653e-07
google/gemma-4-e2b-it,3,155,3.3647407934131505e-10,0.9999994039539004,0.9999994042903745,False,5.960460995879657e-07
google/gemma-4-e2b-it,3,156,1.0,7.276762290268223e-11,1.0000000000727676,True,0.0
google/gemma-4-e2b-it,3,157,3.331544542166412e-11,0.9999995231630692,0.9999995231963846,False,4.7683693082944956e-07
google/gemma-4-e2b-it,3,158,2.5907018837982573e-08,0.9999980926550052,0.999998118562024,False,1.907344994833693e-06
google/gemma-4-e2b-it,3,159,1.0,9.165563258383247e-09,1.0000000091655632,True,0.0
google/gemma-4-e2b-it,3,160,3.850741922767617e-09,1.0,1.000000003850742,False,0.0
google/gemma-4-e2b-it,3,161,3.1608754254165217e-10,0.999998927117538,0.9999989274336255,False,1.0728824619832267e-06
google/gemma-4-e2b-it,3,162,1.0,1.7283825395474503e-11,1.0000000000172837,True,0.0
google/gemma-4-e2b-it,3,163,9.833045182843989e-09,0.9999833109787883,0.9999833208118335,False,1.6689021211657717e-05
google/gemma-4-e2b-it,3,164,9.736200313009565e-10,0.9999992847447459,0.9999992857183659,False,7.152552541356272e-07
google/gemma-4-e2b-it,3,165,1.0,9.640143775040296e-11,1.0000000000964013,True,0.0
google/gemma-4-e2b-it,3,166,7.991959892953932e-11,0.9999997615814777,0.9999997616613974,False,2.3841852225814364e-07
google/gemma-4-e2b-it,3,167,3.5114221133765118e-12,0.9999997615814777,0.9999997615849892,False,2.3841852225814364e-07
google/gemma-4-e2b-it,3,168,1.0,2.3624188319157748e-11,1.0000000000236242,True,0.0
google/gemma-4-e2b-it,3,169,9.931137485569145e-08,0.9999948740268748,0.9999949733382497,False,5.125973125186256e-06
google/gemma-4-e2b-it,3,170,4.5990553786523166e-10,0.9999994039539004,0.999999404413806,False,5.960460995879657e-07
google/gemma-4-e2b-it,3,171,1.0,6.536575666443473e-10,1.0000000006536576,True,0.0
google/gemma-4-e2b-it,3,172,6.348788006680007e-09,0.9999972581939645,0.9999972645427525,False,2.741806035544414e-06
google/gemma-4-e2b-it,3,173,9.833120203311311e-09,0.9999901057270286,0.9999901155601488,False,9.894272971378015e-06
google/gemma-4-e2b-it,3,174,0.9999995231630692,4.888305162912579e-07,1.0000000119935855,True,4.7683693082944956e-07
google/gemma-4-e2b-it,3,175,1.6726828536883088e-08,0.9999984502816872,0.9999984670085158,False,1.5497183127877179e-06
google/gemma-4-e2b-it,3,176,6.348788006680007e-09,0.9999985694905718,0.9999985758393598,False,1.430509428246296e-06
google/gemma-4-e2b-it,3,177,0.9999599472811979,4.0063692636795675e-05,1.0000000109738347,True,4.005271880214156e-05
google/gemma-4-e2b-it,3,178,1.2501528663867426e-09,0.9999990463265931,0.999999047576746,False,9.536734069115482e-07
google/gemma-4-e2b-it,3,179,1.7257729238158885e-08,0.9999949932351057,0.9999950104928349,False,5.006764894344151e-06
google/gemma-4-e2b-it,3,180,1.0,3.856542728469724e-12,1.0000000000038565,True,0.0
google/gemma-4-e2b-it,3,181,4.058652126475693e-10,0.9999990463265931,0.9999990467324583,False,9.536734069115482e-07
google/gemma-4-e2b-it,3,182,4.425489038784254e-06,0.9999954700677164,0.9999998955567552,False,4.529932283614535e-06
google/gemma-4-e2b-it,3,183,1.0,6.448779170146253e-09,1.000000006448779,True,0.0
google/gemma-4-e2b-it,3,184,3.61743726377138e-09,0.9999994039539004,0.9999994075713377,False,5.960460995879657e-07
google/gemma-4-e2b-it,3,185,4.8473687062702556e-11,0.9999998807907247,0.9999998808391983,False,1.1920927533992653e-07
google/gemma-4-e2b-it,3,186,1.0,9.640143775040296e-11,1.0000000000964013,True,0.0
google/gemma-4-e2b-it,3,187,7.05287985111216e-11,0.9999997615814777,0.9999997616520065,False,2.3841852225814364e-07
google/gemma-4-e2b-it,3,188,1.1253496007565217e-07,0.9999984502816872,0.9999985628166473,False,1.5497183127877179e-06
google/gemma-4-e2b-it,3,189,1.0,4.018609804054498e-11,1.000000000040186,True,0.0
google/gemma-4-e2b-it,3,190,2.9989551047989332e-09,0.999998927117538,0.9999989301164931,False,1.0728824619832267e-06
google/gemma-4-e2b-it,3,191,8.41074550314122e-09,0.9999949932351057,0.9999950016458512,False,5.006764894344151e-06
google/gemma-4-e2b-it,3,192,1.0,1.9863638254836128e-08,1.0000000198636383,True,0.0
google/gemma-4-e2b-it,3,193,3.124929336041682e-08,0.9999817613105537,0.9999817925598471,False,1.8238689446281597e-05
google/gemma-4-e2b-it,3,194,5.484495009311378e-08,0.9999948740268748,0.999994928871825,False,5.125973125186256e-06
google/gemma-4-e2b-it,3,195,1.0,6.250371093504527e-09,1.000000006250371,True,0.0
google/gemma-4-e2b-it,3,196,1.1979284143507426e-07,0.9999977350285647,0.9999978548214061,False,2.2649714352951378e-06
google/gemma-4-e2b-it,3,197,1.89539075777258e-08,0.9999939203633587,0.9999939393172662,False,6.079636641342923e-06
google/gemma-4-e2b-it,3,198,0.9999763971175267,2.3552611737227186e-05,0.999999949729264,True,2.360288247327258e-05
google/gemma-4-e2b-it,3,199,5.3157446983561815e-08,0.9999921322487634,0.9999921854062104,False,7.8677512366232e-06
google/gemma-4-e2b-it,3,200,3.1249889399070745e-08,0.9999995231630692,0.9999995544129586,False,4.7683693082944956e-07
google/gemma-4-e2b-it,5,1,1.824446028469072e-15,1.0,1.0000000000000018,False,0.0
google/gemma-4-e2b-it,5,2,5.2792096283383845e-15,1.0,1.0000000000000053,False,0.0
google/gemma-4-e2b-it,5,3,4.0708893451447087e-16,1.0,1.0000000000000004,False,0.0
google/gemma-4-e2b-it,5,4,5.9821282237671354e-15,1.0,1.000000000000006,False,0.0
google/gemma-4-e2b-it,5,5,1.0,7.913111885083693e-12,1.000000000007913,True,0.0
google/gemma-4-e2b-it,5,6,2.5185700548476786e-14,1.0,1.000000000000025,False,0.0
google/gemma-4-e2b-it,5,7,5.175555005801869e-17,1.0,1.0,False,0.0
google/gemma-4-e2b-it,5,8,1.6100679690567228e-15,1.0,1.0000000000000016,False,0.0
google/gemma-4-e2b-it,5,9,5.564246011263937e-16,1.0,1.0000000000000007,False,0.0
google/gemma-4-e2b-it,5,10,1.0,3.03340582504162e-11,1.000000000030334,True,0.0
google/gemma-4-e2b-it,5,11,7.530388099325974e-17,1.0,1.0,False,0.0
google/gemma-4-e2b-it,5,12,2.825757287115611e-15,1.0,1.0000000000000029,False,0.0
google/gemma-4-e2b-it,5,13,5.175555005801869e-17,1.0,1.0,False,0.0
google/gemma-4-e2b-it,5,14,2.6283637069436874e-16,1.0,1.0000000000000002,False,0.0
google/gemma-4-e2b-it,5,15,1.0,5.611236560031702e-12,1.0000000000056113,True,0.0
google/gemma-4-e2b-it,5,16,3.374885804015305e-16,1.0,1.0000000000000004,False,0.0
google/gemma-4-e2b-it,5,17,2.444759076612131e-17,1.0,1.0,False,0.0
google/gemma-4-e2b-it,5,18,6.305116760146989e-16,1.0,1.0000000000000007,False,0.0
google/gemma-4-e2b-it,5,19,1.0956650033262367e-16,1.0,1.0,False,0.0
google/gemma-4-e2b-it,5,20,1.0,1.57371021068629e-11,1.0000000000157372,True,0.0
google/gemma-4-e2b-it,5,21,1.2415511035985842e-16,1.0,1.0000000000000002,False,0.0
google/gemma-4-e2b-it,5,22,6.305116760146989e-16,1.0,1.0000000000000007,False,0.0
google/gemma-4-e2b-it,5,23,7.530388099325974e-17,1.0,1.0,False,0.0
google/gemma-4-e2b-it,5,24,8.703945206726412e-15,1.0,1.0000000000000087,False,0.0
google/gemma-4-e2b-it,5,25,1.0,2.1973918095229806e-12,1.0000000000021974,True,0.0
google/gemma-4-e2b-it,5,26,5.923109047046263e-16,1.0,1.0000000000000007,False,0.0
google/gemma-4-e2b-it,5,27,1.2415511035985842e-16,1.0,1.0000000000000002,False,0.0
google/gemma-4-e2b-it,5,28,6.305116760146989e-16,1.0,1.0000000000000007,False,0.0
google/gemma-4-e2b-it,5,29,2.9783262686202286e-16,1.0,1.0000000000000002,False,0.0
google/gemma-4-e2b-it,5,30,1.0,2.129785170955785e-12,1.0000000000021299,True,0.0
google/gemma-4-e2b-it,5,31,1.4068617124461467e-16,1.0,1.0000000000000002,False,0.0
google/gemma-4-e2b-it,5,32,3.8623522725779546e-15,1.0,1.0000000000000038,False,0.0
google/gemma-4-e2b-it,5,33,3.8242466280971355e-16,1.0,1.0000000000000004,False,0.0
google/gemma-4-e2b-it,5,34,4.910429870159115e-16,1.0,1.0000000000000004,False,0.0
google/gemma-4-e2b-it,5,35,1.0,2.7346982915918745e-12,1.0000000000027347,True,0.0
google/gemma-4-e2b-it,5,36,6.367942346736252e-15,1.0,1.0000000000000064,False,0.0
google/gemma-4-e2b-it,5,37,4.0307262913476244e-17,1.0,1.0,False,0.0
google/gemma-4-e2b-it,5,38,1.8064461965456932e-16,1.0,1.0000000000000002,False,0.0
google/gemma-4-e2b-it,5,39,1.4068617124461467e-16,1.0,1.0000000000000002,False,0.0
google/gemma-4-e2b-it,5,40,1.0,3.0988191387218256e-12,1.0000000000030989,True,0.0
google/gemma-4-e2b-it,5,41,8.533047625744066e-17,1.0,1.0,False,0.0
google/gemma-4-e2b-it,5,42,2.3426350719292957e-15,1.0,1.0000000000000024,False,0.0
google/gemma-4-e2b-it,5,43,1.0956650033262367e-16,1.0,1.0,False,0.0
google/gemma-4-e2b-it,5,44,1.1896882546451464e-14,1.0,1.000000000000012,False,0.0
google/gemma-4-e2b-it,5,45,1.0,3.6228866164227827e-12,1.0000000000036229,True,0.0
google/gemma-4-e2b-it,5,46,5.923109047046263e-16,1.0,1.0000000000000007,False,0.0
google/gemma-4-e2b-it,5,47,1.0956650033262367e-16,1.0,1.0,False,0.0
google/gemma-4-e2b-it,5,48,3.068246448279046e-13,1.0,1.0000000000003069,False,0.0
google/gemma-4-e2b-it,5,49,6.305116760146989e-16,1.0,1.0000000000000007,False,0.0
google/gemma-4-e2b-it,5,50,1.0,2.911071178211687e-12,1.000000000002911,True,0.0
google/gemma-4-e2b-it,5,51,1.3887943864964021e-11,1.0,1.000000000013888,False,0.0
google/gemma-4-e2b-it,5,52,2.000748010582296e-12,1.0,1.0000000000020008,False,0.0
google/gemma-4-e2b-it,5,53,1.2790354113010132e-13,1.0,1.000000000000128,False,0.0
google/gemma-4-e2b-it,5,54,7.75774191812223e-14,0.9999998807907247,0.9999998807908023,False,1.1920927533992653e-07
google/gemma-4-e2b-it,5,55,1.0,2.020683909022217e-11,1.000000000020207,True,0.0
google/gemma-4-e2b-it,5,56,3.97896253583724e-12,1.0,1.000000000003979,False,0.0
google/gemma-4-e2b-it,5,57,2.6810038677818034e-14,1.0,1.0000000000000269,False,0.0
google/gemma-4-e2b-it,5,58,1.304651588236747e-11,1.0,1.0000000000130465,False,0.0
google/gemma-4-e2b-it,5,59,1.0603575991523846e-13,1.0,1.0000000000001061,False,0.0
google/gemma-4-e2b-it,5,60,1.0,1.909127088622219e-12,1.0000000000019091,True,0.0
google/gemma-4-e2b-it,5,61,6.64554417291507e-17,1.0,1.0,False,0.0
google/gemma-4-e2b-it,5,62,1.1065824532574403e-15,1.0,1.000000000000001,False,0.0
google/gemma-4-e2b-it,5,63,2.3195228302435696e-16,1.0,1.0000000000000002,False,0.0
google/gemma-4-e2b-it,5,64,5.2792096283383845e-15,1.0,1.0000000000000053,False,0.0
google/gemma-4-e2b-it,5,65,1.0,2.1056009849822147e-10,1.00000000021056,True,0.0
google/gemma-4-e2b-it,5,66,2.067368194863644e-15,1.0,1.000000000000002,False,0.0
google/gemma-4-e2b-it,5,67,3.5571034672805724e-17,1.0,1.0,False,0.0
google/gemma-4-e2b-it,5,68,2.6283637069436874e-16,1.0,1.0000000000000002,False,0.0
google/gemma-4-e2b-it,5,69,7.530388099325974e-17,1.0,1.0,False,0.0
google/gemma-4-e2b-it,5,70,1.0,6.983296728391707e-12,1.0000000000069833,True,0.0
google/gemma-4-e2b-it,5,71,6.64554417291507e-17,1.0,1.0,False,0.0
google/gemma-4-e2b-it,5,72,2.3659776091347615e-14,1.0,1.0000000000000238,False,0.0
google/gemma-4-e2b-it,5,73,5.175555005801869e-17,1.0,1.0,False,0.0
google/gemma-4-e2b-it,5,74,4.0708893451447087e-16,1.0,1.0000000000000004,False,0.0
google/gemma-4-e2b-it,5,75,1.0,1.7656539221911676e-12,1.0000000000017657,True,0.0
google/gemma-4-e2b-it,5,76,5.564246011263937e-16,1.0,1.0000000000000007,False,0.0
google/gemma-4-e2b-it,5,77,2.825757287115611e-15,1.0,1.0000000000000029,False,0.0
google/gemma-4-e2b-it,5,78,7.144633303166281e-16,1.0,1.0000000000000007,False,0.0
google/gemma-4-e2b-it,5,79,1.0956650033262367e-16,1.0,1.0,False,0.0
google/gemma-4-e2b-it,5,80,1.0,5.438596960491441e-12,1.0000000000054385,True,0.0
google/gemma-4-e2b-it,5,81,1.0956650033262367e-16,1.0,1.0,False,0.0
google/gemma-4-e2b-it,5,82,7.144633303166281e-16,1.0,1.0000000000000007,False,0.0
google/gemma-4-e2b-it,5,83,5.864672148586656e-17,1.0,1.0,False,0.0
google/gemma-4-e2b-it,5,84,4.37661850287085e-15,1.0,1.0000000000000044,False,0.0
google/gemma-4-e2b-it,5,85,1.0,2.3624188319157748e-11,1.0000000000236242,True,0.0
google/gemma-4-e2b-it,5,86,7.144633303166281e-16,1.0,1.0000000000000007,False,0.0
google/gemma-4-e2b-it,5,87,8.533047625744066e-17,1.0,1.0,False,0.0
google/gemma-4-e2b-it,5,88,1.2256067444099483e-11,1.0,1.000000000012256,False,0.0
google/gemma-4-e2b-it,5,89,5.175555005801869e-17,1.0,1.0,False,0.0
google/gemma-4-e2b-it,5,90,1.0,2.7346982915918745e-12,1.0000000000027347,True,0.0
google/gemma-4-e2b-it,5,91,2.9783262686202286e-16,1.0,1.0000000000000002,False,0.0
google/gemma-4-e2b-it,5,92,9.76555587454154e-16,1.0,1.0000000000000009,False,0.0
google/gemma-4-e2b-it,5,93,2.0469717131642043e-16,1.0,1.0000000000000002,False,0.0
google/gemma-4-e2b-it,5,94,1.039538011670222e-15,1.0,1.000000000000001,False,0.0
google/gemma-4-e2b-it,5,95,1.0,5.323793019689792e-11,1.0000000000532379,True,0.0
google/gemma-4-e2b-it,5,96,4.752193062771153e-13,1.0,1.0000000000004752,False,0.0
google/gemma-4-e2b-it,5,97,8.533047625744066e-17,1.0,1.0,False,0.0
google/gemma-4-e2b-it,5,98,9.173890754179198e-16,1.0,1.0000000000000009,False,0.0
google/gemma-4-e2b-it,5,99,4.420228103641173e-14,1.0,1.0000000000000442,False,0.0
google/gemma-4-e2b-it,5,100,1.0,6.983296728391707e-12,1.0000000000069833,True,0.0
google/gemma-4-e2b-it,5,101,1.039538011670222e-15,1.0,1.000000000000001,False,0.0
google/gemma-4-e2b-it,5,102,3.2661313427874473e-13,1.0,1.0000000000003266,False,0.0
google/gemma-4-e2b-it,5,103,1.4068617124461467e-16,1.0,1.0000000000000002,False,0.0
google/gemma-4-e2b-it,5,104,8.703945206726412e-15,1.0,1.0000000000000087,False,0.0
google/gemma-4-e2b-it,5,105,1.0,4.799544972039692e-12,1.0000000000047995,True,0.0
google/gemma-4-e2b-it,5,106,1.334793228597603e-15,1.0,1.0000000000000013,False,0.0
google/gemma-4-e2b-it,5,107,1.2415511035985842e-16,1.0,1.0000000000000002,False,0.0
google/gemma-4-e2b-it,5,108,2.543665647376923e-13,1.0,1.0000000000002545,False,0.0
google/gemma-4-e2b-it,5,109,7.530388099325974e-17,1.0,1.0,False,0.0
google/gemma-4-e2b-it,5,110,1.0,3.2290436924059623e-11,1.0000000000322904,True,0.0
google/gemma-4-e2b-it,5,111,2.9783262686202286e-16,1.0,1.0000000000000002,False,0.0
google/gemma-4-e2b-it,5,112,4.910429870159115e-16,1.0,1.0000000000000004,False,0.0
google/gemma-4-e2b-it,5,113,5.864672148586656e-17,1.0,1.0,False,0.0
google/gemma-4-e2b-it,5,114,1.334793228597603e-15,1.0,1.0000000000000013,False,0.0
google/gemma-4-e2b-it,5,115,1.0,4.146174172644489e-11,1.0000000000414617,True,0.0
google/gemma-4-e2b-it,5,116,5.564246011263937e-16,1.0,1.0000000000000007,False,0.0
google/gemma-4-e2b-it,5,117,7.530388099325974e-17,1.0,1.0,False,0.0
google/gemma-4-e2b-it,5,118,4.910429870159115e-16,1.0,1.0000000000000004,False,0.0
google/gemma-4-e2b-it,5,119,1.5941831731372974e-16,1.0,1.0000000000000002,False,0.0
google/gemma-4-e2b-it,5,120,1.0,2.1973918095229806e-12,1.0000000000021974,True,0.0
google/gemma-4-e2b-it,5,121,2.9783262686202286e-16,1.0,1.0000000000000002,False,0.0
google/gemma-4-e2b-it,5,122,8.618072811299709e-16,1.0,1.0000000000000009,False,0.0
google/gemma-4-e2b-it,5,123,2.3195228302435696e-16,1.0,1.0000000000000002,False,0.0
google/gemma-4-e2b-it,5,124,7.605422562220509e-16,1.0,1.0000000000000007,False,0.0
google/gemma-4-e2b-it,5,125,1.0,1.252036112270598e-12,1.000000000001252,True,0.0
google/gemma-4-e2b-it,5,126,1.9421126879000225e-15,1.0,1.000000000000002,False,0.0
google/gemma-4-e2b-it,5,127,5.864672148586656e-17,1.0,1.0,False,0.0
google/gemma-4-e2b-it,5,128,1.8064461965456932e-16,1.0,1.0000000000000002,False,0.0
google/gemma-4-e2b-it,5,129,2.6283637069436874e-16,1.0,1.0000000000000002,False,0.0
google/gemma-4-e2b-it,5,130,1.0,1.026187963170189e-10,1.0000000001026188,True,0.0
google/gemma-4-e2b-it,5,131,9.669209717057444e-17,1.0,1.0,False,0.0
google/gemma-4-e2b-it,5,132,8.095930175212601e-16,1.0,1.0000000000000009,False,0.0
google/gemma-4-e2b-it,5,133,9.669209717057444e-17,1.0,1.0,False,0.0
google/gemma-4-e2b-it,5,134,3.592547237854837e-16,1.0,1.0000000000000004,False,0.0
google/gemma-4-e2b-it,5,135,1.0,1.57371021068629e-11,1.0000000000157372,True,0.0
google/gemma-4-e2b-it,5,136,2.3195228302435696e-16,1.0,1.0000000000000002,False,0.0
google/gemma-4-e2b-it,5,137,4.0307262913476244e-17,1.0,1.0,False,0.0
google/gemma-4-e2b-it,5,138,2.9783262686202286e-16,1.0,1.0000000000000002,False,0.0
google/gemma-4-e2b-it,5,139,5.864672148586656e-17,1.0,1.0,False,0.0
google/gemma-4-e2b-it,5,140,1.0,4.951898883897418e-12,1.0000000000049518,True,0.0
google/gemma-4-e2b-it,5,141,3.374885804015305e-16,1.0,1.0000000000000004,False,0.0
google/gemma-4-e2b-it,5,142,4.0708893451447087e-16,1.0,1.0000000000000004,False,0.0
google/gemma-4-e2b-it,5,143,3.374885804015305e-16,1.0,1.0000000000000004,False,0.0
google/gemma-4-e2b-it,5,144,6.367942346736252e-15,1.0,1.0000000000000064,False,0.0
google/gemma-4-e2b-it,5,145,1.0,2.219287110538232e-11,1.000000000022193,True,0.0
google/gemma-4-e2b-it,5,146,5.227125387689122e-16,1.0,1.0000000000000004,False,0.0
google/gemma-4-e2b-it,5,147,8.533047625744066e-17,1.0,1.0,False,0.0
google/gemma-4-e2b-it,5,148,1.713908431542013e-15,1.0,1.0000000000000018,False,0.0
google/gemma-4-e2b-it,5,149,2.3195228302435696e-16,1.0,1.0000000000000002,False,0.0
google/gemma-4-e2b-it,5,150,1.0,2.064258569985229e-12,1.0000000000020643,True,0.0
google/gemma-4-e2b-it,5,151,2.707717986972444e-13,1.0,1.0000000000002707,False,0.0
google/gemma-4-e2b-it,5,152,1.8010159636784437e-10,1.0,1.0000000001801015,False,0.0
google/gemma-4-e2b-it,5,153,9.640143775040296e-11,1.0,1.0000000000964013,False,0.0
google/gemma-4-e2b-it,5,154,2.0408184531908878e-10,1.0,1.0000000002040819,False,0.0
google/gemma-4-e2b-it,5,155,1.0,3.9563070338066556e-11,1.000000000039563,True,0.0
google/gemma-4-e2b-it,5,156,1.493094676197164e-10,1.0,1.0000000001493095,False,0.0
google/gemma-4-e2b-it,5,157,1.6100679690567228e-15,1.0,1.0000000000000016,False,0.0
google/gemma-4-e2b-it,5,158,1.006039279283317e-12,1.0,1.000000000001006,False,0.0
google/gemma-4-e2b-it,5,159,2.2671445131678592e-12,1.0,1.000000000002267,False,0.0
google/gemma-4-e2b-it,5,160,1.0,2.911071178211687e-12,1.000000000002911,True,0.0
google/gemma-4-e2b-it,5,161,2.3195228302435696e-16,1.0,1.0000000000000002,False,0.0
google/gemma-4-e2b-it,5,162,6.305116760146989e-16,1.0,1.0000000000000007,False,0.0
google/gemma-4-e2b-it,5,163,5.864672148586656e-17,1.0,1.0,False,0.0
google/gemma-4-e2b-it,5,164,4.612921964056952e-16,1.0,1.0000000000000004,False,0.0
google/gemma-4-e2b-it,5,165,1.0,3.5464107047741826e-11,1.000000000035464,True,0.0
google/gemma-4-e2b-it,5,166,4.3334391507742955e-16,1.0,1.0000000000000004,False,0.0
google/gemma-4-e2b-it,5,167,2.770274965784119e-17,1.0,1.0,False,0.0
google/gemma-4-e2b-it,5,168,5.9821282237671354e-15,1.0,1.000000000000006,False,0.0
google/gemma-4-e2b-it,5,169,1.5941831731372974e-16,1.0,1.0000000000000002,False,0.0
google/gemma-4-e2b-it,5,170,1.0,2.9400777392844726e-11,1.0000000000294007,True,0.0
google/gemma-4-e2b-it,5,171,2.3195228302435696e-16,1.0,1.0000000000000002,False,0.0
google/gemma-4-e2b-it,5,172,1.039538011670222e-15,1.0,1.000000000000001,False,0.0
google/gemma-4-e2b-it,5,173,1.0956650033262367e-16,1.0,1.0,False,0.0
google/gemma-4-e2b-it,5,174,1.1779508898282764e-15,1.0,1.000000000000001,False,0.0
google/gemma-4-e2b-it,5,175,1.0,3.0034784968805537e-12,1.0000000000030034,True,0.0
google/gemma-4-e2b-it,5,176,9.173890754179198e-16,1.0,1.0000000000000009,False,0.0
google/gemma-4-e2b-it,5,177,2.0469717131642043e-16,1.0,1.0000000000000002,False,0.0
google/gemma-4-e2b-it,5,178,5.227125387689122e-16,1.0,1.0000000000000004,False,0.0
google/gemma-4-e2b-it,5,179,1.8064461965456932e-16,1.0,1.0000000000000002,False,0.0
google/gemma-4-e2b-it,5,180,1.0,2.2671445131678592e-12,1.000000000002267,True,0.0
google/gemma-4-e2b-it,5,181,1.4068617124461467e-16,1.0,1.0000000000000002,False,0.0
google/gemma-4-e2b-it,5,182,1.6100679690567228e-15,1.0,1.0000000000000016,False,0.0
google/gemma-4-e2b-it,5,183,1.8064461965456932e-16,1.0,1.0000000000000002,False,0.0
google/gemma-4-e2b-it,5,184,9.173890754179198e-16,1.0,1.0000000000000009,False,0.0
google/gemma-4-e2b-it,5,185,1.0,1.2771115545128334e-10,1.0000000001277112,True,0.0
google/gemma-4-e2b-it,5,186,1.1065824532574403e-15,1.0,1.000000000000001,False,0.0
google/gemma-4-e2b-it,5,187,6.64554417291507e-17,1.0,1.0,False,0.0
google/gemma-4-e2b-it,5,188,9.173890754179198e-16,1.0,1.0000000000000009,False,0.0
google/gemma-4-e2b-it,5,189,3.374885804015305e-16,1.0,1.0000000000000004,False,0.0
google/gemma-4-e2b-it,5,190,0.9999508881865387,4.908664100915499e-05,0.9999999748275478,True,4.911181346134441e-05
google/gemma-4-e2b-it,5,191,5.923109047046263e-16,1.0,1.0000000000000007,False,0.0
google/gemma-4-e2b-it,5,192,6.367942346736252e-15,1.0,1.0000000000000064,False,0.0
google/gemma-4-e2b-it,5,193,8.618072811299709e-16,1.0,1.0000000000000009,False,0.0
google/gemma-4-e2b-it,5,194,4.959358486191753e-15,1.0,1.0000000000000049,False,0.0
google/gemma-4-e2b-it,5,195,1.0,4.277787868968998e-11,1.0000000000427778,True,0.0
google/gemma-4-e2b-it,5,196,1.435037960133826e-14,1.0,1.0000000000000144,False,0.0
google/gemma-4-e2b-it,5,197,5.227125387689122e-16,1.0,1.0000000000000004,False,0.0
google/gemma-4-e2b-it,5,198,1.435037960133826e-14,1.0,1.0000000000000144,False,0.0
google/gemma-4-e2b-it,5,199,8.095930175212601e-16,1.0,1.0000000000000009,False,0.0
google/gemma-4-e2b-it,5,200,1.0,2.7346982915918745e-12,1.0000000000027347,True,0.0
google/gemma-4-e2b-it,7,1,5.058683183027784e-13,0.9999998807907247,0.9999998807912305,False,1.1920927533992653e-07
google/gemma-4-e2b-it,7,2,2.911071178211687e-12,1.0,1.000000000002911,False,0.0
google/gemma-4-e2b-it,7,3,1.0815941557285693e-11,1.0,1.000000000010816,False,0.0
google/gemma-4-e2b-it,7,4,5.789356328730652e-12,1.0,1.0000000000057894,False,0.0
google/gemma-4-e2b-it,7,5,2.7346982915918745e-12,0.9999998807907247,0.9999998807934594,False,1.1920927533992653e-07
google/gemma-4-e2b-it,7,6,8.340358565590937e-13,1.0,1.000000000000834,False,0.0
google/gemma-4-e2b-it,7,7,1.0,2.6354686525515713e-11,1.0000000000263547,True,0.0
google/gemma-4-e2b-it,7,8,8.507397021943229e-11,1.0,1.000000000085074,False,0.0
google/gemma-4-e2b-it,7,9,5.15999712815652e-11,1.0,1.0000000000516,False,0.0
google/gemma-4-e2b-it,7,10,8.340358565590937e-13,0.9999998807907247,0.9999998807915587,False,1.1920927533992653e-07
google/gemma-4-e2b-it,7,11,7.75774191812223e-14,1.0,1.0000000000000775,False,0.0
google/gemma-4-e2b-it,7,12,2.020683909022217e-11,1.0,1.000000000020207,False,0.0
google/gemma-4-e2b-it,7,13,2.707717986972444e-13,0.9999998807907247,0.9999998807909954,False,1.1920927533992653e-07
google/gemma-4-e2b-it,7,14,1.0,1.478363929001648e-11,1.0000000000147837,True,0.0
google/gemma-4-e2b-it,7,15,4.799544972039692e-12,0.9999998807907247,0.9999998807955242,False,1.1920927533992653e-07
google/gemma-4-e2b-it,7,16,6.914400106940203e-13,1.0,1.0000000000006914,False,0.0
google/gemma-4-e2b-it,7,17,1.1399918530443554e-12,0.9999998807907247,0.9999998807918646,False,1.1920927533992653e-07
google/gemma-4-e2b-it,7,18,1.6918979226151304e-10,1.0,1.0000000001691898,False,0.0
google/gemma-4-e2b-it,7,19,1.7656539221911676e-12,0.9999998807907247,0.9999998807924904,False,1.1920927533992653e-07
google/gemma-4-e2b-it,7,20,6.625567462588725e-11,0.9999998807907247,0.9999998808569803,False,1.1920927533992653e-07
google/gemma-4-e2b-it,7,21,1.0,8.423463754468647e-12,1.0000000000084235,True,0.0
google/gemma-4-e2b-it,7,22,8.966730491527304e-12,0.9999998807907247,0.9999998807996914,False,1.1920927533992653e-07
google/gemma-4-e2b-it,7,23,5.384940217754036e-13,0.9999998807907247,0.9999998807912631,False,1.1920927533992653e-07
google/gemma-4-e2b-it,7,24,3.1296964622560676e-11,1.0,1.000000000031297,False,0.0
google/gemma-4-e2b-it,7,25,1.006039279283317e-12,0.9999998807907247,0.9999998807917307,False,1.1920927533992653e-07
google/gemma-4-e2b-it,7,26,2.15100682437863e-11,0.9999998807907247,0.9999998808122347,False,1.1920927533992653e-07
google/gemma-4-e2b-it,7,27,2.991154917753e-05,0.9999700793634253,0.9999999909126028,False,2.9920636574698456e-05
google/gemma-4-e2b-it,7,28,1.0,5.611236560031702e-12,1.0000000000056113,True,0.0
google/gemma-4-e2b-it,7,29,2.7346982915918745e-12,0.9999998807907247,0.9999998807934594,False,1.1920927533992653e-07
google/gemma-4-e2b-it,7,30,1.917171513758312e-10,1.0,1.000000000191717,False,0.0
google/gemma-4-e2b-it,7,31,3.737889382610936e-12,0.9999997615814777,0.9999997615852156,False,2.3841852225814364e-07
google/gemma-4-e2b-it,7,32,3.775134544279098e-11,0.9999998807907247,0.999999880828476,False,1.1920927533992653e-07
google/gemma-4-e2b-it,7,33,5.4927883509546835e-11,0.9999997615814777,0.9999997616364056,False,2.3841852225814364e-07
google/gemma-4-e2b-it,7,34,2.5946094982764667e-11,0.9999996423722521,0.9999996423981983,False,3.5762774786007867e-07
google/gemma-4-e2b-it,7,35,1.0,3.97896253583724e-12,1.000000000003979,True,0.0
google/gemma-4-e2b-it,7,36,1.6100679690567228e-15,1.0,1.0000000000000016,False,0.0
google/gemma-4-e2b-it,7,37,4.5536814829435366e-11,0.9999996423722521,0.9999996424177889,False,3.5762774786007867e-07
google/gemma-4-e2b-it,7,38,2.4616969518153846e-10,0.9999997615814777,0.9999997618276474,False,2.3841852225814364e-07
google/gemma-4-e2b-it,7,39,1.400522877690887e-07,0.9999998807907247,1.0000000208430124,False,1.1920927533992653e-07
google/gemma-4-e2b-it,7,40,1.7087563700445755e-09,1.0,1.0000000017087565,False,0.0
google/gemma-4-e2b-it,7,41,8.423463754468647e-12,0.9999996423722521,0.9999996423806756,False,3.5762774786007867e-07
google/gemma-4-e2b-it,7,42,1.0,2.1973918095229806e-12,1.0000000000021974,True,0.0
google/gemma-4-e2b-it,7,43,7.991959892953932e-11,0.9999994039539004,0.99999940403382,False,5.960460995879657e-07
google/gemma-4-e2b-it,7,44,7.002167173005808e-07,0.999998927117538,0.9999996273342553,False,1.0728824619832267e-06
google/gemma-4-e2b-it,7,45,3.732267048937714e-09,0.9999994039539004,0.9999994076861675,False,5.960460995879657e-07
google/gemma-4-e2b-it,7,46,1.2378189627675852e-10,0.9999994039539004,0.9999994040776823,False,5.960460995879657e-07
google/gemma-4-e2b-it,7,47,4.501973413345846e-09,0.9999992847447459,0.9999992892467193,False,7.152552541356272e-07
google/gemma-4-e2b-it,7,48,5.255393254716373e-06,0.9999946356109105,0.9999998910041652,False,5.364389089490551e-06
google/gemma-4-e2b-it,7,49,1.0,2.413362771833214e-12,1.0000000000024134,True,0.0
google/gemma-4-e2b-it,7,50,1.6052280551856116e-09,0.9999996423722521,0.9999996439774802,False,3.5762774786007867e-07
google/gemma-4-e2b-it,7,51,3.028837360874626e-08,0.9999984502816872,0.9999984805700608,False,1.5497183127877179e-06
google/gemma-4-e2b-it,7,52,5.804983868572926e-07,0.9999964237340748,0.9999970042324616,False,3.5762659251759032e-06
google/gemma-4-e2b-it,7,53,2.0408184531908878e-10,0.9999994039539004,0.9999994041579823,False,5.960460995879657e-07
google/gemma-4-e2b-it,7,54,0.0003682978415436485,0.9996316598100417,0.9999999576515853,False,0.0003683401899583494
google/gemma-4-e2b-it,7,55,2.156817273621103e-06,0.9999977350285647,0.9999998918458384,False,2.2649714352951378e-06
google/gemma-4-e2b-it,7,56,1.0,8.164301020237897e-12,1.0000000000081644,True,0.0
google/gemma-4-e2b-it,7,57,8.630865340046847e-06,0.9999904633477849,0.9999990942131249,False,9.536652215147434e-06
google/gemma-4-e2b-it,7,58,1.621219812533441e-08,0.999998927117538,0.9999989433297362,False,1.0728824619832267e-06
google/gemma-4-e2b-it,7,59,2.4862211059940697e-09,0.999998927117538,0.9999989296037591,False,1.0728824619832267e-06
google/gemma-4-e2b-it,7,60,1.1430734585648977e-07,0.9999998807907247,0.9999999950980705,False,1.1920927533992653e-07
google/gemma-4-e2b-it,7,61,4.8473687062702556e-11,0.9999995231630692,0.9999995232115428,False,4.7683693082944956e-07
google/gemma-4-e2b-it,7,62,1.1744076931903716e-09,0.999998927117538,0.9999989282919457,False,1.0728824619832267e-06
google/gemma-4-e2b-it,7,63,1.0,3.298675802357997e-12,1.0000000000032987,True,0.0
google/gemma-4-e2b-it,7,64,2.4862258480890196e-09,1.0,1.000000002486226,False,0.0
google/gemma-4-e2b-it,7,65,2.9989608248573072e-09,0.9999996423722521,0.999999645371213,False,3.5762774786007867e-07
google/gemma-4-e2b-it,7,66,6.339208270898873e-06,0.9999935627400018,0.9999999019482727,False,6.4372599981599166e-06
google/gemma-4-e2b-it,7,67,4.277787868968998e-11,0.9999992847447459,0.9999992847875238,False,7.152552541356272e-07
google/gemma-4-e2b-it,7,68,3.1923771805723365e-09,0.9999995231630692,0.9999995263554463,False,4.7683693082944956e-07
google/gemma-4-e2b-it,7,69,0.9996849099408652,0.00031503881247440916,0.9999999487533396,False,0.9996849611875256
google/gemma-4-e2b-it,7,70,1.0,6.1627377326348205e-12,1.0000000000061628,True,0.0
google/gemma-4-e2b-it,7,71,7.571147924875901e-07,0.9999992847447459,1.0000000418595383,False,7.152552541356272e-07
google/gemma-4-e2b-it,7,72,1.0,1.2378189627675852e-10,1.0000000001237819,False,0.9999999998762181
google/gemma-4-e2b-it,7,73,0.0003682978415436485,0.9996316598100417,0.9999999576515853,False,0.0003683401899583494
google/gemma-4-e2b-it,7,74,1.0,1.478363929001648e-11,1.0000000000147837,False,0.9999999999852164
google/gemma-4-e2b-it,7,75,6.625567462588725e-11,0.9999991655356624,0.999999165601918,False,8.344643376290151e-07
google/gemma-4-e2b-it,7,76,0.9999965429424904,3.5008533157049364e-06,1.000000043795806,False,0.9999964991466843
google/gemma-4-e2b-it,7,77,1.0,3.658985864935009e-11,1.0000000000365898,True,0.0
google/gemma-4-e2b-it,7,78,0.9999867679437158,1.3211956387197903e-05,0.9999999799001029,False,0.9999867880436129
google/gemma-4-e2b-it,7,79,1.3440409951135022e-08,1.0,1.00000001344041,False,0.0
google/gemma-4-e2b-it,7,80,1.7257827987960214e-08,0.9999998807907247,0.9999998980485526,False,1.1920927533992653e-07
google/gemma-4-e2b-it,7,81,1.4449802461092448e-07,0.9999998807907247,1.0000000252887493,False,1.1920927533992653e-07
google/gemma-4-e2b-it,7,82,8.592150230932485e-10,0.9999986886995842,0.9999986895587992,False,1.3113004158071817e-06
google/gemma-4-e2b-it,7,83,1.9171678570473336e-10,0.999998927117538,0.9999989273092548,False,1.0728824619832267e-06
google/gemma-4-e2b-it,7,84,1.0,7.433680672352188e-12,1.0000000000074336,True,0.0
google/gemma-4-e2b-it,7,85,1.493094676197164e-10,0.9999996423722521,0.9999996425215616,False,3.5762774786007867e-07
google/gemma-4-e2b-it,7,86,5.211412487888539e-10,0.9999991655356624,0.9999991660568036,False,8.344643376290151e-07
google/gemma-4-e2b-it,7,87,8.059437327595797e-07,0.9999984502816872,0.99999925622542,False,1.5497183127877179e-06
google/gemma-4-e2b-it,7,88,0.020330438515639086,0.9795754398628147,0.9999058783784538,False,0.0204245601371853
google/gemma-4-e2b-it,7,89,2.4374100555808313e-11,0.9999996423722521,0.9999996423966262,False,3.5762774786007867e-07
google/gemma-4-e2b-it,7,90,1.2878956460984516e-06,0.9999985694905718,0.9999998573862179,False,1.430509428246296e-06
google/gemma-4-e2b-it,7,91,1.0,2.5543838064735716e-11,1.0000000000255438,True,0.0
google/gemma-4-e2b-it,7,92,2.7894680928689246e-10,0.9999994039539004,0.9999994042328472,False,5.960460995879657e-07
google/gemma-4-e2b-it,7,93,1.8189582181622667e-09,0.9999986886995842,0.9999986905185424,False,1.3113004158071817e-06
google/gemma-4-e2b-it,7,94,2.6204627647424615e-10,0.9999990463265931,0.9999990465886394,False,9.536734069115482e-07
google/gemma-4-e2b-it,7,95,2.4374100555808313e-11,0.9999997615814777,0.9999997616058518,False,2.3841852225814364e-07
google/gemma-4-e2b-it,7,96,6.227850465260258e-07,0.9999984502816872,0.9999990730667337,False,1.5497183127877179e-06
google/gemma-4-e2b-it,7,97,2.9400777392844726e-11,0.9999991655356624,0.9999991655650632,False,8.344643376290151e-07
google/gemma-4-e2b-it,7,98,1.0,5.109089028063325e-12,1.000000000005109,True,0.0
google/gemma-4-e2b-it,7,99,1.4064027540607305e-05,0.999984503032491,0.9999985670600315,False,1.5496967509021076e-05
google/gemma-4-e2b-it,7,100,1.5079722038360346e-09,0.9999997615814777,0.9999997630894499,False,2.3841852225814364e-07
google/gemma-4-e2b-it,7,101,4.9755924439655854e-06,0.9999715097912857,0.9999764853837296,False,2.8490208714315735e-05
google/gemma-4-e2b-it,7,102,1.5381705313987978e-07,0.9999979734461775,0.9999981272632306,False,2.026553822531696e-06
google/gemma-4-e2b-it,7,103,2.3125458623880924e-10,0.999998927117538,0.9999989273487926,False,1.0728824619832267e-06
google/gemma-4-e2b-it,7,104,9.818320385328903e-06,0.9999895096921129,0.9999993280124982,False,1.0490307887134342e-05
google/gemma-4-e2b-it,7,105,1.0,9.545034922840628e-12,1.000000000009545,True,0.0
google/gemma-4-e2b-it,7,106,6.348788006680007e-09,0.9999986886995842,0.9999986950483722,False,1.3113004158071817e-06
google/gemma-4-e2b-it,7,107,1.7061812684988805e-06,0.9999974966112362,0.9999992027925046,False,2.5033887638414853e-06
google/gemma-4-e2b-it,7,108,0.9999434979901243,5.649794643335811e-05,0.9999999959365576,False,0.9999435020535666
google/gemma-4-e2b-it,7,109,3.3647407934131505e-10,0.9999994039539004,0.9999994042903745,False,5.960460995879657e-07
google/gemma-4-e2b-it,7,110,0.05665242292698004,0.9433475807300856,1.0000000036570658,False,0.05665241926991438
google/gemma-4-e2b-it,7,111,6.893542890878928e-07,0.9999893904859,0.9999900798401891,False,1.0609514100035078e-05
google/gemma-4-e2b-it,7,112,1.0,1.3460656752464976e-11,1.0000000000134606,True,0.0
google/gemma-4-e2b-it,7,113,7.052866398824247e-11,0.999998927117538,0.9999989271880667,False,1.0728824619832267e-06
google/gemma-4-e2b-it,7,114,3.205819621882586e-07,0.9999967813595916,0.9999971019415538,False,3.218640408420015e-06
google/gemma-4-e2b-it,7,115,9.146313756209837e-10,0.9999994039539004,0.9999994048685318,False,5.960460995879657e-07
google/gemma-4-e2b-it,7,116,1.7087563700445755e-09,0.9999992847447459,0.9999992864535022,False,7.152552541356272e-07
google/gemma-4-e2b-it,7,117,0.9941793522293481,0.005819956796834109,0.9999993090261822,False,0.9941800432031659
google/gemma-4-e2b-it,7,118,2.9693733281871395e-10,0.9999995231630692,0.9999995234600065,False,4.7683693082944956e-07
google/gemma-4-e2b-it,7,119,1.0,2.215948977336598e-08,1.0000000221594898,True,0.0
google/gemma-4-e2b-it,7,120,0.19252665614620929,0.8074074312733246,0.9999340874195339,False,0.1925925687266754
google/gemma-4-e2b-it,7,121,1.0,4.1874875748235104e-10,1.0000000004187488,False,0.9999999995812513
google/gemma-4-e2b-it,7,122,4.3204126993085624e-10,0.9999995231630692,0.9999995235951105,False,4.7683693082944956e-07
google/gemma-4-e2b-it,7,123,9.146313756209837e-10,0.9999991655356624,0.9999991664502937,False,8.344643376290151e-07
google/gemma-4-e2b-it,7,124,6.7582496539550295e-09,0.999998927117538,0.9999989338757876,False,1.0728824619832267e-06
google/gemma-4-e2b-it,7,125,2.0408184531908878e-10,0.9999994039539004,0.9999994041579823,False,5.960460995879657e-07
google/gemma-4-e2b-it,7,126,1.0,8.164301020237897e-12,1.0000000000081644,True,0.0
google/gemma-4-e2b-it,7,127,1.26260725953192e-08,0.9999986886995842,0.9999987013256568,False,1.3113004158071817e-06
google/gemma-4-e2b-it,7,128,1.522997974471263e-08,0.9999996423722521,0.9999996576022319,False,3.5762774786007867e-07
google/gemma-4-e2b-it,7,129,0.00020342704214340812,0.9997964319781567,0.9999998590203001,False,0.00020356802184329226
google/gemma-4-e2b-it,7,130,3.028843137928935e-08,1.0,1.0000000302884313,False,0.0
google/gemma-4-e2b-it,7,131,6.691586091292782e-10,0.9999991655356624,0.999999166204821,False,8.344643376290151e-07
google/gemma-4-e2b-it,7,132,3.3075832605086236e-07,0.9999972581939645,0.9999975889522905,False,2.741806035544414e-06
google/gemma-4-e2b-it,7,133,1.0,7.276762290268223e-11,1.0000000000727676,True,0.0
google/gemma-4-e2b-it,7,134,9.146313756209837e-10,0.9999991655356624,0.9999991664502937,False,8.344643376290151e-07
google/gemma-4-e2b-it,7,135,9.833195224350998e-09,0.9999980926550052,0.9999981024882004,False,1.907344994833693e-06
google/gemma-4-e2b-it,7,136,9.736200313009565e-10,0.9999992847447459,0.9999992857183659,False,7.152552541356272e-07
google/gemma-4-e2b-it,7,137,2.4616969518153846e-10,0.9999991655356624,0.999999165781832,False,8.344643376290151e-07
google/gemma-4-e2b-it,7,138,1.2501528663867426e-09,0.9999994039539004,0.9999994052040533,False,5.960460995879657e-07
google/gemma-4-e2b-it,7,139,7.507751520922312e-11,0.9999997615814777,0.9999997616565552,False,2.3841852225814364e-07
google/gemma-4-e2b-it,7,140,1.0,4.799544972039692e-12,1.0000000000047995,True,0.0
google/gemma-4-e2b-it,7,141,0.9998557775653183,0.00014425990277845387,1.0000000374680968,False,0.9998557400972216
google/gemma-4-e2b-it,7,142,0.9999837877990074,1.6187581035493766e-05,0.9999999753800429,False,0.9999838124189645
google/gemma-4-e2b-it,7,143,0.9997901165013245,0.00020988310851291646,0.9999999996098374,False,0.9997901168914871
google/gemma-4-e2b-it,7,144,1.0,1.7257827987960214e-08,1.000000017257828,False,0.9999999827421721
google/gemma-4-e2b-it,7,145,3.2241867372567335e-08,0.9999995231630692,0.9999995554049366,False,4.7683693082944956e-07
google/gemma-4-e2b-it,7,146,0.998299277400732,0.0017007221761010042,0.9999999995768329,False,0.998299277823899
google/gemma-4-e2b-it,7,147,1.0,9.545034922840628e-12,1.000000000009545,True,0.0
google/gemma-4-e2b-it,7,148,0.9976767757323719,0.002323162182505678,0.9999999379148776,False,0.9976768378174943
google/gemma-4-e2b-it,7,149,1.739834337943898e-06,0.9999980926550052,0.9999998324893431,False,1.907344994833693e-06
google/gemma-4-e2b-it,7,150,6.412048743288674e-08,0.999998927117538,0.9999989912380255,False,1.0728824619832267e-06
google/gemma-4-e2b-it,7,151,2.7894680928689246e-10,0.9999990463265931,0.9999990466055398,False,9.536734069115482e-07
google/gemma-4-e2b-it,7,152,1.5079693276100562e-09,0.9999988079084972,0.9999988094164665,False,1.1920915028440504e-06
google/gemma-4-e2b-it,7,153,1.3391868046511579e-06,0.9999893904859,0.9999907296727046,False,1.0609514100035078e-05
google/gemma-4-e2b-it,7,154,1.0,7.507751520922312e-11,1.0000000000750775,True,0.0
google/gemma-4-e2b-it,7,155,1.5893910094516368e-10,0.9999994039539004,0.9999994041128395,False,5.960460995879657e-07
google/gemma-4-e2b-it,7,156,1.0571681151826062e-07,0.9999976158197796,0.9999977215365912,False,2.3841802203605766e-06
google/gemma-4-e2b-it,7,157,3.1608814543136926e-10,0.9999990463265931,0.9999990466426812,False,9.536734069115482e-07
google/gemma-4-e2b-it,7,158,8.071593559922058e-10,0.9999995231630692,0.9999995239702285,False,4.7683693082944956e-07
google/gemma-4-e2b-it,7,159,4.664422233261053e-07,0.9999936819476216,0.9999941483898449,False,6.318052378384564e-06
google/gemma-4-e2b-it,7,160,1.9638044752354506e-06,0.9999977350285647,0.99999969883304,False,2.2649714352951378e-06
google/gemma-4-e2b-it,7,161,1.0,5.723616895462621e-10,1.0000000005723617,True,0.0
google/gemma-4-e2b-it,7,162,3.0415650636890014e-06,0.9999864103261001,0.9999894518911638,False,1.3589673899860877e-05
google/gemma-4-e2b-it,7,163,2.789462772385846e-10,0.9999986886995842,0.9999986889785305,False,1.3113004158071817e-06
google/gemma-4-e2b-it,7,164,1.036413128411301e-09,0.9999991655356624,0.9999991665720755,False,8.344643376290151e-07
google/gemma-4-e2b-it,7,165,1.7257795071296986e-08,0.999998927117538,0.9999989443753331,False,1.0728824619832267e-06
google/gemma-4-e2b-it,7,166,3.775134544279098e-11,0.9999995231630692,0.9999995232008205,False,4.7683693082944956e-07
google/gemma-4-e2b-it,7,167,2.4374054065945278e-11,0.9999988079084972,0.9999988079328712,False,1.1920915028440504e-06
google/gemma-4-e2b-it,7,168,1.0,6.1627377326348205e-12,1.0000000000061628,True,0.0
google/gemma-4-e2b-it,7,169,0.8596635413463403,0.1403362090715504,0.9999997504178907,False,0.8596637909284496
google/gemma-4-e2b-it,7,170,1.3420001627926515e-05,0.9999860527077029,0.9999994727093309,False,1.3947292297089575e-05
google/gemma-4-e2b-it,7,171,1.618756559782085e-05,0.9999823573372132,0.999998544902811,False,1.7642662786809815e-05
google/gemma-4-e2b-it,7,172,5.83822568289577e-08,0.9999959469005546,0.9999960052828114,False,4.053099445400221e-06
google/gemma-4-e2b-it,7,173,1.036411151612023e-09,0.9999982118638471,0.9999982129002583,False,1.7881361529248352e-06
google/gemma-4-e2b-it,7,174,2.5813575134762967e-06,0.9999921322487634,0.9999947136062769,False,7.8677512366232e-06
google/gemma-4-e2b-it,7,175,1.0,2.3624188319157748e-11,1.0000000000236242,True,0.0
google/gemma-4-e2b-it,7,176,7.734392402719739e-08,0.9999970197767496,0.9999970971206736,False,2.980223250403924e-06
google/gemma-4-e2b-it,7,177,3.8069904742802115e-07,0.9999935627400018,0.9999939434390492,False,6.4372599981599166e-06
google/gemma-4-e2b-it,7,178,2.5109943663977427e-08,0.9999980926550052,0.9999981177649488,False,1.907344994833693e-06
google/gemma-4-e2b-it,7,179,1.3440384315611926e-08,0.9999976158197796,0.999997629260164,False,2.3841802203605766e-06
google/gemma-4-e2b-it,7,180,0.9921841001361187,0.00781588691866636,0.9999999870547851,False,0.9921841130813336
google/gemma-4-e2b-it,7,181,1.6052249934589952e-09,0.9999980926550052,0.9999980942602301,False,1.907344994833693e-06
google/gemma-4-e2b-it,7,182,1.0,4.058652126475693e-10,1.0000000004058651,True,0.0
google/gemma-4-e2b-it,7,183,4.012549919016365e-08,0.9999966621509202,0.9999967022764193,False,3.337849079798616e-06
google/gemma-4-e2b-it,7,184,4.2713453018610785e-08,0.9999977350285647,0.9999977777420177,False,2.2649714352951378e-06
google/gemma-4-e2b-it,7,185,5.211412487888539e-10,0.9999995231630692,0.9999995236842104,False,4.7683693082944956e-07
google/gemma-4-e2b-it,7,186,5.804983868572926e-07,0.9999960661089133,0.9999966466073001,False,3.933891086660424e-06
google/gemma-4-e2b-it,7,187,3.0718191631545084e-05,0.999969006545237,0.9999997247368686,False,3.099345476298421e-05
google/gemma-4-e2b-it,7,188,2.1477672981935713e-08,0.999998927117538,0.999998948595211,False,1.0728824619832267e-06
google/gemma-4-e2b-it,7,189,1.0,3.5262180756152875e-10,1.0000000003526217,True,0.0
google/gemma-4-e2b-it,7,190,3.4125804782729627e-07,0.999997854237364,0.9999981954954118,False,2.145762636018844e-06
google/gemma-4-e2b-it,7,191,2.1691557174900126e-07,0.9999923706636761,0.9999925875792478,False,7.6293363239221534e-06
google/gemma-4-e2b-it,7,192,3.927844816012785e-07,0.9999953508594287,0.9999957436439103,False,4.649140571300059e-06
google/gemma-4-e2b-it,7,193,1.4307214629695401e-08,0.9999972581939645,0.9999972725011791,False,2.741806035544414e-06
google/gemma-4-e2b-it,7,194,1.8553807460118162e-07,0.9999940395710211,0.9999942251090956,False,5.960428978935006e-06
google/gemma-4-e2b-it,7,195,4.289294239734708e-06,0.9999862911193472,0.999990580413587,False,1.3708880652774091e-05
google/gemma-4-e2b-it,7,196,1.0,1.5252922376319218e-11,1.000000000015253,True,0.0
google/gemma-4-e2b-it,7,197,6.825564320030807e-08,0.9999940395710211,0.9999941078266643,False,5.960428978935006e-06
google/gemma-4-e2b-it,7,198,1.0348482896430227e-06,0.9999939203633587,0.9999949552116483,False,6.079636641342923e-06
google/gemma-4-e2b-it,7,199,8.677764327999391e-09,0.9999984502816872,0.9999984589594515,False,1.5497183127877179e-06
google/gemma-4-e2b-it,7,200,5.453293277533808e-07,0.9999988079084972,0.999999353237825,False,1.1920915028440504e-06
google/gemma-4-e2b-it,10,1,4.658886145103398e-15,1.0,1.0000000000000047,False,0.0
google/gemma-4-e2b-it,10,2,1.049896199765615e-14,1.0,1.0000000000000104,False,0.0
google/gemma-4-e2b-it,10,3,1.8064461965456932e-16,1.0,1.0000000000000002,False,0.0
google/gemma-4-e2b-it,10,4,1.824446028469072e-15,1.0,1.0000000000000018,False,0.0
google/gemma-4-e2b-it,10,5,1.6100679690567228e-15,1.0,1.0000000000000016,False,0.0
google/gemma-4-e2b-it,10,6,1.1176086870894152e-14,1.0,1.000000000000011,False,0.0
google/gemma-4-e2b-it,10,7,4.0307262913476244e-17,1.0,1.0,False,0.0
google/gemma-4-e2b-it,10,8,5.619689396832023e-15,1.0,1.0000000000000056,False,0.0
google/gemma-4-e2b-it,10,9,4.612921964056952e-16,1.0,1.0000000000000004,False,0.0
google/gemma-4-e2b-it,10,10,1.0,1.2135150107772189e-12,1.0000000000012135,True,0.0
google/gemma-4-e2b-it,10,11,4.0307262913476244e-17,1.0,1.0,False,0.0
google/gemma-4-e2b-it,10,12,4.959358486191753e-15,1.0,1.0000000000000049,False,0.0
google/gemma-4-e2b-it,10,13,1.6802567025824347e-17,1.0,1.0,False,0.0
google/gemma-4-e2b-it,10,14,7.530388099325974e-17,1.0,1.0,False,0.0
google/gemma-4-e2b-it,10,15,6.64554417291507e-17,1.0,1.0,False,0.0
google/gemma-4-e2b-it,10,16,2.9783262686202286e-16,1.0,1.0000000000000002,False,0.0
google/gemma-4-e2b-it,10,17,1.4828213355760042e-17,1.0,1.0,False,0.0
google/gemma-4-e2b-it,10,18,4.612921964056952e-16,1.0,1.0000000000000004,False,0.0
google/gemma-4-e2b-it,10,19,9.669209717057444e-17,1.0,1.0,False,0.0
google/gemma-4-e2b-it,10,20,1.0,1.8795288165390832e-12,1.0000000000018796,True,0.0
google/gemma-4-e2b-it,10,21,6.64554417291507e-17,1.0,1.0,False,0.0
google/gemma-4-e2b-it,10,22,5.923109047046263e-16,1.0,1.0000000000000007,False,0.0
google/gemma-4-e2b-it,10,23,4.0307262913476244e-17,1.0,1.0,False,0.0
google/gemma-4-e2b-it,10,24,9.961137798972855e-14,1.0,1.0000000000000997,False,0.0
google/gemma-4-e2b-it,10,25,2.0469717131642043e-16,1.0,1.0000000000000002,False,0.0
google/gemma-4-e2b-it,10,26,1.1779508898282764e-15,1.0,1.000000000000001,False,0.0
google/gemma-4-e2b-it,10,27,2.1574923126757813e-17,1.0,1.0,False,0.0
google/gemma-4-e2b-it,10,28,2.79787860206236e-16,1.0,1.0000000000000002,False,0.0
google/gemma-4-e2b-it,10,29,7.530388099325974e-17,1.0,1.0,False,0.0
google/gemma-4-e2b-it,10,30,1.0,1.6586783589142312e-12,1.0000000000016587,True,0.0
google/gemma-4-e2b-it,10,31,8.533047625744066e-17,1.0,1.0,False,0.0
google/gemma-4-e2b-it,10,32,3.008002974381331e-15,1.0,1.000000000000003,False,0.0
google/gemma-4-e2b-it,10,33,7.530388099325974e-17,1.0,1.0,False,0.0
google/gemma-4-e2b-it,10,34,2.46911920012775e-16,1.0,1.0000000000000002,False,0.0
google/gemma-4-e2b-it,10,35,7.530388099325974e-17,1.0,1.0,False,0.0
google/gemma-4-e2b-it,10,36,3.5571034672805724e-17,1.0,1.0,False,0.0
google/gemma-4-e2b-it,10,37,2.1574923126757813e-17,1.0,1.0,False,0.0
google/gemma-4-e2b-it,10,38,2.0469717131642043e-16,1.0,1.0000000000000002,False,0.0
google/gemma-4-e2b-it,10,39,5.175555005801869e-17,1.0,1.0,False,0.0
google/gemma-4-e2b-it,10,40,1.0,8.605109966227121e-13,1.0000000000008604,True,0.0
google/gemma-4-e2b-it,10,41,5.175555005801869e-17,1.0,1.0,False,0.0
google/gemma-4-e2b-it,10,42,1.34809340538292e-14,1.0,1.0000000000000135,False,0.0
google/gemma-4-e2b-it,10,43,5.175555005801869e-17,1.0,1.0,False,0.0
google/gemma-4-e2b-it,10,44,9.961137798972855e-14,1.0,1.0000000000000997,False,0.0
google/gemma-4-e2b-it,10,45,1.2415511035985842e-16,1.0,1.0000000000000002,False,0.0
google/gemma-4-e2b-it,10,46,2.3195228302435696e-16,1.0,1.0000000000000002,False,0.0
google/gemma-4-e2b-it,10,47,2.770274965784119e-17,1.0,1.0,False,0.0
google/gemma-4-e2b-it,10,48,4.37661850287085e-15,1.0,1.0000000000000044,False,0.0
google/gemma-4-e2b-it,10,49,7.530388099325974e-17,1.0,1.0,False,0.0
google/gemma-4-e2b-it,10,50,1.0,3.197186217408291e-12,1.0000000000031972,True,0.0
google/gemma-4-e2b-it,10,51,2.6283637069436874e-16,1.0,1.0000000000000002,False,0.0
google/gemma-4-e2b-it,10,52,6.711761854006597e-16,1.0,1.0000000000000007,False,0.0
google/gemma-4-e2b-it,10,53,7.530388099325974e-17,1.0,1.0,False,0.0
google/gemma-4-e2b-it,10,54,8.095930175212601e-16,1.0,1.0000000000000009,False,0.0
google/gemma-4-e2b-it,10,55,1.039538011670222e-15,1.0,1.000000000000001,False,0.0
google/gemma-4-e2b-it,10,56,6.305116760146989e-16,1.0,1.0000000000000007,False,0.0
google/gemma-4-e2b-it,10,57,4.5674112617763464e-17,1.0,1.0,False,0.0
google/gemma-4-e2b-it,10,58,7.605422562220509e-16,1.0,1.0000000000000007,False,0.0
google/gemma-4-e2b-it,10,59,4.5674112617763464e-17,1.0,1.0,False,0.0
google/gemma-4-e2b-it,10,60,1.0,8.878265478459658e-13,1.0000000000008877,True,0.0
google/gemma-4-e2b-it,10,61,6.64554417291507e-17,1.0,1.0,False,0.0
google/gemma-4-e2b-it,10,62,4.910429870159115e-16,1.0,1.0000000000000004,False,0.0
google/gemma-4-e2b-it,10,63,5.175555005801869e-17,1.0,1.0,False,0.0
google/gemma-4-e2b-it,10,64,5.732239023403102e-13,1.0,1.0000000000005733,False,0.0
google/gemma-4-e2b-it,10,65,3.1391327920480296e-17,1.0,1.0,False,0.0
google/gemma-4-e2b-it,10,66,9.961137798972855e-14,1.0,1.0000000000000997,False,0.0
google/gemma-4-e2b-it,10,67,1.1548224173015786e-17,1.0,1.0,False,0.0
google/gemma-4-e2b-it,10,68,2.3195228302435696e-16,1.0,1.0000000000000002,False,0.0
google/gemma-4-e2b-it,10,69,3.1391327920480296e-17,1.0,1.0,False,0.0
google/gemma-4-e2b-it,10,70,1.0,3.298675802357997e-12,1.0000000000032987,True,0.0
google/gemma-4-e2b-it,10,71,4.5674112617763464e-17,1.0,1.0,False,0.0
google/gemma-4-e2b-it,10,72,0.28140558609236455,0.7185943380854816,0.9999999241778461,False,0.28140566191451843
google/gemma-4-e2b-it,10,73,4.5674112617763464e-17,1.0,1.0,False,0.0
google/gemma-4-e2b-it,10,74,1.2664165549094176e-14,1.0,1.0000000000000127,False,0.0
google/gemma-4-e2b-it,10,75,7.144633303166281e-16,1.0,1.0000000000000007,False,0.0
google/gemma-4-e2b-it,10,76,4.752193062771153e-13,1.0,1.0000000000004752,False,0.0
google/gemma-4-e2b-it,10,77,3.4085139172406173e-15,1.0,1.0000000000000033,False,0.0
google/gemma-4-e2b-it,10,78,1.2917800047859961e-12,1.0,1.0000000000012919,False,0.0
google/gemma-4-e2b-it,10,79,3.5571034672805724e-17,1.0,1.0,False,0.0
google/gemma-4-e2b-it,10,80,1.0,8.605109966227121e-13,1.0000000000008604,True,0.0
google/gemma-4-e2b-it,10,81,7.530388099325974e-17,1.0,1.0,False,0.0
google/gemma-4-e2b-it,10,82,9.173890754179198e-16,1.0,1.0000000000000009,False,0.0
google/gemma-4-e2b-it,10,83,4.5674112617763464e-17,1.0,1.0,False,0.0
google/gemma-4-e2b-it,10,84,5.564246011263937e-16,1.0,1.0000000000000007,False,0.0
google/gemma-4-e2b-it,10,85,5.175555005801869e-17,1.0,1.0,False,0.0
google/gemma-4-e2b-it,10,86,5.564246011263937e-16,1.0,1.0000000000000007,False,0.0
google/gemma-4-e2b-it,10,87,1.9039802832864523e-17,1.0,1.0,False,0.0
google/gemma-4-e2b-it,10,88,0.9999837877990074,1.6187581035493766e-05,0.9999999753800429,False,0.9999838124189645
google/gemma-4-e2b-it,10,89,4.5674112617763464e-17,1.0,1.0,False,0.0
google/gemma-4-e2b-it,10,90,1.0,9.16009187742762e-13,1.000000000000916,True,0.0
google/gemma-4-e2b-it,10,91,1.2415511035985842e-16,1.0,1.0000000000000002,False,0.0
google/gemma-4-e2b-it,10,92,1.420879995643228e-15,1.0,1.0000000000000013,False,0.0
google/gemma-4-e2b-it,10,93,2.770274965784119e-17,1.0,1.0,False,0.0
google/gemma-4-e2b-it,10,94,5.564246011263937e-16,1.0,1.0000000000000007,False,0.0
google/gemma-4-e2b-it,10,95,5.564246011263937e-16,1.0,1.0000000000000007,False,0.0
google/gemma-4-e2b-it,10,96,0.14033625925969873,0.8596638103560673,1.000000069615766,False,0.14033618964393269
google/gemma-4-e2b-it,10,97,6.64554417291507e-17,1.0,1.0,False,0.0
google/gemma-4-e2b-it,10,98,1.8426252147235624e-14,1.0,1.0000000000000184,False,0.0
google/gemma-4-e2b-it,10,99,1.8609855424356342e-13,1.0,1.000000000000186,False,0.0
google/gemma-4-e2b-it,10,100,1.0,1.0379743940857107e-12,1.000000000001038,True,0.0
google/gemma-4-e2b-it,10,101,1.334793228597603e-15,1.0,1.0000000000000013,False,0.0
google/gemma-4-e2b-it,10,102,3.5114221133765118e-12,1.0,1.0000000000035114,False,0.0
google/gemma-4-e2b-it,10,103,1.4068617124461467e-16,1.0,1.0000000000000002,False,0.0
google/gemma-4-e2b-it,10,104,1.675205799218013e-11,1.0,1.0000000000167522,False,0.0
google/gemma-4-e2b-it,10,105,9.76555587454154e-16,1.0,1.0000000000000009,False,0.0
google/gemma-4-e2b-it,10,106,1.1287447887691582e-13,1.0,1.0000000000001128,False,0.0
google/gemma-4-e2b-it,10,107,6.64554417291507e-17,1.0,1.0,False,0.0
google/gemma-4-e2b-it,10,108,7.75774191812223e-14,1.0,1.0000000000000775,False,0.0
google/gemma-4-e2b-it,10,109,9.669209717057444e-17,1.0,1.0,False,0.0
google/gemma-4-e2b-it,10,110,1.0,1.304651588236747e-11,1.0000000000130465,True,0.0
google/gemma-4-e2b-it,10,111,1.0956650033262367e-16,1.0,1.0,False,0.0
google/gemma-4-e2b-it,10,112,1.334793228597603e-15,1.0,1.0000000000000013,False,0.0
google/gemma-4-e2b-it,10,113,3.5571034672805724e-17,1.0,1.0,False,0.0
google/gemma-4-e2b-it,10,114,1.1065824532574403e-15,1.0,1.000000000000001,False,0.0
google/gemma-4-e2b-it,10,115,1.2415511035985842e-16,1.0,1.0000000000000002,False,0.0
google/gemma-4-e2b-it,10,116,3.8623522725779546e-15,1.0,1.0000000000000038,False,0.0
google/gemma-4-e2b-it,10,117,3.5571034672805724e-17,1.0,1.0,False,0.0
google/gemma-4-e2b-it,10,118,1.5125188821494485e-15,1.0,1.0000000000000016,False,0.0
google/gemma-4-e2b-it,10,119,7.530388099325974e-17,1.0,1.0,False,0.0
google/gemma-4-e2b-it,10,120,1.0,8.083752709220185e-13,1.0000000000008085,True,0.0
google/gemma-4-e2b-it,10,121,1.5941831731372974e-16,1.0,1.0000000000000002,False,0.0
google/gemma-4-e2b-it,10,122,1.5125188821494485e-15,1.0,1.0000000000000016,False,0.0
google/gemma-4-e2b-it,10,123,7.530388099325974e-17,1.0,1.0,False,0.0
google/gemma-4-e2b-it,10,124,2.3195228302435696e-16,1.0,1.0000000000000002,False,0.0
google/gemma-4-e2b-it,10,125,5.175555005801869e-17,1.0,1.0,False,0.0
google/gemma-4-e2b-it,10,126,5.923109047046263e-16,1.0,1.0000000000000007,False,0.0
google/gemma-4-e2b-it,10,127,2.1574923126757813e-17,1.0,1.0,False,0.0
google/gemma-4-e2b-it,10,128,3.008002974381331e-15,1.0,1.000000000000003,False,0.0
google/gemma-4-e2b-it,10,129,4.0307262913476244e-17,1.0,1.0,False,0.0
google/gemma-4-e2b-it,10,130,1.0,1.1513509855710022e-11,1.0000000000115135,True,0.0
google/gemma-4-e2b-it,10,131,4.0307262913476244e-17,1.0,1.0,False,0.0
google/gemma-4-e2b-it,10,132,1.0160636785541307e-11,1.0,1.0000000000101605,False,0.0
google/gemma-4-e2b-it,10,133,4.0307262913476244e-17,1.0,1.0,False,0.0
google/gemma-4-e2b-it,10,134,2.9783262686202286e-16,1.0,1.0000000000000002,False,0.0
google/gemma-4-e2b-it,10,135,2.79787860206236e-16,1.0,1.0000000000000002,False,0.0
google/gemma-4-e2b-it,10,136,9.173890754179198e-16,1.0,1.0000000000000009,False,0.0
google/gemma-4-e2b-it,10,137,2.444759076612131e-17,1.0,1.0,False,0.0
google/gemma-4-e2b-it,10,138,3.374885804015305e-16,1.0,1.0000000000000004,False,0.0
google/gemma-4-e2b-it,10,139,2.1574923126757813e-17,1.0,1.0,False,0.0
google/gemma-4-e2b-it,10,140,1.0,2.339111405308701e-12,1.000000000002339,True,0.0
google/gemma-4-e2b-it,10,141,4.5674112617763464e-17,1.0,1.0,False,0.0
google/gemma-4-e2b-it,10,142,2.0469717131642043e-16,1.0,1.0000000000000002,False,0.0
google/gemma-4-e2b-it,10,143,7.530388099325974e-17,1.0,1.0,False,0.0
google/gemma-4-e2b-it,10,144,1.2917800047859961e-12,1.0,1.0000000000012919,False,0.0
google/gemma-4-e2b-it,10,145,9.669209717057444e-17,1.0,1.0,False,0.0
google/gemma-4-e2b-it,10,146,2.9783262686202286e-16,1.0,1.0000000000000002,False,0.0
google/gemma-4-e2b-it,10,147,4.5674112617763464e-17,1.0,1.0,False,0.0
google/gemma-4-e2b-it,10,148,7.144633303166281e-16,1.0,1.0000000000000007,False,0.0
google/gemma-4-e2b-it,10,149,3.5571034672805724e-17,1.0,1.0,False,0.0
google/gemma-4-e2b-it,10,150,1.0,1.8189616875530459e-09,1.0000000018189616,True,0.0
google/gemma-4-e2b-it,10,151,4.0307262913476244e-17,1.0,1.0,False,0.0
google/gemma-4-e2b-it,10,152,1.334793228597603e-15,1.0,1.0000000000000013,False,0.0
google/gemma-4-e2b-it,10,153,2.770274965784119e-17,1.0,1.0,False,0.0
google/gemma-4-e2b-it,10,154,9.173890754179198e-16,1.0,1.0000000000000009,False,0.0
google/gemma-4-e2b-it,10,155,7.144633303166281e-16,1.0,1.0000000000000007,False,0.0
google/gemma-4-e2b-it,10,156,1.039538011670222e-15,1.0,1.000000000000001,False,0.0
google/gemma-4-e2b-it,10,157,3.5571034672805724e-17,1.0,1.0,False,0.0
google/gemma-4-e2b-it,10,158,6.305116760146989e-16,1.0,1.0000000000000007,False,0.0
google/gemma-4-e2b-it,10,159,4.5674112617763464e-17,1.0,1.0,False,0.0
google/gemma-4-e2b-it,10,160,1.0,1.821701794145671e-12,1.0000000000018217,True,0.0
google/gemma-4-e2b-it,10,161,9.669209717057444e-17,1.0,1.0,False,0.0
google/gemma-4-e2b-it,10,162,4.3334391507742955e-16,1.0,1.0000000000000004,False,0.0
google/gemma-4-e2b-it,10,163,4.0307262913476244e-17,1.0,1.0,False,0.0
google/gemma-4-e2b-it,10,164,6.305116760146989e-16,1.0,1.0000000000000007,False,0.0
google/gemma-4-e2b-it,10,165,5.923109047046263e-16,1.0,1.0000000000000007,False,0.0
google/gemma-4-e2b-it,10,166,1.8064461965456932e-16,1.0,1.0000000000000002,False,0.0
google/gemma-4-e2b-it,10,167,2.444759076612131e-17,1.0,1.0,False,0.0
google/gemma-4-e2b-it,10,168,9.961137798972855e-14,1.0,1.0000000000000997,False,0.0
google/gemma-4-e2b-it,10,169,8.533047625744066e-17,1.0,1.0,False,0.0
google/gemma-4-e2b-it,10,170,1.0,9.3435477318993e-11,1.0000000000934355,True,0.0
google/gemma-4-e2b-it,10,171,6.64554417291507e-17,1.0,1.0,False,0.0
google/gemma-4-e2b-it,10,172,2.853913761591079e-14,1.0,1.0000000000000286,False,0.0
google/gemma-4-e2b-it,10,173,3.1391327920480296e-17,1.0,1.0,False,0.0
google/gemma-4-e2b-it,10,174,4.658886145103398e-15,1.0,1.0000000000000047,False,0.0
google/gemma-4-e2b-it,10,175,4.420228103641173e-14,1.0,1.0000000000000442,False,0.0
google/gemma-4-e2b-it,10,176,1.57371021068629e-11,1.0,1.0000000000157372,False,0.0
google/gemma-4-e2b-it,10,177,4.0307262913476244e-17,1.0,1.0,False,0.0
google/gemma-4-e2b-it,10,178,3.442477108469977e-14,1.0,1.0000000000000344,False,0.0
google/gemma-4-e2b-it,10,179,1.4068617124461467e-16,1.0,1.0000000000000002,False,0.0
google/gemma-4-e2b-it,10,180,1.0,7.593982891595267e-13,1.0000000000007594,True,0.0
google/gemma-4-e2b-it,10,181,5.864672148586656e-17,1.0,1.0,False,0.0
google/gemma-4-e2b-it,10,182,1.039538011670222e-15,1.0,1.000000000000001,False,0.0
google/gemma-4-e2b-it,10,183,4.5674112617763464e-17,1.0,1.0,False,0.0
google/gemma-4-e2b-it,10,184,7.144633303166281e-16,1.0,1.0000000000000007,False,0.0
google/gemma-4-e2b-it,10,185,1.0956650033262367e-16,1.0,1.0,False,0.0
google/gemma-4-e2b-it,10,186,1.334793228597603e-15,1.0,1.0000000000000013,False,0.0
google/gemma-4-e2b-it,10,187,3.1391327920480296e-17,1.0,1.0,False,0.0
google/gemma-4-e2b-it,10,188,6.778639342809131e-15,1.0,1.0000000000000069,False,0.0
google/gemma-4-e2b-it,10,189,1.4068617124461467e-16,1.0,1.0000000000000002,False,0.0
google/gemma-4-e2b-it,10,190,0.9969245893795425,0.0030753690519155744,0.9999999584314581,True,0.003075410620457464
google/gemma-4-e2b-it,10,191,3.592547237854837e-16,1.0,1.0000000000000004,False,0.0
google/gemma-4-e2b-it,10,192,1.463778514125909e-12,1.0,1.0000000000014637,False,0.0
google/gemma-4-e2b-it,10,193,1.4068617124461467e-16,1.0,1.0000000000000002,False,0.0
google/gemma-4-e2b-it,10,194,3.4085139172406173e-15,1.0,1.0000000000000033,False,0.0
google/gemma-4-e2b-it,10,195,1.9421126879000225e-15,1.0,1.000000000000002,False,0.0
google/gemma-4-e2b-it,10,196,5.058683183027784e-13,1.0,1.0000000000005058,False,0.0
google/gemma-4-e2b-it,10,197,3.592547237854837e-16,1.0,1.0000000000000004,False,0.0
google/gemma-4-e2b-it,10,198,2.389552736575778e-13,1.0,1.000000000000239,False,0.0
google/gemma-4-e2b-it,10,199,4.910429870159115e-16,1.0,1.0000000000000004,False,0.0
google/gemma-4-e2b-it,10,200,1.0,9.16009187742762e-13,1.000000000000916,True,0.0
microsoft/Phi-4-mini-instruct,1,1,0.9753255186839395,0.02293746032419865,0.9982629790081381,True,0.024674481316060537
microsoft/Phi-4-mini-instruct,1,2,0.9375712047052102,0.059936916487022124,0.9975081211922323,True,0.06242879529478984
microsoft/Phi-4-mini-instruct,1,3,0.9508271643306863,0.0473389002108746,0.9981660645415609,True,0.04917283566931374
microsoft/Phi-4-mini-instruct,1,4,0.9504460143724948,0.04731992016868587,0.9977659345411807,True,0.04955398562750524
microsoft/Phi-4-mini-instruct,1,5,0.9382115908845148,0.05997785723650047,0.9981894481210153,True,0.06178840911548522
microsoft/Phi-4-mini-instruct,1,6,0.968887205823427,0.029257856267348604,0.9981450620907756,True,0.031112794176572978
microsoft/Phi-4-mini-instruct,1,7,0.9610807682181585,0.03726514156290455,0.998345909781063,True,0.038919231781841535
microsoft/Phi-4-mini-instruct,1,8,0.9689939773471936,0.029261079179677945,0.9982550565268715,True,0.031006022652806386
microsoft/Phi-4-mini-instruct,1,9,0.9381518893059018,0.05997403930194387,0.9981259286078457,True,0.061848110694098235
microsoft/Phi-4-mini-instruct,1,10,0.9843002122653378,0.014040288699799074,0.9983405009651369,True,0.015699787734662185
microsoft/Phi-4-mini-instruct,1,11,0.9377462345007728,0.059948106659795886,0.9976943411605687,True,0.06225376549922723
microsoft/Phi-4-mini-instruct,1,12,0.9796574646053874,0.017943054796137704,0.997600519401525,True,0.020342535394612615
microsoft/Phi-4-mini-instruct,1,13,0.9377929910234827,0.05995109391738564,0.9977440849408683,True,0.06220700897651732
microsoft/Phi-4-mini-instruct,1,14,0.9685016196636203,0.029246216279427823,0.9977478359430481,True,0.03149838033637975
microsoft/Phi-4-mini-instruct,1,15,0.9604693822495955,0.037241435836237145,0.9977108180858327,True,0.03953061775040445
microsoft/Phi-4-mini-instruct,1,16,0.9683728208169103,0.029242325692768828,0.9976151465096792,True,0.03162717918308966
microsoft/Phi-4-mini-instruct,1,17,0.9606045553188078,0.03724668372463384,0.9978512390434416,True,0.03939544468119216
microsoft/Phi-4-mini-instruct,1,18,0.97482228682742,0.022925623607724595,0.9977479104351445,True,0.025177713172579996
microsoft/Phi-4-mini-instruct,1,19,0.9505827974244403,0.04732673495602562,0.9979095323804659,True,0.049417202575559704
microsoft/Phi-4-mini-instruct,1,20,0.9798808418100781,0.017947144989748705,0.9978279867998268,True,0.020119158189921937
microsoft/Phi-4-mini-instruct,1,21,0.9503872195375228,0.0473169982343365,0.9977042177718594,True,0.04961278046247719
microsoft/Phi-4-mini-instruct,1,22,0.9749856669965535,0.02292946645366968,0.9979151334502232,True,0.025014333003446465
microsoft/Phi-4-mini-instruct,1,23,0.9506626228946536,0.04733070694035579,0.9979933298350094,True,0.04933737710534636
microsoft/Phi-4-mini-instruct,1,24,0.9798049596429639,0.017945750111862262,0.9977507097548262,True,0.02019504035703612
microsoft/Phi-4-mini-instruct,1,25,0.9604990767569411,0.037242590130653445,0.9977416668875946,True,0.03950092324305887
microsoft/Phi-4-mini-instruct,1,26,0.9751062530630225,0.022932298436542514,0.998038551499565,True,0.024893746936977545
microsoft/Phi-4-mini-instruct,1,27,0.9686401784500991,0.029250400283481644,0.9978905787335808,True,0.03135982154990091
microsoft/Phi-4-mini-instruct,1,28,0.9801737195434057,0.0179525115736915,0.9981262311170972,True,0.019826280456594292
microsoft/Phi-4-mini-instruct,1,29,0.9503721443431133,0.04731624239652382,0.9976883867396371,True,0.049627855656886655
microsoft/Phi-4-mini-instruct,1,30,0.9872013231648464,0.010966816153082008,0.9981681393179285,True,0.012798676835153566
microsoft/Phi-4-mini-instruct,1,31,0.9606540584112716,0.03724860191912994,0.9979026603304015,True,0.039345941588728395
microsoft/Phi-4-mini-instruct,1,32,0.9751289240952352,0.022932834256431073,0.9980617583516663,True,0.024871075904764783
microsoft/Phi-4-mini-instruct,1,33,0.9500448329716847,0.047299944056194664,0.9973447770278794,True,0.04995516702831526
microsoft/Phi-4-mini-instruct,1,34,0.9683424139307345,0.029241405414636205,0.9975838193453707,True,0.0316575860692655
microsoft/Phi-4-mini-instruct,1,35,0.9684088168203185,0.029243413331538782,0.9976522301518573,True,0.03159118317968146
microsoft/Phi-4-mini-instruct,1,36,0.9837898704893064,0.014033006503635835,0.9978228769929423,True,0.01621012951069356
microsoft/Phi-4-mini-instruct,1,37,0.9689265994642358,0.029259049122089247,0.998185648586325,True,0.03107340053576424
microsoft/Phi-4-mini-instruct,1,38,0.9751987549855986,0.022934474599221058,0.9981332295848196,True,0.024801245014401396
microsoft/Phi-4-mini-instruct,1,39,0.9605297597794401,0.03724377997926645,0.9977735397587065,True,0.03947024022055989
microsoft/Phi-4-mini-instruct,1,40,0.9841129132372871,0.01403761767628474,0.9981505309135719,True,0.015887086762712888
microsoft/Phi-4-mini-instruct,1,41,0.937866910491438,0.05995582523755457,0.9978227357289926,True,0.062133089508562
microsoft/Phi-4-mini-instruct,1,42,0.9800486696384557,0.017950217526482296,0.997998887164938,True,0.019951330361544284
microsoft/Phi-4-mini-instruct,1,43,0.9380276822148803,0.05996610392346475,0.9979937861383451,True,0.06197231778511969
microsoft/Phi-4-mini-instruct,1,44,0.9798831305763033,0.017947187779127786,0.997830318355431,True,0.020116869423696726
microsoft/Phi-4-mini-instruct,1,45,0.9683931671607476,0.029242939227614277,0.9976361063883619,True,0.03160683283925236
microsoft/Phi-4-mini-instruct,1,46,0.968650693576687,0.029250714107914442,0.9979014076846014,True,0.03134930642331302
microsoft/Phi-4-mini-instruct,1,47,0.9605212900938352,0.037243451435178765,0.9977647415290141,True,0.039478709906164755
microsoft/Phi-4-mini-instruct,1,48,0.9841110673545022,0.014037590901679393,0.9981486582561816,True,0.015888932645497844
microsoft/Phi-4-mini-instruct,1,49,0.9689358904463647,0.0292593281594565,0.9981952186058213,True,0.031064109553635255
microsoft/Phi-4-mini-instruct,1,50,0.9801434843299819,0.017951955154715395,0.9980954394846973,True,0.019856515670018116
microsoft/Phi-4-mini-instruct,1,51,0.9220054002847928,0.07568281370524717,0.99768821399004,True,0.07799459971520717
microsoft/Phi-4-mini-instruct,1,52,0.9748412052894466,0.022926066349462728,0.9977672716389093,True,0.025158794710553378
microsoft/Phi-4-mini-instruct,1,53,0.9507385838978484,0.04733448740549244,0.9980730713033408,True,0.04926141610215162
microsoft/Phi-4-mini-instruct,1,54,0.9801012285259304,0.017951176197121357,0.9980524047230518,True,0.0198987714740696
microsoft/Phi-4-mini-instruct,1,55,0.9686340296437905,0.0292502119904381,0.9978842416342286,True,0.03136597035620947
microsoft/Phi-4-mini-instruct,1,56,0.9799107166529029,0.017947692701505424,0.9978584093544083,True,0.020089283347097142
microsoft/Phi-4-mini-instruct,1,57,0.9608709422978278,0.03725701294715492,0.9981279552449827,True,0.03912905770217223
microsoft/Phi-4-mini-instruct,1,58,0.980279669732802,0.017954446333899456,0.9982341160667014,True,0.019720330267197994
microsoft/Phi-4-mini-instruct,1,59,0.9606304069733798,0.03724768721221072,0.9978780941855905,True,0.03936959302662024
microsoft/Phi-4-mini-instruct,1,60,0.9871674005397036,0.010966439643792928,0.9981338401834966,True,0.012832599460296357
microsoft/Phi-4-mini-instruct,1,61,0.9609493155748335,0.037260050976330644,0.9982093665511642,True,0.03905068442516646
microsoft/Phi-4-mini-instruct,1,62,0.9687049453605276,0.029252353023545296,0.997957298384073,True,0.03129505463947235
microsoft/Phi-4-mini-instruct,1,63,0.9685725148617051,0.02924835702006023,0.9978208718817654,True,0.03142748513829485
microsoft/Phi-4-mini-instruct,1,64,0.9801887233908816,0.017952785509368702,0.9981415089002503,True,0.01981127660911841
microsoft/Phi-4-mini-instruct,1,65,0.9686397310004359,0.029250386335807222,0.9978901173362431,True,0.03136026899956412
microsoft/Phi-4-mini-instruct,1,66,0.9796062122494551,0.0179421136701415,0.9975483259195966,True,0.0203937877505449
microsoft/Phi-4-mini-instruct,1,67,0.9608722631427962,0.037257057361001836,0.998129320503798,True,0.03912773685720383
microsoft/Phi-4-mini-instruct,1,68,0.9750761033320628,0.022931593141693463,0.9980076964737563,True,0.02492389666793715
microsoft/Phi-4-mini-instruct,1,69,0.9685888421667321,0.02924884515875409,0.9978376873254862,True,0.031411157833267866
microsoft/Phi-4-mini-instruct,1,70,0.9871730933031151,0.010966502394443444,0.9981395956975585,True,0.01282690669688491
microsoft/Phi-4-mini-instruct,1,71,0.9605779349968178,0.03724564474386012,0.9978235797406779,True,0.03942206500318224
microsoft/Phi-4-mini-instruct,1,72,0.9842249136580512,0.014039217551642419,0.9982641312096936,True,0.015775086341948796
microsoft/Phi-4-mini-instruct,1,73,0.9690177083568952,0.029261797756147852,0.9982795061130431,True,0.030982291643104842
microsoft/Phi-4-mini-instruct,1,74,0.9749597159542286,0.02292885417903358,0.9978885701332622,True,0.02504028404577141
microsoft/Phi-4-mini-instruct,1,75,0.9750470896368626,0.02293090973714536,0.997977999374008,True,0.024952910363137404
microsoft/Phi-4-mini-instruct,1,76,0.975246031039168,0.02293559009933701,0.998181621138505,True,0.02475396896083204
microsoft/Phi-4-mini-instruct,1,77,0.9686008108875839,0.029249207781343302,0.9978500186689272,True,0.031399189112416126
microsoft/Phi-4-mini-instruct,1,78,0.9801564265156704,0.01795219484077531,0.9981086213564456,True,0.019843573484329635
microsoft/Phi-4-mini-instruct,1,79,0.9609642864784604,0.037260628407551635,0.9982249148860121,True,0.03903571352153956
microsoft/Phi-4-mini-instruct,1,80,0.9841019461414356,0.014037457029418676,0.9981394031708544,True,0.015898053858564354
microsoft/Phi-4-mini-instruct,1,81,0.968529350761925,0.029247053032357147,0.9977764037942822,True,0.031470649238074966
microsoft/Phi-4-mini-instruct,1,82,0.9751009259373316,0.02293217815216578,0.9980331040894973,True,0.024899074062668447
microsoft/Phi-4-mini-instruct,1,83,0.9504630275273183,0.047320766322360784,0.9977837938496791,True,0.04953697247268174
microsoft/Phi-4-mini-instruct,1,84,0.9796340113200854,0.017942627005474464,0.9975766383255599,True,0.02036598867991457
microsoft/Phi-4-mini-instruct,1,85,0.9685021752880315,0.029246230225113808,0.9977484055131454,True,0.03149782471196849
microsoft/Phi-4-mini-instruct,1,86,0.9747612305814463,0.0229241861225119,0.9976854167039582,True,0.02523876941855374
microsoft/Phi-4-mini-instruct,1,87,0.9686050614969327,0.02924934027918003,0.9978544017761127,True,0.03139493850306729
microsoft/Phi-4-mini-instruct,1,88,0.9872551161345732,0.010967412319226672,0.9982225284537999,True,0.012744883865426826
microsoft/Phi-4-mini-instruct,1,89,0.9689785312051535,0.029260618741895804,0.9982391499470493,True,0.031021468794846463
microsoft/Phi-4-mini-instruct,1,90,0.9871800631216245,0.01096658083326152,0.9981466439548861,True,0.01281993687837546
microsoft/Phi-4-mini-instruct,1,91,0.9603444707066999,0.03723659706824657,0.9975810677749465,True,0.039655529293300074
microsoft/Phi-4-mini-instruct,1,92,0.9800594327447381,0.017950414392168264,0.9980098471369063,True,0.019940567255261943
microsoft/Phi-4-mini-instruct,1,93,0.9603401847970596,0.03723642838859392,0.9975766131856536,True,0.039659815202940374
microsoft/Phi-4-mini-instruct,1,94,0.9747937400552935,0.02292495131254585,0.9977186913678393,True,0.02520625994470649
microsoft/Phi-4-mini-instruct,1,95,0.960371739270938,0.037237653552924764,0.9976093928238627,True,0.039628260729062004
microsoft/Phi-4-mini-instruct,1,96,0.9800874856500266,0.017950927964990187,0.9980384136150168,True,0.01991251434997343
microsoft/Phi-4-mini-instruct,1,97,0.9608340739162072,0.03725558284958429,0.9980896567657915,True,0.03916592608379277
microsoft/Phi-4-mini-instruct,1,98,0.9800792414774128,0.017950773891600796,0.9980300153690136,True,0.019920758522587234
microsoft/Phi-4-mini-instruct,1,99,0.968314359924841,0.02924056185179017,0.9975549217766312,True,0.03168564007515895
microsoft/Phi-4-mini-instruct,1,100,0.9874959208095987,0.010970090237005879,0.9984660110466046,True,0.012504079190401307
microsoft/Phi-4-mini-instruct,1,101,0.9607801484022359,0.03725348665669998,0.9980336350589359,True,0.03921985159776409
microsoft/Phi-4-mini-instruct,1,102,0.9840648884167572,0.014036934939800625,0.9981018233565578,True,0.01593511158324279
microsoft/Phi-4-mini-instruct,1,103,0.9686649003651769,0.0292511464937593,0.9979160468589362,True,0.03133509963482306
microsoft/Phi-4-mini-instruct,1,104,0.9840448011726867,0.014036647129468102,0.9980814483021547,True,0.015955198827313333
microsoft/Phi-4-mini-instruct,1,105,0.9798303662004433,0.01794622076406059,0.9977765869645039,True,0.02016963379955672
microsoft/Phi-4-mini-instruct,1,106,0.9799397929335484,0.017948223313209475,0.9978880162467578,True,0.02006020706645162
microsoft/Phi-4-mini-instruct,1,107,0.9751967132988008,0.022934430855224005,0.9981311441540247,True,0.024803286701199245
microsoft/Phi-4-mini-instruct,1,108,0.9871779724467191,0.010966554686926491,0.9981445271336457,True,0.01282202755328088
microsoft/Phi-4-mini-instruct,1,109,0.968478471335064,0.029245519003607088,0.9977239903386711,True,0.03152152866493596
microsoft/Phi-4-mini-instruct,1,110,0.9838466396400165,0.01403381619352608,0.9978804558335426,True,0.016153360359983493
microsoft/Phi-4-mini-instruct,1,111,0.9801434843299819,0.017951955154715395,0.9980954394846973,True,0.019856515670018116
microsoft/Phi-4-mini-instruct,1,112,0.9842578267567548,0.014039686168905321,0.99829751292566,True,0.015742173243245228
microsoft/Phi-4-mini-instruct,1,113,0.9686245214432753,0.029249926066282354,0.9978744475095577,True,0.031375478556724734
microsoft/Phi-4-mini-instruct,1,114,0.9838265623485127,0.01403353513884909,0.9978600974873618,True,0.016173437651487266
microsoft/Phi-4-mini-instruct,1,115,0.9747818455110228,0.022924672561790354,0.9977065180728131,True,0.02521815448897724
microsoft/Phi-4-mini-instruct,1,116,0.9802093399063558,0.01795316217774996,0.9981625020841058,True,0.019790660093644163
microsoft/Phi-4-mini-instruct,1,117,0.9802281237333192,0.017953504610408986,0.9981816283437283,True,0.019771876266680755
microsoft/Phi-4-mini-instruct,1,118,0.9747133208015516,0.02292306024647262,0.9976363810480242,True,0.025286679198448403
microsoft/Phi-4-mini-instruct,1,119,0.968614118460223,0.029249612250304275,0.9978637307105274,True,0.03138588153977695
microsoft/Phi-4-mini-instruct,1,120,0.9871786693378622,0.010966565145453022,0.9981452344833153,True,0.012821330662137753
microsoft/Phi-4-mini-instruct,1,121,0.9685301337097413,0.02924707395148711,0.9977772076612283,True,0.03146986629025872
microsoft/Phi-4-mini-instruct,1,122,0.9802638629299165,0.017954155250455375,0.9982180181803719,True,0.01973613707008348
microsoft/Phi-4-mini-instruct,1,123,0.9689659947067366,0.029260235049278573,0.9982262297560152,True,0.03103400529326339
microsoft/Phi-4-mini-instruct,1,124,0.9797911114211152,0.01794550195476399,0.9977366133758792,True,0.02020888857888481
microsoft/Phi-4-mini-instruct,1,125,0.9752604308365657,0.02293592913463255,0.9981963599711983,True,0.02473956916343434
microsoft/Phi-4-mini-instruct,1,126,0.9839919355002191,0.014035890818817424,0.9980278263190365,True,0.016008064499780872
microsoft/Phi-4-mini-instruct,1,127,0.9609259790431554,0.03725914487153041,0.9981851239146857,True,0.039074020956844646
microsoft/Phi-4-mini-instruct,1,128,0.9801563114976095,0.017952186280503782,0.9981084977781133,True,0.01984368850239049
microsoft/Phi-4-mini-instruct,1,129,0.9752243763385633,0.02293508155579036,0.9981594578943537,True,0.024775623661436708
microsoft/Phi-4-mini-instruct,1,130,0.9798452443352237,0.017946494603746924,0.9977917389389707,True,0.020154755664776314
microsoft/Phi-4-mini-instruct,1,131,0.9686133354445147,0.02924959132935878,0.9978629267738734,True,0.03138666455548533
microsoft/Phi-4-mini-instruct,1,132,0.9798402088862502,0.017946400470883445,0.9977866093571337,True,0.02015979111374977
microsoft/Phi-4-mini-instruct,1,133,0.9749753536899571,0.022929220448502843,0.99790457413846,True,0.025024646310042864
microsoft/Phi-4-mini-instruct,1,134,0.9797750916743325,0.017945211016329152,0.9977203026906617,True,0.02022490832566748
microsoft/Phi-4-mini-instruct,1,135,0.9802687873507033,0.017954249423994397,0.9982230367746977,True,0.01973121264929667
microsoft/Phi-4-mini-instruct,1,136,0.9841141835439359,0.014037637757272266,0.9981518213012082,True,0.015885816456064128
microsoft/Phi-4-mini-instruct,1,137,0.9752056702323374,0.022934638639953105,0.9981403088722905,True,0.024794329767662604
microsoft/Phi-4-mini-instruct,1,138,0.9802168986736929,0.017953299150029804,0.9981701978237227,True,0.019783101326307118
microsoft/Phi-4-mini-instruct,1,139,0.9750328092224261,0.022930576243120518,0.9979633854655466,True,0.024967190777573922
microsoft/Phi-4-mini-instruct,1,140,0.9838190618736687,0.014033428071881276,0.99785248994555,True,0.016180938126331257
microsoft/Phi-4-mini-instruct,1,141,0.9748911660297789,0.022927241569618496,0.9978184075993973,True,0.025108833970221123
microsoft/Phi-4-mini-instruct,1,142,0.9802675274854108,0.017954223740252948,0.9982217512256637,True,0.019732472514589205
microsoft/Phi-4-mini-instruct,1,143,0.9684428046537366,0.02924443825893829,0.9976872429126749,True,0.031557195346263445
microsoft/Phi-4-mini-instruct,1,144,0.9899549516031346,0.008564786511945371,0.99851973811508,True,0.010045048396865375
microsoft/Phi-4-mini-instruct,1,145,0.975260884977699,0.022935940071338427,0.9981968250490375,True,0.024739115022300973
microsoft/Phi-4-mini-instruct,1,146,0.9797349248348807,0.01794447513428328,0.997679399969164,True,0.02026507516511933
microsoft/Phi-4-mini-instruct,1,147,0.9802092248820857,0.01795316217774996,0.9981623870598357,True,0.019790775117914272
microsoft/Phi-4-mini-instruct,1,148,0.9799526137848525,0.017948454390951576,0.9979010681758042,True,0.020047386215147456
microsoft/Phi-4-mini-instruct,1,149,0.974991445692171,0.022929603124347275,0.9979210488165182,True,0.025008554307829
microsoft/Phi-4-mini-instruct,1,150,0.9839532709244884,0.01403534201713489,0.9979886129416232,True,0.016046729075511634
microsoft/Phi-4-mini-instruct,1,151,0.9687043860110832,0.029252339074939734,0.997956725086023,True,0.03129561398891678
microsoft/Phi-4-mini-instruct,1,152,0.9802127760344267,0.017953222102993806,0.9981659981374205,True,0.01978722396557331
microsoft/Phi-4-mini-instruct,1,153,0.975168032047276,0.022933752833938826,0.9981017848812148,True,0.02483196795272402
microsoft/Phi-4-mini-instruct,1,154,0.979848564205008,0.017946554506735303,0.9977951187117433,True,0.020151435794992012
microsoft/Phi-4-mini-instruct,1,155,0.9748149221813357,0.02292544869976444,0.9977403708811001,True,0.025185077818664303
microsoft/Phi-4-mini-instruct,1,156,0.9801021431423376,0.017951193316705208,0.9980533364590428,True,0.019897856857662433
microsoft/Phi-4-mini-instruct,1,157,0.9752040826457445,0.022934600363677348,0.9981386830094219,True,0.02479591735425546
microsoft/Phi-4-mini-instruct,1,158,0.9748162821672647,0.022925481494905323,0.99774176366217,True,0.02518371783273532
microsoft/Phi-4-mini-instruct,1,159,0.9747119627748085,0.02292302745479536,0.9976349902296039,True,0.025288037225191462
microsoft/Phi-4-mini-instruct,1,160,0.9838681009511168,0.014034124021773592,0.9979022249728904,True,0.016131899048883236
microsoft/Phi-4-mini-instruct,1,161,0.974932975662251,0.022928225521196048,0.997861201183447,True,0.02506702433774899
microsoft/Phi-4-mini-instruct,1,162,0.9842356547973202,0.014039364829668138,0.9982750196269884,True,0.015764345202679775
microsoft/Phi-4-mini-instruct,1,163,0.9749366003135281,0.022928312985602075,0.9978649132991302,True,0.025063399686471866
microsoft/Phi-4-mini-instruct,1,164,0.983838561761169,0.014033702432621614,0.9978722641937906,True,0.016161438238830983
microsoft/Phi-4-mini-instruct,1,165,0.9800505005995153,0.017950251763837806,0.9980007523633531,True,0.019949499400484738
microsoft/Phi-4-mini-instruct,1,166,0.979753119241918,0.017944800287745213,0.9976979195296632,True,0.02024688075808201
microsoft/Phi-4-mini-instruct,1,167,0.9747825263885141,0.02292468895879979,0.997707215347314,True,0.025217473611485852
microsoft/Phi-4-mini-instruct,1,168,0.9841709897405976,0.014038447714381033,0.9982094374549786,True,0.01582901025940242
microsoft/Phi-4-mini-instruct,1,169,0.9798589801641386,0.01794674277457192,0.9978057229387105,True,0.020141019835861362
microsoft/Phi-4-mini-instruct,1,170,0.9840595783352714,0.014036854620044422,0.9980964329553158,True,0.015940421664728643
microsoft/Phi-4-mini-instruct,1,171,0.9803314521720723,0.017955396668584863,0.9982868488406571,True,0.019668547827927707
microsoft/Phi-4-mini-instruct,1,172,0.9802228544391588,0.017953410440776654,0.9981762648799355,True,0.019777145560841203
microsoft/Phi-4-mini-instruct,1,173,0.9803598652935654,0.017955918946000217,0.9983157842395657,True,0.019640134706434553
microsoft/Phi-4-mini-instruct,1,174,0.9841727220795696,0.014038467796555938,0.9982111898761256,True,0.01582727792043037
microsoft/Phi-4-mini-instruct,1,175,0.9801505843455187,0.0179520835575638,0.9981026679030826,True,0.019849415654481284
microsoft/Phi-4-mini-instruct,1,176,0.9840960584579633,0.014037376706675061,0.9981334351646384,True,0.01590394154203667
microsoft/Phi-4-mini-instruct,1,177,0.9842818490820425,0.014040027599903679,0.9983218766819462,True,0.015718150917957474
microsoft/Phi-4-mini-instruct,1,178,0.984240272844928,0.01403943177473603,0.998279704619664,True,0.015759727155072012
microsoft/Phi-4-mini-instruct,1,179,0.9750022113735858,0.022929854600522503,0.9979320659741083,True,0.02499778862641422
microsoft/Phi-4-mini-instruct,1,180,0.9872016716185987,0.010966821382468704,0.9981684930010675,True,0.01279832838140127
microsoft/Phi-4-mini-instruct,1,181,0.9803527619359897,0.017955790515719074,0.9983085524517088,True,0.019647238064010253
microsoft/Phi-4-mini-instruct,1,182,0.9842470872088224,0.014039532192936409,0.9982866194017588,True,0.01575291279117763
microsoft/Phi-4-mini-instruct,1,183,0.9803625003053628,0.01795596175629807,0.9983184620616609,True,0.01963749969463724
microsoft/Phi-4-mini-instruct,1,184,0.9842547082791587,0.014039639306475147,0.9982943475856338,True,0.01574529172084127
microsoft/Phi-4-mini-instruct,1,185,0.9801960537795321,0.01795291391815629,0.9981489676976885,True,0.019803946220467883
microsoft/Phi-4-mini-instruct,1,186,0.9841407375442998,0.014038012607645615,0.9981787501519453,True,0.01585926245570024
microsoft/Phi-4-mini-instruct,1,187,0.9802710788489734,0.01795429223031179,0.9982253710792851,True,0.019728921151026646
microsoft/Phi-4-mini-instruct,1,188,0.9842562097671382,0.014039659390354639,0.9982958691574929,True,0.015743790232861765
microsoft/Phi-4-mini-instruct,1,189,0.9844191870785499,0.014041982619609178,0.9984611696981591,True,0.015580812921450082
microsoft/Phi-4-mini-instruct,1,190,0.9840952500957038,0.014037363319595809,0.9981326134152996,True,0.015904749904296245
microsoft/Phi-4-mini-instruct,1,191,0.9802812747117938,0.01795448057932078,0.9982357552911146,True,0.019718725288206174
microsoft/Phi-4-mini-instruct,1,192,0.9900730765028312,0.008565811659415817,0.998638888162247,True,0.009926923497168838
microsoft/Phi-4-mini-instruct,1,193,0.9844433325305361,0.014042330802358418,0.9984856633328945,True,0.015556667469463936
microsoft/Phi-4-mini-instruct,1,194,0.9873206523206001,0.010968139267409117,0.9982887915880092,True,0.012679347679399933
microsoft/Phi-4-mini-instruct,1,195,0.9875328888480271,0.010970498258432663,0.9985033871064598,True,0.012467111151972854
microsoft/Phi-4-mini-instruct,1,196,0.9875289359351699,0.010970456409382774,0.9984993923445526,True,0.012471064064830117
microsoft/Phi-4-mini-instruct,1,197,0.9841926964431644,0.014038755644219796,0.9982314520873842,True,0.015807303556835572
microsoft/Phi-4-mini-instruct,1,198,0.984332783191029,0.01404075065766276,0.9983735338486918,True,0.015667216808970985
microsoft/Phi-4-mini-instruct,1,199,0.9802587066478264,0.01795406107741031,0.9982127677252367,True,0.01974129335217356
microsoft/Phi-4-mini-instruct,1,200,0.9843957353117534,0.014041647836645724,0.9984373831483991,True,0.015604264688246605
microsoft/Phi-4-mini-instruct,3,1,0.005216182056252835,0.9940285588201033,0.9992447408763562,False,0.005971441179896675
microsoft/Phi-4-mini-instruct,3,2,0.005216119874887756,0.9940166619336449,0.9992327818085327,False,0.005983338066355093
microsoft/Phi-4-mini-instruct,3,3,0.9376729672750043,0.05994343311521178,0.997616400390216,True,0.062327032724995735
microsoft/Phi-4-mini-instruct,3,4,0.004067208397337454,0.9952131674007262,0.9992803757980636,False,0.004786832599273816
microsoft/Phi-4-mini-instruct,3,5,0.00406723942779333,0.9952207241555974,0.9992879635833907,False,0.004779275844402631
microsoft/Phi-4-mini-instruct,3,6,0.9383115004433917,0.05998424960359007,0.9982957500469818,True,0.06168849955660827
microsoft/Phi-4-mini-instruct,3,7,0.005216629783964056,0.9941136102917877,0.9993302400757518,False,0.005886389708212314
microsoft/Phi-4-mini-instruct,3,8,0.004067573020146259,0.9953022008881262,0.9993697739082724,False,0.004697799111873846
microsoft/Phi-4-mini-instruct,3,9,0.9755701805810757,0.0229432141357105,0.9985133947167862,True,0.024429819418924303
microsoft/Phi-4-mini-instruct,3,10,0.004067421736502788,0.9952654754459164,0.9993328971824191,False,0.00473452455408363
microsoft/Phi-4-mini-instruct,3,11,0.0066869529658523195,0.9924318948443412,0.9991188478101936,False,0.007568105155658755
microsoft/Phi-4-mini-instruct,3,12,0.8164852707782828,0.182182491942323,0.9986677627206058,True,0.1835147292217172
microsoft/Phi-4-mini-instruct,3,13,0.006687593902684394,0.9925271246138119,0.9992147185164962,False,0.007472875386188127
microsoft/Phi-4-mini-instruct,3,14,0.004067161852097532,0.9952015969551334,0.999268758807231,False,0.0047984030448665616
microsoft/Phi-4-mini-instruct,3,15,0.8508776577287296,0.1478603747905643,0.9987380325192938,True,0.1491223422712704
microsoft/Phi-4-mini-instruct,3,16,0.0040668806526034775,0.9951328861003083,0.9991997667529118,False,0.004867113899691744
microsoft/Phi-4-mini-instruct,3,17,0.0052160850536470925,0.9940100659856619,0.999226151039309,False,0.005989934014338116
microsoft/Phi-4-mini-instruct,3,18,0.9956009447830992,0.0031687793245721734,0.9987697241076714,True,0.00439905521690076
microsoft/Phi-4-mini-instruct,3,19,0.0052169133647246915,0.9941676877884881,0.9993846011532128,False,0.005832312211511925
microsoft/Phi-4-mini-instruct,3,20,0.0031705748912757388,0.9961649005188635,0.9993354754101392,False,0.0038350994811364725
microsoft/Phi-4-mini-instruct,3,21,0.9919831151717222,0.006683930867869311,0.9986670460395916,True,0.008016884828277782
microsoft/Phi-4-mini-instruct,3,22,0.004067125004160362,0.9951925054885843,0.9992596304927447,False,0.004807494511415711
microsoft/Phi-4-mini-instruct,3,23,0.005216097489777787,0.9940123039743348,0.9992284014641126,False,0.005987696025665179
microsoft/Phi-4-mini-instruct,3,24,0.6218481237659234,0.3771699527488088,0.9990180765147322,True,0.37815187623407664
microsoft/Phi-4-mini-instruct,3,25,0.004067464405678681,0.9952757489414472,0.999343213347126,False,0.004724251058552786
microsoft/Phi-4-mini-instruct,3,26,0.00406739846259551,0.9952594533090428,0.9993268517716383,False,0.004740546690957248
microsoft/Phi-4-mini-instruct,3,27,0.9946004034872,0.004064705407475375,0.9986651088946754,True,0.005399596512799976
microsoft/Phi-4-mini-instruct,3,28,0.0031705295361625137,0.9961507051041,0.9993212346402625,False,0.003849294895900024
microsoft/Phi-4-mini-instruct,3,29,0.004066977615750021,0.9951566149804519,0.999223592596202,False,0.004843385019548063
microsoft/Phi-4-mini-instruct,3,30,0.9875934619967078,0.010971173096404323,0.9985646350931121,True,0.012406538003292167
microsoft/Phi-4-mini-instruct,3,31,0.006687306908448207,0.9924844980710872,0.9991718049795354,False,0.0075155019289128155
microsoft/Phi-4-mini-instruct,3,32,0.0031701954401555316,0.9960460267766141,0.9992162222167696,False,0.003953973223385865
microsoft/Phi-4-mini-instruct,3,33,0.9506980703714145,0.047332467358197336,0.9980305377296118,True,0.049301929628585484
microsoft/Phi-4-mini-instruct,3,34,0.004067154094609332,0.9951997075656319,0.9992668616602413,False,0.004800292434368081
microsoft/Phi-4-mini-instruct,3,35,0.0040673053682981335,0.9952370182269931,0.9993043235952912,False,0.004762981773006936
microsoft/Phi-4-mini-instruct,3,36,0.9946255225767434,0.004064808133509933,0.9986903307102534,True,0.005374477423256585
microsoft/Phi-4-mini-instruct,3,37,0.006687421704664709,0.9925012899308765,0.9991887116355412,False,0.007498710069123504
microsoft/Phi-4-mini-instruct,3,38,0.003170768413715406,0.99622570878965,0.9993964772033654,False,0.0037742912103500004
microsoft/Phi-4-mini-instruct,3,39,0.9230554544229557,0.07576900570609059,0.9988244601290462,True,0.07694454557704433
microsoft/Phi-4-mini-instruct,3,40,0.004067573020146259,0.9953023190739277,0.999369892094074,False,0.004697680926072256
microsoft/Phi-4-mini-instruct,3,41,0.0052160999770074845,0.9940128927490276,0.999228992726035,False,0.005987107250972401
microsoft/Phi-4-mini-instruct,3,42,0.9388625222877148,0.060019469886729064,0.9988819921744438,True,0.06113747771228517
microsoft/Phi-4-mini-instruct,3,43,0.005216194492614802,0.9940307963875307,0.9992469908801455,False,0.0059692036124693315
microsoft/Phi-4-mini-instruct,3,44,0.004067189003422753,0.9952082086880618,0.9992753976914845,False,0.004791791311938187
microsoft/Phi-4-mini-instruct,3,45,0.9934321934457021,0.005213054009602561,0.9986452474553047,True,0.006567806554297895
microsoft/Phi-4-mini-instruct,3,46,0.0040674915590236714,0.9952825979973825,0.9993500895564061,False,0.004717402002617499
microsoft/Phi-4-mini-instruct,3,47,0.004067553624492905,0.9952974771753431,0.9993650307998361,False,0.004702522824656885
microsoft/Phi-4-mini-instruct,3,48,0.62194134932012,0.37722649690569776,0.9991678462258178,True,0.37805865067988
microsoft/Phi-4-mini-instruct,3,49,0.0052161845435228565,0.9940286763917873,0.9992448609353102,False,0.005971323608212731
microsoft/Phi-4-mini-instruct,3,50,0.004067276276767172,0.9952296977027427,0.9992969739795099,False,0.004770302297257278
microsoft/Phi-4-mini-instruct,3,51,0.07581562706928088,0.9236233776092778,0.9994390046785587,True,0.9241843729307191
microsoft/Phi-4-mini-instruct,3,52,0.0031708636673787264,0.9962556423966077,0.9994265060639864,False,0.003744357603392312
microsoft/Phi-4-mini-instruct,3,53,0.005216888488602567,0.9941627393773662,0.9993796278659688,False,0.005837260622633789
microsoft/Phi-4-mini-instruct,3,54,0.9902944486953454,0.008567727502862934,0.9988621761982084,True,0.009705551304654558
microsoft/Phi-4-mini-instruct,3,55,0.003170904491253267,0.996268775992837,0.9994396804840903,False,0.00373122400716297
microsoft/Phi-4-mini-instruct,3,56,0.002471370024248978,0.997021631697345,0.999493001721594,False,0.0029783683026549657
microsoft/Phi-4-mini-instruct,3,57,0.02296839034604806,0.9766409039087984,0.9996092942548465,True,0.977031609653952
microsoft/Phi-4-mini-instruct,3,58,0.003170671651019113,0.9961953038423685,0.9993659754933877,False,0.0038046961576314597
microsoft/Phi-4-mini-instruct,3,59,0.005216983018497696,0.9941807665451611,0.9993977495636588,False,0.0058192334548389235
microsoft/Phi-4-mini-instruct,3,60,0.9808668821025904,0.017965202606625697,0.9988320847092161,True,0.01913311789740957
microsoft/Phi-4-mini-instruct,3,61,0.0052167068965045605,0.9941283368190139,0.9993450437155185,False,0.005871663180986086
microsoft/Phi-4-mini-instruct,3,62,0.004067784438766088,0.9953540459434475,0.9994218303822135,False,0.004645954056552548
microsoft/Phi-4-mini-instruct,3,63,0.9936168183061134,0.005214023553116274,0.9988308418592297,True,0.00638318169388663
microsoft/Phi-4-mini-instruct,3,64,0.002471086036271646,0.9969070551330972,0.9993781411693688,False,0.0030929448669028137
microsoft/Phi-4-mini-instruct,3,65,0.0031705461662953622,0.9961557919025644,0.9993263380688597,False,0.0038442080974355752
microsoft/Phi-4-mini-instruct,3,66,0.9615906314173582,0.037284915269407706,0.9988755466867659,True,0.03840936858264177
microsoft/Phi-4-mini-instruct,3,67,0.004067728188702623,0.9953401095877682,0.9994078377764708,False,0.004659890412231804
microsoft/Phi-4-mini-instruct,3,68,0.002471273393971286,0.9969828834144484,0.9994541568084196,False,0.0030171165855515936
microsoft/Phi-4-mini-instruct,3,69,0.03730686080531078,0.9621566536711871,0.9994635144764978,True,0.9626931391946892
microsoft/Phi-4-mini-instruct,3,70,0.005217440766428031,0.994268318694433,0.999485759460861,False,0.005731681305567005
microsoft/Phi-4-mini-instruct,3,71,0.005216973067901758,0.9941788809455078,0.9993958540134096,False,0.00582111905449223
microsoft/Phi-4-mini-instruct,3,72,0.990293746837793,0.00856771933204516,0.9988614661698382,True,0.009706253162206968
microsoft/Phi-4-mini-instruct,3,73,0.005216664608841199,0.9941202073897824,0.9993368719986235,False,0.005879792610217649
microsoft/Phi-4-mini-instruct,3,74,0.0024710648268610894,0.9968986434836552,0.9993697083105163,False,0.0031013565163448
microsoft/Phi-4-mini-instruct,3,75,0.1479612494199731,0.8514582145450446,0.9994194639650177,True,0.8520387505800269
microsoft/Phi-4-mini-instruct,3,76,0.0031707018890444927,0.9962050047486576,0.999375706637702,False,0.0037949952513424146
microsoft/Phi-4-mini-instruct,3,77,0.0031710693040907572,0.9963204851217349,0.9994915544258256,False,0.003679514878265122
microsoft/Phi-4-mini-instruct,3,78,0.029301360621409672,0.970327796367858,0.9996291569892677,True,0.9706986393785904
microsoft/Phi-4-mini-instruct,3,79,0.004067759223124206,0.9953477864247147,0.9994155456478389,False,0.0046522135752853355
microsoft/Phi-4-mini-instruct,3,80,0.0031710390625614517,0.9963107816990839,0.9994818207616454,False,0.003689218300916064
microsoft/Phi-4-mini-instruct,3,81,0.9903370037738383,0.008568095197727879,0.9989050989715661,True,0.009662996226161735
microsoft/Phi-4-mini-instruct,3,82,0.0024711638056678416,0.9969384513594582,0.999409615165126,False,0.003061548640541756
microsoft/Phi-4-mini-instruct,3,83,0.004067119186095536,0.9951913251518629,0.9992584443379584,False,0.004808674848137073
microsoft/Phi-4-mini-instruct,3,84,0.499555099416836,0.499555099416836,0.999110198833672,True,0.5004449005831639
microsoft/Phi-4-mini-instruct,3,85,0.00317095287578518,0.9962836845276828,0.999454637403468,False,0.003716315472317211
microsoft/Phi-4-mini-instruct,3,86,0.0040678891823363005,0.9953797931183148,0.9994476823006511,False,0.004620206881685185
microsoft/Phi-4-mini-instruct,3,87,0.022966315001328792,0.976552448815614,0.9995187638169428,True,0.9770336849986712
microsoft/Phi-4-mini-instruct,3,88,0.004067906639860218,0.9953841635621514,0.9994520702020117,False,0.004615836437848575
microsoft/Phi-4-mini-instruct,3,89,0.004067662241342914,0.9953241665397659,0.9993918287811088,False,0.004675833460234147
microsoft/Phi-4-mini-instruct,3,90,0.9903609724770944,0.008568299479471362,0.9989292719565658,True,0.009639027522905574
microsoft/Phi-4-mini-instruct,3,91,0.006686841366215857,0.9924153398445971,0.999102181210813,False,0.007584660155402934
microsoft/Phi-4-mini-instruct,3,92,0.004067483800906606,0.9952803543678999,0.9993478381688065,False,0.0047196456321001445
microsoft/Phi-4-mini-instruct,3,93,0.32056047039293784,0.6786265009225702,0.9991869713155079,True,0.6794395296070621
microsoft/Phi-4-mini-instruct,3,94,0.0031708424996506985,0.9962492533427377,0.9994200958423884,False,0.0037507466572622716
microsoft/Phi-4-mini-instruct,3,95,0.0040675672014405416,0.995300783586548,0.9993683507879886,False,0.004699216413451945
microsoft/Phi-4-mini-instruct,3,96,0.4995188635773371,0.4995188635773371,0.9990377271546742,True,0.5004811364226629
microsoft/Phi-4-mini-instruct,3,97,0.004067512893921901,0.9952877939123047,0.9993553068062266,False,0.004712206087695292
microsoft/Phi-4-mini-instruct,3,98,0.004067842629305457,0.9953681006878706,0.9994359433171761,False,0.004631899312129373
microsoft/Phi-4-mini-instruct,3,99,0.8797248052119129,0.1190578021354291,0.998782607347342,True,0.12027519478808713
microsoft/Phi-4-mini-instruct,3,100,0.017976496770858982,0.9814835043288007,0.9994600010996597,False,0.018516495671199285
microsoft/Phi-4-mini-instruct,3,101,0.008573052447253352,0.9909102274612499,0.9994832799085033,False,0.009089772538750096
microsoft/Phi-4-mini-instruct,3,102,0.09530252742910995,0.9042051778372932,0.9995077052664031,True,0.9046974725708901
microsoft/Phi-4-mini-instruct,3,103,0.00857395184342027,0.9910140626266339,0.9995880144700542,False,0.00898593737336606
microsoft/Phi-4-mini-instruct,3,104,0.004067615690909189,0.995312592949772,0.9993802086406812,False,0.004687407050227965
microsoft/Phi-4-mini-instruct,3,105,0.09530191393996885,0.9041993302673171,0.999501244207286,True,0.9046980860600311
microsoft/Phi-4-mini-instruct,3,106,0.0066895713087977106,0.9928205621586338,0.9995101334674314,False,0.00717943784136621
microsoft/Phi-4-mini-instruct,3,107,0.006689491563368719,0.9928088119513112,0.9994983035146799,False,0.00719118804868879
microsoft/Phi-4-mini-instruct,3,108,0.9849654531288108,0.014049778623248216,0.999015231752059,True,0.015034546871189214
microsoft/Phi-4-mini-instruct,3,109,0.010980960295120058,0.988474408444527,0.9994553687396471,False,0.011525591555472947
microsoft/Phi-4-mini-instruct,3,110,0.017977542568397297,0.9815403524699886,0.999517895038386,False,0.01845964753001139
microsoft/Phi-4-mini-instruct,3,111,0.7301778372086509,0.2686174067026682,0.9987952439113191,True,0.2698221627913491
microsoft/Phi-4-mini-instruct,3,112,0.006689376731621043,0.9927914222140539,0.999480798945675,False,0.00720857778594608
microsoft/Phi-4-mini-instruct,3,113,0.008572627310998447,0.9908611843591121,0.9994338116701105,False,0.00913881564088792
microsoft/Phi-4-mini-instruct,3,114,0.060054481759664755,0.9394101931570361,0.9994646749167009,True,0.9399455182403352
microsoft/Phi-4-mini-instruct,3,115,0.006690142313840979,0.9929050548490328,0.9995951971628738,False,0.007094945150967202
microsoft/Phi-4-mini-instruct,3,116,0.010981143561195896,0.9884908318803559,0.9994719754415519,False,0.011509168119644086
microsoft/Phi-4-mini-instruct,3,117,0.9036497803783642,0.09524399109473969,0.9988937714731039,True,0.09635021962163581
microsoft/Phi-4-mini-instruct,3,118,0.008573673838166896,0.9909821021759693,0.9995557760141361,False,0.00901789782403073
microsoft/Phi-4-mini-instruct,3,119,0.010981462975095942,0.9885198368500481,0.999501299825144,False,0.011480163149951927
microsoft/Phi-4-mini-instruct,3,120,0.9516767497018795,0.047381198225653426,0.999057947927533,True,0.04832325029812046
microsoft/Phi-4-mini-instruct,3,121,0.00668926828122488,0.9927752079396209,0.9994644762208458,False,0.0072247920603790705
microsoft/Phi-4-mini-instruct,3,122,0.010981012656543911,0.9884790675540627,0.9994600802106066,False,0.011520932445937326
microsoft/Phi-4-mini-instruct,3,123,0.11911955680844451,0.8801810746216328,0.9993006314300773,True,0.8808804431915555
microsoft/Phi-4-mini-instruct,3,124,0.008573604338262026,0.9909741419884159,0.999547746326678,False,0.009025858011584065
microsoft/Phi-4-mini-instruct,3,125,0.0066903432936920365,0.9929349064815547,0.9996252497752467,False,0.007065093518445309
microsoft/Phi-4-mini-instruct,3,126,0.9807613762995104,0.017963275252883423,0.9987246515523939,True,0.019238623700489565
microsoft/Phi-4-mini-instruct,3,127,0.005217338764770362,0.9942486389399732,0.9994659777047435,False,0.005751361060026827
microsoft/Phi-4-mini-instruct,3,128,0.003171271929776699,0.9963837974609377,0.9995550693907145,False,0.003616202539062252
microsoft/Phi-4-mini-instruct,3,129,0.03731116606369984,0.9622676841674684,0.9995788502311683,True,0.9626888339363001
microsoft/Phi-4-mini-instruct,3,130,0.006689600017384866,0.9928246749489793,0.9995142749663641,False,0.007175325051020698
microsoft/Phi-4-mini-instruct,3,131,0.008573003391994106,0.9909044919211948,0.9994774953131889,False,0.009095508078805215
microsoft/Phi-4-mini-instruct,3,132,0.8166777078935062,0.18222543318267168,0.998903141076178,True,0.18332229210649376
microsoft/Phi-4-mini-instruct,3,133,0.11912049402254217,0.8801879079383159,0.9993084019608581,False,0.11981209206168408
microsoft/Phi-4-mini-instruct,3,134,0.006689737182335133,0.9928448863988526,0.9995346235811877,False,0.0071551136011474
microsoft/Phi-4-mini-instruct,3,135,0.9613964489874566,0.03727738669380277,0.9986738356812593,True,0.038603551012543424
microsoft/Phi-4-mini-instruct,3,136,0.008572848052191637,0.990886348822427,0.9994591968746186,False,0.009113651177573012
microsoft/Phi-4-mini-instruct,3,137,0.006689357593188076,0.9927888374727819,0.99947819506597,False,0.007211162527218096
microsoft/Phi-4-mini-instruct,3,138,0.2225121608573637,0.7766437998896922,0.9991559607470559,True,0.7774878391426363
microsoft/Phi-4-mini-instruct,3,139,0.00857285622790054,0.9908876361778448,0.9994604924057453,False,0.00911236382215519
microsoft/Phi-4-mini-instruct,3,140,0.00668987435009786,0.9928653331283392,0.9995552074784371,False,0.007134666871660755
microsoft/Phi-4-mini-instruct,3,141,0.14793862114045467,0.8513279850994584,0.999266606239913,True,0.8520613788595454
microsoft/Phi-4-mini-instruct,3,142,0.006689887110032724,0.992867213462626,0.9995571005726587,False,0.007132786537374036
microsoft/Phi-4-mini-instruct,3,143,0.006689590447842124,0.9928230300157244,0.9995126204635665,False,0.0071769699842756385
microsoft/Phi-4-mini-instruct,3,144,0.9696457461899728,0.029280766181328025,0.9989265123713008,True,0.03035425381002721
microsoft/Phi-4-mini-instruct,3,145,0.005217510427242654,0.9942813997009509,0.9994989101281935,False,0.005718600299049137
microsoft/Phi-4-mini-instruct,3,146,0.008573408106277576,0.9909514311172313,0.9995248392235089,False,0.009048568882768726
microsoft/Phi-4-mini-instruct,3,147,0.776475849062086,0.22246404877243117,0.9989398978345172,True,0.223524150937914
microsoft/Phi-4-mini-instruct,3,148,0.00669035605452134,0.9929370222950917,0.999627378349613,False,0.007062977704908269
microsoft/Phi-4-mini-instruct,3,149,0.008573138294632458,0.9909199424251882,0.9994930807198207,False,0.009080057574811784
microsoft/Phi-4-mini-instruct,3,150,0.7302932884149966,0.26865987081998727,0.9989531592349838,True,0.26970671158500337
microsoft/Phi-4-mini-instruct,3,151,0.00857335496088805,0.9909452265106251,0.9995185814715132,False,0.00905477348937489
microsoft/Phi-4-mini-instruct,3,152,0.00521761492020849,0.9943013167007353,0.9995189316209437,False,0.005698683299264706
microsoft/Phi-4-mini-instruct,3,153,0.938912958103505,0.06002270397887964,0.9989356620823846,True,0.06108704189649505
microsoft/Phi-4-mini-instruct,3,154,0.0040685138203600864,0.9955322972182853,0.9996008110386454,False,0.004467702781714711
microsoft/Phi-4-mini-instruct,3,155,0.0066901263633177485,0.9929027042265597,0.9995928305898775,False,0.007097295773440315
microsoft/Phi-4-mini-instruct,3,156,0.6218543877886448,0.37717375207064247,0.9990281398592873,True,0.37814561221135523
microsoft/Phi-4-mini-instruct,3,157,0.006689147074039258,0.9927575844105249,0.9994467314845641,False,0.007242415589475137
microsoft/Phi-4-mini-instruct,3,158,0.005217378570058047,0.9942562985619023,0.9994736771319603,False,0.005743701438097659
microsoft/Phi-4-mini-instruct,3,159,0.04740593284493756,0.9521736535535037,0.9995795863984412,True,0.9525940671550625
microsoft/Phi-4-mini-instruct,3,160,0.005217644775725961,0.9943073274839705,0.9995249722596965,False,0.005692672516029451
microsoft/Phi-4-mini-instruct,3,161,0.008572570082728033,0.9908541627121301,0.9994267327948582,False,0.009145837287869885
microsoft/Phi-4-mini-instruct,3,162,0.9847211422591602,0.014046295337729366,0.9987674375968896,True,0.015278857740839813
microsoft/Phi-4-mini-instruct,3,163,0.006689491563368719,0.9928083422417908,0.9994978338051596,False,0.00719165775820918
microsoft/Phi-4-mini-instruct,3,164,0.003171181200256908,0.9963555131064594,0.9995266943067164,False,0.003644486893540577
microsoft/Phi-4-mini-instruct,3,165,0.32055240738551133,0.6786094719844983,0.9991618793700097,True,0.6794475926144887
microsoft/Phi-4-mini-instruct,3,166,0.008572676364105733,0.9908665689781994,0.9994392453423051,False,0.009133431021800642
microsoft/Phi-4-mini-instruct,3,167,0.006689140694774536,0.99275652715666,0.9994456678514345,False,0.0072434728433400375
microsoft/Phi-4-mini-instruct,3,168,0.6785514109675128,0.3205250099610544,0.9990764209285672,True,0.3214485890324872
microsoft/Phi-4-mini-instruct,3,169,0.006689191729062652,0.9927639288819423,0.999453120611005,False,0.007236071118057685
microsoft/Phi-4-mini-instruct,3,170,0.006689733992420626,0.9928446510732016,0.9995343850656223,False,0.007155348926798366
microsoft/Phi-4-mini-instruct,3,171,0.1822942427992447,0.8169860790168038,0.9992803218160484,True,0.8177057572007553
microsoft/Phi-4-mini-instruct,3,172,0.010982332246852338,0.9885980061020118,0.9995803383488641,False,0.011401993897988238
microsoft/Phi-4-mini-instruct,3,173,0.005217833864637156,0.9943429211218283,0.9995607549864655,False,0.005657078878171684
microsoft/Phi-4-mini-instruct,3,174,0.11911930120587945,0.8801791334972024,0.9992984347030819,True,0.8808806987941206
microsoft/Phi-4-mini-instruct,3,175,0.00521815483387107,0.9944043324376752,0.9996224872715463,False,0.005595667562324769
microsoft/Phi-4-mini-instruct,3,176,0.00857351439804496,0.9909636060286418,0.9995371204266867,False,0.009036393971358248
microsoft/Phi-4-mini-instruct,3,177,0.18229393856315812,0.8169848007434718,0.9992787393066299,True,0.8177060614368419
microsoft/Phi-4-mini-instruct,3,178,0.008574446551530415,0.9910713169486149,0.9996457635001453,False,0.008928683051385056
microsoft/Phi-4-mini-instruct,3,179,0.006689593637688184,0.9928234997321936,0.9995130933698818,False,0.007176500267806363
microsoft/Phi-4-mini-instruct,3,180,0.9905314744225757,0.008569774538195074,0.9991012489607708,True,0.00946852557742428
microsoft/Phi-4-mini-instruct,3,181,0.010981939495067901,0.9885624731043112,0.9995444125993791,False,0.011437526895688777
microsoft/Phi-4-mini-instruct,3,182,0.010982505062087282,0.9886136185969197,0.999596123659007,False,0.011386381403080348
microsoft/Phi-4-mini-instruct,3,183,0.07581537400774611,0.9236204323189557,0.9994358063267018,True,0.9241846259922539
microsoft/Phi-4-mini-instruct,3,184,0.005218132440028024,0.9943998528478757,0.9996179852879037,False,0.005600147152124313
microsoft/Phi-4-mini-instruct,3,185,0.005218167274936511,0.9944064541607051,0.9996246214356416,False,0.005593545839294944
microsoft/Phi-4-mini-instruct,3,186,0.3205594004087174,0.6786242559906038,0.9991836563993213,True,0.6794405995912827
microsoft/Phi-4-mini-instruct,3,187,0.014057183473349255,0.9854844244770409,0.9995416079503902,False,0.014515575522959123
microsoft/Phi-4-mini-instruct,3,188,0.008574066318791759,0.9910274095509541,0.9996014758697459,False,0.008972590449045859
microsoft/Phi-4-mini-instruct,3,189,0.9038910592464611,0.09526942738016679,0.9991604866266278,True,0.09610894075353893
microsoft/Phi-4-mini-instruct,3,190,0.006689986000353123,0.9928817855961576,0.9995717715965107,False,0.0071182144038424155
microsoft/Phi-4-mini-instruct,3,191,0.005217448230042253,0.9942694970104462,0.9994869452404884,False,0.0057305029895537984
microsoft/Phi-4-mini-instruct,3,192,0.11914083054416477,0.8803382018556516,0.9994790323998164,True,0.8808591694558352
microsoft/Phi-4-mini-instruct,3,193,0.010982761671543795,0.9886365714468895,0.9996193331184333,False,0.011363428553110455
microsoft/Phi-4-mini-instruct,3,194,0.0052177666875286525,0.994330545876084,0.9995483125636127,False,0.005669454123915951
microsoft/Phi-4-mini-instruct,3,195,0.5617209404454384,0.4374687082865134,0.9991896487319518,True,0.4382790595545616
microsoft/Phi-4-mini-instruct,3,196,0.008573788309826589,0.9909952142440217,0.9995690025538483,False,0.009004785755978295
microsoft/Phi-4-mini-instruct,3,197,0.00857304835930436,0.9909095251672729,0.9994825735265773,False,0.009090474832727069
microsoft/Phi-4-mini-instruct,3,198,0.1823041959455178,0.8170307224457961,0.9993349183913139,True,0.8176958040544822
microsoft/Phi-4-mini-instruct,3,199,0.008573960020181832,0.9910149994251515,0.9995889594453333,False,0.008985000574848523
microsoft/Phi-4-mini-instruct,3,200,0.01405693546500253,0.9854674067042225,0.999524342169225,False,0.014532593295777496
microsoft/Phi-4-mini-instruct,5,1,0.005216535260469412,0.9940955857304515,0.9993121209909209,False,0.005904414269548464
microsoft/Phi-4-mini-instruct,5,2,0.004066983433612328,0.9951581497820107,0.999225133215623,False,0.00484185021798933
microsoft/Phi-4-mini-instruct,5,3,0.004067669999800328,0.9953261738907024,0.9993938438905028,False,0.004673826109297563
microsoft/Phi-4-mini-instruct,5,4,0.00406726464021305,0.9952266278813001,0.9992938925215131,False,0.004773372118699881
microsoft/Phi-4-mini-instruct,5,5,0.9687451074947636,0.029253566577690293,0.9979986740724539,True,0.03125489250523639
microsoft/Phi-4-mini-instruct,5,6,0.00406754392670091,0.9952951153273587,0.9993626592540596,False,0.004704884672641296
microsoft/Phi-4-mini-instruct,5,7,0.005216435763904318,0.9940767370652446,0.9992931728291489,False,0.005923262934755424
microsoft/Phi-4-mini-instruct,5,8,0.003170721543915629,0.9962112749930597,0.9993819965369753,False,0.0037887250069402745
microsoft/Phi-4-mini-instruct,5,9,0.005216485511949647,0.9940860433117843,0.9993025288237339,False,0.005913956688215705
microsoft/Phi-4-mini-instruct,5,10,0.9875549778103043,0.010970744124824792,0.9985257219351291,True,0.012445022189695676
microsoft/Phi-4-mini-instruct,5,11,0.005216619834041859,0.9941117252824248,0.9993283451164666,False,0.005888274717575248
microsoft/Phi-4-mini-instruct,5,12,0.0024710247651378273,0.9968825317986596,0.9993535565637974,False,0.003117468201340401
microsoft/Phi-4-mini-instruct,5,13,0.004067613751319346,0.9953123570392215,0.9993799707905409,False,0.004687642960778504
microsoft/Phi-4-mini-instruct,5,14,0.0031705129061168932,0.9961457368494963,0.9993162497556132,False,0.003854263150503745
microsoft/Phi-4-mini-instruct,5,15,0.9845223594842422,0.014043455759476419,0.9985658152437186,True,0.01547764051575784
microsoft/Phi-4-mini-instruct,5,16,0.003170469063687465,0.9961318970245601,0.9993023660882475,False,0.0038681029754399354
microsoft/Phi-4-mini-instruct,5,17,0.003170535583473457,0.9961524796358503,0.9993230152193238,False,0.0038475203641497036
microsoft/Phi-4-mini-instruct,5,18,0.0024711437739226814,0.9969305131936913,0.999401656967614,False,0.0030694868063086966
microsoft/Phi-4-mini-instruct,5,19,0.00406738876517345,0.9952570920147419,0.9993244807799153,False,0.004742907985258116
microsoft/Phi-4-mini-instruct,5,20,0.991666022634995,0.006681792634590645,0.9983478152695857,True,0.008333977365004963
microsoft/Phi-4-mini-instruct,5,21,0.00247124982618402,0.9969734042737063,0.9994446540998904,False,0.0030265957262937127
microsoft/Phi-4-mini-instruct,5,22,0.0024710565788061464,0.9968955631758096,0.9993666197546158,False,0.003104436824190371
microsoft/Phi-4-mini-instruct,5,23,0.004067254943110047,0.9952245025545502,0.9992917574976602,False,0.004775497445449806
microsoft/Phi-4-mini-instruct,5,24,0.0024711202073715625,0.9969209166370899,0.9993920368444615,False,0.0030790833629100733
microsoft/Phi-4-mini-instruct,5,25,0.9898555417726059,0.008563928913107458,0.9984194706857134,True,0.010144458227394071
microsoft/Phi-4-mini-instruct,5,26,0.002470977634530227,0.996863695743552,0.9993346733780822,False,0.0031363042564479526
microsoft/Phi-4-mini-instruct,5,27,0.0031708908832366873,0.9962641613534785,0.9994350522367151,False,0.0037358386465214943
microsoft/Phi-4-mini-instruct,5,28,0.0019256605467310394,0.997516734444949,0.9994423949916801,False,0.002483265555050962
microsoft/Phi-4-mini-instruct,5,29,0.003170432780756074,0.9961201864822827,0.9992906192630389,False,0.0038798135177172677
microsoft/Phi-4-mini-instruct,5,30,0.9899092747043596,0.008564394456106633,0.9984736691604663,True,0.010090725295640368
microsoft/Phi-4-mini-instruct,5,31,0.003170593033502696,0.996170815412031,0.9993414084455337,False,0.0038291845879689923
microsoft/Phi-4-mini-instruct,5,32,0.0019254117234259666,0.9973881691605629,0.9993135808839889,False,0.002611830839437057
microsoft/Phi-4-mini-instruct,5,33,0.003170733639281503,0.9962150608638722,0.9993857945031538,False,0.003784939136127763
microsoft/Phi-4-mini-instruct,5,34,0.002470855099157446,0.9968139439399525,0.9992847990391099,False,0.003186056060047515
microsoft/Phi-4-mini-instruct,5,35,0.9806147400561157,0.017960585869288125,0.9985753259254039,True,0.019385259943884292
microsoft/Phi-4-mini-instruct,5,36,0.002470989417097851,0.9968680789695431,0.999339068386641,False,0.0031319210304568967
microsoft/Phi-4-mini-instruct,5,37,0.0040675691410081895,0.9953013740513814,0.9993689431923896,False,0.004698625948618584
microsoft/Phi-4-mini-instruct,5,38,0.0019255806626822984,0.9974755757448003,0.9994011564074826,False,0.00252442425519972
microsoft/Phi-4-mini-instruct,5,39,0.003170331493103507,0.9960883684197452,0.9992586999128488,False,0.00391163158025476
microsoft/Phi-4-mini-instruct,5,40,0.9920639457258345,0.0066844727047524035,0.9987484184305868,True,0.00793605427416555
microsoft/Phi-4-mini-instruct,5,41,0.00406708427788136,0.9951825882938605,0.9992496725717419,False,0.004817411706139474
microsoft/Phi-4-mini-instruct,5,42,0.0019257790015930565,0.9975780635221351,0.9995038425237281,False,0.0024219364778649277
microsoft/Phi-4-mini-instruct,5,43,0.0024710353696484237,0.9968866781274569,0.9993577134971053,False,0.0031133218725430956
microsoft/Phi-4-mini-instruct,5,44,0.0019257064586034878,0.9975408144387353,0.9994665208973388,False,0.0024591855612646762
microsoft/Phi-4-mini-instruct,5,45,0.9613285823206029,0.037274756050644425,0.9986033383712474,True,0.03867141767939708
microsoft/Phi-4-mini-instruct,5,46,0.0024712675020033986,0.996980276618547,0.9994515441205505,False,0.0030197233814529545
microsoft/Phi-4-mini-instruct,5,47,0.002471388879377852,0.9970293342711414,0.9995007231505192,False,0.0029706657288586236
microsoft/Phi-4-mini-instruct,5,48,0.001500386886243644,0.9979697047127437,0.9994700915989874,False,0.0020302952872562896
microsoft/Phi-4-mini-instruct,5,49,0.00317095892390358,0.9962856961334156,0.9994566550573192,False,0.0037143038665844452
microsoft/Phi-4-mini-instruct,5,50,0.9918684038002898,0.006683156436113474,0.9985515602364033,True,0.008131596199710156
microsoft/Phi-4-mini-instruct,5,51,0.002470977634530227,0.996863577372347,0.9993345550068772,False,0.0031364226276530127
microsoft/Phi-4-mini-instruct,5,52,0.0024710212303110752,0.9968813471364565,0.9993523683667676,False,0.003118652863543514
microsoft/Phi-4-mini-instruct,5,53,0.005216726796700051,0.9941319888574646,0.9993487156541646,False,0.005868011142535434
microsoft/Phi-4-mini-instruct,5,54,0.001925651364487904,0.9975121082188595,0.9994377595833474,False,0.0024878917811405055
microsoft/Phi-4-mini-instruct,5,55,0.7762060744009414,0.22238675704024538,0.9985928314411867,True,0.22379392559905864
microsoft/Phi-4-mini-instruct,5,56,0.0015004391142886349,0.9980047300321035,0.9995051691463922,False,0.0019952699678964514
microsoft/Phi-4-mini-instruct,5,57,0.0024711920860551,0.9969499440432702,0.9994211361293253,False,0.0030500559567298025
microsoft/Phi-4-mini-instruct,5,58,0.0015005314121282253,0.9980657630825078,0.9995662944946361,False,0.0019342369174921714
microsoft/Phi-4-mini-instruct,5,59,0.0024712627884392025,0.9969783808345709,0.9994496436230101,False,0.0030216191654290903
microsoft/Phi-4-mini-instruct,5,60,0.9515007963858785,0.047372432907551824,0.9988732292934303,True,0.04849920361412152
microsoft/Phi-4-mini-instruct,5,61,0.0024713111028984163,0.9969982875585761,0.9994695986614746,False,0.003001712441423887
microsoft/Phi-4-mini-instruct,5,62,0.0019256137177488105,0.997492536818795,0.9994181505365438,False,0.002507463181204983
microsoft/Phi-4-mini-instruct,5,63,0.0024711496655955784,0.9969327642569394,0.999403913922535,False,0.003067235743060559
microsoft/Phi-4-mini-instruct,5,64,0.0019257037038602723,0.9975393909300406,0.9994650946339009,False,0.002460609069959374
microsoft/Phi-4-mini-instruct,5,65,0.010981405375181427,0.9885148277103417,0.9994962330855232,True,0.9890185946248186
microsoft/Phi-4-mini-instruct,5,66,0.002470979991039257,0.9968642880639894,0.9993352680550287,False,0.003135711936010588
microsoft/Phi-4-mini-instruct,5,67,0.0031704766226837685,0.9961342627136828,0.9993047393363665,False,0.003865737286317228
microsoft/Phi-4-mini-instruct,5,68,0.001500268127867503,0.9978906396947825,0.99939090782265,False,0.002109360305217467
microsoft/Phi-4-mini-instruct,5,69,0.0024710530439338843,0.9968940231415098,0.9993650761854437,False,0.0031059768584902336
microsoft/Phi-4-mini-instruct,5,70,0.9693583398068507,0.029272083007211822,0.9986304228140626,True,0.03064166019314929
microsoft/Phi-4-mini-instruct,5,71,0.0031707699256559663,0.9962260636760788,0.9993968336017348,False,0.003773936323921201
microsoft/Phi-4-mini-instruct,5,72,0.0019255622990016416,0.9974659683675947,0.9993915306665964,False,0.002534031632405287
microsoft/Phi-4-mini-instruct,5,73,0.00247116734069855,0.996940228455082,0.9994113957957805,False,0.0030597715449179885
microsoft/Phi-4-mini-instruct,5,74,0.0019254594656262984,0.9974128359104291,0.9993382953760553,False,0.002587164089570937
microsoft/Phi-4-mini-instruct,5,75,0.6217928993138101,0.3771364574254363,0.9989293567392463,True,0.3782071006861899
microsoft/Phi-4-mini-instruct,5,76,0.0015004169350337389,0.9979900071932752,0.999490424128309,False,0.0020099928067247586
microsoft/Phi-4-mini-instruct,5,77,0.0019258221613770521,0.9976004856441167,0.9995263078054938,False,0.002399514355883259
microsoft/Phi-4-mini-instruct,5,78,0.001500522826043178,0.998060181904401,0.9995607047304442,False,0.0019398180955989552
microsoft/Phi-4-mini-instruct,5,79,0.0024711225640165605,0.9969218643579354,0.999392986921952,False,0.0030781356420646055
microsoft/Phi-4-mini-instruct,5,80,0.9036857943913125,0.09524778339571928,0.9989335777870317,True,0.09631420560868753
microsoft/Phi-4-mini-instruct,5,81,0.002471273393971286,0.9969826466437467,0.9994539200377179,False,0.003017353356253305
microsoft/Phi-4-mini-instruct,5,82,0.0019254989456476987,0.997433115682725,0.9993586146283727,False,0.002566884317275031
microsoft/Phi-4-mini-instruct,5,83,0.003170416151217955,0.9961149818152467,0.9992853979664647,False,0.003885018184753286
microsoft/Phi-4-mini-instruct,5,84,0.0015003725775074928,0.9979603253966696,0.999460697974177,False,0.0020396746033304325
microsoft/Phi-4-mini-instruct,5,85,0.07580751144519547,0.9235245434762591,0.9993320549214546,True,0.9241924885548045
microsoft/Phi-4-mini-instruct,5,86,0.001925591680974755,0.997481268963016,0.9994068606439908,False,0.0025187310369839677
microsoft/Phi-4-mini-instruct,5,87,0.002471377094905448,0.9970248310172065,0.9994962081121119,False,0.0029751689827934857
microsoft/Phi-4-mini-instruct,5,88,0.0019257248236589641,0.9975503043163529,0.9994760291400119,False,0.0024496956836470574
microsoft/Phi-4-mini-instruct,5,89,0.0031705537254754926,0.9961581576484345,0.99932871137391,False,0.003841842351565483
microsoft/Phi-4-mini-instruct,5,90,0.2686825787470067,0.7303549714315046,0.9990375501785114,True,0.7313174212529934
microsoft/Phi-4-mini-instruct,5,91,0.0031702725361091805,0.9960701540614916,0.9992404265976007,False,0.003929845938508425
microsoft/Phi-4-mini-instruct,5,92,0.0024712769291587618,0.996984423818151,0.9994557007473097,False,0.003015576181849
microsoft/Phi-4-mini-instruct,5,93,0.00317045999291569,0.9961287031212269,0.9992991631141426,False,0.0038712968787730784
microsoft/Phi-4-mini-instruct,5,94,0.002471027121691805,0.996883597856583,0.9993546249782748,False,0.0031164021434170186
microsoft/Phi-4-mini-instruct,5,95,0.6217999040230487,0.3771407059963519,0.9989406100194007,True,0.37820009597695126
microsoft/Phi-4-mini-instruct,5,96,0.0019255595444646481,0.9974644265231546,0.9993899860676192,False,0.0025355734768454097
microsoft/Phi-4-mini-instruct,5,97,0.0031707850451012203,0.9962310327952171,0.9994018178403183,False,0.003768967204782925
microsoft/Phi-4-mini-instruct,5,98,0.0024711720540806937,0.9969420057859923,0.999413177840073,False,0.0030579942140076533
microsoft/Phi-4-mini-instruct,5,99,0.004067926037196885,0.9953886517577167,0.9994565777949136,False,0.004611348242283264
microsoft/Phi-4-mini-instruct,5,100,0.9613134875629186,0.03727416951363052,0.9985876570765491,True,0.03868651243708143
microsoft/Phi-4-mini-instruct,5,101,0.0066896510551773475,0.9928324303975419,0.9995220814527193,False,0.007167569602458124
microsoft/Phi-4-mini-instruct,5,102,0.008573121942684447,0.9909183034163287,0.9994914253590131,False,0.009081696583671306
microsoft/Phi-4-mini-instruct,5,103,0.005217470620948982,0.9942739755500215,0.9994914461709705,False,0.005726024449978495
microsoft/Phi-4-mini-instruct,5,104,0.003170940779582987,0.9962800164660153,0.9994509572455983,False,0.0037199835339847276
microsoft/Phi-4-mini-instruct,5,105,0.923096492178652,0.0757723658219882,0.9988688580006402,True,0.07690350782134803
microsoft/Phi-4-mini-instruct,5,106,0.004068323702982534,0.9954862220565915,0.999554545759574,False,0.004513777943408459
microsoft/Phi-4-mini-instruct,5,107,0.005217433302824485,0.9942669047170605,0.999484338019885,False,0.0057330952829395265
microsoft/Phi-4-mini-instruct,5,108,0.00317099823695437,0.9962980022291894,0.9994690004661437,False,0.0037019977708105944
microsoft/Phi-4-mini-instruct,5,109,0.00521735120389014,0.9942511135877282,0.9994684647916183,False,0.005748886412271781
microsoft/Phi-4-mini-instruct,5,110,0.14792982120888745,0.851277357674734,0.9992071788836214,True,0.8520701787911126
microsoft/Phi-4-mini-instruct,5,111,0.014056781299857234,0.9854564079937005,0.9995131892935577,False,0.01454359200629951
microsoft/Phi-4-mini-instruct,5,112,0.005217157156998915,0.9942141121117373,0.9994312692687362,False,0.005785887888262731
microsoft/Phi-4-mini-instruct,5,113,0.006689121557016875,0.9927538246230394,0.9994429461800562,False,0.007246175376960595
microsoft/Phi-4-mini-instruct,5,114,0.004067846508704346,0.9953691635040068,0.9994370100127112,False,0.0046308364959931625
microsoft/Phi-4-mini-instruct,5,115,0.11912677070700436,0.880234457221079,0.9993612279280834,True,0.8808732292929956
microsoft/Phi-4-mini-instruct,5,116,0.004068249986389699,0.9954681475762814,0.9995363975626711,False,0.004531852423718563
microsoft/Phi-4-mini-instruct,5,117,0.003171333929774847,0.9964034438480557,0.9995747777778305,False,0.003596556151944319
microsoft/Phi-4-mini-instruct,5,118,0.0040682674454620244,0.9954722824596023,0.9995405499050644,False,0.004527717540397713
microsoft/Phi-4-mini-instruct,5,119,0.0040678775440286434,0.9953767223703891,0.9994445999144177,False,0.0046232776296109
microsoft/Phi-4-mini-instruct,5,120,0.9516263301768305,0.0473786904561543,0.9990050206329848,True,0.048373669823169485
microsoft/Phi-4-mini-instruct,5,121,0.0040676913356345185,0.9953312523073505,0.9993989436429851,False,0.004668747692649466
microsoft/Phi-4-mini-instruct,5,122,0.004068003627468495,0.9954076680631239,0.9994756716905924,False,0.004592331936876137
microsoft/Phi-4-mini-instruct,5,123,0.005217321350052496,0.9942453392648869,0.9994626606149394,False,0.005754660735113104
microsoft/Phi-4-mini-instruct,5,124,0.0040681976096222814,0.9954551534000454,0.9995233510096677,False,0.004544846599954577
microsoft/Phi-4-mini-instruct,5,125,0.9878069788832169,0.010973543205115073,0.998780522088332,True,0.01219302111678311
microsoft/Phi-4-mini-instruct,5,126,0.005217152181532502,0.994213405161344,0.9994305573428766,False,0.005786594838655956
microsoft/Phi-4-mini-instruct,5,127,0.003171078376605788,0.9963234434897817,0.9994945218663875,False,0.003676556510218254
microsoft/Phi-4-mini-instruct,5,128,0.0019258515473153809,0.9976160275467817,0.9995418790940971,False,0.002383972453218308
microsoft/Phi-4-mini-instruct,5,129,0.004067879483744274,0.995377431074994,0.9994453105587383,False,0.00462256892500601
microsoft/Phi-4-mini-instruct,5,130,0.43737779362757373,0.5616042037126104,0.9989819973401841,True,0.5626222063724262
microsoft/Phi-4-mini-instruct,5,131,0.005216726796700051,0.9941322244882423,0.9993489512849424,False,0.005867775511757656
microsoft/Phi-4-mini-instruct,5,132,0.0031712069066906377,0.9963634420540478,0.9995346489607384,False,0.00363655794595219
microsoft/Phi-4-mini-instruct,5,133,0.008572729505288704,0.9908728884450866,0.9994456179503753,False,0.009127111554913414
microsoft/Phi-4-mini-instruct,5,134,0.0031711025701061032,0.9963308984863131,0.9995020010564192,False,0.0036691015136869343
microsoft/Phi-4-mini-instruct,5,135,0.2225382900252552,0.776734976503756,0.9992732665290112,True,0.7774617099747448
microsoft/Phi-4-mini-instruct,5,136,0.003171034526356931,0.9963093618014388,0.9994803963277957,False,0.0036906381985611914
microsoft/Phi-4-mini-instruct,5,137,0.004067943494878967,0.9953931399735192,0.9994610834683981,False,0.004606860026480808
microsoft/Phi-4-mini-instruct,5,138,0.0031710934975218543,0.9963280584037317,0.9994991519012536,False,0.003671941596268269
microsoft/Phi-4-mini-instruct,5,139,0.004068077339597311,0.9954256223178022,0.9994936996573995,False,0.004574377682197817
microsoft/Phi-4-mini-instruct,5,140,0.9229082025647539,0.07575692135967792,0.9986651239244319,True,0.07709179743524608
microsoft/Phi-4-mini-instruct,5,141,0.005217219350729434,0.9942262493293044,0.9994434686800338,False,0.005773750670695632
microsoft/Phi-4-mini-instruct,5,142,0.005217308911003895,0.9942432178856212,0.9994605267966251,False,0.0057567821143788
microsoft/Phi-4-mini-instruct,5,143,0.0024714289470043507,0.9970455692751403,0.9995169982221447,False,0.00295443072485968
microsoft/Phi-4-mini-instruct,5,144,0.0024714796216975645,0.9970658341513138,0.9995373137730114,False,0.002934165848686221
microsoft/Phi-4-mini-instruct,5,145,0.06004918429476816,0.9393273058644331,0.9993764901592013,True,0.9399508157052319
microsoft/Phi-4-mini-instruct,5,146,0.003170927171410675,0.9962758752120915,0.9994468023835021,False,0.0037241247879085115
microsoft/Phi-4-mini-instruct,5,147,0.0031713354419850666,0.9964037987977993,0.9995751342397844,False,0.0035962012022007217
microsoft/Phi-4-mini-instruct,5,148,0.002471630473446027,0.9971268708419965,0.9995985013154425,False,0.002873129158003529
microsoft/Phi-4-mini-instruct,5,149,0.00406767775827254,0.9953280635203007,0.9993957412785732,False,0.0046719364796993235
microsoft/Phi-4-mini-instruct,5,150,0.9759465467333939,0.022952060974057616,0.9988986077074515,True,0.02405345326660613
microsoft/Phi-4-mini-instruct,5,151,0.005217333789130755,0.9942480495626601,0.9994653833517909,False,0.005751950437339892
microsoft/Phi-4-mini-instruct,5,152,0.0031711781759842872,0.9963543295345115,0.9995255077104959,False,0.003645670465488471
microsoft/Phi-4-mini-instruct,5,153,0.004067805775200536,0.9953593604239415,0.999427166199142,False,0.004640639576058536
microsoft/Phi-4-mini-instruct,5,154,0.0024714265900671628,0.9970447395972554,0.9995161661873225,False,0.0029552604027446305
microsoft/Phi-4-mini-instruct,5,155,0.5616367081199294,0.437403108085447,0.9990398162053764,True,0.4383632918800706
microsoft/Phi-4-mini-instruct,5,156,0.0031709679961028103,0.9962886543981637,0.9994596223942666,False,0.00371134560183628
microsoft/Phi-4-mini-instruct,5,157,0.00317130217352681,0.9963936206060745,0.9995649227796013,False,0.0036063793939254962
microsoft/Phi-4-mini-instruct,5,158,0.004068184030570434,0.9954519637525047,0.9995201477830751,False,0.004548036247495335
microsoft/Phi-4-mini-instruct,5,159,0.0031713067101142036,0.9963951591713623,0.9995664658814766,False,0.0036048408286376565
microsoft/Phi-4-mini-instruct,5,160,0.22250629879541148,0.7766232929914647,0.9991295917868762,True,0.7774937012045885
microsoft/Phi-4-mini-instruct,5,161,0.0040676350868585,0.995317316734295,0.9993849518211535,False,0.004682683265704979
microsoft/Phi-4-mini-instruct,5,162,0.0031707623659603746,0.9962236975369894,0.9993944599029497,False,0.003776302463010639
microsoft/Phi-4-mini-instruct,5,163,0.0031711660789226436,0.9963507792910657,0.9995219453699884,False,0.003649220708934253
microsoft/Phi-4-mini-instruct,5,164,0.001925596271948553,0.9974837595529893,0.9994093558249378,False,0.002516240447010709
microsoft/Phi-4-mini-instruct,5,165,0.37722139296977064,0.6219329528874388,0.9991543458572094,True,0.6227786070302294
microsoft/Phi-4-mini-instruct,5,166,0.0031708833232527113,0.9962620317234118,0.9994329150466644,False,0.0037379682765882327
microsoft/Phi-4-mini-instruct,5,167,0.0031708939072353248,0.9962653445863543,0.9994362384935896,False,0.0037346554136457044
microsoft/Phi-4-mini-instruct,5,168,0.0019256926849268176,0.9975334597818063,0.9994591524667331,False,0.0024665402181937024
microsoft/Phi-4-mini-instruct,5,169,0.003170896931236846,0.9962661729197918,0.9994370698510286,False,0.0037338270802081963
microsoft/Phi-4-mini-instruct,5,170,0.06005120300330805,0.939358750803107,0.9994099538064151,True,0.939948796996692
microsoft/Phi-4-mini-instruct,5,171,0.0031710662799248482,0.996319183284835,0.9994902495647598,False,0.0036808167151649585
microsoft/Phi-4-mini-instruct,5,172,0.004068160752301288,0.9954462937052595,0.9995144544575608,False,0.0045537062947405005
microsoft/Phi-4-mini-instruct,5,173,0.003170913563296764,0.9962712607718124,0.9994421743351092,False,0.0037287392281876164
microsoft/Phi-4-mini-instruct,5,174,0.0019258478740485682,0.997613773314807,0.9995396211888556,False,0.0023862266851929492
microsoft/Phi-4-mini-instruct,5,175,0.9034922081786733,0.09522737033522717,0.9987195785139005,True,0.09650779182132674
microsoft/Phi-4-mini-instruct,5,176,0.0031714095411691412,0.9964273517358013,0.9995987612769704,False,0.0035726482641986745
microsoft/Phi-4-mini-instruct,5,177,0.00521754028216221,0.9942870566309634,0.9995045969131257,False,0.005712943369036605
microsoft/Phi-4-mini-instruct,5,178,0.004068337282500589,0.9954891753978822,0.9995575126803827,False,0.004510824602117824
microsoft/Phi-4-mini-instruct,5,179,0.0040679648321477,0.995398336929049,0.9994663017611967,False,0.004601663070951001
microsoft/Phi-4-mini-instruct,5,180,0.776495056150009,0.22246956495530984,0.9989646211053189,True,0.22350494384999098
microsoft/Phi-4-mini-instruct,5,181,0.004067941555132814,0.9953925494542455,0.9994604910093783,False,0.00460745054575451
microsoft/Phi-4-mini-instruct,5,182,0.0040678271117468995,0.9953645572031079,0.9994323843148548,False,0.0046354427968920975
microsoft/Phi-4-mini-instruct,5,183,0.004068143293686839,0.9954416870474228,0.9995098303411096,False,0.004558312952577248
microsoft/Phi-4-mini-instruct,5,184,0.0031713157833084594,0.996397881361303,0.9995691971446115,False,0.0036021186386969717
microsoft/Phi-4-mini-instruct,5,185,0.07581069252170951,0.9235633863754716,0.9993740788971811,True,0.9241893074782905
microsoft/Phi-4-mini-instruct,5,186,0.003171010333375746,0.9963016703570762,0.9994726806904519,False,0.0036983296429238255
microsoft/Phi-4-mini-instruct,5,187,0.003171339978620051,0.9964055742443954,0.9995769142230154,False,0.0035944257556046466
microsoft/Phi-4-mini-instruct,5,188,0.004068587541733585,0.9955503737905239,0.9996189613322575,False,0.0044496262094760874
microsoft/Phi-4-mini-instruct,5,189,0.003171498764933092,0.9964554035721818,0.9996269023371148,False,0.0035445964278182363
microsoft/Phi-4-mini-instruct,5,190,0.7303709915850978,0.26868847223215797,0.9990594638172557,True,0.2696290084149022
microsoft/Phi-4-mini-instruct,5,191,0.00521714471834178,0.9942118732057336,0.9994290179240753,False,0.005788126794266435
microsoft/Phi-4-mini-instruct,5,192,0.003171214467446098,0.9963661639253516,0.9995373783927977,False,0.0036338360746484
microsoft/Phi-4-mini-instruct,5,193,0.004068030784413191,0.9954142825556863,0.9994823133400995,False,0.004585717444313686
microsoft/Phi-4-mini-instruct,5,194,0.002471571545885947,0.9971029294550228,0.9995745010009087,False,0.0028970705449772316
microsoft/Phi-4-mini-instruct,5,195,0.4995612630463389,0.4995612630463389,0.9991225260926778,True,0.5004387369536611
microsoft/Phi-4-mini-instruct,5,196,0.0024714619443609934,0.9970587234993586,0.9995301854437196,False,0.0029412765006413544
microsoft/Phi-4-mini-instruct,5,197,0.005217535306330421,0.9942863496287019,0.9995038849350323,False,0.005713650371298118
microsoft/Phi-4-mini-instruct,5,198,0.0031714397862316226,0.9964368205806984,0.99960826036693,False,0.003563179419301621
microsoft/Phi-4-mini-instruct,5,199,0.0052177318552943655,0.9943234741778021,0.9995412060330965,False,0.005676525822197909
microsoft/Phi-4-mini-instruct,5,200,0.9759362141735877,0.02295182019861888,0.9988880343722065,True,0.02406378582641233
microsoft/Phi-4-mini-instruct,7,1,0.006688177495615268,0.992613328896628,0.9993015063922432,False,0.007386671103371989
microsoft/Phi-4-mini-instruct,7,2,0.006687265454743201,0.9924781572340671,0.9991654226888103,False,0.007521842765932929
microsoft/Phi-4-mini-instruct,7,3,0.005216104951470436,0.9940135995568434,0.9992297045083138,False,0.00598640044315657
microsoft/Phi-4-mini-instruct,7,4,0.006686968908809571,0.9924341255826963,0.9991210944915059,False,0.00756587441730372
microsoft/Phi-4-mini-instruct,7,5,0.005216107438703691,0.9940141883323036,0.9992302957710073,False,0.005985811667696406
microsoft/Phi-4-mini-instruct,7,6,0.006686911514341355,0.9924256721876135,0.9991125837019548,False,0.007574327812386539
microsoft/Phi-4-mini-instruct,7,7,0.8477324837177357,0.14731380790608373,0.9950462916238194,True,0.15226751628226431
microsoft/Phi-4-mini-instruct,7,8,0.005216418352200537,0.9940733208465831,0.9992897391987836,False,0.005926679153416936
microsoft/Phi-4-mini-instruct,7,9,0.006687338796088455,0.992489312420245,0.9991766512163334,False,0.007510687579755038
microsoft/Phi-4-mini-instruct,7,10,0.005216381041602425,0.9940663704054256,0.9992827514470279,False,0.005933629594574441
microsoft/Phi-4-mini-instruct,7,11,0.008570040157462329,0.9905617690052965,0.9991318091627588,False,0.009438230994703534
microsoft/Phi-4-mini-instruct,7,12,0.004067187064036369,0.9952080905134352,0.9992752775774716,False,0.004791909486564827
microsoft/Phi-4-mini-instruct,7,13,0.006688419877044991,0.9926495062538913,0.9993379261309362,False,0.007350493746108744
microsoft/Phi-4-mini-instruct,7,14,0.8500652543397613,0.14771918483326363,0.997784439173025,True,0.14993474566023868
microsoft/Phi-4-mini-instruct,7,15,0.004067549745373333,0.9952967685276651,0.9993643182730385,False,0.004703231472334868
microsoft/Phi-4-mini-instruct,7,16,0.005216102464238368,0.9940133639541823,0.9992294664184206,False,0.005986636045817728
microsoft/Phi-4-mini-instruct,7,17,0.005216254187564983,0.9940418690413955,0.9992581232289605,False,0.005958130958604535
microsoft/Phi-4-mini-instruct,7,18,0.003170695841416347,0.9962029935377958,0.9993736893792122,False,0.0037970064622041555
microsoft/Phi-4-mini-instruct,7,19,0.005216520335863666,0.9940926402268401,0.9993091605627037,False,0.005907359773159926
microsoft/Phi-4-mini-instruct,7,20,0.003170750270484918,0.9962200299281291,0.999390780198614,False,0.0037799700718709195
microsoft/Phi-4-mini-instruct,7,21,0.9691065947083253,0.029264483853579503,0.9983710785619048,True,0.030893405291674725
microsoft/Phi-4-mini-instruct,7,22,0.004067735947285821,0.9953423538154477,0.9994100897627335,False,0.004657646184552333
microsoft/Phi-4-mini-instruct,7,23,0.0066868987600819845,0.9924239109956788,0.9991108097557608,False,0.007576089004321163
microsoft/Phi-4-mini-instruct,7,24,0.0024710766098444796,0.9969032638472146,0.9993743404570591,False,0.0030967361527853843
microsoft/Phi-4-mini-instruct,7,25,0.005216117387648571,0.9940158375534721,0.9992319549411207,False,0.005984162446527885
microsoft/Phi-4-mini-instruct,7,26,0.005216244238359178,0.9940403378129862,0.9992565820513454,False,0.0059596621870138256
microsoft/Phi-4-mini-instruct,7,27,0.004067565261873819,0.9953005476787966,0.9993681129406704,False,0.00469945232120339
microsoft/Phi-4-mini-instruct,7,28,0.9847265751332539,0.014046369013673662,0.9987729441469275,True,0.0152734248667461
microsoft/Phi-4-mini-instruct,7,29,0.0040672413672046825,0.9952213145729353,0.99928855594014,False,0.004778685427064722
microsoft/Phi-4-mini-instruct,7,30,0.0052163362692369515,0.9940577711822808,0.9992741074515177,False,0.0059422288177192195
microsoft/Phi-4-mini-instruct,7,31,0.006688579343302321,0.9926729998009689,0.9993615791442713,False,0.007327000199031097
microsoft/Phi-4-mini-instruct,7,32,0.0031701727652318538,0.9960384577255685,0.9992086304908004,False,0.003961542274431462
microsoft/Phi-4-mini-instruct,7,33,0.005215990540022771,0.9939918095556197,0.9992078000956425,False,0.006008190444380279
microsoft/Phi-4-mini-instruct,7,34,0.0040667158205598,0.9950923959445258,0.9991591117650857,False,0.004907604055474191
microsoft/Phi-4-mini-instruct,7,35,0.14791961112270557,0.8512185392638683,0.9991381503865738,True,0.8520803888772944
microsoft/Phi-4-mini-instruct,7,36,0.003170567332045145,0.9961624164690333,0.9993329838010784,False,0.0038375835309667483
microsoft/Phi-4-mini-instruct,7,37,0.006688770707829788,0.9927017803272589,0.9993905510350887,False,0.007298219672741135
microsoft/Phi-4-mini-instruct,7,38,0.004067433373506367,0.9952679554052861,0.9993353887787925,False,0.00473204459471388
microsoft/Phi-4-mini-instruct,7,39,0.005217032771762076,0.9941904283898221,0.9994074611615842,False,0.0058095716101779216
microsoft/Phi-4-mini-instruct,7,40,0.005216851174641789,0.9941556702613468,0.9993725214359885,False,0.005844329738653231
microsoft/Phi-4-mini-instruct,7,41,0.0052167914728596726,0.994144712999387,0.9993615044722467,False,0.0058552870006129965
microsoft/Phi-4-mini-instruct,7,42,0.9387060835669618,0.06000946820021223,0.9987155517671741,True,0.061293916433038165
microsoft/Phi-4-mini-instruct,7,43,0.005216251700261752,0.994041397822728,0.9992576495229898,False,0.005958602177271954
microsoft/Phi-4-mini-instruct,7,44,0.0031708923952356457,0.9962646347856368,0.9994355271808724,False,0.00373536521436324
microsoft/Phi-4-mini-instruct,7,45,0.002471379451795433,0.9970256606785247,0.9994970401303201,False,0.0029743393214752833
microsoft/Phi-4-mini-instruct,7,46,0.0040675187125499305,0.995289210731918,0.999356729444468,False,0.004710789268081994
microsoft/Phi-4-mini-instruct,7,47,0.005217172083426623,0.9942171760322186,0.9994343481156452,False,0.005782823967781403
microsoft/Phi-4-mini-instruct,7,48,0.0024712026912837616,0.9969544464947208,0.9994256491860045,False,0.0030455535052792415
microsoft/Phi-4-mini-instruct,7,49,0.9805342752573252,0.01795911287444072,0.9984933881317659,True,0.019465724742674828
microsoft/Phi-4-mini-instruct,7,50,0.004068021085483559,0.9954121563646711,0.9994801774501546,False,0.0045878436353289365
microsoft/Phi-4-mini-instruct,7,51,0.004067412039025238,0.9952628777750493,0.9993302898140746,False,0.004737122224950707
microsoft/Phi-4-mini-instruct,7,52,0.0031707381750556013,0.9962163623327712,0.9993871005078269,False,0.0037836376672287786
microsoft/Phi-4-mini-instruct,7,53,0.006687692759106463,0.992541451880252,0.9992291446393584,False,0.007458548119747999
microsoft/Phi-4-mini-instruct,7,54,0.003170995212856236,0.9962970555653535,0.9994680507782098,False,0.0037029444346464713
microsoft/Phi-4-mini-instruct,7,55,0.003171022429843266,0.9963055753402882,0.9994765977701314,False,0.0036944246597118147
microsoft/Phi-4-mini-instruct,7,56,0.4373119985328677,0.5615197211387144,0.9988317196715821,True,0.5626880014671323
microsoft/Phi-4-mini-instruct,7,57,0.0052171322797143005,0.9942093991186108,0.9994265313983252,False,0.005790600881389163
microsoft/Phi-4-mini-instruct,7,58,0.002471307567662055,0.9969966287464491,0.9994679363141111,False,0.0030033712535508794
microsoft/Phi-4-mini-instruct,7,59,0.005216448200871172,0.9940790927816728,0.999295540982544,False,0.005920907218327165
microsoft/Phi-4-mini-instruct,7,60,0.00521704521015231,0.9941930204838155,0.9994100656939678,False,0.005806979516184474
microsoft/Phi-4-mini-instruct,7,61,0.004067644784867838,0.9953199150107316,0.9993875597955995,False,0.004680084989268418
microsoft/Phi-4-mini-instruct,7,62,0.005216958142043437,0.9941761712992361,0.9993931294412796,False,0.005823828700763922
microsoft/Phi-4-mini-instruct,7,63,0.07581063829769612,0.9235625675269045,0.9993732058246005,True,0.9241893617023039
microsoft/Phi-4-mini-instruct,7,64,0.0024712180100277337,0.9969606077159404,0.9994318257259681,False,0.0030393922840595833
microsoft/Phi-4-mini-instruct,7,65,0.004067460526644195,0.9952748044075898,0.999342264934234,False,0.004725195592410247
microsoft/Phi-4-mini-instruct,7,66,0.004067532289381036,0.995292399394493,0.999359931683874,False,0.004707600605507012
microsoft/Phi-4-mini-instruct,7,67,0.005217065111638367,0.9941967908144158,0.9994138559260541,False,0.0058032091855841905
microsoft/Phi-4-mini-instruct,7,68,0.0024712062263700964,0.9969556312437927,0.9994268374701628,False,0.003044368756207283
microsoft/Phi-4-mini-instruct,7,69,0.005216219365427688,0.994035626106507,0.9992518454719347,False,0.005964373893493025
microsoft/Phi-4-mini-instruct,7,70,0.9843684740226724,0.014041259498407644,0.99840973352108,True,0.015631525977327643
microsoft/Phi-4-mini-instruct,7,71,0.014055293357979818,0.9853523448283765,0.9994076381863564,False,0.014647655171623475
microsoft/Phi-4-mini-instruct,7,72,0.004067914398783785,0.9953860533018433,0.999453967700627,False,0.0046139466981567345
microsoft/Phi-4-mini-instruct,7,73,0.00406781741330286,0.9953623133888676,0.9994301308021705,False,0.004637686611132397
microsoft/Phi-4-mini-instruct,7,74,0.004067949314122977,0.9953944392098579,0.999462388523981,False,0.004605560790142071
microsoft/Phi-4-mini-instruct,7,75,0.0031712235403764453,0.9963686491792059,0.9995398727195823,False,0.0036313508207941325
microsoft/Phi-4-mini-instruct,7,76,0.003171157006156695,0.9963480574617897,0.9995192144679463,False,0.0036519425382103288
microsoft/Phi-4-mini-instruct,7,77,0.5615220305171257,0.4373137970785828,0.9988358275957085,True,0.4384779694828743
microsoft/Phi-4-mini-instruct,7,78,0.005218192157156379,0.9944112870940744,0.9996294792512308,False,0.0055887129059255525
microsoft/Phi-4-mini-instruct,7,79,0.004068244166715575,0.9954664936277621,0.9995347377944777,False,0.004533506372237928
microsoft/Phi-4-mini-instruct,7,80,0.006689475614396998,0.9928061097376697,0.9994955853520667,False,0.007193890262330305
microsoft/Phi-4-mini-instruct,7,81,0.004067621509684272,0.9953141284553705,0.9993817499650548,False,0.004685871544629516
microsoft/Phi-4-mini-instruct,7,82,0.0040675672014405416,0.995300783586548,0.9993683507879886,False,0.004699216413451945
microsoft/Phi-4-mini-instruct,7,83,0.0052167243091714634,0.9941315175960765,0.999348241905248,False,0.0058684824039234584
microsoft/Phi-4-mini-instruct,7,84,0.7764798061461612,0.2224651891259457,0.9989449952721069,True,0.2235201938538388
microsoft/Phi-4-mini-instruct,7,85,0.0052173959849669055,0.9942594802113749,0.9994768761963418,False,0.005740519788625109
microsoft/Phi-4-mini-instruct,7,86,0.005217102427129347,0.9942036250380352,0.9994207274651645,False,0.005796374961964834
microsoft/Phi-4-mini-instruct,7,87,0.010980311034207152,0.9884162897168627,0.9993966007510698,False,0.011583710283137316
microsoft/Phi-4-mini-instruct,7,88,0.005217963245208923,0.9943675553896758,0.9995855186348848,False,0.005632444610324194
microsoft/Phi-4-mini-instruct,7,89,0.005216694458920929,0.9941262161523174,0.9993429106112384,False,0.005873783847682557
microsoft/Phi-4-mini-instruct,7,90,0.008573052447253352,0.9909101102584097,0.9994831627056631,False,0.009089889741590307
microsoft/Phi-4-mini-instruct,7,91,0.09528046702447691,0.9039959688460522,0.9992764358705291,True,0.9047195329755231
microsoft/Phi-4-mini-instruct,7,92,0.005217167107945975,0.9942159977782115,0.9994331648861574,False,0.005784002221788542
microsoft/Phi-4-mini-instruct,7,93,0.00521723676510684,0.9942293128242154,0.9994465495893223,False,0.00577068717578455
microsoft/Phi-4-mini-instruct,7,94,0.006689775461427856,0.9928507616986062,0.9995405371600341,False,0.007149238301393801
microsoft/Phi-4-mini-instruct,7,95,0.006688509177680692,0.9926628973920232,0.9993514065697039,False,0.00733710260797682
microsoft/Phi-4-mini-instruct,7,96,0.0040675982346338865,0.9953086960298086,0.9993762942644425,False,0.004691303970191352
microsoft/Phi-4-mini-instruct,7,97,0.0040679376756432815,0.9953914861496234,0.9994594238252666,False,0.004608513850376639
microsoft/Phi-4-mini-instruct,7,98,0.07581694661811174,0.9236394461225718,0.9994563927406835,True,0.9241830533818882
microsoft/Phi-4-mini-instruct,7,99,0.008573113766722137,0.9909171332247252,0.9994902469914473,False,0.009082866775274812
microsoft/Phi-4-mini-instruct,7,100,0.017975485319641913,0.98142804331463,0.9994035286342718,False,0.01857195668537004
microsoft/Phi-4-mini-instruct,7,101,0.010982185617876422,0.988585073983265,0.9995672596011415,False,0.011414926016734994
microsoft/Phi-4-mini-instruct,7,102,0.010981750979200417,0.9885459306343228,0.9995276816135232,False,0.011454069365677166
microsoft/Phi-4-mini-instruct,7,103,0.008573064711112022,0.9909113976446984,0.9994844623558103,False,0.009088602355301623
microsoft/Phi-4-mini-instruct,7,104,0.008572827612953488,0.9908840085160732,0.9994568361290267,False,0.009115991483926833
microsoft/Phi-4-mini-instruct,7,105,0.2687382196783465,0.7305061973933027,0.9992444170716492,True,0.7312617803216535
microsoft/Phi-4-mini-instruct,7,106,0.010981965678083216,0.9885649193289828,0.999546885007066,False,0.011435080671017173
microsoft/Phi-4-mini-instruct,7,107,0.022965083025230554,0.9765002712166221,0.9994653542418527,False,0.023499728783377916
microsoft/Phi-4-mini-instruct,7,108,0.006689915819975152,0.9928714438810349,0.99956135970101,False,0.007128556118965124
microsoft/Phi-4-mini-instruct,7,109,0.010981724796696984,0.9885434844566391,0.9995252092533361,False,0.011456515543360912
microsoft/Phi-4-mini-instruct,7,110,0.022965395119591645,0.9765134563195902,0.9994788514391818,False,0.02348654368040981
microsoft/Phi-4-mini-instruct,7,111,0.0952778773634439,0.9039713247382082,0.9992492021016521,False,0.09602867526179182
microsoft/Phi-4-mini-instruct,7,112,0.6217843381096795,0.37713126479264697,0.9989156029023265,True,0.3782156618903205
microsoft/Phi-4-mini-instruct,7,113,0.010981190687252623,0.9884951421568691,0.9994763328441217,False,0.011504857843130933
microsoft/Phi-4-mini-instruct,7,114,0.01797681393253729,0.9815009597126213,0.9994777736451586,False,0.0184990402873787
microsoft/Phi-4-mini-instruct,7,115,0.0066896574349287865,0.9928332528716161,0.9995229103065448,False,0.0071667471283839435
microsoft/Phi-4-mini-instruct,7,116,0.01405583623744133,0.9853903100178655,0.9994461462553068,False,0.014609689982134522
microsoft/Phi-4-mini-instruct,7,117,0.014057082928897532,0.9854775942041507,0.9995346771330482,False,0.014522405795849291
microsoft/Phi-4-mini-instruct,7,118,0.010982049464151721,0.9885724918919788,0.9995545413561305,False,0.011427508108021178
microsoft/Phi-4-mini-instruct,7,119,0.07580814403500558,0.9235322706402975,0.9993404146753031,True,0.9241918559649944
microsoft/Phi-4-mini-instruct,7,120,0.005217891090263616,0.9943538828835585,0.9995717739738221,False,0.005646117116441474
microsoft/Phi-4-mini-instruct,7,121,0.008572958424919716,0.9908991070960247,0.9994720655209444,False,0.00910089290397531
microsoft/Phi-4-mini-instruct,7,122,0.01098081368446155,0.9884612468779232,0.9994420605623848,False,0.01153875312207675
microsoft/Phi-4-mini-instruct,7,123,0.008571744403062598,0.990758785270747,0.9993305296738096,False,0.009241214729252989
microsoft/Phi-4-mini-instruct,7,124,0.008573526662564458,0.9909650106937518,0.9995385373563163,False,0.009034989306248242
microsoft/Phi-4-mini-instruct,7,125,0.008573289551630114,0.9909375010313984,0.9995107905830285,False,0.009062498968601562
microsoft/Phi-4-mini-instruct,7,126,0.37715785812112407,0.6218282016279225,0.9989860597490465,True,0.6228421418788759
microsoft/Phi-4-mini-instruct,7,127,0.008572713154120396,0.9908708988422278,0.9994436119963482,False,0.009129101157772213
microsoft/Phi-4-mini-instruct,7,128,0.004068430400416878,0.995512212316941,0.9995806427173579,False,0.004487787683059019
microsoft/Phi-4-mini-instruct,7,129,0.008573379489488433,0.9909479195063112,0.9995212989957997,False,0.009052080493688774
microsoft/Phi-4-mini-instruct,7,130,0.00857371472072705,0.9909867851034242,0.9995604998241513,False,0.009013214896575805
microsoft/Phi-4-mini-instruct,7,131,0.014055943475370532,0.9853977178512037,0.9994536613265742,False,0.01460228214879633
microsoft/Phi-4-mini-instruct,7,132,0.014056566812032897,0.9854412427500393,0.9994978095620722,False,0.014558757249960697
microsoft/Phi-4-mini-instruct,7,133,0.060047537880601555,0.9393016425915697,0.9993491804721713,True,0.9399524621193984
microsoft/Phi-4-mini-instruct,7,134,0.010981075490582113,0.9884848912417145,0.9994659667322966,False,0.011515108758285542
microsoft/Phi-4-mini-instruct,7,135,0.00857339993004236,0.9909501436789314,0.9995235436089738,False,0.009049856321068583
microsoft/Phi-4-mini-instruct,7,136,0.014057196879330486,0.985485467102813,0.9995426639821435,False,0.01451453289718696
microsoft/Phi-4-mini-instruct,7,137,0.010981127852555263,0.98848955040066,0.9994706782532152,False,0.01151044959934
microsoft/Phi-4-mini-instruct,7,138,0.010981698614255976,0.988541154286989,0.999522852901245,False,0.011458845713011034
microsoft/Phi-4-mini-instruct,7,139,0.022962991554932085,0.9764111595760521,0.9993741511309842,False,0.023588840423947932
microsoft/Phi-4-mini-instruct,7,140,0.8166536979291634,0.18222006768945104,0.9988737656186144,True,0.18334630207083658
microsoft/Phi-4-mini-instruct,7,141,0.222481711647862,0.776537521699413,0.999019233347275,False,0.22346247830058696
microsoft/Phi-4-mini-instruct,7,142,0.037302769491245086,0.9620510512731164,0.9993538207643615,False,0.03794894872688359
microsoft/Phi-4-mini-instruct,7,143,0.014054495832356316,0.985296212805345,0.9993507086377013,False,0.014703787194655038
microsoft/Phi-4-mini-instruct,7,144,0.005217276569616325,0.9942367366416524,0.9994540132112687,False,0.005763263358347648
microsoft/Phi-4-mini-instruct,7,145,0.005217502963539457,0.9942801033063977,0.9994976062699372,False,0.005719896693602289
microsoft/Phi-4-mini-instruct,7,146,0.008573522574389342,0.990964424647291,0.9995379472216803,False,0.009035575352709047
microsoft/Phi-4-mini-instruct,7,147,0.32051683321978613,0.6785341008071439,0.99905093402693,True,0.6794831667802139
microsoft/Phi-4-mini-instruct,7,148,0.01098133206663627,0.988508071257938,0.9994894033245744,False,0.011491928742061952
microsoft/Phi-4-mini-instruct,7,149,0.008573551191656084,0.9909677028202928,0.9995412540119488,False,0.009032297179707216
microsoft/Phi-4-mini-instruct,7,150,0.006689529841055995,0.992814099897249,0.999503629738305,False,0.007185900102750997
microsoft/Phi-4-mini-instruct,7,151,0.008573477604591739,0.9909592739137001,0.9995327515182918,False,0.00904072608629991
microsoft/Phi-4-mini-instruct,7,152,0.005217764199504206,0.9943297207725731,0.9995474849720773,False,0.005670279227426911
microsoft/Phi-4-mini-instruct,7,153,0.01405578261878354,0.985386490490275,0.9994422731090585,False,0.014613509509724953
microsoft/Phi-4-mini-instruct,7,154,0.09528219350426947,0.9040123357606377,0.9992945292649071,True,0.9047178064957305
microsoft/Phi-4-mini-instruct,7,155,0.014056399245697354,0.9854297827016625,0.9994861819473598,False,0.014570217298337518
microsoft/Phi-4-mini-instruct,7,156,0.014056003797065253,0.9854021165080292,0.9994581203050945,False,0.014597883491970776
microsoft/Phi-4-mini-instruct,7,157,0.014056057416566774,0.9854059360961889,0.9994619935127557,False,0.014594063903811128
microsoft/Phi-4-mini-instruct,7,158,0.0109813058851316,0.9885058580902193,0.9994871639753509,False,0.011494141909780708
microsoft/Phi-4-mini-instruct,7,159,0.008572549644152614,0.9908519387549377,0.9994244883990904,False,0.009148061245062289
microsoft/Phi-4-mini-instruct,7,160,0.008573444899432544,0.9909552943650659,0.9995287392644985,False,0.009044705634934092
microsoft/Phi-4-mini-instruct,7,161,0.017976402480628286,0.9814784531481842,0.9994548556288124,True,0.9820235975193717
microsoft/Phi-4-mini-instruct,7,162,0.0052175203788635246,0.9942832854950454,0.9995008058739089,False,0.00571671450495459
microsoft/Phi-4-mini-instruct,7,163,0.008572014170839512,0.9907902633051899,0.9993622774760295,False,0.009209736694810067
microsoft/Phi-4-mini-instruct,7,164,0.008573404018158993,0.9909506115864212,0.9995240156045802,False,0.00904938841357883
microsoft/Phi-4-mini-instruct,7,165,0.010982148960938333,0.9885813461100202,0.9995634950709585,False,0.011418653889979757
microsoft/Phi-4-mini-instruct,7,166,0.014056151251186618,0.9854120720633777,0.9994682233145643,False,0.014587927936622336
microsoft/Phi-4-mini-instruct,7,167,0.014056774597063183,0.9854559454337982,0.9995127200308614,False,0.01454405456620178
microsoft/Phi-4-mini-instruct,7,168,0.8509751146041272,0.14787729703586672,0.9988524116399939,True,0.14902488539587277
microsoft/Phi-4-mini-instruct,7,169,0.029294047204013764,0.9700856435779126,0.9993796907819263,False,0.029914356422087396
microsoft/Phi-4-mini-instruct,7,170,0.04739978470805043,0.9520500265981315,0.9994498113061819,False,0.04794997340186846
microsoft/Phi-4-mini-instruct,7,171,0.06005567017407275,0.9394288145837821,0.9994844847578549,False,0.060571185416217865
microsoft/Phi-4-mini-instruct,7,172,0.029295318364202884,0.9701276012911467,0.9994229196553496,False,0.029872398708853276
microsoft/Phi-4-mini-instruct,7,173,0.006689769081563858,0.9928499392100275,0.9995397082915913,False,0.00715006078997249
microsoft/Phi-4-mini-instruct,7,174,0.014057143255482267,0.9854817619315486,0.9995389051870308,False,0.014518238068451428
microsoft/Phi-4-mini-instruct,7,175,0.32057243153108367,0.678651863102271,0.9992242946333547,True,0.6794275684689164
microsoft/Phi-4-mini-instruct,7,176,0.06004904112652687,0.939325094330356,0.9993741354568829,False,0.06067490566964395
microsoft/Phi-4-mini-instruct,7,177,0.04740276826312609,0.952109999007034,0.99951276727016,False,0.04789000099296603
microsoft/Phi-4-mini-instruct,7,178,0.02296592623728977,0.9765359654424101,0.9995018916796998,False,0.02346403455758994
microsoft/Phi-4-mini-instruct,7,179,0.008573493957218122,0.990961147408038,0.999534641365256,False,0.009038852591962021
microsoft/Phi-4-mini-instruct,7,180,0.008573289551630114,0.9909373838253324,0.9995106733769625,False,0.009062616174667637
microsoft/Phi-4-mini-instruct,7,181,0.010981085962956768,0.9884860557992422,0.999467141762199,False,0.011513944200757797
microsoft/Phi-4-mini-instruct,7,182,0.0292964009891746,0.9701636173458535,0.9994600183350282,True,0.9707035990108254
microsoft/Phi-4-mini-instruct,7,183,0.008573121942684447,0.9909179527278482,0.9994910746705327,False,0.009082047272151783
microsoft/Phi-4-mini-instruct,7,184,0.00668997643025823,0.9928804928758764,0.9995704693061347,False,0.00711950712412357
microsoft/Phi-4-mini-instruct,7,185,0.010981923785288677,0.9885614244611136,0.9995433482464023,False,0.011438575538886386
microsoft/Phi-4-mini-instruct,7,186,0.010982190854591851,0.9885855398533225,0.9995677307079144,False,0.011414460146677463
microsoft/Phi-4-mini-instruct,7,187,0.047401886738671746,0.9520923853333761,0.9994942720720479,False,0.047907614666623854
microsoft/Phi-4-mini-instruct,7,188,0.047398812832932624,0.9520305804449973,0.9994293932779299,False,0.04796941955500267
microsoft/Phi-4-mini-instruct,7,189,0.07581620549881797,0.9236303967969737,0.9994466022957916,True,0.924183794501182
microsoft/Phi-4-mini-instruct,7,190,0.02929659656440371,0.9701701246287484,0.9994667211931522,False,0.02982987537125159
microsoft/Phi-4-mini-instruct,7,191,0.010981918548700596,0.9885606087482103,0.9995425272969108,False,0.011439391251789721
microsoft/Phi-4-mini-instruct,7,192,0.01098200233440953,0.9885681812781865,0.999550183612596,False,0.011431818721813536
microsoft/Phi-4-mini-instruct,7,193,0.014056419353552148,0.9854311721806875,0.9994875915342397,False,0.014568827819312458
microsoft/Phi-4-mini-instruct,7,194,0.060053951992145665,0.9394017802147757,0.9994557322069214,False,0.06059821978522428
microsoft/Phi-4-mini-instruct,7,195,0.014058242585257966,0.9855587574640458,0.9996170000493038,False,0.014441242535954246
microsoft/Phi-4-mini-instruct,7,196,0.7301007638312789,0.26858906900167195,0.9986898328329508,True,0.26989923616872113
microsoft/Phi-4-mini-instruct,7,197,0.11912466897492487,0.8802189405199657,0.9993436094948907,False,0.11978105948003426
microsoft/Phi-4-mini-instruct,7,198,0.029299195044922094,0.9702560805167452,0.9995552755616672,False,0.029743919483254833
microsoft/Phi-4-mini-instruct,7,199,0.014056955573624394,0.9854684483942011,0.9995254039678255,False,0.014531551605798887
microsoft/Phi-4-mini-instruct,7,200,0.022965986467907266,0.9765386938561903,0.9995046803240976,False,0.0234613061438097
microsoft/Phi-4-mini-instruct,10,1,0.004067953193623608,0.9953955020541174,0.999463455247741,False,0.00460449794588258
microsoft/Phi-4-mini-instruct,10,2,0.005215704522382686,0.993937515297854,0.9991532198202367,False,0.006062484702145987
microsoft/Phi-4-mini-instruct,10,3,0.006687581147123471,0.9925248936664188,0.9992124748135423,False,0.007475106333581172
microsoft/Phi-4-mini-instruct,10,4,0.0040672161549292285,0.9952150568157813,0.9992822729707105,False,0.004784943184218737
microsoft/Phi-4-mini-instruct,10,5,0.0040674100995325025,0.9952626418762822,0.9993300519758147,False,0.004737358123717783
microsoft/Phi-4-mini-instruct,10,6,0.005215861208364672,0.9939674294451849,0.9991832906535496,False,0.006032570554815098
microsoft/Phi-4-mini-instruct,10,7,0.00668750461426885,0.9925135028331602,0.999201007447429,False,0.007486497166839801
microsoft/Phi-4-mini-instruct,10,8,0.0052160353094208136,0.9940004077452876,0.9992164430547085,False,0.00599959225471236
microsoft/Phi-4-mini-instruct,10,9,0.008569966600533304,0.9905533472415671,0.9991233138421004,False,0.009446652758432927
microsoft/Phi-4-mini-instruct,10,10,0.9505484342711049,0.047325019884021526,0.9978734541551264,True,0.049451565728895086
microsoft/Phi-4-mini-instruct,10,11,0.006687055001435563,0.9924468062724745,0.99913386127391,False,0.007553193727525498
microsoft/Phi-4-mini-instruct,10,12,0.0024709081185248514,0.9968352654727247,0.9993061735912496,False,0.0031647345272752814
microsoft/Phi-4-mini-instruct,10,13,0.005215963181135353,0.9939868629456438,0.9992028261267791,False,0.0060131370543562435
microsoft/Phi-4-mini-instruct,10,14,0.004066789509353586,0.995110574814669,0.9991773643240226,False,0.004889425185330976
microsoft/Phi-4-mini-instruct,10,15,0.0031706595558897055,0.9961917546294563,0.999362414185346,False,0.0038082453705436947
microsoft/Phi-4-mini-instruct,10,16,0.003170455457539534,0.9961276385663679,0.9992980940239075,False,0.003872361433632121
microsoft/Phi-4-mini-instruct,10,17,0.005216012924673759,0.9939959318265487,0.9992119447512224,False,0.006004068173451338
microsoft/Phi-4-mini-instruct,10,18,0.002471269858788868,0.9969812246279508,0.9994524944867397,False,0.0030187753720491983
microsoft/Phi-4-mini-instruct,10,19,0.0040673286416727196,0.9952423320826426,0.9993096607243153,False,0.004757667917357433
microsoft/Phi-4-mini-instruct,10,20,0.9945482832265725,0.004064492210783432,0.9986127754373559,True,0.005451716773427484
microsoft/Phi-4-mini-instruct,10,21,0.003170597569075656,0.9961721168231271,0.9993427143922028,False,0.0038278831768728816
microsoft/Phi-4-mini-instruct,10,22,0.002470979991039257,0.9968645250386831,0.9993355050297223,False,0.003135474961316942
microsoft/Phi-4-mini-instruct,10,23,0.004067272397912099,0.9952285168584705,0.9992957892563825,False,0.004771483141529531
microsoft/Phi-4-mini-instruct,10,24,0.0019256293272830183,0.9975008399097496,0.9994264692370326,False,0.0024991600902504185
microsoft/Phi-4-mini-instruct,10,25,0.003170387427675742,0.9961063472442514,0.9992767346719271,False,0.0038936527557486
microsoft/Phi-4-mini-instruct,10,26,0.0031703224227253237,0.9960857662819115,0.9992560887046368,False,0.003914233718088522
microsoft/Phi-4-mini-instruct,10,27,0.00406724330661696,0.9952217868143706,0.9992890301209876,False,0.004778213185629432
microsoft/Phi-4-mini-instruct,10,28,0.0019256522827102473,0.9975124640280466,0.9994381163107569,False,0.002487535971953392
microsoft/Phi-4-mini-instruct,10,29,0.004066991190775018,0.9951600386292071,0.9992270298199821,False,0.0048399613707929
microsoft/Phi-4-mini-instruct,10,30,0.991732028038654,0.006682238707261383,0.9984142667459154,True,0.008267971961345988
microsoft/Phi-4-mini-instruct,10,31,0.00521557022385872,0.9939116068774899,0.9991271771013487,False,0.006088393122510083
microsoft/Phi-4-mini-instruct,10,32,0.001925596271948553,0.9974837595529893,0.9994093558249378,False,0.002516240447010709
microsoft/Phi-4-mini-instruct,10,33,0.004067346096791053,0.995246936891018,0.999314282987809,False,0.004753063108982047
microsoft/Phi-4-mini-instruct,10,34,0.0024709764562765545,0.9968629850523318,0.9993339615086084,False,0.0031370149476681597
microsoft/Phi-4-mini-instruct,10,35,0.002471071896644381,0.9969013684417896,0.999372440338434,False,0.0030986315582104407
microsoft/Phi-4-mini-instruct,10,36,0.0024710389044954027,0.996888099776293,0.9993591386807884,False,0.003111900223706998
microsoft/Phi-4-mini-instruct,10,37,0.005216172107184609,0.9940264383662525,0.9992426104734371,False,0.005973561633747515
microsoft/Phi-4-mini-instruct,10,38,0.0024708056154409564,0.9967942815680159,0.9992650871834569,False,0.003205718431984139
microsoft/Phi-4-mini-instruct,10,39,0.005215428468057184,0.993884875786534,0.9991003042545912,False,0.00611512421346605
microsoft/Phi-4-mini-instruct,10,40,0.9933636089174327,0.005212693584273231,0.9985763025017059,True,0.006636391082567306
microsoft/Phi-4-mini-instruct,10,41,0.005216256674869399,0.9940426934431572,0.9992589501180266,False,0.00595730655684279
microsoft/Phi-4-mini-instruct,10,42,0.002471077788145909,0.9969040931752625,0.9993751709634084,False,0.003095906824737482
microsoft/Phi-4-mini-instruct,10,43,0.004067274337339174,0.9952292254575537,0.9992964997948929,False,0.004770774542446343
microsoft/Phi-4-mini-instruct,10,44,0.0019255650535425757,0.9974676288895775,0.9993931939431201,False,0.002532371110422482
microsoft/Phi-4-mini-instruct,10,45,0.0015003525455061302,0.997947147427605,0.9994474999731112,False,0.0020528525723949587
microsoft/Phi-4-mini-instruct,10,46,0.0024710153389443917,0.99687885921115,0.9993498745500944,False,0.003121140788849952
microsoft/Phi-4-mini-instruct,10,47,0.003170586986082176,0.9961686862134406,0.9993392731995228,False,0.0038313137865594316
microsoft/Phi-4-mini-instruct,10,48,0.0019256385094210719,0.9975054658513295,0.9994311043607506,False,0.002494534148670513
microsoft/Phi-4-mini-instruct,10,49,0.005215622450651571,0.9939218525129645,0.999137474963616,False,0.006078147487035501
microsoft/Phi-4-mini-instruct,10,50,0.9876034608461836,0.010971282957677403,0.9985747438038609,True,0.012396539153816444
microsoft/Phi-4-mini-instruct,10,51,0.0031702014868292363,0.9960475643413497,0.9992177658281789,False,0.003952435658650333
microsoft/Phi-4-mini-instruct,10,52,0.00317005032344649,0.9960000224534428,0.9991700727768893,False,0.003999977546557232
microsoft/Phi-4-mini-instruct,10,53,0.005216226827294682,0.9940366861112244,0.9992529129385191,False,0.005963313888775579
microsoft/Phi-4-mini-instruct,10,54,0.0019255880082035975,0.9974791339443162,0.9994047219525198,False,0.0025208660556838014
microsoft/Phi-4-mini-instruct,10,55,0.001925763390845559,0.9975702338409678,0.9994959972318134,False,0.0024297661590322317
microsoft/Phi-4-mini-instruct,10,56,0.0019255990265380856,0.9974851829822968,0.9994107820088349,False,0.002514817017703175
microsoft/Phi-4-mini-instruct,10,57,0.002471147308924734,0.9969318165257319,0.9994029638346567,False,0.0030681834742680714
microsoft/Phi-4-mini-instruct,10,58,0.0019255577081088416,0.9974634778220438,0.9993890355301527,False,0.002536522177956191
microsoft/Phi-4-mini-instruct,10,59,0.0040671851246509095,0.9952075001039425,0.9992746852285934,False,0.004792499896057456
microsoft/Phi-4-mini-instruct,10,60,0.9805949095412853,0.01796022617335151,0.9985551357146367,True,0.019405090458714747
microsoft/Phi-4-mini-instruct,10,61,0.00521628900993474,0.9940489364224314,0.9992652254323662,False,0.005951063577568583
microsoft/Phi-4-mini-instruct,10,62,0.002471108424180283,0.996916177582151,0.9993872860063313,False,0.0030838224178489915
microsoft/Phi-4-mini-instruct,10,63,0.003170302770328285,0.9960794975232261,0.9992498002935544,False,0.0039205024767738905
microsoft/Phi-4-mini-instruct,10,64,0.001925385098482273,0.9973739386654811,0.9992993237639634,False,0.0026260613345189254
microsoft/Phi-4-mini-instruct,10,65,0.0019255769899321567,0.9974735591819087,0.9993991361718408,False,0.00252644081809128
microsoft/Phi-4-mini-instruct,10,66,0.0019257064586034878,0.9975405770710162,0.9994662835296196,False,0.002459422928983823
microsoft/Phi-4-mini-instruct,10,67,0.0040674391920206415,0.9952693721966587,0.9993368113886794,False,0.004730627803341325
microsoft/Phi-4-mini-instruct,10,68,0.001500255251018133,0.9978823303387874,0.9993825855898055,False,0.002117669661212629
microsoft/Phi-4-mini-instruct,10,69,0.0031700140453071735,0.9959890244567146,0.9991590385020217,False,0.004010975543285444
microsoft/Phi-4-mini-instruct,10,70,0.9512356959948386,0.04735923151406771,0.9985949275089063,True,0.04876430400516141
microsoft/Phi-4-mini-instruct,10,71,0.004066987312191824,0.9951589760363663,0.9992259633485581,False,0.004841023963633728
microsoft/Phi-4-mini-instruct,10,72,0.001925628409071621,0.9975002467465862,0.9994258751556578,False,0.0024997532534137834
microsoft/Phi-4-mini-instruct,10,73,0.004067181245882766,0.9952062015750347,0.9992733828209175,False,0.004793798424965301
microsoft/Phi-4-mini-instruct,10,74,0.0024708032590982235,0.9967932153735224,0.9992640186326206,False,0.00320678462647761
microsoft/Phi-4-mini-instruct,10,75,0.0019255182268825882,0.99744319673572,0.9993687149626026,False,0.002556803264279983
microsoft/Phi-4-mini-instruct,10,76,0.00192545028434199,0.9974078548586482,0.9993333051429902,False,0.0025921451413517538
microsoft/Phi-4-mini-instruct,10,77,0.003170562796515439,0.996161233358402,0.9993317961549174,False,0.0038387666415979904
microsoft/Phi-4-mini-instruct,10,78,0.0019256063721294376,0.9974887412160838,0.9994143475882132,False,0.002511258783916226
microsoft/Phi-4-mini-instruct,10,79,0.003170508370665045,0.9961443174189987,0.9993148257896637,False,0.0038556825810013295
microsoft/Phi-4-mini-instruct,10,80,0.9695207897717365,0.029276989661330077,0.9987977794330666,True,0.030479210228263498
microsoft/Phi-4-mini-instruct,10,81,0.004066770117436293,0.9951057347756371,0.9991725048930734,False,0.00489426522436287
microsoft/Phi-4-mini-instruct,10,82,0.002470800902757738,0.9967920310495437,0.9992628319523015,False,0.0032079689504562747
microsoft/Phi-4-mini-instruct,10,83,0.003170271024405794,0.9960694443998398,0.9992397154242456,False,0.0039305556001602016
microsoft/Phi-4-mini-instruct,10,84,0.0019255870900119028,0.9974788965912741,0.999404483681286,False,0.002521103408725911
microsoft/Phi-4-mini-instruct,10,85,0.0019252014882058712,0.9972791991185184,0.9992044006067242,False,0.002720800881481633
microsoft/Phi-4-mini-instruct,10,86,0.002470787942925236,0.9967871747093198,0.999257962652245,False,0.0032128252906802324
microsoft/Phi-4-mini-instruct,10,87,0.004067008644445166,0.9951644067179326,0.9992314153623778,False,0.004835593282067396
microsoft/Phi-4-mini-instruct,10,88,0.0019256504462659987,0.9975117524097993,0.9994374028560653,False,0.0024882475902007206
microsoft/Phi-4-mini-instruct,10,89,0.0031704101041348104,0.9961132075822202,0.999283617686355,False,0.003886792417779783
microsoft/Phi-4-mini-instruct,10,90,0.9691703024513795,0.029266409623217776,0.9984367120745973,True,0.030829697548620527
microsoft/Phi-4-mini-instruct,10,91,0.0040670357947476116,0.9951706636931942,0.9992376994879418,False,0.00482933630680582
microsoft/Phi-4-mini-instruct,10,92,0.002470727857317278,0.996762775700092,0.9992335035574093,False,0.003237224299908026
microsoft/Phi-4-mini-instruct,10,93,0.004066913619813921,0.9951409135218587,0.9992078271416727,False,0.004859086478141261
microsoft/Phi-4-mini-instruct,10,94,0.002470658348338884,0.9967348249799857,0.9992054833283246,False,0.0032651750200143326
microsoft/Phi-4-mini-instruct,10,95,0.002471005912786914,0.9968748312874012,0.9993458372001881,False,0.0031251687125988248
microsoft/Phi-4-mini-instruct,10,96,0.00192545395685046,0.9974097523881922,0.9993352063450427,False,0.0025902476118078166
microsoft/Phi-4-mini-instruct,10,97,0.005215664729866923,0.993929860445963,0.9991455251758299,False,0.006070139554037013
microsoft/Phi-4-mini-instruct,10,98,0.0019255687262699505,0.9974691707389677,0.9993947394652376,False,0.002530829261032319
microsoft/Phi-4-mini-instruct,10,99,0.004067417857508994,0.9952644127404942,0.9993318305980031,False,0.004735587259505847
microsoft/Phi-4-mini-instruct,10,100,0.9876092747762284,0.010971345736041662,0.99858062051227,True,0.012390725223771604
microsoft/Phi-4-mini-instruct,10,101,0.006688260414589586,0.9926257793757433,0.9993140397903328,False,0.007374220624256744
microsoft/Phi-4-mini-instruct,10,102,0.010980850336942665,0.9884648573846613,0.9994457077216039,False,0.011535142615338723
microsoft/Phi-4-mini-instruct,10,103,0.005216766597318772,0.9941397647026207,0.9993565312999394,False,0.005860235297379335
microsoft/Phi-4-mini-instruct,10,104,0.003170514417935618,0.9961460917074366,0.9993166061253722,False,0.0038539082925633794
microsoft/Phi-4-mini-instruct,10,105,0.004067534228932036,0.9952928716696586,0.9993604058985907,False,0.00470712833034137
microsoft/Phi-4-mini-instruct,10,106,0.0040673693703986895,0.9952522503361757,0.9993196197065743,False,0.004747749663824297
microsoft/Phi-4-mini-instruct,10,107,0.0040673228233165885,0.995241269401932,0.9993085922252486,False,0.004758730598067973
microsoft/Phi-4-mini-instruct,10,108,0.004067730128347035,0.9953405823490644,0.9994083124774115,False,0.004659417650935582
microsoft/Phi-4-mini-instruct,10,109,0.005216065155899653,0.9940062968260557,0.9992223619819554,False,0.00599370317394432
microsoft/Phi-4-mini-instruct,10,110,0.07579162613485016,0.9233310964532325,0.9991227225880827,True,0.9242083738651499
microsoft/Phi-4-mini-instruct,10,111,0.008571074107768232,0.9906814434645062,0.9992525175722744,False,0.00931855653549385
microsoft/Phi-4-mini-instruct,10,112,0.00521638352896733,0.9940669596750416,0.9992833432040089,False,0.00593304032495845
microsoft/Phi-4-mini-instruct,10,113,0.005216236776467278,0.9940385709783,0.9992548077547673,False,0.005961429021700049
microsoft/Phi-4-mini-instruct,10,114,0.004067082338544913,0.9951821160710252,0.9992491984095702,False,0.004817883928974753
microsoft/Phi-4-mini-instruct,10,115,0.0031710057972123224,0.9963004870810575,0.9994714928782698,False,0.003699512918942549
microsoft/Phi-4-mini-instruct,10,116,0.005215955719645508,0.9939853318019662,0.9992012875216117,False,0.006014668198033757
microsoft/Phi-4-mini-instruct,10,117,0.003170668627232436,0.9961942389843893,0.9993649076116218,False,0.003805761015610698
microsoft/Phi-4-mini-instruct,10,118,0.003170750270484918,0.9962199116333552,0.9993906619038402,False,0.003780088366644785
microsoft/Phi-4-mini-instruct,10,119,0.0031705537254754926,0.9961581576484345,0.99932871137391,False,0.003841842351565483
microsoft/Phi-4-mini-instruct,10,120,0.9757848867009554,0.022948263582980345,0.9987331502839357,True,0.024215113299044577
microsoft/Phi-4-mini-instruct,10,121,0.0040672161549292285,0.9952151749912351,0.9992823911461644,False,0.00478482500876487
microsoft/Phi-4-mini-instruct,10,122,0.005215657268804016,0.9939282118302775,0.9991438690990815,False,0.006071788169722536
microsoft/Phi-4-mini-instruct,10,123,0.004067474103281083,0.9952781107434749,0.9993455848467561,False,0.004721889256525058
microsoft/Phi-4-mini-instruct,10,124,0.0031704463868066864,0.9961246812435783,0.999295127630385,False,0.003875318756421664
microsoft/Phi-4-mini-instruct,10,125,0.003171070816174793,0.9963209583486845,0.9994920291648594,False,0.0036790416513154955
microsoft/Phi-4-mini-instruct,10,126,0.004067720430134222,0.9953383381253792,0.9994060585555135,False,0.004661661874620804
microsoft/Phi-4-mini-instruct,10,127,0.004067470224237348,0.995277166207376,0.9993446364316134,False,0.004722833792623948
microsoft/Phi-4-mini-instruct,10,128,0.0019258368542901673,0.9976080786434891,0.9995339154977793,False,0.0023919213565108954
microsoft/Phi-4-mini-instruct,10,129,0.0031707759734254165,0.996228193461212,0.9993989694346375,False,0.0037718065387879474
microsoft/Phi-4-mini-instruct,10,130,0.09528092135823141,0.9040001582091407,0.9992810795673721,True,0.9047190786417686
microsoft/Phi-4-mini-instruct,10,131,0.006687817128938887,0.9925600075205622,0.999247824649501,False,0.007439992479437829
microsoft/Phi-4-mini-instruct,10,132,0.0040673674309263,0.9952521326197699,0.9993195000506961,False,0.004747867380230142
microsoft/Phi-4-mini-instruct,10,133,0.005216915852343428,0.9941680414788406,0.999384957331184,False,0.005831958521159364
microsoft/Phi-4-mini-instruct,10,134,0.0031702861414720958,0.9960745303195168,0.9992448164609888,False,0.00392546968048324
microsoft/Phi-4-mini-instruct,10,135,0.004067582718007619,0.9953045627529248,0.9993721454709324,False,0.004695437247075218
microsoft/Phi-4-mini-instruct,10,136,0.003170818308134556,0.9962416811236645,0.9994124994317991,False,0.003758318876335487
microsoft/Phi-4-mini-instruct,10,137,0.0040669446480208135,0.9951487051364024,0.9992156497844232,False,0.004851294863597588
microsoft/Phi-4-mini-instruct,10,138,0.0031707759734254165,0.9962284300527406,0.999399206026166,False,0.0037715699472593567
microsoft/Phi-4-mini-instruct,10,139,0.00406707264187655,0.9951796367889624,0.9992467094308389,False,0.004820363211037626
microsoft/Phi-4-mini-instruct,10,140,0.938890055290452,0.060021230012614855,0.9989112853030668,True,0.061109944709548
microsoft/Phi-4-mini-instruct,10,141,0.005216092515321951,0.9940112439956176,0.9992273365109395,False,0.005988756004382423
microsoft/Phi-4-mini-instruct,10,142,0.005216562622357514,0.9941007689677266,0.9993173315900841,False,0.005899231032273411
microsoft/Phi-4-mini-instruct,10,143,0.0031704947643484273,0.9961397040519181,0.9993101988162665,False,0.0038602959480819043
microsoft/Phi-4-mini-instruct,10,144,0.0024712380423746716,0.996968546353463,0.9994397843958377,False,0.003031453646537008
microsoft/Phi-4-mini-instruct,10,145,0.002471408913109902,0.9970373923120347,0.9995088012251446,False,0.002962607687965302
microsoft/Phi-4-mini-instruct,10,146,0.003170768413715406,0.99622570878965,0.9993964772033654,False,0.0037742912103500004
microsoft/Phi-4-mini-instruct,10,147,0.003170768413715406,0.9962258270851122,0.9993965954988276,False,0.0037741729148877967
microsoft/Phi-4-mini-instruct,10,148,0.0031708047004878333,0.9962374217322368,0.9994082264327246,False,0.0037625782677631614
microsoft/Phi-4-mini-instruct,10,149,0.00406771267158062,0.9953365666661429,0.9994042793377235,False,0.004663433333857103
microsoft/Phi-4-mini-instruct,10,150,0.903621065802901,0.09524097098699896,0.9988620367898999,True,0.09637893419709898
microsoft/Phi-4-mini-instruct,10,151,0.005217020333401498,0.9941881895371525,0.999405209870554,False,0.005811810462847511
microsoft/Phi-4-mini-instruct,10,152,0.003170795628755795,0.9962343455550792,0.9994051411838349,False,0.0037656544449208296
microsoft/Phi-4-mini-instruct,10,153,0.0040675672014405416,0.995300783586548,0.9993683507879886,False,0.004699216413451945
microsoft/Phi-4-mini-instruct,10,154,0.002471153200606059,0.9969341859714985,0.9994053391721046,False,0.003065814028501479
microsoft/Phi-4-mini-instruct,10,155,0.004067652543291956,0.9953219228165767,0.9993895753598687,False,0.004678077183423279
microsoft/Phi-4-mini-instruct,10,156,0.0031706051283783405,0.9961744828397068,0.9993450879680851,False,0.0038255171602932236
microsoft/Phi-4-mini-instruct,10,157,0.00406726464021305,0.9952269819483868,0.9992942465885998,False,0.0047730180516132314
microsoft/Phi-4-mini-instruct,10,158,0.0031705113942988895,0.9961450271339946,0.9993155385282935,False,0.003854972866005446
microsoft/Phi-4-mini-instruct,10,159,0.0031706005927945673,0.9961730631363087,0.9993436637291033,False,0.003826936863691288
microsoft/Phi-4-mini-instruct,10,160,0.776452778043612,0.22245744544491536,0.9989102234885274,True,0.223547221956388
microsoft/Phi-4-mini-instruct,10,161,0.005216540235347483,0.994096410176763,0.9993129504121104,False,0.005903589823237021
microsoft/Phi-4-mini-instruct,10,162,0.0031703330048357273,0.9960890780948797,0.9992594110997154,False,0.003910921905120324
microsoft/Phi-4-mini-instruct,10,163,0.003170715496249995,0.9962093820630487,0.9993800975592987,False,0.003790617936951346
microsoft/Phi-4-mini-instruct,10,164,0.0019256357547750584,0.9975038052663582,0.9994294410211333,False,0.002496194733641821
microsoft/Phi-4-mini-instruct,10,165,0.0024710542222240763,0.9968944971050906,0.9993655513273146,False,0.0031055028949094066
microsoft/Phi-4-mini-instruct,10,166,0.003170230208686835,0.9960569075911853,0.999227137799872,False,0.003943092408814741
microsoft/Phi-4-mini-instruct,10,167,0.003170550701801278,0.9961572113494123,0.9993277620512135,False,0.0038427886505877362
microsoft/Phi-4-mini-instruct,10,168,0.0024708444954204844,0.9968097981457648,0.9992806426411852,False,0.0031902018542352417
microsoft/Phi-4-mini-instruct,10,169,0.0031702816063446364,0.9960728744358406,0.9992431560421852,False,0.003927125564159417
microsoft/Phi-4-mini-instruct,10,170,0.022962455030425856,0.9763884296341616,0.9993508846645874,True,0.9770375449695742
microsoft/Phi-4-mini-instruct,10,171,0.0040672180943294835,0.9952155290542473,0.9992827471485768,False,0.004784470945752739
microsoft/Phi-4-mini-instruct,10,172,0.004067615690909189,0.9953128293238572,0.9993804450147664,False,0.004687170676142771
microsoft/Phi-4-mini-instruct,10,173,0.0040668030837507085,0.9951137619781665,0.9991805650619172,False,0.004886238021833522
microsoft/Phi-4-mini-instruct,10,174,0.0019255733171890201,0.997471542855336,0.999397116172525,False,0.002528457144663987
microsoft/Phi-4-mini-instruct,10,175,0.003170426733641211,0.9961185305227073,0.9992889572563485,False,0.0038814694772927316
microsoft/Phi-4-mini-instruct,10,176,0.002471332314422786,0.9970064637367062,0.999477796051129,False,0.0029935362632937945
microsoft/Phi-4-mini-instruct,10,177,0.003170927171410675,0.9962758752120915,0.9994468023835021,False,0.0037241247879085115
microsoft/Phi-4-mini-instruct,10,178,0.0031708092363635855,0.9962386049333547,0.9994094141697183,False,0.003761395066645301
microsoft/Phi-4-mini-instruct,10,179,0.003170724567752772,0.9962122215753884,0.9993829461431412,False,0.003787778424611643
microsoft/Phi-4-mini-instruct,10,180,0.8166528217552692,0.18221987218863261,0.9988726939439019,True,0.1833471782447308
microsoft/Phi-4-mini-instruct,10,181,0.004067509014841172,0.9952864948151646,0.9993540038300058,False,0.004713505184835376
microsoft/Phi-4-mini-instruct,10,182,0.00406734803625327,0.9952474091446113,0.9993147571808646,False,0.004752590855388705
microsoft/Phi-4-mini-instruct,10,183,0.0031708485475585727,0.9962507914531453,0.9994216400007039,False,0.0037492085468546765
microsoft/Phi-4-mini-instruct,10,184,0.002471104889233856,0.9969148742705558,0.9993859791597897,False,0.0030851257294441936
microsoft/Phi-4-mini-instruct,10,185,0.0031707064247731716,0.9962063062044191,0.9993770126291922,False,0.0037936937955809213
microsoft/Phi-4-mini-instruct,10,186,0.002471133168946865,0.9969262480718099,0.9993973812407567,False,0.0030737519281901493
microsoft/Phi-4-mini-instruct,10,187,0.0040675691410081895,0.9953014922370849,0.999369061378093,False,0.004698507762915138
microsoft/Phi-4-mini-instruct,10,188,0.0024714419101990615,0.9970507834473437,0.9995222253575428,False,0.002949216552656342
microsoft/Phi-4-mini-instruct,10,189,0.0031711040822060017,0.9963312534102138,0.9995023574924198,False,0.0036687465897862204
microsoft/Phi-4-mini-instruct,10,190,0.4995479532749302,0.4995479532749302,0.9990959065498604,True,0.5004520467250698
microsoft/Phi-4-mini-instruct,10,191,0.004067801895840494,0.9953581794258239,0.9994259813216644,False,0.004641820574176059
microsoft/Phi-4-mini-instruct,10,192,0.003170922635366216,0.9962742187617345,0.9994451413971007,False,0.003725781238265502
microsoft/Phi-4-mini-instruct,10,193,0.004067503196227015,0.9952854320872987,0.9993529352835258,False,0.004714567912701306
microsoft/Phi-4-mini-instruct,10,194,0.002471399485451061,0.9970334816748135,0.9995048811602646,False,0.0029665183251864624
microsoft/Phi-4-mini-instruct,10,195,0.003170995212856236,0.996297292173236,0.9994682873860923,False,0.0037027078267639624
microsoft/Phi-4-mini-instruct,10,196,0.0024711437739226814,0.9969307501841279,0.9994018939580506,False,0.0030692498158720882
microsoft/Phi-4-mini-instruct,10,197,0.004067702973409428,0.9953340865358109,0.9994017895092203,False,0.004665913464189098
microsoft/Phi-4-mini-instruct,10,198,0.004067584657582665,0.9953051532200001,0.9993727378775827,False,0.004694846779999873
microsoft/Phi-4-mini-instruct,10,199,0.004067477982328518,0.995278937097431,0.9993464150797595,False,0.004721062902569018
microsoft/Phi-4-mini-instruct,10,200,0.9919983653843744,0.006684032857338648,0.998682398241713,True,0.008001634615625641
