model,k,x,p_yes,p_no,sum,is_correct,p_err
meta-llama/Llama-3.2-3B-Instruct,1,1,0.9907358505067452,0.00245578850871711,0.9931916390154623,True,0.009264149493254825
meta-llama/Llama-3.2-3B-Instruct,1,2,0.9836551304012513,0.006627815813045133,0.9902829462142965,True,0.0163448695987487
meta-llama/Llama-3.2-3B-Instruct,1,3,0.9774132301963663,0.012303816931772257,0.9897170471281386,True,0.02258676980363372
meta-llama/Llama-3.2-3B-Instruct,1,4,0.9863800525397216,0.004031110592059864,0.9904111631317815,True,0.013619947460278392
meta-llama/Llama-3.2-3B-Instruct,1,5,0.9813844123349693,0.008490637452521866,0.9898750497874912,True,0.018615587665030686
meta-llama/Llama-3.2-3B-Instruct,1,6,0.9860665308039442,0.0035563113453876355,0.9896228421493318,True,0.013933469196055759
meta-llama/Llama-3.2-3B-Instruct,1,7,0.9610493873583734,0.029021173486363728,0.9900705608447371,True,0.03895061264162658
meta-llama/Llama-3.2-3B-Instruct,1,8,0.9876099719718463,0.004036136387431468,0.9916461083592778,True,0.012390028028153699
meta-llama/Llama-3.2-3B-Instruct,1,9,0.9839739299645963,0.007512734839640479,0.9914866648042368,True,0.016026070035403683
meta-llama/Llama-3.2-3B-Instruct,1,10,0.9849013867924826,0.0045609973312818915,0.9894623841237645,True,0.015098613207517375
meta-llama/Llama-3.2-3B-Instruct,1,11,0.9660320616317488,0.022718895583232684,0.9887509572149815,True,0.03396793836825118
meta-llama/Llama-3.2-3B-Instruct,1,12,0.9839634262767112,0.0045566540442739814,0.9885200803209852,True,0.016036573723288816
meta-llama/Llama-3.2-3B-Instruct,1,13,0.8696758452482556,0.11769784087138836,0.9873736861196439,True,0.13032415475174441
meta-llama/Llama-3.2-3B-Instruct,1,14,0.9821934728858808,0.008497640457273612,0.9906911133431544,True,0.01780652711411923
meta-llama/Llama-3.2-3B-Instruct,1,15,0.9808784653949844,0.00961619464414546,0.9904946600391298,True,0.019121534605015644
meta-llama/Llama-3.2-3B-Instruct,1,16,0.9810865640900763,0.008488062900619611,0.989574626990696,True,0.01891343590992367
meta-llama/Llama-3.2-3B-Instruct,1,17,0.8275735249771274,0.1629588794447797,0.9905324044219072,True,0.17242647502287256
meta-llama/Llama-3.2-3B-Instruct,1,18,0.9818861686813546,0.007496792404679292,0.9893829610860339,True,0.018113831318645413
meta-llama/Llama-3.2-3B-Instruct,1,19,0.8594612314423844,0.13180263294024908,0.9912638643826335,True,0.1405387685576156
meta-llama/Llama-3.2-3B-Instruct,2,1,0.5249077844362154,0.4632294939075026,0.9881372783437181,False,0.5367705060924974
meta-llama/Llama-3.2-3B-Instruct,2,2,0.9818565170840616,0.0021478024624590865,0.9840043195465207,True,0.01814348291593837
meta-llama/Llama-3.2-3B-Instruct,2,3,0.015835702089029926,0.9797200502000809,0.9955557522891109,False,0.020279949799919095
meta-llama/Llama-3.2-3B-Instruct,2,4,0.9836092256899592,0.0021516362085031676,0.9857608618984623,True,0.016390774310040768
meta-llama/Llama-3.2-3B-Instruct,2,5,0.0671693232286795,0.927243829544669,0.9944131527733485,False,0.072756170455331
meta-llama/Llama-3.2-3B-Instruct,2,6,0.9810769263447476,0.004543287178745823,0.9856202135234935,True,0.018923073655252365
meta-llama/Llama-3.2-3B-Instruct,2,7,0.003583896219484465,0.993715218596848,0.9972991148163325,False,0.006284781403152029
meta-llama/Llama-3.2-3B-Instruct,2,8,0.9852257386960228,0.002155172586924457,0.9873809112829472,True,0.014774261303977188
meta-llama/Llama-3.2-3B-Instruct,2,9,0.017899967687451345,0.9773050522137444,0.9952050199011958,False,0.02269494778625558
meta-llama/Llama-3.2-3B-Instruct,2,10,0.9746097022609744,0.010826935606887137,0.9854366378678616,True,0.02539029773902557
meta-llama/Llama-3.2-3B-Instruct,2,11,0.007547952829422653,0.9885869383855057,0.9961348912149284,False,0.011413061614494291
meta-llama/Llama-3.2-3B-Instruct,2,12,0.9775706442382605,0.006586820145714035,0.9841574643839744,True,0.022429355761739544
meta-llama/Llama-3.2-3B-Instruct,2,13,0.0013221814032274813,0.9965336495213978,0.9978558309246253,False,0.0034663504786022203
meta-llama/Llama-3.2-3B-Instruct,2,14,0.9772875185429678,0.008455192822804427,0.9857427113657722,True,0.022712481457032196
meta-llama/Llama-3.2-3B-Instruct,2,15,0.05973896929471693,0.9344747615171117,0.9942137308118286,False,0.06552523848288827
meta-llama/Llama-3.2-3B-Instruct,2,16,0.9820482468607451,0.004013405911629055,0.9860616527723741,True,0.0179517531392549
meta-llama/Llama-3.2-3B-Instruct,2,17,0.0021778597487414784,0.9955971635641393,0.9977750233128808,False,0.004402836435860702
meta-llama/Llama-3.2-3B-Instruct,2,18,0.9530206680893044,0.0326105771327232,0.9856312452220276,True,0.04697933191069559
meta-llama/Llama-3.2-3B-Instruct,2,19,0.0024676089483257496,0.9955042973286437,0.9979719062769694,False,0.00449570267135635
meta-llama/Llama-3.2-3B-Instruct,3,1,0.6122287736726446,0.37133553305738676,0.9835643067300314,False,0.6286644669426132
meta-llama/Llama-3.2-3B-Instruct,3,2,0.4005164981334287,0.5827480661970856,0.9832645643305143,False,0.41725193380291437
meta-llama/Llama-3.2-3B-Instruct,3,3,0.9727571212485171,0.009536575765493997,0.9822936970140111,True,0.027242878751482902
meta-llama/Llama-3.2-3B-Instruct,3,4,0.7820847406542732,0.19774199560525704,0.9798267362595303,False,0.8022580043947429
meta-llama/Llama-3.2-3B-Instruct,3,5,0.43156478784485713,0.5541401565402495,0.9857049443851067,False,0.4458598434597505
meta-llama/Llama-3.2-3B-Instruct,3,6,0.974086509427052,0.0074372424984430596,0.981523751925495,True,0.025913490572948006
meta-llama/Llama-3.2-3B-Instruct,3,7,0.18027015747854322,0.8079148305963155,0.9881849880748588,False,0.19208516940368447
meta-llama/Llama-3.2-3B-Instruct,3,8,0.8325646957184187,0.14467805035260956,0.9772427460710282,False,0.8553219496473905
meta-llama/Llama-3.2-3B-Instruct,3,9,0.97260768167083,0.01080469697877432,0.9834123786496043,True,0.027392318329169996
meta-llama/Llama-3.2-3B-Instruct,3,10,0.8191318519351721,0.16129662517766857,0.9804284771128406,False,0.8387033748223314
meta-llama/Llama-3.2-3B-Instruct,3,11,0.10570130674858354,0.8850261530153135,0.9907274597638971,False,0.11497384698468649
meta-llama/Llama-3.2-3B-Instruct,3,12,0.9570234300389745,0.01986238710212381,0.9768858171410983,True,0.0429765699610255
meta-llama/Llama-3.2-3B-Instruct,3,13,0.06689533244773899,0.9234615106731875,0.9903568431209264,False,0.07653848932681251
meta-llama/Llama-3.2-3B-Instruct,3,14,0.6120322792767912,0.37121634211517884,0.98324862139197,False,0.6287836578848212
meta-llama/Llama-3.2-3B-Instruct,3,15,0.9525833421788643,0.032595605982983694,0.985178948161848,True,0.04741665782113569
meta-llama/Llama-3.2-3B-Instruct,3,16,0.1992497662289891,0.7880481594309705,0.9872979256599597,False,0.2119518405690295
meta-llama/Llama-3.2-3B-Instruct,3,17,0.009672640358384443,0.9866359797023516,0.9963086200607361,False,0.013364020297648382
meta-llama/Llama-3.2-3B-Instruct,3,18,0.9657759257821644,0.017688803367642773,0.9834647291498072,True,0.034224074217835576
meta-llama/Llama-3.2-3B-Instruct,3,19,0.022877432343732244,0.9727731404001031,0.9956505727438354,False,0.027226859599896902
meta-llama/Llama-3.2-3B-Instruct,4,1,0.14695638060988553,0.8456755937153121,0.9926319743251977,False,0.1543244062846879
meta-llama/Llama-3.2-3B-Instruct,4,2,0.8585341997388547,0.11618996908997652,0.9747241688288312,False,0.8838100309100235
meta-llama/Llama-3.2-3B-Instruct,4,3,0.005199050578623557,0.9907636996684722,0.9959627502470958,False,0.00923630033152778
meta-llama/Llama-3.2-3B-Instruct,4,4,0.9731892342661789,0.003977201463067883,0.9771664357292468,True,0.02681076573382113
meta-llama/Llama-3.2-3B-Instruct,4,5,0.004593404134692675,0.9918988972378827,0.9964923013725754,False,0.008101102762117285
meta-llama/Llama-3.2-3B-Instruct,4,6,0.8030548365425307,0.17918576496600958,0.9822406015085403,False,0.8208142350339904
meta-llama/Llama-3.2-3B-Instruct,4,7,0.0010295931678099602,0.9964150426503495,0.9974446358181595,False,0.003584957349650475
meta-llama/Llama-3.2-3B-Instruct,4,8,0.9800666471589432,0.003534671450421257,0.9836013186093645,True,0.019933352841056795
meta-llama/Llama-3.2-3B-Instruct,4,9,0.0051996406380248085,0.9908761663152809,0.9960758069533057,False,0.00912383368471914
meta-llama/Llama-3.2-3B-Instruct,4,10,0.8499374416623404,0.13034214372438496,0.9802795853867254,False,0.869657856275615
meta-llama/Llama-3.2-3B-Instruct,4,11,0.0024652297378802575,0.9945446282694621,0.9970098580073423,False,0.005455371730537895
meta-llama/Llama-3.2-3B-Instruct,4,12,0.963686649978864,0.013746250100388824,0.9774329000792528,True,0.036313350021136004
meta-llama/Llama-3.2-3B-Instruct,4,13,0.0009089698581775302,0.996806481615664,0.9977154514738416,False,0.0031935183843360138
meta-llama/Llama-3.2-3B-Instruct,4,14,0.8985415719623536,0.08357739157762564,0.9821189635399793,False,0.9164226084223743
meta-llama/Llama-3.2-3B-Instruct,4,15,0.007547510147646214,0.988528689675842,0.9960761998234882,False,0.011471310324158046
meta-llama/Llama-3.2-3B-Instruct,4,16,0.9795506182992897,0.002751356120671722,0.9823019744199614,True,0.020449381700710312
meta-llama/Llama-3.2-3B-Instruct,4,17,0.001167001831687409,0.9966881650670719,0.9978551668987593,False,0.0033118349329280816
meta-llama/Llama-3.2-3B-Instruct,4,18,0.6687199317849031,0.3158809100984712,0.9846008418833743,False,0.6841190899015288
meta-llama/Llama-3.2-3B-Instruct,4,19,0.0016974506398481682,0.9963789451975033,0.9980763958373514,False,0.003621054802496748
meta-llama/Llama-3.2-3B-Instruct,5,1,0.6124245280793353,0.37145425304015744,0.9838787811194928,False,0.6285457469598426
meta-llama/Llama-3.2-3B-Instruct,5,2,0.22015216393907136,0.7684065320744229,0.9885586960134942,False,0.2315934679255771
meta-llama/Llama-3.2-3B-Instruct,5,3,0.131888071586306,0.8600182845739927,0.9919063561602987,False,0.13998171542600735
meta-llama/Llama-3.2-3B-Instruct,5,4,0.49210153802243584,0.49210153802243584,0.9842030760448717,False,0.5078984619775642
meta-llama/Llama-3.2-3B-Instruct,5,5,0.9796912158409078,0.0035333182829621113,0.9832245341238699,True,0.020308784159092208
meta-llama/Llama-3.2-3B-Instruct,5,6,0.49173848891284055,0.49173848891284055,0.9834769778256811,False,0.5082615110871594
meta-llama/Llama-3.2-3B-Instruct,5,7,0.014001812187526505,0.9816029486506302,0.9956047608381567,False,0.018397051349369753
meta-llama/Llama-3.2-3B-Instruct,5,8,0.3163291075043828,0.669668725841851,0.9859978333462338,False,0.330331274158149
meta-llama/Llama-3.2-3B-Instruct,5,9,0.16296560105283647,0.8276076477891632,0.9905732488419996,False,0.17239235221083682
meta-llama/Llama-3.2-3B-Instruct,5,10,0.9684921127628535,0.010758976530005243,0.9792510892928588,True,0.03150788723714648
meta-llama/Llama-3.2-3B-Instruct,5,11,0.037127992644144465,0.9575436434808542,0.9946716361249986,False,0.04245635651914581
meta-llama/Llama-3.2-3B-Instruct,5,12,0.43004516670391146,0.5521889243715392,0.9822340910754507,False,0.4478110756284608
meta-llama/Llama-3.2-3B-Instruct,5,13,0.005889071663039684,0.9903893857387449,0.9962784574017846,False,0.00961061426125509
meta-llama/Llama-3.2-3B-Instruct,5,14,0.2202341135272736,0.7686925413251238,0.9889266548523974,False,0.23130745867487623
meta-llama/Llama-3.2-3B-Instruct,5,15,0.9608059009831924,0.02259599059563238,0.9834018915788247,True,0.03919409901680759
meta-llama/Llama-3.2-3B-Instruct,5,16,0.11807418277643675,0.8724568383741986,0.9905310211506354,False,0.12754316162580137
meta-llama/Llama-3.2-3B-Instruct,5,17,0.006670730011190562,0.9900238839732326,0.9966946139844232,False,0.009976116026767401
meta-llama/Llama-3.2-3B-Instruct,5,18,0.34367544627801616,0.642070244042434,0.9857456903204501,False,0.35792975595756604
meta-llama/Llama-3.2-3B-Instruct,5,19,0.02025714625239497,0.9760438624904726,0.9963010087428675,False,0.02395613750952741
meta-llama/Llama-3.2-3B-Instruct,6,1,0.19947114293935994,0.788923662577947,0.988394805517307,False,0.211076337422053
meta-llama/Llama-3.2-3B-Instruct,6,2,0.5494526889159329,0.42791418438841755,0.9773668733043505,False,0.5720858156115824
meta-llama/Llama-3.2-3B-Instruct,6,3,0.34316199317823115,0.6411110064996143,0.9842729996778454,False,0.3588889935003857
meta-llama/Llama-3.2-3B-Instruct,6,4,0.7791464693458947,0.19699908718865658,0.9761455565345513,False,0.8030009128113434
meta-llama/Llama-3.2-3B-Instruct,6,5,0.0529827334889398,0.9391413802229349,0.9921241137118747,False,0.06085861977706508
meta-llama/Llama-3.2-3B-Instruct,6,6,0.945283139185572,0.025190940885074852,0.970474080070647,True,0.05471686081442795
meta-llama/Llama-3.2-3B-Instruct,6,7,0.006660879830711992,0.9885623561791586,0.9952232360098705,False,0.011437643820841448
meta-llama/Llama-3.2-3B-Instruct,6,8,0.8146140571637867,0.16040702103125717,0.9750210781950438,False,0.8395929789687429
meta-llama/Llama-3.2-3B-Instruct,6,9,0.5810917136971903,0.399378104818352,0.9804698185155423,False,0.600621895181648
meta-llama/Llama-3.2-3B-Instruct,6,10,0.75931509627131,0.21754742389350573,0.9768625201648158,False,0.7824525761064942
meta-llama/Llama-3.2-3B-Instruct,6,11,0.0158010731310361,0.9775778221231879,0.993378895254224,False,0.02242217787681211
meta-llama/Llama-3.2-3B-Instruct,6,12,0.9539396958248185,0.017472013558413147,0.9714117093832316,True,0.04606030417518148
meta-llama/Llama-3.2-3B-Instruct,6,13,0.0027895112814697097,0.9931347491520468,0.9959242604335166,False,0.006865250847953197
meta-llama/Llama-3.2-3B-Instruct,6,14,0.816997145295253,0.160876271722646,0.9778734170178991,False,0.839123728277354
meta-llama/Llama-3.2-3B-Instruct,6,15,0.7407028627425091,0.24047100480215414,0.9811738675446632,False,0.7595289951978459
meta-llama/Llama-3.2-3B-Instruct,6,16,0.6098567687995006,0.36989682831017606,0.9797535971096767,False,0.630103171689824
meta-llama/Llama-3.2-3B-Instruct,6,17,0.0021757308583169013,0.9946237533124603,0.9967994841707772,False,0.005376246687539665
meta-llama/Llama-3.2-3B-Instruct,6,18,0.938503184328917,0.04123495610913266,0.9797381404380496,True,0.061496815671083005
meta-llama/Llama-3.2-3B-Instruct,6,19,0.0031626717455593228,0.9936820239515458,0.9968446956971051,False,0.006317976048454188
meta-llama/Llama-3.2-3B-Instruct,7,1,0.3166889085077573,0.6704304245719721,0.9871193330797294,False,0.3295695754280279
meta-llama/Llama-3.2-3B-Instruct,7,2,0.11800275695051368,0.8719289649503158,0.9899317219008295,False,0.1280710350496842
meta-llama/Llama-3.2-3B-Instruct,7,3,0.10568623753194287,0.8849000261678069,0.9905862636997498,False,0.11509997383219306
meta-llama/Llama-3.2-3B-Instruct,7,4,0.16269416000778772,0.8262290824862523,0.98892324249404,False,0.17377091751374774
meta-llama/Llama-3.2-3B-Instruct,7,5,0.07524567938990927,0.9166799596088192,0.9919256389987284,False,0.0833200403911808
meta-llama/Llama-3.2-3B-Instruct,7,6,0.37120651820428796,0.6120160641464436,0.9832225823507316,False,0.3879839358535564
meta-llama/Llama-3.2-3B-Instruct,7,7,0.9507814687036338,0.028711111598663703,0.9794925803022975,True,0.04921853129636622
meta-llama/Llama-3.2-3B-Instruct,7,8,0.11779604042356957,0.8704014471617139,0.9881974875852835,False,0.12959855283828614
meta-llama/Llama-3.2-3B-Instruct,7,9,0.16269621585423094,0.8262395844951442,0.9889358003493751,False,0.17376041550485577
meta-llama/Llama-3.2-3B-Instruct,7,10,0.11788352885371413,0.8710479429418723,0.9889314717955864,False,0.12895205705812773
meta-llama/Llama-3.2-3B-Instruct,7,11,0.09446337506091998,0.8962436022091467,0.9907069772700666,False,0.10375639779085333
meta-llama/Llama-3.2-3B-Instruct,7,12,0.26477545349408294,0.7197342609554624,0.9845097144495454,False,0.28026573904453755
meta-llama/Llama-3.2-3B-Instruct,7,13,0.017881753945889176,0.9763108157269011,0.9941925696727903,False,0.02368918427309885
meta-llama/Llama-3.2-3B-Instruct,7,14,0.9331546807568135,0.046459035888631726,0.9796137166454453,True,0.06684531924318649
meta-llama/Llama-3.2-3B-Instruct,7,15,0.19967369852954506,0.7897248325371147,0.9893985310666598,False,0.21027516746288533
meta-llama/Llama-3.2-3B-Instruct,7,16,0.03284373046317873,0.9598346103358593,0.992678340799038,False,0.04016538966414074
meta-llama/Llama-3.2-3B-Instruct,7,17,0.015840089857537706,0.9799918805108133,0.995831970368351,False,0.020008119489186682
meta-llama/Llama-3.2-3B-Instruct,7,18,0.1626977674536539,0.8262474764794735,0.9889452439331274,False,0.1737525235205265
meta-llama/Llama-3.2-3B-Instruct,7,19,0.008547202510707395,0.9879221488979567,0.9964693514086641,False,0.012077851102043291
meta-llama/Llama-3.2-3B-Instruct,8,1,0.16280750304626954,0.8268047475066306,0.9896122505529001,False,0.17319525249336942
meta-llama/Llama-3.2-3B-Instruct,8,2,0.6902566211110284,0.28774178632355263,0.977998407434581,False,0.7122582136764474
meta-llama/Llama-3.2-3B-Instruct,8,3,0.010935338678291613,0.9843676654366434,0.9953030041149351,False,0.015632334563356554
meta-llama/Llama-3.2-3B-Instruct,8,4,0.9487194811829697,0.02528251808149579,0.9740019992644655,False,0.9747174819185042
meta-llama/Llama-3.2-3B-Instruct,8,5,0.007542480515515141,0.9878697953030507,0.9954122758185658,False,0.012130204696949254
meta-llama/Llama-3.2-3B-Instruct,8,6,0.5219543151424046,0.4606230664038358,0.9825773815462404,False,0.5393769335961642
meta-llama/Llama-3.2-3B-Instruct,8,7,0.002175915535693093,0.9947081993599073,0.9968841148956004,False,0.005291800640092714
meta-llama/Llama-3.2-3B-Instruct,8,8,0.9631370717188321,0.010699486714446886,0.973836558433279,True,0.036862928281167884
meta-llama/Llama-3.2-3B-Instruct,8,9,0.003581410581586649,0.9930261189673614,0.996607529548948,False,0.006973881032638629
meta-llama/Llama-3.2-3B-Instruct,8,10,0.43011981557360784,0.5522847754175564,0.9824045909911643,False,0.4477152245824436
meta-llama/Llama-3.2-3B-Instruct,8,11,0.002465245019598475,0.9945507595463786,0.997016004565977,False,0.0054492404536213845
meta-llama/Llama-3.2-3B-Instruct,8,12,0.8314564330995461,0.14448546103394816,0.9759418941334943,False,0.8555145389660519
meta-llama/Llama-3.2-3B-Instruct,8,13,0.0011664894354894873,0.9962505548563062,0.9974170442917957,False,0.003749445143693797
meta-llama/Llama-3.2-3B-Instruct,8,14,0.40021960866594497,0.5823160945708062,0.9825357032367512,False,0.41768390542919376
meta-llama/Llama-3.2-3B-Instruct,8,15,0.004591960949949517,0.9915872497087442,0.9961792106586937,False,0.008412750291255766
meta-llama/Llama-3.2-3B-Instruct,8,16,0.9700900181539718,0.007406728606604502,0.9774967467605763,True,0.029909981846028222
meta-llama/Llama-3.2-3B-Instruct,8,17,0.0016968728212332558,0.996039758268025,0.9977366310892583,False,0.003960241731974956
meta-llama/Llama-3.2-3B-Instruct,8,18,0.5521753972840838,0.4300346317976086,0.9822100290816924,False,0.5699653682023914
meta-llama/Llama-3.2-3B-Instruct,8,19,0.002466571363312666,0.9950859036044838,0.9975524749677964,False,0.00491409639551621
meta-llama/Llama-3.2-3B-Instruct,9,1,0.4021541103652694,0.5851307779348875,0.9872848883001569,False,0.41486922206511245
meta-llama/Llama-3.2-3B-Instruct,9,2,0.0945935732794921,0.8974788217195667,0.9920723949990589,False,0.10252117828043328
meta-llama/Llama-3.2-3B-Instruct,9,3,0.693886466246266,0.28925491374700163,0.9831413799932677,False,0.7107450862529984
meta-llama/Llama-3.2-3B-Instruct,9,4,0.4921443932644706,0.4921443932644706,0.9842887865289413,False,0.5078556067355293
meta-llama/Llama-3.2-3B-Instruct,9,5,0.059637802418526425,0.932892127059662,0.9925299294781884,False,0.06710787294033804
meta-llama/Llama-3.2-3B-Instruct,9,6,0.9224118536740641,0.05896782398660941,0.9813796776606735,False,0.9410321760133906
meta-llama/Llama-3.2-3B-Instruct,9,7,0.01093142859564604,0.984015944004532,0.994947372600178,False,0.01598405599546804
meta-llama/Llama-3.2-3B-Instruct,9,8,0.3436470147559039,0.6420171843685739,0.9856641991244779,False,0.3579828156314261
meta-llama/Llama-3.2-3B-Instruct,9,9,0.9674610438536125,0.013800090884419237,0.9812611347380318,True,0.032538956146387465
meta-llama/Llama-3.2-3B-Instruct,9,10,0.7430772586378456,0.24124187264422312,0.9843191312820687,False,0.7587581273557769
meta-llama/Llama-3.2-3B-Instruct,9,11,0.01787495094587789,0.9759390517991902,0.993814002745068,False,0.02406094820080984
meta-llama/Llama-3.2-3B-Instruct,9,12,0.9052714212879828,0.07430920503161911,0.9795806263196019,False,0.9256907949683809
meta-llama/Llama-3.2-3B-Instruct,9,13,0.005200032395116917,0.9909506115864212,0.9961506439815381,False,0.00904938841357883
meta-llama/Llama-3.2-3B-Instruct,9,14,0.1180564770754708,0.8723258409620935,0.9903823180375644,False,0.12767415903790647
meta-llama/Llama-3.2-3B-Instruct,9,15,0.6703237777672074,0.31663855099735755,0.986962328764565,False,0.6833614490026425
meta-llama/Llama-3.2-3B-Instruct,9,16,0.06697443882378537,0.924553705751619,0.9915281445754044,False,0.07544629424838101
meta-llama/Llama-3.2-3B-Instruct,9,17,0.002792637537030524,0.9942480495626601,0.9970406870996906,False,0.005751950437339892
meta-llama/Llama-3.2-3B-Instruct,9,18,0.96738104754739,0.017718205762999654,0.9850992533103896,True,0.03261895245261004
meta-llama/Llama-3.2-3B-Instruct,9,19,0.012383600557147949,0.9837513366228645,0.9961349371800124,False,0.016248663377135486
meta-llama/Llama-3.2-3B-Instruct,10,1,0.3168350434595055,0.6707397922672507,0.9875748357267562,False,0.32926020773274933
meta-llama/Llama-3.2-3B-Instruct,10,2,0.11808527482248604,0.8725387851301954,0.9906240599526814,False,0.12746121486980455
meta-llama/Llama-3.2-3B-Instruct,10,3,0.012370038388882083,0.9826738392428883,0.9950438776317704,False,0.017326160757111686
meta-llama/Llama-3.2-3B-Instruct,10,4,0.4315464732681771,0.5541166401582963,0.9856631134264734,False,0.4458833598417037
meta-llama/Llama-3.2-3B-Instruct,10,5,0.3171301620237044,0.6713645382643397,0.9884947002880442,False,0.3286354617356603
meta-llama/Llama-3.2-3B-Instruct,10,6,0.5528519270935721,0.4305615137430092,0.9834134408365813,False,0.5694384862569908
meta-llama/Llama-3.2-3B-Instruct,10,7,0.0031614489296156885,0.9932978566292866,0.9964593055589023,False,0.006702143370713398
meta-llama/Llama-3.2-3B-Instruct,10,8,0.3434693505518859,0.6416852256704316,0.9851545762223175,False,0.3583147743295684
meta-llama/Llama-3.2-3B-Instruct,10,9,0.11827273017593114,0.8739237601087667,0.9921964902846978,False,0.1260762398912333
meta-llama/Llama-3.2-3B-Instruct,10,10,0.9731143850673145,0.003976896141919541,0.977091281209234,True,0.026885614932685487
meta-llama/Llama-3.2-3B-Instruct,10,11,0.012373277085962245,0.9829313020669389,0.9953045791529012,False,0.017068697933061094
meta-llama/Llama-3.2-3B-Instruct,10,12,0.580954987784015,0.39928413456409373,0.9802391223481087,False,0.6007158654359063
meta-llama/Llama-3.2-3B-Instruct,10,13,0.0014969160139180109,0.9956610934088377,0.9971580094227557,False,0.004338906591162317
meta-llama/Llama-3.2-3B-Instruct,10,14,0.13175701290389216,0.8591637001914271,0.9909207130953193,False,0.14083629980857293
meta-llama/Llama-3.2-3B-Instruct,10,15,0.10576407625554056,0.8855516892396217,0.9913157654951622,False,0.11444831076037831
meta-llama/Llama-3.2-3B-Instruct,10,16,0.06695633361550517,0.9243037159418942,0.9912600495573993,False,0.0756962840581058
meta-llama/Llama-3.2-3B-Instruct,10,17,0.001321493744554867,0.9960156326470209,0.9973371263915757,False,0.003984367352979135
meta-llama/Llama-3.2-3B-Instruct,10,18,0.37225058781390513,0.6137374621594114,0.9859880499733165,False,0.3862625378405886
meta-llama/Llama-3.2-3B-Instruct,10,19,0.0052036066814155355,0.9916316750744272,0.9968352817558427,False,0.008368324925572823
meta-llama/Llama-3.2-3B-Instruct,11,1,0.3158409973250421,0.6686354364378544,0.9844764337628965,False,0.3313645635621456
meta-llama/Llama-3.2-3B-Instruct,11,2,0.26450149620458313,0.7189896321607079,0.983491128365291,False,0.2810103678392921
meta-llama/Llama-3.2-3B-Instruct,11,3,0.11802729239218475,0.8721101807271026,0.9901374731192873,False,0.12788981927289744
meta-llama/Llama-3.2-3B-Instruct,11,4,0.46065313091023846,0.521988382691327,0.9826415136015654,False,0.47801161730867303
meta-llama/Llama-3.2-3B-Instruct,11,5,0.09444567456608552,0.8960756779325426,0.9905213524986282,False,0.10392432206745739
meta-llama/Llama-3.2-3B-Instruct,11,6,0.6097514529111666,0.36983293997306593,0.9795843928842325,False,0.630167060026934
meta-llama/Llama-3.2-3B-Instruct,11,7,0.04701346118708037,0.9442905577936048,0.9913040189806852,False,0.05570944220639518
meta-llama/Llama-3.2-3B-Instruct,11,8,0.2895081214548445,0.6944938592633222,0.9840019807181667,False,0.3055061407366778
meta-llama/Llama-3.2-3B-Instruct,11,9,0.37210852384771426,0.6135032199927314,0.9856117438404457,False,0.3864967800072686
meta-llama/Llama-3.2-3B-Instruct,11,10,0.4910088333031272,0.4910088333031272,0.9820176666062544,False,0.5089911666968727
meta-llama/Llama-3.2-3B-Instruct,11,11,0.8822760195417533,0.09299120692355209,0.9752672264653054,True,0.11772398045824672
meta-llama/Llama-3.2-3B-Instruct,11,12,0.858437463339752,0.11617686685498288,0.9746143301947349,False,0.8838231331450171
meta-llama/Llama-3.2-3B-Instruct,11,13,0.025757130208283602,0.9665291516468244,0.992286281855108,False,0.0334708483531756
meta-llama/Llama-3.2-3B-Instruct,11,14,0.37121315595343063,0.612027044423972,0.9832402003774027,False,0.38797295557602796
meta-llama/Llama-3.2-3B-Instruct,11,15,0.4011447214767583,0.583662125768093,0.9848068472448512,False,0.41633787423190705
meta-llama/Llama-3.2-3B-Instruct,11,16,0.24136711866245258,0.7434630435219586,0.9848301621844111,False,0.2565369564780414
meta-llama/Llama-3.2-3B-Instruct,11,17,0.009664286526774696,0.9857839062460193,0.995448192772794,False,0.014216093753980696
meta-llama/Llama-3.2-3B-Instruct,11,18,0.5519368681476765,0.42984886511938925,0.9817857332670658,False,0.5701511348806108
meta-llama/Llama-3.2-3B-Instruct,11,19,0.025814520082353055,0.9686827953693727,0.9944973154517258,False,0.03131720463062726
meta-llama/Llama-3.2-3B-Instruct,12,1,0.16246426318978938,0.8250616439275903,0.9875259071173796,False,0.1749383560724097
meta-llama/Llama-3.2-3B-Instruct,12,2,0.28891984072246957,0.6930827091569888,0.9820025498794583,False,0.3069172908430112
meta-llama/Llama-3.2-3B-Instruct,12,3,0.04171000082928531,0.9493151335947321,0.9910251344240174,False,0.050684866405267925
meta-llama/Llama-3.2-3B-Instruct,12,4,0.7971372002615347,0.17786535645542784,0.9750025567169625,False,0.8221346435445722
meta-llama/Llama-3.2-3B-Instruct,12,5,0.01235654410193901,0.9816018004299362,0.9939583445318751,False,0.018398199570063833
meta-llama/Llama-3.2-3B-Instruct,12,6,0.9300946174698084,0.04630668258349322,0.9764013000533016,False,0.9536933174165068
meta-llama/Llama-3.2-3B-Instruct,12,7,0.002790457173215582,0.9934717245764138,0.9962621817496293,False,0.0065282754235862495
meta-llama/Llama-3.2-3B-Instruct,12,8,0.7152090283973784,0.26311070552890775,0.9783197339262861,False,0.7368892944710923
meta-llama/Llama-3.2-3B-Instruct,12,9,0.07504650483866832,0.9142536260275818,0.9893001308662501,False,0.08574637397241824
meta-llama/Llama-3.2-3B-Instruct,12,10,0.26484297684338914,0.7199178513483845,0.9847608281917737,False,0.2800821486516155
meta-llama/Llama-3.2-3B-Instruct,12,11,0.005887328073594805,0.9900965648592239,0.9959838929328187,False,0.009903435140776073
meta-llama/Llama-3.2-3B-Instruct,12,12,0.9413913032382222,0.022139400430905367,0.9635307036691275,True,0.05860869676177782
meta-llama/Llama-3.2-3B-Instruct,12,13,0.0016957687153949556,0.9953914861496234,0.9970872548650184,False,0.004608513850376639
meta-llama/Llama-3.2-3B-Instruct,12,14,0.46128114477379956,0.5227000156293258,0.9839811604031253,False,0.4772999843706742
meta-llama/Llama-3.2-3B-Instruct,12,15,0.0370290001162215,0.9549905104639844,0.9920195105802059,False,0.04500948953601558
meta-llama/Llama-3.2-3B-Instruct,12,16,0.665408397496811,0.3143166521557585,0.9797250496525696,False,0.6856833478442415
meta-llama/Llama-3.2-3B-Instruct,12,17,0.0010294159507341452,0.9962432192223813,0.9972726351731155,False,0.0037567807776186513
meta-llama/Llama-3.2-3B-Instruct,12,18,0.7998337946668539,0.17846703737740918,0.9783008320442631,False,0.8215329626225908
meta-llama/Llama-3.2-3B-Instruct,12,19,0.0016963008613155098,0.9957039936277873,0.9974002944891028,False,0.004296006372212724
meta-llama/Llama-3.2-3B-Instruct,13,1,0.19907236714300403,0.7873464502668645,0.9864188174098685,False,0.21265354973313555
meta-llama/Llama-3.2-3B-Instruct,13,2,0.10546548577685466,0.8830518062131204,0.9885172919899751,False,0.1169481937868796
meta-llama/Llama-3.2-3B-Instruct,13,3,0.1178696454933291,0.8709453839769834,0.9888150294703125,False,0.1290546160230166
meta-llama/Llama-3.2-3B-Instruct,13,4,0.21951927836389612,0.7661975444300638,0.9857168227939599,False,0.23380245556993617
meta-llama/Llama-3.2-3B-Instruct,13,5,0.04171785767609761,0.9494941491260488,0.9912120068021464,False,0.05050585087395121
meta-llama/Llama-3.2-3B-Instruct,13,6,0.288800971643348,0.6927974744549713,0.9815984460983194,False,0.3072025255450287
meta-llama/Llama-3.2-3B-Instruct,13,7,0.017855970803720717,0.9749028367366244,0.9927588075403451,False,0.025097163263375633
meta-llama/Llama-3.2-3B-Instruct,13,8,0.13090065369301454,0.8535795872197298,0.9844802409127443,False,0.14642041278027018
meta-llama/Llama-3.2-3B-Instruct,13,9,0.17973045359762513,0.8054960335010314,0.9852264870986565,False,0.19450396649896862
meta-llama/Llama-3.2-3B-Instruct,13,10,0.08397817273060458,0.9028505096369299,0.9868286823675345,False,0.09714949036307008
meta-llama/Llama-3.2-3B-Instruct,13,11,0.10536842074658195,0.8822388933723002,0.9876073141188821,False,0.11776110662769979
meta-llama/Llama-3.2-3B-Instruct,13,12,0.6875274737665575,0.28660409984025753,0.974131573606815,False,0.7133959001597425
meta-llama/Llama-3.2-3B-Instruct,13,13,0.712746505263489,0.2622047782389194,0.9749512835024085,True,0.28725349473651096
meta-llama/Llama-3.2-3B-Instruct,13,14,0.17929785776040003,0.8035572374858777,0.9828550952462778,False,0.1964427625141223
meta-llama/Llama-3.2-3B-Instruct,13,15,0.11769562404545875,0.8696595297937344,0.9873551538391931,False,0.1303404702062656
meta-llama/Llama-3.2-3B-Instruct,13,16,0.059385414678817174,0.9289442364799914,0.9883296511588086,False,0.07105576352000864
meta-llama/Llama-3.2-3B-Instruct,13,17,0.006663837487481626,0.9890013989277348,0.9956652364152164,False,0.010998601072265246
meta-llama/Llama-3.2-3B-Instruct,13,18,0.24099674671917476,0.7423222397788334,0.9833189864980081,False,0.2576777602211666
meta-llama/Llama-3.2-3B-Instruct,13,19,0.010934890251165761,0.9843273543229931,0.9952622445741589,False,0.01567264567700688
meta-llama/Llama-3.2-3B-Instruct,14,1,0.22031005304650683,0.7689576421089198,0.9892676951554267,False,0.23104235789108019
meta-llama/Llama-3.2-3B-Instruct,14,2,0.3715516392780083,0.6125850908411535,0.9841367301191619,False,0.38741490915884647
meta-llama/Llama-3.2-3B-Instruct,14,3,0.029134620222831996,0.964806216961064,0.9939408371838959,False,0.035193783038936055
meta-llama/Llama-3.2-3B-Instruct,14,4,0.6673149516761757,0.3152172821042255,0.9825322337804012,False,0.6847827178957745
meta-llama/Llama-3.2-3B-Instruct,14,5,0.029136731954725322,0.9648761299522028,0.9940128619069282,False,0.03512387004779716
meta-llama/Llama-3.2-3B-Instruct,14,6,0.7824718181648698,0.19783984644123664,0.9803116646061064,False,0.8021601535587634
meta-llama/Llama-3.2-3B-Instruct,14,7,0.24174085511197818,0.7446142993702373,0.9863551544822154,False,0.25538570062976274
meta-llama/Llama-3.2-3B-Instruct,14,8,0.5518413735129426,0.4297744938230793,0.9816158673360219,False,0.5702255061769207
meta-llama/Llama-3.2-3B-Instruct,14,9,0.06702787292262923,0.9252913408101159,0.9923192137327451,False,0.07470865918988412
meta-llama/Llama-3.2-3B-Instruct,14,10,0.2906538706837584,0.697242431038062,0.9878963017218205,False,0.30275756896193795
meta-llama/Llama-3.2-3B-Instruct,14,11,0.01399902832864151,0.9814078344058006,0.9954068627344421,False,0.018592165594199406
meta-llama/Llama-3.2-3B-Instruct,14,12,0.7612936420486638,0.21811429326673126,0.979407935315395,False,0.7818857067332687
meta-llama/Llama-3.2-3B-Instruct,14,13,0.010937419412175416,0.9845552916991064,0.9954927111112818,False,0.015444708300893617
meta-llama/Llama-3.2-3B-Instruct,14,14,0.965289050922928,0.013769105734525234,0.9790581566574533,True,0.03471094907707195
meta-llama/Llama-3.2-3B-Instruct,14,15,0.03287104696380549,0.9606328261283694,0.9935038730921749,False,0.03936717387163058
meta-llama/Llama-3.2-3B-Instruct,14,16,0.6394700193176832,0.3422836360350494,0.9817536553527326,False,0.6577163639649506
meta-llama/Llama-3.2-3B-Instruct,14,17,0.002466619586052104,0.9951054989141164,0.9975721185001685,False,0.004894501085883629
meta-llama/Llama-3.2-3B-Instruct,14,18,0.46224798335300404,0.5237955872697166,0.9860435706227206,False,0.47620441273028336
meta-llama/Llama-3.2-3B-Instruct,14,19,0.004059576285917693,0.9933456113689035,0.9974051876548212,False,0.006654388631096464
meta-llama/Llama-3.2-3B-Instruct,15,1,0.242339563715898,0.7464583628247669,0.9887979265406648,False,0.25354163717523315
meta-llama/Llama-3.2-3B-Instruct,15,2,0.0945250148724981,0.8968284712665093,0.9913534861390074,False,0.10317152873349067
meta-llama/Llama-3.2-3B-Instruct,15,3,0.14656972985154737,0.843450609898724,0.9900203397502714,False,0.156549390101276
meta-llama/Llama-3.2-3B-Instruct,15,4,0.34331780657614974,0.6414020851351174,0.9847198917112672,False,0.35859791486488257
meta-llama/Llama-3.2-3B-Instruct,15,5,0.5533371354135297,0.4309393943625449,0.9842765297760746,False,0.5690606056374551
meta-llama/Llama-3.2-3B-Instruct,15,6,0.7998956419069013,0.1784808453402898,0.9783764872471912,False,0.8215191546597103
meta-llama/Llama-3.2-3B-Instruct,15,7,0.009664286526774696,0.9857841385209964,0.9954484250477711,False,0.014215861479003555
meta-llama/Llama-3.2-3B-Instruct,15,8,0.1465223521626925,0.8431778695927653,0.9897002217554578,False,0.1568221304072347
meta-llama/Llama-3.2-3B-Instruct,15,9,0.24225328725438292,0.7461926348684562,0.9884459221228391,False,0.2538073651315438
meta-llama/Llama-3.2-3B-Instruct,15,10,0.6402896818879761,0.3427223493654834,0.9830120312534595,False,0.6572776506345166
meta-llama/Llama-3.2-3B-Instruct,15,11,0.020236693230475403,0.9750584225831297,0.9952951158136051,False,0.02494157741687031
meta-llama/Llama-3.2-3B-Instruct,15,12,0.737934257834276,0.2395721918337653,0.9775064496680413,False,0.7604278081662347
meta-llama/Llama-3.2-3B-Instruct,15,13,0.0035825242074575526,0.9933349072655395,0.996917431472997,False,0.006665092734460476
meta-llama/Llama-3.2-3B-Instruct,15,14,0.18081521096121544,0.8103576030168264,0.9911728139780418,False,0.18964239698317364
meta-llama/Llama-3.2-3B-Instruct,15,15,0.9537763532238911,0.02243066937722611,0.9762070226011172,True,0.046223646776108906
meta-llama/Llama-3.2-3B-Instruct,15,16,0.1466010263921914,0.8436306839238448,0.9902317103160362,False,0.15636931607615523
meta-llama/Llama-3.2-3B-Instruct,15,17,0.0019220177192609557,0.9956296590570252,0.9975516767762861,False,0.0043703409429748374
meta-llama/Llama-3.2-3B-Instruct,15,18,0.6405041053964071,0.34283713220941586,0.983341237605823,False,0.6571628677905841
meta-llama/Llama-3.2-3B-Instruct,15,19,0.004059771802064527,0.9933936061730566,0.9974533779751211,False,0.006606393826943391
meta-llama/Llama-3.2-3B-Instruct,16,1,0.13186889179540634,0.8598931909962284,0.9917620827916347,False,0.1401068090037716
meta-llama/Llama-3.2-3B-Instruct,16,2,0.315653136172911,0.6682376746068607,0.9838908107797717,False,0.3317623253931393
meta-llama/Llama-3.2-3B-Instruct,16,3,0.004594740415547885,0.9921878554558088,0.9967825958713566,False,0.007812144544191213
meta-llama/Llama-3.2-3B-Instruct,16,4,0.9442121150830023,0.03661107392333359,0.9808231890063359,False,0.9633889260766664
meta-llama/Llama-3.2-3B-Instruct,16,5,0.006664107586008364,0.9890412787823928,0.9957053863684011,False,0.010958721217607215
meta-llama/Llama-3.2-3B-Instruct,16,6,0.14636017517213254,0.8422446055045293,0.9886047806766618,False,0.1577553944954707
meta-llama/Llama-3.2-3B-Instruct,16,7,0.0016955366614852614,0.9952553207001038,0.9969508573615891,False,0.004744679299896193
meta-llama/Llama-3.2-3B-Instruct,16,8,0.9234226789386619,0.05903243245605775,0.9824551113947196,False,0.9409675675439423
meta-llama/Llama-3.2-3B-Instruct,16,9,0.005201297128915686,0.9911919345473835,0.9963932316762992,False,0.008808065452616476
meta-llama/Llama-3.2-3B-Instruct,16,10,0.08437886398850514,0.9071582996431299,0.991537163631635,False,0.09284170035687012
meta-llama/Llama-3.2-3B-Instruct,16,11,0.0031623716519954877,0.9935875134122516,0.9967498850642471,False,0.0064124865877484005
meta-llama/Llama-3.2-3B-Instruct,16,12,0.37189943090796085,0.6131585022992277,0.9850579332071886,False,0.38684149770077225
meta-llama/Llama-3.2-3B-Instruct,16,13,0.0014972708071907747,0.9958969123641666,0.9973941831713573,False,0.004103087635833447
meta-llama/Llama-3.2-3B-Instruct,16,14,0.10583790960041314,0.8861699542369783,0.9920078638373915,False,0.11383004576302169
meta-llama/Llama-3.2-3B-Instruct,16,15,0.005891526478576838,0.9908025506583137,0.9966940771368905,False,0.009197449341686315
meta-llama/Llama-3.2-3B-Instruct,16,16,0.9616098107301814,0.012104882161452312,0.9737146928916337,True,0.03839018926981863
meta-llama/Llama-3.2-3B-Instruct,16,17,0.0016974198826403334,0.9963608385016737,0.9980582583843141,False,0.0036391614983263265
meta-llama/Llama-3.2-3B-Instruct,16,18,0.08442218806051822,0.9076241314216403,0.9920463194821586,False,0.09237586857835967
meta-llama/Llama-3.2-3B-Instruct,16,19,0.0019224494342777274,0.9958534046934236,0.9977758541277014,False,0.0041465953065763506
meta-llama/Llama-3.2-3B-Instruct,17,1,0.13148751131505154,0.8574062395387635,0.988893750853815,False,0.1425937604612365
meta-llama/Llama-3.2-3B-Instruct,17,2,0.1055826004090265,0.8840323819664411,0.9896149823754676,False,0.11596761803355893
meta-llama/Llama-3.2-3B-Instruct,17,3,0.041747408685124957,0.9501667553687277,0.9919141640538527,False,0.049833244631272255
meta-llama/Llama-3.2-3B-Instruct,17,4,0.19916783721809017,0.7877241121497142,0.9868919493678043,False,0.21227588785028584
meta-llama/Llama-3.2-3B-Instruct,17,5,0.037017878000880564,0.9547035784118341,0.9917214564127146,False,0.045296421588165936
meta-llama/Llama-3.2-3B-Instruct,17,6,0.2645720720759785,0.7191814558418892,0.9837535279178677,False,0.2808185441581108
meta-llama/Llama-3.2-3B-Instruct,17,7,0.022806596790236347,0.9697610909755694,0.9925676877658057,False,0.030238909024430605
meta-llama/Llama-3.2-3B-Instruct,17,8,0.17982252128909157,0.8059086522799048,0.9857311735689964,False,0.19409134772009518
meta-llama/Llama-3.2-3B-Instruct,17,9,0.059490862226783965,0.9305935958853712,0.9900844581121552,False,0.06940640411462884
meta-llama/Llama-3.2-3B-Instruct,17,10,0.08416071078824498,0.9048128844684548,0.9889735952566997,False,0.09518711553154524
meta-llama/Llama-3.2-3B-Instruct,17,11,0.03703372361231776,0.955112291896489,0.9921460155088068,False,0.04488770810351095
meta-llama/Llama-3.2-3B-Instruct,17,12,0.21921535588333618,0.7651367279691894,0.9843520838525256,False,0.2348632720308106
meta-llama/Llama-3.2-3B-Instruct,17,13,0.017874737861127678,0.9759276977106701,0.9938024355717978,False,0.024072302289329883
meta-llama/Llama-3.2-3B-Instruct,17,14,0.1462510817845609,0.8416168415240303,0.9878679233085912,False,0.15838315847596973
meta-llama/Llama-3.2-3B-Instruct,17,15,0.11803320191898527,0.87215405448465,0.9901872564036353,False,0.12784594551535
meta-llama/Llama-3.2-3B-Instruct,17,16,0.39986697329144705,0.5818030131284211,0.9816699864198681,False,0.4181969868715789
meta-llama/Llama-3.2-3B-Instruct,17,17,0.6378610810685978,0.3414224232742638,0.9792835043428616,True,0.36213891893140215
meta-llama/Llama-3.2-3B-Instruct,17,18,0.46086616461762087,0.5222297815072984,0.9830959461249192,False,0.4777702184927016
meta-llama/Llama-3.2-3B-Instruct,17,19,0.007547412977072893,0.9885159923031384,0.9960634052802112,False,0.011484007696861642
meta-llama/Llama-3.2-3B-Instruct,18,1,0.10577441537038507,0.8856383565583867,0.9914127719287718,False,0.11436164344161326
meta-llama/Llama-3.2-3B-Instruct,18,2,0.19935420924480782,0.7884611808513903,0.9878153900961981,False,0.21153881914860972
meta-llama/Llama-3.2-3B-Instruct,18,3,0.1316631205482514,0.8585514195001922,0.9902145400484437,False,0.1414485804998078
meta-llama/Llama-3.2-3B-Instruct,18,4,0.5211803835926144,0.45994007420833355,0.981120457800948,False,0.5400599257916665
meta-llama/Llama-3.2-3B-Instruct,18,5,0.022822398246840816,0.9704329769133894,0.9932553751602302,False,0.029567023086610633
meta-llama/Llama-3.2-3B-Instruct,18,6,0.8476270493148825,0.12998783160333507,0.9776148809182176,False,0.870012168396665
meta-llama/Llama-3.2-3B-Instruct,18,7,0.005878093702282446,0.9885431346086131,0.9944212283108955,False,0.011456865391386906
meta-llama/Llama-3.2-3B-Instruct,18,8,0.6379405847621724,0.34146499888649023,0.9794055836486626,False,0.6585350011135098
meta-llama/Llama-3.2-3B-Instruct,18,9,0.5533067932991359,0.430915763900095,0.9842225571992309,False,0.569084236099905
meta-llama/Llama-3.2-3B-Instruct,18,10,0.21992684179212516,0.7676201262828307,0.9875469680749559,False,0.23237987371716928
meta-llama/Llama-3.2-3B-Instruct,18,11,0.01092742611985175,0.9836553612585359,0.9945827873783877,False,0.01634463874146408
meta-llama/Llama-3.2-3B-Instruct,18,12,0.8589668069373969,0.1162485178399593,0.9752153247773562,False,0.8837514821600407
meta-llama/Llama-3.2-3B-Instruct,18,13,0.0031620338923002973,0.9934816080675029,0.9966436419598032,False,0.006518391932497147
meta-llama/Llama-3.2-3B-Instruct,18,14,0.16275842719057734,0.826555532056027,0.9893139592466044,False,0.17344446794397295
meta-llama/Llama-3.2-3B-Instruct,18,15,0.1318385242585299,0.8596950801079377,0.9915336043664676,False,0.14030491989206229
meta-llama/Llama-3.2-3B-Instruct,18,16,0.3723289414068962,0.6138666453948115,0.9861955868017077,False,0.3861333546051885
meta-llama/Llama-3.2-3B-Instruct,18,17,0.0024665843010282695,0.9950910975658037,0.997557681866832,False,0.004908902434196283
meta-llama/Llama-3.2-3B-Instruct,18,18,0.934592823081685,0.03623809528022564,0.9708309183619106,True,0.06540717691831499
meta-llama/Llama-3.2-3B-Instruct,18,19,0.0019215659430576104,0.9953959748417236,0.9973175407847812,False,0.004604025158276404
meta-llama/Llama-3.2-3B-Instruct,19,1,0.19923442275448439,0.7879873926149967,0.9872218153694812,False,0.21201260738500327
meta-llama/Llama-3.2-3B-Instruct,19,2,0.16249459513345968,0.8252156945513183,0.9877102896847779,False,0.17478430544868173
meta-llama/Llama-3.2-3B-Instruct,19,3,0.06689510916085009,0.9234585590187313,0.9903536681795814,False,0.0765414409812687
meta-llama/Llama-3.2-3B-Instruct,19,4,0.37135985837557106,0.6122688975879911,0.9836287559635621,False,0.3877311024120089
meta-llama/Llama-3.2-3B-Instruct,19,5,0.08431543727919573,0.90647641850108,0.9907918557802757,False,0.09352358149892004
meta-llama/Llama-3.2-3B-Instruct,19,6,0.31591555546202454,0.6687932361613083,0.9847087916233328,False,0.33120676383869174
meta-llama/Llama-3.2-3B-Instruct,19,7,0.015802873988425878,0.9776892517983514,0.9934921257867773,False,0.022310748201648578
meta-llama/Llama-3.2-3B-Instruct,19,8,0.315248773059208,0.6673816180244232,0.9826303910836311,False,0.3326183819755768
meta-llama/Llama-3.2-3B-Instruct,19,9,0.22001091059215586,0.7679135094644917,0.9879244200566475,False,0.23208649053550834
meta-llama/Llama-3.2-3B-Instruct,19,10,0.21967692307750625,0.7667477785295957,0.9864247016071019,False,0.23325222147040425
meta-llama/Llama-3.2-3B-Instruct,19,11,0.08420518763377459,0.9052910556069679,0.9894962432407425,False,0.09470894439303212
meta-llama/Llama-3.2-3B-Instruct,19,12,0.28948572399596273,0.6944401512500933,0.983925875246056,False,0.3055598487499067
meta-llama/Llama-3.2-3B-Instruct,19,13,0.020201767700923717,0.973375785050634,0.9935775527515578,False,0.026624214949365954
meta-llama/Llama-3.2-3B-Instruct,19,14,0.16260336018453353,0.8257679998705847,0.9883713600551183,False,0.1742320001294153
meta-llama/Llama-3.2-3B-Instruct,19,15,0.13157051848164714,0.857947475880386,0.9895179943620331,False,0.142052524119614
meta-llama/Llama-3.2-3B-Instruct,19,16,0.18016044207551873,0.8074231322832939,0.9875835743588126,False,0.19257686771670612
meta-llama/Llama-3.2-3B-Instruct,19,17,0.025825662423118578,0.9691008833833833,0.9949265458065019,False,0.030899116616616706
meta-llama/Llama-3.2-3B-Instruct,19,18,0.7192003816750318,0.2645790423859685,0.9837794240610003,False,0.7354209576140315
meta-llama/Llama-3.2-3B-Instruct,19,19,0.92486552321917,0.059124677886816246,0.9839902011059862,True,0.07513447678082996
Qwen/Qwen3-4B-instruct-2507,1,1,0.9999997615814777,6.023573837886479e-08,0.9999998218172161,True,2.3841852225814364e-07
Qwen/Qwen3-4B-instruct-2507,1,2,0.9999998807907247,2.510999155743982e-08,0.9999999059007162,True,1.1920927533992653e-07
Qwen/Qwen3-4B-instruct-2507,1,3,0.9999998807907247,1.9555681087850496e-08,0.9999999003464057,True,1.1920927533992653e-07
Qwen/Qwen3-4B-instruct-2507,1,4,0.9999998807907247,1.3440409951135022e-08,0.9999998942311346,True,1.1920927533992653e-07
Qwen/Qwen3-4B-instruct-2507,1,5,0.9999998807907247,1.7257827987960214e-08,0.9999998980485526,True,1.1920927533992653e-07
Qwen/Qwen3-4B-instruct-2507,1,6,0.9999998807907247,1.186112015134383e-08,0.9999998926518449,True,1.1920927533992653e-07
Qwen/Qwen3-4B-instruct-2507,1,7,0.9999998807907247,1.7257827987960214e-08,0.9999998980485526,True,1.1920927533992653e-07
Qwen/Qwen3-4B-instruct-2507,1,8,0.9999998807907247,2.215948977336598e-08,0.9999999029502145,True,1.1920927533992653e-07
Qwen/Qwen3-4B-instruct-2507,1,9,0.9999998807907247,1.3440409951135022e-08,0.9999998942311346,True,1.1920927533992653e-07
Qwen/Qwen3-4B-instruct-2507,1,10,0.9999998807907247,1.7257827987960214e-08,0.9999998980485526,True,1.1920927533992653e-07
Qwen/Qwen3-4B-instruct-2507,1,11,0.9999998807907247,1.3440409951135022e-08,0.9999998942311346,True,1.1920927533992653e-07
Qwen/Qwen3-4B-instruct-2507,1,12,0.9999998807907247,1.522997974471263e-08,0.9999998960207044,True,1.1920927533992653e-07
Qwen/Qwen3-4B-instruct-2507,1,13,0.9999998807907247,1.522997974471263e-08,0.9999998960207044,True,1.1920927533992653e-07
Qwen/Qwen3-4B-instruct-2507,1,14,0.9999998807907247,1.522997974471263e-08,0.9999998960207044,True,1.1920927533992653e-07
Qwen/Qwen3-4B-instruct-2507,1,15,0.9999998807907247,1.3440409951135022e-08,0.9999998942311346,True,1.1920927533992653e-07
Qwen/Qwen3-4B-instruct-2507,1,16,0.9999998807907247,1.522997974471263e-08,0.9999998960207044,True,1.1920927533992653e-07
Qwen/Qwen3-4B-instruct-2507,1,17,0.9999998807907247,1.3440409951135022e-08,0.9999998942311346,True,1.1920927533992653e-07
Qwen/Qwen3-4B-instruct-2507,1,18,0.9999998807907247,1.3440409951135022e-08,0.9999998942311346,True,1.1920927533992653e-07
Qwen/Qwen3-4B-instruct-2507,1,19,0.9999998807907247,1.3440409951135022e-08,0.9999998942311346,True,1.1920927533992653e-07
Qwen/Qwen3-4B-instruct-2507,2,1,2.382362851497276e-07,0.9999974966112362,0.9999977348475213,False,2.5033887638414853e-06
Qwen/Qwen3-4B-instruct-2507,2,2,0.9999998807907247,4.691164021834418e-08,0.9999999277023649,True,1.1920927533992653e-07
Qwen/Qwen3-4B-instruct-2507,2,3,2.215948977336598e-08,0.9999995231630692,0.999999545322559,False,4.7683693082944956e-07
Qwen/Qwen3-4B-instruct-2507,2,4,0.9999998807907247,3.2241867372567335e-08,0.9999999130325921,True,1.1920927533992653e-07
Qwen/Qwen3-4B-instruct-2507,2,5,1.522997974471263e-08,0.9999995231630692,0.9999995383930489,False,4.7683693082944956e-07
Qwen/Qwen3-4B-instruct-2507,2,6,0.9999997615814777,4.139937718785167e-08,0.9999998029808549,True,2.3841852225814364e-07
Qwen/Qwen3-4B-instruct-2507,2,7,1.522997974471263e-08,0.9999992847447459,0.9999992999747256,False,7.152552541356272e-07
Qwen/Qwen3-4B-instruct-2507,2,8,0.9999998807907247,2.215948977336598e-08,0.9999999029502145,True,1.1920927533992653e-07
Qwen/Qwen3-4B-instruct-2507,2,9,1.3440409951135022e-08,0.9999996423722521,0.999999655812662,False,3.5762774786007867e-07
Qwen/Qwen3-4B-instruct-2507,2,10,0.9999998807907247,2.510999155743982e-08,0.9999999059007162,True,1.1920927533992653e-07
Qwen/Qwen3-4B-instruct-2507,2,11,2.8453348089834e-08,0.9999994039539004,0.9999994324072485,False,5.960460995879657e-07
Qwen/Qwen3-4B-instruct-2507,2,12,0.9999998807907247,2.215948977336598e-08,0.9999999029502145,True,1.1920927533992653e-07
Qwen/Qwen3-4B-instruct-2507,2,13,1.9555681087850496e-08,0.9999996423722521,0.9999996619279332,False,3.5762774786007867e-07
Qwen/Qwen3-4B-instruct-2507,2,14,0.9999998807907247,3.2241867372567335e-08,0.9999999130325921,True,1.1920927533992653e-07
Qwen/Qwen3-4B-instruct-2507,2,15,1.522997974471263e-08,0.9999996423722521,0.9999996576022319,False,3.5762774786007867e-07
Qwen/Qwen3-4B-instruct-2507,2,16,0.9999998807907247,1.522997974471263e-08,0.9999998960207044,True,1.1920927533992653e-07
Qwen/Qwen3-4B-instruct-2507,2,17,1.9555681087850496e-08,0.9999996423722521,0.9999996619279332,False,3.5762774786007867e-07
Qwen/Qwen3-4B-instruct-2507,2,18,0.9999998807907247,3.6534822137210456e-08,0.9999999173255468,True,1.1920927533992653e-07
Qwen/Qwen3-4B-instruct-2507,2,19,1.3440409951135022e-08,0.9999996423722521,0.999999655812662,False,3.5762774786007867e-07
Qwen/Qwen3-4B-instruct-2507,3,1,8.315263400842229e-07,0.9999971389852362,0.9999979705115764,False,2.861014763766434e-06
Qwen/Qwen3-4B-instruct-2507,3,2,9.931156427728716e-08,0.9999969005680498,0.9999969998796141,False,3.0994319502042345e-06
Qwen/Qwen3-4B-instruct-2507,3,3,0.9999995231630692,1.6373771305908126e-07,0.9999996869007822,True,4.7683693082944956e-07
Qwen/Qwen3-4B-instruct-2507,3,4,7.734407154916583e-08,0.9999980926550052,0.9999981699990768,False,1.907344994833693e-06
Qwen/Qwen3-4B-instruct-2507,3,5,2.2159447507533765e-08,0.999998927117538,0.9999989492769855,False,1.0728824619832267e-06
Qwen/Qwen3-4B-instruct-2507,3,6,0.9999997615814777,5.3157852544244216e-08,0.9999998147393303,True,2.3841852225814364e-07
Qwen/Qwen3-4B-instruct-2507,3,7,1.7257827987960214e-08,0.9999991655356624,0.9999991827934903,False,8.344643376290151e-07
Qwen/Qwen3-4B-instruct-2507,3,8,2.2159447507533765e-08,0.9999985694905718,0.9999985916500193,False,1.430509428246296e-06
Qwen/Qwen3-4B-instruct-2507,3,9,0.9999998807907247,2.510999155743982e-08,0.9999999059007162,True,1.1920927533992653e-07
Qwen/Qwen3-4B-instruct-2507,3,10,4.139929822488149e-08,0.9999973774024795,0.9999974188017777,False,2.6225975204852148e-06
Qwen/Qwen3-4B-instruct-2507,3,11,3.6534752452633856e-08,0.9999980926550052,0.9999981291897576,False,1.907344994833693e-06
Qwen/Qwen3-4B-instruct-2507,3,12,0.9999998807907247,3.2241867372567335e-08,0.9999999130325921,True,1.1920927533992653e-07
Qwen/Qwen3-4B-instruct-2507,3,13,3.6534752452633856e-08,0.9999983310727032,0.9999983676074556,False,1.6689272968051228e-06
Qwen/Qwen3-4B-instruct-2507,3,14,2.2159447507533765e-08,0.9999976158197796,0.9999976379792271,False,2.3841802203605766e-06
Qwen/Qwen3-4B-instruct-2507,3,15,0.9999998807907247,2.215948977336598e-08,0.9999999029502145,True,1.1920927533992653e-07
Qwen/Qwen3-4B-instruct-2507,3,16,2.2159447507533765e-08,0.9999973774024795,0.999997399561927,False,2.6225975204852148e-06
Qwen/Qwen3-4B-instruct-2507,3,17,3.6534752452633856e-08,0.9999980926550052,0.9999981291897576,False,1.907344994833693e-06
Qwen/Qwen3-4B-instruct-2507,3,18,0.9999998807907247,2.215948977336598e-08,0.9999999029502145,True,1.1920927533992653e-07
Qwen/Qwen3-4B-instruct-2507,3,19,4.691155074157667e-08,0.9999983310727032,0.999998377984254,False,1.6689272968051228e-06
Qwen/Qwen3-4B-instruct-2507,4,1,4.139929822488149e-08,0.9999983310727032,0.9999983724720014,False,1.6689272968051228e-06
Qwen/Qwen3-4B-instruct-2507,4,2,4.139921926206193e-08,0.9999965429424904,0.9999965843417097,False,3.457057509592687e-06
Qwen/Qwen3-4B-instruct-2507,4,3,1.0467401794744658e-08,0.9999994039539004,0.9999994144213022,False,5.960460995879657e-07
Qwen/Qwen3-4B-instruct-2507,4,4,0.9999996423722521,1.6373771305908126e-07,0.9999998061099652,True,3.5762774786007867e-07
Qwen/Qwen3-4B-instruct-2507,4,5,1.0467401794744658e-08,0.9999990463265931,0.9999990567939949,False,9.536734069115482e-07
Qwen/Qwen3-4B-instruct-2507,4,6,2.8453239549131867e-08,0.9999970197767496,0.9999970482299891,False,2.980223250403924e-06
Qwen/Qwen3-4B-instruct-2507,4,7,8.152020714470167e-09,0.9999992847447459,0.9999992928967666,False,7.152552541356272e-07
Qwen/Qwen3-4B-instruct-2507,4,8,0.9999997615814777,5.3157852544244216e-08,0.9999998147393303,True,2.3841852225814364e-07
Qwen/Qwen3-4B-instruct-2507,4,9,7.194133030325383e-09,0.9999995231630692,0.9999995303572022,False,4.7683693082944956e-07
Qwen/Qwen3-4B-instruct-2507,4,10,2.5109895770606383e-08,0.9999970197767496,0.9999970448866453,False,2.980223250403924e-06
Qwen/Qwen3-4B-instruct-2507,4,11,7.19411930861867e-09,0.9999988079084972,0.9999988151026165,False,1.1920915028440504e-06
Qwen/Qwen3-4B-instruct-2507,4,12,0.9999997615814777,4.139937718785167e-08,0.9999998029808549,True,2.3841852225814364e-07
Qwen/Qwen3-4B-instruct-2507,4,13,7.19411930861867e-09,0.9999985694905718,0.999998576684691,False,1.430509428246296e-06
Qwen/Qwen3-4B-instruct-2507,4,14,2.2159405241782167e-08,0.9999961853172863,0.9999962074766915,False,3.8146827137097716e-06
Qwen/Qwen3-4B-instruct-2507,4,15,9.237432042950414e-09,0.9999988079084972,0.9999988171459292,False,1.1920915028440504e-06
Qwen/Qwen3-4B-instruct-2507,4,16,0.9999997615814777,2.510999155743982e-08,0.9999997866914693,True,2.3841852225814364e-07
Qwen/Qwen3-4B-instruct-2507,4,17,4.944450501938644e-09,0.9999991655356624,0.9999991704801129,False,8.344643376290151e-07
Qwen/Qwen3-4B-instruct-2507,4,18,1.0467381829779195e-08,0.9999982118638471,0.9999982223312289,False,1.7881361529248352e-06
Qwen/Qwen3-4B-instruct-2507,4,19,7.19411930861867e-09,0.999998927117538,0.9999989343116573,False,1.0728824619832267e-06
Qwen/Qwen3-4B-instruct-2507,5,1,2.1024298423113373e-07,0.9999979734461775,0.9999981836891617,False,2.026553822531696e-06
Qwen/Qwen3-4B-instruct-2507,5,2,2.845329381943118e-08,0.9999984502816872,0.999998478734981,False,1.5497183127877179e-06
Qwen/Qwen3-4B-instruct-2507,5,3,2.8453348089834e-08,0.9999991655356624,0.9999991939890105,False,8.344643376290151e-07
Qwen/Qwen3-4B-instruct-2507,5,4,4.139929822488149e-08,0.9999984502816872,0.9999984916809854,False,1.5497183127877179e-06
Qwen/Qwen3-4B-instruct-2507,5,5,0.9999997615814777,6.82560337633487e-08,0.9999998298375115,True,2.3841852225814364e-07
Qwen/Qwen3-4B-instruct-2507,5,6,1.955564378838448e-08,0.9999988079084972,0.9999988274641409,False,1.1920915028440504e-06
Qwen/Qwen3-4B-instruct-2507,5,7,1.0467401794744658e-08,0.9999992847447459,0.9999992952121477,False,7.152552541356272e-07
Qwen/Qwen3-4B-instruct-2507,5,8,1.18610975280741e-08,0.9999988079084972,0.9999988197695947,False,1.1920915028440504e-06
Qwen/Qwen3-4B-instruct-2507,5,9,1.3440409951135022e-08,0.9999994039539004,0.9999994173943103,False,5.960460995879657e-07
Qwen/Qwen3-4B-instruct-2507,5,10,0.9999998807907247,3.2241867372567335e-08,0.9999999130325921,True,1.1920927533992653e-07
Qwen/Qwen3-4B-instruct-2507,5,11,1.18610975280741e-08,0.999998927117538,0.9999989389786356,False,1.0728824619832267e-06
Qwen/Qwen3-4B-instruct-2507,5,12,1.955564378838448e-08,0.9999979734461775,0.9999979930018212,False,2.026553822531696e-06
Qwen/Qwen3-4B-instruct-2507,5,13,1.3440409951135022e-08,0.9999991655356624,0.9999991789760723,False,8.344643376290151e-07
Qwen/Qwen3-4B-instruct-2507,5,14,1.18610975280741e-08,0.9999985694905718,0.9999985813516693,False,1.430509428246296e-06
Qwen/Qwen3-4B-instruct-2507,5,15,0.9999998807907247,3.2241867372567335e-08,0.9999999130325921,True,1.1920927533992653e-07
Qwen/Qwen3-4B-instruct-2507,5,16,1.3440384315611926e-08,0.9999982118638471,0.9999982253042314,False,1.7881361529248352e-06
Qwen/Qwen3-4B-instruct-2507,5,17,1.18610975280741e-08,0.999998927117538,0.9999989389786356,False,1.0728824619832267e-06
Qwen/Qwen3-4B-instruct-2507,5,18,1.5229950695859287e-08,0.9999985694905718,0.9999985847205225,False,1.430509428246296e-06
Qwen/Qwen3-4B-instruct-2507,5,19,1.7257795071296986e-08,0.9999985694905718,0.9999985867483668,False,1.430509428246296e-06
Qwen/Qwen3-4B-instruct-2507,6,1,2.5109895770606383e-08,0.9999970197767496,0.9999970448866453,False,2.980223250403924e-06
Qwen/Qwen3-4B-instruct-2507,6,2,2.8453185278936072e-08,0.999995112442896,0.9999951408960812,False,4.887557104038542e-06
Qwen/Qwen3-4B-instruct-2507,6,3,1.955564378838448e-08,0.9999979734461775,0.9999979930018212,False,2.026553822531696e-06
Qwen/Qwen3-4B-instruct-2507,6,4,6.023539370819118e-08,0.999995112442896,0.9999951726782896,False,4.887557104038542e-06
Qwen/Qwen3-4B-instruct-2507,6,5,2.2159447507533765e-08,0.9999983310727032,0.9999983532321507,False,1.6689272968051228e-06
Qwen/Qwen3-4B-instruct-2507,6,6,0.9999995231630692,2.382369667501818e-07,0.9999997614000359,True,4.7683693082944956e-07
Qwen/Qwen3-4B-instruct-2507,6,7,2.2159447507533765e-08,0.999997854237364,0.9999978763968115,False,2.145762636018844e-06
Qwen/Qwen3-4B-instruct-2507,6,8,1.2751808625923227e-07,0.9999920130413283,0.9999921405594147,False,7.98695867165744e-06
Qwen/Qwen3-4B-instruct-2507,6,9,4.139929822488149e-08,0.9999976158197796,0.9999976572190779,False,2.3841802203605766e-06
Qwen/Qwen3-4B-instruct-2507,6,10,2.510984787732669e-08,0.9999936819476216,0.9999937070574695,False,6.318052378384564e-06
Qwen/Qwen3-4B-instruct-2507,6,11,1.5229921647061352e-08,0.9999970197767496,0.9999970350066713,False,2.980223250403924e-06
Qwen/Qwen3-4B-instruct-2507,6,12,0.9999997615814777,6.023573837886479e-08,0.9999998218172161,True,2.3841852225814364e-07
Qwen/Qwen3-4B-instruct-2507,6,13,1.3440384315611926e-08,0.9999977350285647,0.9999977484689491,False,2.2649714352951378e-06
Qwen/Qwen3-4B-instruct-2507,6,14,1.9555531890413292e-08,0.9999920130413283,0.9999920325968602,False,7.98695867165744e-06
Qwen/Qwen3-4B-instruct-2507,6,15,2.2159405241782167e-08,0.9999961853172863,0.9999962074766915,False,3.8146827137097716e-06
Qwen/Qwen3-4B-instruct-2507,6,16,2.510984787732669e-08,0.9999936819476216,0.9999937070574695,False,6.318052378384564e-06
Qwen/Qwen3-4B-instruct-2507,6,17,1.18610975280741e-08,0.9999982118638471,0.9999982237249446,False,1.7881361529248352e-06
Qwen/Qwen3-4B-instruct-2507,6,18,0.9999997615814777,4.139937718785167e-08,0.9999998029808549,True,2.3841852225814364e-07
Qwen/Qwen3-4B-instruct-2507,6,19,1.3440384315611926e-08,0.9999977350285647,0.9999977484689491,False,2.2649714352951378e-06
Qwen/Qwen3-4B-instruct-2507,7,1,2.1024278372789506e-07,0.9999972581939645,0.9999974684367482,False,2.741806035544414e-06
Qwen/Qwen3-4B-instruct-2507,7,2,2.2159405241782167e-08,0.9999966621509202,0.9999966843103254,False,3.337849079798616e-06
Qwen/Qwen3-4B-instruct-2507,7,3,6.825590357542018e-08,0.9999976158197796,0.9999976840756832,False,2.3841802203605766e-06
Qwen/Qwen3-4B-instruct-2507,7,4,5.315764976351624e-08,0.9999964237340748,0.9999964768917246,False,3.5762659251759032e-06
Qwen/Qwen3-4B-instruct-2507,7,5,3.6534752452633856e-08,0.9999984502816872,0.9999984868164397,False,1.5497183127877179e-06
Qwen/Qwen3-4B-instruct-2507,7,6,3.224180587614433e-08,0.9999972581939645,0.9999972904357703,False,2.741806035544414e-06
Qwen/Qwen3-4B-instruct-2507,7,7,0.9999995231630692,2.382369667501818e-07,0.9999997614000359,True,4.7683693082944956e-07
Qwen/Qwen3-4B-instruct-2507,7,8,2.5109895770606383e-08,0.9999970197767496,0.9999970448866453,False,2.980223250403924e-06
Qwen/Qwen3-4B-instruct-2507,7,9,1.0467401794744658e-08,0.9999992847447459,0.9999992952121477,False,7.152552541356272e-07
Qwen/Qwen3-4B-instruct-2507,7,10,1.18610975280741e-08,0.9999974966112362,0.9999975084723337,False,2.5033887638414853e-06
Qwen/Qwen3-4B-instruct-2507,7,11,1.7257795071296986e-08,0.9999977350285647,0.9999977522863598,False,2.2649714352951378e-06
Qwen/Qwen3-4B-instruct-2507,7,12,7.19411930861867e-09,0.9999982118638471,0.9999982190579664,False,1.7881361529248352e-06
Qwen/Qwen3-4B-instruct-2507,7,13,2.2159447507533765e-08,0.9999977350285647,0.9999977571880122,False,2.2649714352951378e-06
Qwen/Qwen3-4B-instruct-2507,7,14,0.9999997615814777,3.2241867372567335e-08,0.9999997938233451,True,2.3841852225814364e-07
Qwen/Qwen3-4B-instruct-2507,7,15,8.152005165739432e-09,0.9999984502816872,0.9999984584336924,False,1.5497183127877179e-06
Qwen/Qwen3-4B-instruct-2507,7,16,7.19411930861867e-09,0.9999982118638471,0.9999982190579664,False,1.7881361529248352e-06
Qwen/Qwen3-4B-instruct-2507,7,17,1.955564378838448e-08,0.9999977350285647,0.9999977545842085,False,2.2649714352951378e-06
Qwen/Qwen3-4B-instruct-2507,7,18,9.237432042950414e-09,0.9999977350285647,0.9999977442659967,False,2.2649714352951378e-06
Qwen/Qwen3-4B-instruct-2507,7,19,2.845329381943118e-08,0.9999973774024795,0.9999974058557733,False,2.6225975204852148e-06
Qwen/Qwen3-4B-instruct-2507,8,1,2.5109943663977427e-08,0.9999982118638471,0.9999982369737908,False,1.7881361529248352e-06
Qwen/Qwen3-4B-instruct-2507,8,2,1.7257762154696544e-08,0.9999963045256735,0.9999963217834356,False,3.695474326548265e-06
Qwen/Qwen3-4B-instruct-2507,8,3,9.237449661970594e-09,0.9999994039539004,0.9999994131913501,False,5.960460995879657e-07
Qwen/Qwen3-4B-instruct-2507,8,4,4.139921926206193e-08,0.9999957084838798,0.999995749883099,False,4.291516120247252e-06
Qwen/Qwen3-4B-instruct-2507,8,5,9.237432042950414e-09,0.999998927117538,0.9999989363549701,False,1.0728824619832267e-06
Qwen/Qwen3-4B-instruct-2507,8,6,1.18610975280741e-08,0.9999977350285647,0.9999977468896623,False,2.2649714352951378e-06
Qwen/Qwen3-4B-instruct-2507,8,7,9.237449661970594e-09,0.9999994039539004,0.9999994131913501,False,5.960460995879657e-07
Qwen/Qwen3-4B-instruct-2507,8,8,0.9999994039539004,2.6995759288455584e-07,0.9999996739114932,True,5.960460995879657e-07
Qwen/Qwen3-4B-instruct-2507,8,9,7.194133030325383e-09,0.9999992847447459,0.9999992919388789,False,7.152552541356272e-07
Qwen/Qwen3-4B-instruct-2507,8,10,7.19411930861867e-09,0.9999974966112362,0.9999975038053555,False,2.5033887638414853e-06
Qwen/Qwen3-4B-instruct-2507,8,11,7.19411930861867e-09,0.9999988079084972,0.9999988151026165,False,1.1920915028440504e-06
Qwen/Qwen3-4B-instruct-2507,8,12,7.19411930861867e-09,0.9999977350285647,0.999997742222684,False,2.2649714352951378e-06
Qwen/Qwen3-4B-instruct-2507,8,13,7.19411930861867e-09,0.9999985694905718,0.999998576684691,False,1.430509428246296e-06
Qwen/Qwen3-4B-instruct-2507,8,14,5.602785751061334e-09,0.9999979734461775,0.9999979790489633,False,2.026553822531696e-06
Qwen/Qwen3-4B-instruct-2507,8,15,7.19411930861867e-09,0.9999988079084972,0.9999988151026165,False,1.1920915028440504e-06
Qwen/Qwen3-4B-instruct-2507,8,16,0.9999997615814777,4.139937718785167e-08,0.9999998029808549,True,2.3841852225814364e-07
Qwen/Qwen3-4B-instruct-2507,8,17,4.944450501938644e-09,0.9999990463265931,0.9999990512710436,False,9.536734069115482e-07
Qwen/Qwen3-4B-instruct-2507,8,18,5.602785751061334e-09,0.9999984502816872,0.999998455884473,False,1.5497183127877179e-06
Qwen/Qwen3-4B-instruct-2507,8,19,4.363462252943702e-09,0.9999990463265931,0.9999990506900553,False,9.536734069115482e-07
Qwen/Qwen3-4B-instruct-2507,9,1,3.059014453095186e-07,0.9999973774024795,0.9999976833039248,False,2.6225975204852148e-06
Qwen/Qwen3-4B-instruct-2507,9,2,2.845329381943118e-08,0.9999979734461775,0.9999980018994713,False,2.026553822531696e-06
Qwen/Qwen3-4B-instruct-2507,9,3,5.714991385721822e-07,0.9999971389852362,0.9999977104843748,False,2.861014763766434e-06
Qwen/Qwen3-4B-instruct-2507,9,4,5.315775115378354e-08,0.9999976158197796,0.9999976689775308,False,2.3841802203605766e-06
Qwen/Qwen3-4B-instruct-2507,9,5,4.691155074157667e-08,0.9999983310727032,0.999998377984254,False,1.6689272968051228e-06
Qwen/Qwen3-4B-instruct-2507,9,6,2.260314317704706e-06,0.9999935627400018,0.9999958230543196,False,6.4372599981599166e-06
Qwen/Qwen3-4B-instruct-2507,9,7,2.215948977336598e-08,0.9999990463265931,0.9999990684860829,False,9.536734069115482e-07
Qwen/Qwen3-4B-instruct-2507,9,8,3.6534752452633856e-08,0.9999980926550052,0.9999981291897576,False,1.907344994833693e-06
Qwen/Qwen3-4B-instruct-2507,9,9,0.9999996423722521,1.8553913626159784e-07,0.9999998279113884,True,3.5762774786007867e-07
Qwen/Qwen3-4B-instruct-2507,9,10,1.7257762154696544e-08,0.9999952316511552,0.9999952489089173,False,4.768348844774728e-06
Qwen/Qwen3-4B-instruct-2507,9,11,1.7257795071296986e-08,0.9999971389852362,0.9999971562430313,False,2.861014763766434e-06
Qwen/Qwen3-4B-instruct-2507,9,12,3.6534682768190175e-08,0.9999957084838798,0.9999957450185625,False,4.291516120247252e-06
Qwen/Qwen3-4B-instruct-2507,9,13,1.18610975280741e-08,0.9999984502816872,0.9999984621427848,False,1.5497183127877179e-06
Qwen/Qwen3-4B-instruct-2507,9,14,1.0467381829779195e-08,0.9999977350285647,0.9999977454959466,False,2.2649714352951378e-06
Qwen/Qwen3-4B-instruct-2507,9,15,1.5229950695859287e-08,0.9999979734461775,0.9999979886761282,False,2.026553822531696e-06
Qwen/Qwen3-4B-instruct-2507,9,16,1.1861074904847522e-08,0.9999966621509202,0.9999966740119951,False,3.337849079798616e-06
Qwen/Qwen3-4B-instruct-2507,9,17,1.18610975280741e-08,0.9999984502816872,0.9999984621427848,False,1.5497183127877179e-06
Qwen/Qwen3-4B-instruct-2507,9,18,0.9999997615814777,6.82560337633487e-08,0.9999998298375115,True,2.3841852225814364e-07
Qwen/Qwen3-4B-instruct-2507,9,19,1.5229950695859287e-08,0.9999982118638471,0.9999982270937978,False,1.7881361529248352e-06
Qwen/Qwen3-4B-instruct-2507,10,1,1.7257795071296986e-08,0.9999985694905718,0.9999985867483668,False,1.430509428246296e-06
Qwen/Qwen3-4B-instruct-2507,10,2,1.7257795071296986e-08,0.9999979734461775,0.9999979907039726,False,2.026553822531696e-06
Qwen/Qwen3-4B-instruct-2507,10,3,9.237449661970594e-09,0.9999995231630692,0.9999995324005189,False,4.7683693082944956e-07
Qwen/Qwen3-4B-instruct-2507,10,4,9.237449661970594e-09,0.9999992847447459,0.9999992939821956,False,7.152552541356272e-07
Qwen/Qwen3-4B-instruct-2507,10,5,8.152020714470167e-09,0.9999994039539004,0.9999994121059211,False,5.960460995879657e-07
Qwen/Qwen3-4B-instruct-2507,10,6,1.0467381829779195e-08,0.999998927117538,0.9999989375849199,False,1.0728824619832267e-06
Qwen/Qwen3-4B-instruct-2507,10,7,9.237449661970594e-09,0.9999996423722521,0.9999996516097018,False,3.5762774786007867e-07
Qwen/Qwen3-4B-instruct-2507,10,8,9.237449661970594e-09,0.9999991655356624,0.9999991747731121,False,8.344643376290151e-07
Qwen/Qwen3-4B-instruct-2507,10,9,6.34880011604368e-09,0.9999997615814777,0.9999997679302779,False,2.3841852225814364e-07
Qwen/Qwen3-4B-instruct-2507,10,10,0.9999997615814777,6.023573837886479e-08,0.9999998218172161,True,2.3841852225814364e-07
Qwen/Qwen3-4B-instruct-2507,10,11,6.34880011604368e-09,0.9999992847447459,0.999999291093546,False,7.152552541356272e-07
Qwen/Qwen3-4B-instruct-2507,10,12,9.237449661970594e-09,0.9999990463265931,0.9999990555640428,False,9.536734069115482e-07
Qwen/Qwen3-4B-instruct-2507,10,13,5.602796437537268e-09,0.9999995231630692,0.9999995287658656,False,4.7683693082944956e-07
Qwen/Qwen3-4B-instruct-2507,10,14,5.602796437537268e-09,0.9999991655356624,0.9999991711384588,False,8.344643376290151e-07
Qwen/Qwen3-4B-instruct-2507,10,15,5.602796437537268e-09,0.9999995231630692,0.9999995287658656,False,4.7683693082944956e-07
Qwen/Qwen3-4B-instruct-2507,10,16,7.194133030325383e-09,0.9999990463265931,0.9999990535207262,False,9.536734069115482e-07
Qwen/Qwen3-4B-instruct-2507,10,17,5.602796437537268e-09,0.9999996423722521,0.9999996479750486,False,3.5762774786007867e-07
Qwen/Qwen3-4B-instruct-2507,10,18,5.602796437537268e-09,0.9999994039539004,0.9999994095566969,False,5.960460995879657e-07
Qwen/Qwen3-4B-instruct-2507,10,19,6.34880011604368e-09,0.9999996423722521,0.9999996487210523,False,3.5762774786007867e-07
Qwen/Qwen3-4B-instruct-2507,11,1,7.484512006729352e-05,0.999910362648254,0.9999852077683212,False,8.963735174605247e-05
Qwen/Qwen3-4B-instruct-2507,11,2,6.962178568978139e-06,0.9999814036965474,0.9999883658751164,False,1.8596303452578233e-05
Qwen/Qwen3-4B-instruct-2507,11,3,1.0676979006009105e-06,0.9999946356109105,0.9999957033088112,False,5.364389089490551e-06
Qwen/Qwen3-4B-instruct-2507,11,4,1.4738875921730212e-05,0.9999781851762466,0.9999929240521683,False,2.1814823753407708e-05
Qwen/Qwen3-4B-instruct-2507,11,5,1.7603362394025924e-06,0.999994397195003,0.9999961575312425,False,5.602804996951427e-06
Qwen/Qwen3-4B-instruct-2507,11,6,6.144130319790621e-06,0.9999867679437158,0.9999929120740355,False,1.3232056284229188e-05
Qwen/Qwen3-4B-instruct-2507,11,7,2.102425832248476e-07,0.9999959469005546,0.9999961571431378,False,4.053099445400221e-06
Qwen/Qwen3-4B-instruct-2507,11,8,1.0676968823653307e-06,0.9999934435319415,0.9999945112288239,False,6.556468058471765e-06
Qwen/Qwen3-4B-instruct-2507,11,9,4.450839766446488e-07,0.9999969005680498,0.9999973456520265,False,3.0994319502042345e-06
Qwen/Qwen3-4B-instruct-2507,11,10,0.00015843382357226923,0.9998265805692722,0.9999850143928445,False,0.00017341943072779475
Qwen/Qwen3-4B-instruct-2507,11,11,0.9999996423722521,9.931194312156244e-08,0.9999997416841953,True,3.5762774786007867e-07
Qwen/Qwen3-4B-instruct-2507,11,12,1.855371898888086e-07,0.9999895096921129,0.9999896952293027,False,1.0490307887134342e-05
Qwen/Qwen3-4B-instruct-2507,11,13,1.1253474543245463e-07,0.9999955892755635,0.999995701810309,False,4.410724436465507e-06
Qwen/Qwen3-4B-instruct-2507,11,14,5.043428527566997e-07,0.9999903441405488,0.9999908484834015,False,9.655859451229709e-06
Qwen/Qwen3-4B-instruct-2507,11,15,4.691146126497983e-08,0.9999961853172863,0.9999962322287476,False,3.8146827137097716e-06
Qwen/Qwen3-4B-instruct-2507,11,16,8.764164637457892e-08,0.9999896288992495,0.9999897165408959,False,1.037110075052805e-05
Qwen/Qwen3-4B-instruct-2507,11,17,8.764198070156538e-08,0.9999935627400018,0.9999936503819825,False,6.4372599981599166e-06
Qwen/Qwen3-4B-instruct-2507,11,18,1.444967843797534e-07,0.9999917746265009,0.9999919191232853,False,8.225373499093358e-06
Qwen/Qwen3-4B-instruct-2507,11,19,2.699550183806035e-07,0.9999893904859,0.9999896604409183,False,1.0609514100035078e-05
Qwen/Qwen3-4B-instruct-2507,12,1,2.5109943663977427e-08,0.9999971389852362,0.9999971640951799,False,2.861014763766434e-06
Qwen/Qwen3-4B-instruct-2507,12,2,1.7257762154696544e-08,0.9999963045256735,0.9999963217834356,False,3.695474326548265e-06
Qwen/Qwen3-4B-instruct-2507,12,3,1.3440384315611926e-08,0.9999982118638471,0.9999982253042314,False,1.7881361529248352e-06
Qwen/Qwen3-4B-instruct-2507,12,4,2.5109895770606383e-08,0.9999961853172863,0.999996210427182,False,3.8146827137097716e-06
Qwen/Qwen3-4B-instruct-2507,12,5,1.0467381829779195e-08,0.9999988079084972,0.999998818375879,False,1.1920915028440504e-06
Qwen/Qwen3-4B-instruct-2507,12,6,2.9022927300980684e-06,0.9999907017622996,0.9999936040550298,False,9.29823770035032e-06
Qwen/Qwen3-4B-instruct-2507,12,7,8.152005165739432e-09,0.999998927117538,0.9999989352695432,False,1.0728824619832267e-06
Qwen/Qwen3-4B-instruct-2507,12,8,4.691128231229814e-08,0.9999920130413283,0.9999920599526106,False,7.98695867165744e-06
Qwen/Qwen3-4B-instruct-2507,12,9,1.3440384315611926e-08,0.9999984502816872,0.9999984637220716,False,1.5497183127877179e-06
Qwen/Qwen3-4B-instruct-2507,12,10,7.19411930861867e-09,0.9999974966112362,0.9999975038053555,False,2.5033887638414853e-06
Qwen/Qwen3-4B-instruct-2507,12,11,1.0467381829779195e-08,0.9999982118638471,0.9999982223312289,False,1.7881361529248352e-06
Qwen/Qwen3-4B-instruct-2507,12,12,0.9999995231630692,2.1024338523818466e-07,0.9999997334064544,True,4.7683693082944956e-07
Qwen/Qwen3-4B-instruct-2507,12,13,1.0467381829779195e-08,0.9999982118638471,0.9999982223312289,False,1.7881361529248352e-06
Qwen/Qwen3-4B-instruct-2507,12,14,9.23741442396384e-09,0.9999963045256735,0.9999963137630878,False,3.695474326548265e-06
Qwen/Qwen3-4B-instruct-2507,12,15,9.237432042950414e-09,0.9999979734461775,0.9999979826836095,False,2.026553822531696e-06
Qwen/Qwen3-4B-instruct-2507,12,16,1.9555531890413292e-08,0.9999920130413283,0.9999920325968602,False,7.98695867165744e-06
Qwen/Qwen3-4B-instruct-2507,12,17,6.348788006680007e-09,0.9999988079084972,0.9999988142572852,False,1.1920915028440504e-06
Qwen/Qwen3-4B-instruct-2507,12,18,4.691137178855366e-08,0.9999936819476216,0.9999937288589934,False,6.318052378384564e-06
Qwen/Qwen3-4B-instruct-2507,12,19,4.9444410711567335e-09,0.999998927117538,0.9999989320619791,False,1.0728824619832267e-06
Qwen/Qwen3-4B-instruct-2507,13,1,1.2751857270305506e-07,0.9999961853172863,0.999996312835859,False,3.8146827137097716e-06
Qwen/Qwen3-4B-instruct-2507,13,2,1.7257762154696544e-08,0.9999963045256735,0.9999963217834356,False,3.695474326548265e-06
Qwen/Qwen3-4B-instruct-2507,13,3,2.845329381943118e-08,0.9999982118638471,0.9999982403171409,False,1.7881361529248352e-06
Qwen/Qwen3-4B-instruct-2507,13,4,1.3440384315611926e-08,0.9999979734461775,0.9999979868865618,False,2.026553822531696e-06
Qwen/Qwen3-4B-instruct-2507,13,5,2.2159447507533765e-08,0.9999977350285647,0.9999977571880122,False,2.2649714352951378e-06
Qwen/Qwen3-4B-instruct-2507,13,6,1.5229950695859287e-08,0.9999974966112362,0.9999975118411869,False,2.5033887638414853e-06
Qwen/Qwen3-4B-instruct-2507,13,7,1.955564378838448e-08,0.9999977350285647,0.9999977545842085,False,2.2649714352951378e-06
Qwen/Qwen3-4B-instruct-2507,13,8,1.7257762154696544e-08,0.9999966621509202,0.9999966794086823,False,3.337849079798616e-06
Qwen/Qwen3-4B-instruct-2507,13,9,1.0467401794744658e-08,0.9999991655356624,0.9999991760030642,False,8.344643376290151e-07
Qwen/Qwen3-4B-instruct-2507,13,10,8.152005165739432e-09,0.9999977350285647,0.9999977431805699,False,2.2649714352951378e-06
Qwen/Qwen3-4B-instruct-2507,13,11,8.152005165739432e-09,0.9999982118638471,0.9999982200158523,False,1.7881361529248352e-06
Qwen/Qwen3-4B-instruct-2507,13,12,6.348788006680007e-09,0.9999984502816872,0.9999984566304753,False,1.5497183127877179e-06
Qwen/Qwen3-4B-instruct-2507,13,13,0.9999996423722521,1.1253517471925912e-07,0.9999997549074269,True,3.5762774786007867e-07
Qwen/Qwen3-4B-instruct-2507,13,14,2.510984787732669e-08,0.9999949932351057,0.9999950183449535,False,5.006764894344151e-06
Qwen/Qwen3-4B-instruct-2507,13,15,9.237432042950414e-09,0.9999974966112362,0.9999975058486682,False,2.5033887638414853e-06
Qwen/Qwen3-4B-instruct-2507,13,16,7.194105586938129e-09,0.9999966621509202,0.9999966693450257,False,3.337849079798616e-06
Qwen/Qwen3-4B-instruct-2507,13,17,1.5229921647061352e-08,0.9999958276922101,0.9999958429221317,False,4.172307789929164e-06
Qwen/Qwen3-4B-instruct-2507,13,18,7.194105586938129e-09,0.9999963045256735,0.999996311719779,False,3.695474326548265e-06
Qwen/Qwen3-4B-instruct-2507,13,19,1.5229921647061352e-08,0.9999963045256735,0.9999963197555951,False,3.695474326548265e-06
Qwen/Qwen3-4B-instruct-2507,14,1,1.3440384315611926e-08,0.9999971389852362,0.9999971524256206,False,2.861014763766434e-06
Qwen/Qwen3-4B-instruct-2507,14,2,1.3440307409336009e-08,0.9999920130413283,0.9999920264816358,False,7.98695867165744e-06
Qwen/Qwen3-4B-instruct-2507,14,3,8.152005165739432e-09,0.9999988079084972,0.9999988160605023,False,1.1920915028440504e-06
Qwen/Qwen3-4B-instruct-2507,14,4,1.3440358680137724e-08,0.9999958276922101,0.9999958411325688,False,4.172307789929164e-06
Qwen/Qwen3-4B-instruct-2507,14,5,8.152005165739432e-09,0.9999988079084972,0.9999988160605023,False,1.1920915028440504e-06
Qwen/Qwen3-4B-instruct-2507,14,6,9.237432042950414e-09,0.9999977350285647,0.9999977442659967,False,2.2649714352951378e-06
Qwen/Qwen3-4B-instruct-2507,14,7,2.5109943663977427e-08,0.9999984502816872,0.9999984753916309,False,1.5497183127877179e-06
Qwen/Qwen3-4B-instruct-2507,14,8,1.0467381829779195e-08,0.9999971389852362,0.9999971494526181,False,2.861014763766434e-06
Qwen/Qwen3-4B-instruct-2507,14,9,6.34880011604368e-09,0.9999990463265931,0.9999990526753932,False,9.536734069115482e-07
Qwen/Qwen3-4B-instruct-2507,14,10,5.602785751061334e-09,0.9999979734461775,0.9999979790489633,False,2.026553822531696e-06
Qwen/Qwen3-4B-instruct-2507,14,11,5.602785751061334e-09,0.9999982118638471,0.9999982174666329,False,1.7881361529248352e-06
Qwen/Qwen3-4B-instruct-2507,14,12,5.602785751061334e-09,0.9999979734461775,0.9999979790489633,False,2.026553822531696e-06
Qwen/Qwen3-4B-instruct-2507,14,13,7.19411930861867e-09,0.999998927117538,0.9999989343116573,False,1.0728824619832267e-06
Qwen/Qwen3-4B-instruct-2507,14,14,0.9999994039539004,2.3823673954981372e-07,0.99999964219064,True,5.960460995879657e-07
Qwen/Qwen3-4B-instruct-2507,14,15,5.602785751061334e-09,0.9999984502816872,0.999998455884473,False,1.5497183127877179e-06
Qwen/Qwen3-4B-instruct-2507,14,16,8.151989617038353e-09,0.9999952316511552,0.9999952398031449,False,4.768348844774728e-06
Qwen/Qwen3-4B-instruct-2507,14,17,5.602785751061334e-09,0.9999988079084972,0.999998813511283,False,1.1920915028440504e-06
Qwen/Qwen3-4B-instruct-2507,14,18,6.348788006680007e-09,0.9999974966112362,0.9999975029600242,False,2.5033887638414853e-06
Qwen/Qwen3-4B-instruct-2507,14,19,4.363453930307876e-09,0.999998927117538,0.999998931480992,False,1.0728824619832267e-06
Qwen/Qwen3-4B-instruct-2507,15,1,1.955564378838448e-08,0.9999971389852362,0.99999715854088,False,2.861014763766434e-06
Qwen/Qwen3-4B-instruct-2507,15,2,8.152005165739432e-09,0.9999977350285647,0.9999977431805699,False,2.2649714352951378e-06
Qwen/Qwen3-4B-instruct-2507,15,3,1.7257795071296986e-08,0.9999979734461775,0.9999979907039726,False,2.026553822531696e-06
Qwen/Qwen3-4B-instruct-2507,15,4,9.237432042950414e-09,0.9999979734461775,0.9999979826836095,False,2.026553822531696e-06
Qwen/Qwen3-4B-instruct-2507,15,5,1.1253474543245463e-07,0.9999960661089133,0.9999961786436588,False,3.933891086660424e-06
Qwen/Qwen3-4B-instruct-2507,15,6,3.224174437983862e-08,0.9999957084838798,0.9999957407256241,False,4.291516120247252e-06
Qwen/Qwen3-4B-instruct-2507,15,7,7.19411930861867e-09,0.999998927117538,0.9999989343116573,False,1.0728824619832267e-06
Qwen/Qwen3-4B-instruct-2507,15,8,8.152005165739432e-09,0.9999977350285647,0.9999977431805699,False,2.2649714352951378e-06
Qwen/Qwen3-4B-instruct-2507,15,9,1.18610975280741e-08,0.9999984502816872,0.9999984621427848,False,1.5497183127877179e-06
Qwen/Qwen3-4B-instruct-2507,15,10,1.0467361864851814e-08,0.9999966621509202,0.9999966726182821,False,3.337849079798616e-06
Qwen/Qwen3-4B-instruct-2507,15,11,7.19411930861867e-09,0.9999977350285647,0.999997742222684,False,2.2649714352951378e-06
Qwen/Qwen3-4B-instruct-2507,15,12,1.1861074904847522e-08,0.9999963045256735,0.9999963163867484,False,3.695474326548265e-06
Qwen/Qwen3-4B-instruct-2507,15,13,6.348788006680007e-09,0.9999988079084972,0.9999988142572852,False,1.1920915028440504e-06
Qwen/Qwen3-4B-instruct-2507,15,14,7.19411930861867e-09,0.9999979734461775,0.9999979806402968,False,2.026553822531696e-06
Qwen/Qwen3-4B-instruct-2507,15,15,0.9999995231630692,2.1024338523818466e-07,0.9999997334064544,True,4.7683693082944956e-07
Qwen/Qwen3-4B-instruct-2507,15,16,6.348788006680007e-09,0.9999977350285647,0.9999977413773528,False,2.2649714352951378e-06
Qwen/Qwen3-4B-instruct-2507,15,17,6.348788006680007e-09,0.9999988079084972,0.9999988142572852,False,1.1920915028440504e-06
Qwen/Qwen3-4B-instruct-2507,15,18,1.1861074904847522e-08,0.9999963045256735,0.9999963163867484,False,3.695474326548265e-06
Qwen/Qwen3-4B-instruct-2507,15,19,5.602796437537268e-09,0.9999991655356624,0.9999991711384588,False,8.344643376290151e-07
Qwen/Qwen3-4B-instruct-2507,16,1,2.2159447507533765e-08,0.9999977350285647,0.9999977571880122,False,2.2649714352951378e-06
Qwen/Qwen3-4B-instruct-2507,16,2,1.0467381829779195e-08,0.9999971389852362,0.9999971494526181,False,2.861014763766434e-06
Qwen/Qwen3-4B-instruct-2507,16,3,1.0467381829779195e-08,0.999998927117538,0.9999989375849199,False,1.0728824619832267e-06
Qwen/Qwen3-4B-instruct-2507,16,4,1.1861074904847522e-08,0.9999963045256735,0.9999963163867484,False,3.695474326548265e-06
Qwen/Qwen3-4B-instruct-2507,16,5,9.237432042950414e-09,0.9999988079084972,0.9999988171459292,False,1.1920915028440504e-06
Qwen/Qwen3-4B-instruct-2507,16,6,1.18610975280741e-08,0.9999971389852362,0.9999971508463338,False,2.861014763766434e-06
Qwen/Qwen3-4B-instruct-2507,16,7,1.0467381829779195e-08,0.9999988079084972,0.999998818375879,False,1.1920915028440504e-06
Qwen/Qwen3-4B-instruct-2507,16,8,0.00020342607212999405,0.9997917847333165,0.9999952108054465,False,0.00020821526668346468
Qwen/Qwen3-4B-instruct-2507,16,9,7.194133030325383e-09,0.9999994039539004,0.9999994111480335,False,5.960460995879657e-07
Qwen/Qwen3-4B-instruct-2507,16,10,7.19411930861867e-09,0.9999971389852362,0.9999971461793555,False,2.861014763766434e-06
Qwen/Qwen3-4B-instruct-2507,16,11,6.348788006680007e-09,0.9999982118638471,0.9999982182126351,False,1.7881361529248352e-06
Qwen/Qwen3-4B-instruct-2507,16,12,8.152005165739432e-09,0.9999971389852362,0.9999971471372414,False,2.861014763766434e-06
Qwen/Qwen3-4B-instruct-2507,16,13,5.602785751061334e-09,0.999998927117538,0.9999989327203238,False,1.0728824619832267e-06
Qwen/Qwen3-4B-instruct-2507,16,14,4.9444410711567335e-09,0.9999982118638471,0.9999982168082882,False,1.7881361529248352e-06
Qwen/Qwen3-4B-instruct-2507,16,15,6.34880011604368e-09,0.9999992847447459,0.999999291093546,False,7.152552541356272e-07
Qwen/Qwen3-4B-instruct-2507,16,16,0.9999996423722521,1.4449802461092448e-07,0.9999997868702768,True,3.5762774786007867e-07
Qwen/Qwen3-4B-instruct-2507,16,17,8.152005165739432e-09,0.9999982118638471,0.9999982200158523,False,1.7881361529248352e-06
Qwen/Qwen3-4B-instruct-2507,16,18,6.348788006680007e-09,0.9999974966112362,0.9999975029600242,False,2.5033887638414853e-06
Qwen/Qwen3-4B-instruct-2507,16,19,4.363453930307876e-09,0.9999988079084972,0.9999988122719511,False,1.1920915028440504e-06
Qwen/Qwen3-4B-instruct-2507,17,1,6.023550859819657e-08,0.9999961853172863,0.9999962455527949,False,3.8146827137097716e-06
Qwen/Qwen3-4B-instruct-2507,17,2,1.7257762154696544e-08,0.9999952316511552,0.9999952489089173,False,4.768348844774728e-06
Qwen/Qwen3-4B-instruct-2507,17,3,1.3440384315611926e-08,0.9999984502816872,0.9999984637220716,False,1.5497183127877179e-06
Qwen/Qwen3-4B-instruct-2507,17,4,1.18610975280741e-08,0.9999977350285647,0.9999977468896623,False,2.2649714352951378e-06
Qwen/Qwen3-4B-instruct-2507,17,5,1.5229950695859287e-08,0.9999982118638471,0.9999982270937978,False,1.7881361529248352e-06
Qwen/Qwen3-4B-instruct-2507,17,6,1.0467381829779195e-08,0.9999977350285647,0.9999977454959466,False,2.2649714352951378e-06
Qwen/Qwen3-4B-instruct-2507,17,7,9.237432042950414e-09,0.9999985694905718,0.9999985787280038,False,1.430509428246296e-06
Qwen/Qwen3-4B-instruct-2507,17,8,9.237432042950414e-09,0.9999974966112362,0.9999975058486682,False,2.5033887638414853e-06
Qwen/Qwen3-4B-instruct-2507,17,9,9.237432042950414e-09,0.999998927117538,0.9999989363549701,False,1.0728824619832267e-06
Qwen/Qwen3-4B-instruct-2507,17,10,6.348788006680007e-09,0.9999977350285647,0.9999977413773528,False,2.2649714352951378e-06
Qwen/Qwen3-4B-instruct-2507,17,11,5.602785751061334e-09,0.9999985694905718,0.9999985750933575,False,1.430509428246296e-06
Qwen/Qwen3-4B-instruct-2507,17,12,4.9444410711567335e-09,0.9999984502816872,0.9999984552261283,False,1.5497183127877179e-06
Qwen/Qwen3-4B-instruct-2507,17,13,6.348788006680007e-09,0.999998927117538,0.9999989334663261,False,1.0728824619832267e-06
Qwen/Qwen3-4B-instruct-2507,17,14,4.9444410711567335e-09,0.9999984502816872,0.9999984552261283,False,1.5497183127877179e-06
Qwen/Qwen3-4B-instruct-2507,17,15,6.348788006680007e-09,0.999998927117538,0.9999989334663261,False,1.0728824619832267e-06
Qwen/Qwen3-4B-instruct-2507,17,16,1.0467381829779195e-08,0.9999984502816872,0.9999984607490691,False,1.5497183127877179e-06
Qwen/Qwen3-4B-instruct-2507,17,17,0.9999997615814777,9.931194312156244e-08,0.9999998608934209,True,2.3841852225814364e-07
Qwen/Qwen3-4B-instruct-2507,17,18,1.725769632168401e-08,0.9999920130413283,0.9999920302990246,False,7.98695867165744e-06
Qwen/Qwen3-4B-instruct-2507,17,19,1.7257762154696544e-08,0.9999963045256735,0.9999963217834356,False,3.695474326548265e-06
Qwen/Qwen3-4B-instruct-2507,18,1,2.5109895770606383e-08,0.9999961853172863,0.999996210427182,False,3.8146827137097716e-06
Qwen/Qwen3-4B-instruct-2507,18,2,1.955556918966588e-08,0.9999938011552557,0.9999938207108249,False,6.198844744287335e-06
Qwen/Qwen3-4B-instruct-2507,18,3,1.5229950695859287e-08,0.9999982118638471,0.9999982270937978,False,1.7881361529248352e-06
Qwen/Qwen3-4B-instruct-2507,18,4,1.3440384315611926e-08,0.9999974966112362,0.9999975100516205,False,2.5033887638414853e-06
Qwen/Qwen3-4B-instruct-2507,18,5,1.3440384315611926e-08,0.9999979734461775,0.9999979868865618,False,2.026553822531696e-06
Qwen/Qwen3-4B-instruct-2507,18,6,2.699563056295106e-07,0.9999942779868433,0.9999945479431489,False,5.7220131567392585e-06
Qwen/Qwen3-4B-instruct-2507,18,7,1.5229950695859287e-08,0.9999984502816872,0.999998465511638,False,1.5497183127877179e-06
Qwen/Qwen3-4B-instruct-2507,18,8,1.18610975280741e-08,0.9999971389852362,0.9999971508463338,False,2.861014763766434e-06
Qwen/Qwen3-4B-instruct-2507,18,9,1.4449774900307763e-07,0.9999979734461775,0.9999981179439265,False,2.026553822531696e-06
Qwen/Qwen3-4B-instruct-2507,18,10,7.19411930861867e-09,0.9999971389852362,0.9999971461793555,False,2.861014763766434e-06
Qwen/Qwen3-4B-instruct-2507,18,11,6.348788006680007e-09,0.9999982118638471,0.9999982182126351,False,1.7881361529248352e-06
Qwen/Qwen3-4B-instruct-2507,18,12,1.7257729238158885e-08,0.999995112442896,0.9999951297006252,False,4.887557104038542e-06
Qwen/Qwen3-4B-instruct-2507,18,13,7.19411930861867e-09,0.9999988079084972,0.9999988151026165,False,1.1920915028440504e-06
Qwen/Qwen3-4B-instruct-2507,18,14,8.152005165739432e-09,0.9999974966112362,0.9999975047632413,False,2.5033887638414853e-06
Qwen/Qwen3-4B-instruct-2507,18,15,8.152005165739432e-09,0.9999982118638471,0.9999982200158523,False,1.7881361529248352e-06
Qwen/Qwen3-4B-instruct-2507,18,16,9.237432042950414e-09,0.9999973774024795,0.9999973866399116,False,2.6225975204852148e-06
Qwen/Qwen3-4B-instruct-2507,18,17,1.0467381829779195e-08,0.999998927117538,0.9999989375849199,False,1.0728824619832267e-06
Qwen/Qwen3-4B-instruct-2507,18,18,0.9999996423722521,2.1024338523818466e-07,0.9999998526156374,True,3.5762774786007867e-07
Qwen/Qwen3-4B-instruct-2507,18,19,1.5229950695859287e-08,0.9999979734461775,0.9999979886761282,False,2.026553822531696e-06
Qwen/Qwen3-4B-instruct-2507,19,1,4.139914029939298e-08,0.999995112442896,0.9999951538420363,False,4.887557104038542e-06
Qwen/Qwen3-4B-instruct-2507,19,2,1.1861074904847522e-08,0.9999958276922101,0.999995839553285,False,4.172307789929164e-06
Qwen/Qwen3-4B-instruct-2507,19,3,1.7257795071296986e-08,0.9999979734461775,0.9999979907039726,False,2.026553822531696e-06
Qwen/Qwen3-4B-instruct-2507,19,4,1.1861074904847522e-08,0.9999966621509202,0.9999966740119951,False,3.337849079798616e-06
Qwen/Qwen3-4B-instruct-2507,19,5,1.5229950695859287e-08,0.9999971389852362,0.999997154215187,False,2.861014763766434e-06
Qwen/Qwen3-4B-instruct-2507,19,6,1.0467361864851814e-08,0.9999966621509202,0.9999966726182821,False,3.337849079798616e-06
Qwen/Qwen3-4B-instruct-2507,19,7,1.0467381829779195e-08,0.9999979734461775,0.9999979839135593,False,2.026553822531696e-06
Qwen/Qwen3-4B-instruct-2507,19,8,7.19411930861867e-09,0.9999977350285647,0.999997742222684,False,2.2649714352951378e-06
Qwen/Qwen3-4B-instruct-2507,19,9,7.19411930861867e-09,0.9999985694905718,0.999998576684691,False,1.430509428246296e-06
Qwen/Qwen3-4B-instruct-2507,19,10,4.94443164039281e-09,0.9999966621509202,0.9999966670953518,False,3.337849079798616e-06
Qwen/Qwen3-4B-instruct-2507,19,11,4.9444410711567335e-09,0.9999982118638471,0.9999982168082882,False,1.7881361529248352e-06
Qwen/Qwen3-4B-instruct-2507,19,12,3.850734578067279e-09,0.9999971389852362,0.9999971428359709,False,2.861014763766434e-06
Qwen/Qwen3-4B-instruct-2507,19,13,6.348788006680007e-09,0.9999982118638471,0.9999982182126351,False,1.7881361529248352e-06
Qwen/Qwen3-4B-instruct-2507,19,14,4.9444410711567335e-09,0.9999974966112362,0.9999975015556772,False,2.5033887638414853e-06
Qwen/Qwen3-4B-instruct-2507,19,15,5.602785751061334e-09,0.9999985694905718,0.9999985750933575,False,1.430509428246296e-06
Qwen/Qwen3-4B-instruct-2507,19,16,4.363453930307876e-09,0.9999971389852362,0.9999971433486902,False,2.861014763766434e-06
Qwen/Qwen3-4B-instruct-2507,19,17,7.19411930861867e-09,0.9999982118638471,0.9999982190579664,False,1.7881361529248352e-06
Qwen/Qwen3-4B-instruct-2507,19,18,6.348788006680007e-09,0.9999974966112362,0.9999975029600242,False,2.5033887638414853e-06
Qwen/Qwen3-4B-instruct-2507,19,19,0.9999996423722521,1.4449802461092448e-07,0.9999997868702768,True,3.5762774786007867e-07
google/gemma-4-e2b-it,1,1,1.0,3.444533321873019e-10,1.0000000003444534,True,0.0
google/gemma-4-e2b-it,1,2,0.9999998807907247,1.3176514270095466e-10,0.9999998809224898,True,1.1920927533992653e-07
google/gemma-4-e2b-it,1,3,1.0,8.641369031076029e-11,1.0000000000864138,True,0.0
google/gemma-4-e2b-it,1,4,0.9999998807907247,6.032647824709456e-11,0.9999998808510512,True,1.1920927533992653e-07
google/gemma-4-e2b-it,1,5,1.0,6.224144622907783e-11,1.0000000000622415,True,0.0
google/gemma-4-e2b-it,1,6,1.0,8.245651932552454e-11,1.0000000000824565,True,0.0
google/gemma-4-e2b-it,1,7,1.0,2.084827301773189e-11,1.0000000000208482,True,0.0
google/gemma-4-e2b-it,1,8,1.0,8.245651932552454e-11,1.0000000000824565,True,0.0
google/gemma-4-e2b-it,1,9,1.0,3.894970178482088e-11,1.0000000000389497,True,0.0
google/gemma-4-e2b-it,1,10,1.0,7.276762290268223e-11,1.0000000000727676,True,0.0
google/gemma-4-e2b-it,1,11,1.0,8.507397021943229e-11,1.000000000085074,True,0.0
google/gemma-4-e2b-it,1,12,1.0,5.407630560739699e-11,1.0000000000540763,True,0.0
google/gemma-4-e2b-it,1,13,1.0,4.5536814829435366e-11,1.000000000045537,True,0.0
google/gemma-4-e2b-it,1,14,1.0,1.127046991112573e-10,1.0000000001127047,True,0.0
google/gemma-4-e2b-it,1,15,1.0,7.625981404015043e-11,1.0000000000762599,True,0.0
google/gemma-4-e2b-it,1,16,1.0,7.276762290268223e-11,1.0000000000727676,True,0.0
google/gemma-4-e2b-it,1,17,1.0,3.658985864935009e-11,1.0000000000365898,True,0.0
google/gemma-4-e2b-it,1,18,1.0,8.245651932552454e-11,1.0000000000824565,True,0.0
google/gemma-4-e2b-it,1,19,1.0,6.224144622907783e-11,1.0000000000622415,True,0.0
google/gemma-4-e2b-it,2,1,5.3318128479527204e-14,1.0,1.0000000000000533,False,0.0
google/gemma-4-e2b-it,2,2,1.0,1.1579441125372938e-12,1.000000000001158,True,0.0
google/gemma-4-e2b-it,2,3,4.075753933568295e-08,1.0,1.0000000407575393,False,0.0
google/gemma-4-e2b-it,2,4,1.0,1.3967472156814159e-12,1.0000000000013967,True,0.0
google/gemma-4-e2b-it,2,5,4.508755242294825e-12,1.0,1.0000000000045088,False,0.0
google/gemma-4-e2b-it,2,6,1.0,7.835041785064389e-13,1.0000000000007836,True,0.0
google/gemma-4-e2b-it,2,7,3.8623522725779546e-15,1.0,1.0000000000000038,False,0.0
google/gemma-4-e2b-it,2,8,1.0,8.471700101790331e-13,1.000000000000847,True,0.0
google/gemma-4-e2b-it,2,9,4.3204126993085624e-10,1.0,1.0000000004320413,False,0.0
google/gemma-4-e2b-it,2,10,1.0,1.1761790789811995e-12,1.0000000000011762,True,0.0
google/gemma-4-e2b-it,2,11,3.008002974381331e-15,1.0,1.000000000000003,False,0.0
google/gemma-4-e2b-it,2,12,1.0,5.914199822605245e-13,1.0000000000005915,True,0.0
google/gemma-4-e2b-it,2,13,1.6100679690567228e-15,1.0,1.0000000000000016,False,0.0
google/gemma-4-e2b-it,2,14,1.0,5.732239023403102e-13,1.0000000000005733,True,0.0
google/gemma-4-e2b-it,2,15,1.006039279283317e-12,1.0,1.000000000001006,False,0.0
google/gemma-4-e2b-it,2,16,1.0,1.2326250915325075e-12,1.0000000000012326,True,0.0
google/gemma-4-e2b-it,2,17,7.681204685202095e-15,1.0,1.0000000000000078,False,0.0
google/gemma-4-e2b-it,2,18,1.0,6.701666380113233e-13,1.0000000000006701,True,0.0
google/gemma-4-e2b-it,2,19,5.15999712815652e-11,1.0,1.0000000000516,False,0.0
google/gemma-4-e2b-it,3,1,1.5428112031918877e-13,1.0,1.0000000000001543,False,0.0
google/gemma-4-e2b-it,3,2,8.878265478459658e-13,1.0,1.0000000000008877,False,0.0
google/gemma-4-e2b-it,3,3,1.0,6.1627377326348205e-12,1.0000000000061628,True,0.0
google/gemma-4-e2b-it,3,4,7.433680672352188e-12,1.0,1.0000000000074336,False,0.0
google/gemma-4-e2b-it,3,5,6.983296728391707e-12,0.9999998807907247,0.999999880797708,False,1.1920927533992653e-07
google/gemma-4-e2b-it,3,6,1.0,4.772217220174583e-11,1.0000000000477223,True,0.0
google/gemma-4-e2b-it,3,7,2.2447770550209742e-13,1.0,1.0000000000002245,False,0.0
google/gemma-4-e2b-it,3,8,2.020683909022217e-11,0.9999996423722521,0.999999642392459,False,3.5762774786007867e-07
google/gemma-4-e2b-it,3,9,1.0,9.397052872628792e-12,1.0000000000093971,True,0.0
google/gemma-4-e2b-it,3,10,5.384940217754036e-13,0.9999998807907247,0.9999998807912631,False,1.1920927533992653e-07
google/gemma-4-e2b-it,3,11,7.21582401942292e-15,1.0,1.000000000000007,False,0.0
google/gemma-4-e2b-it,3,12,1.0,1.9391914656687896e-12,1.0000000000019391,True,0.0
google/gemma-4-e2b-it,3,13,1.2015425731771786e-13,1.0,1.0000000000001201,False,0.0
google/gemma-4-e2b-it,3,14,1.748234128271057e-13,1.0,1.0000000000001747,False,0.0
google/gemma-4-e2b-it,3,15,1.0,6.983296728391707e-12,1.0000000000069833,True,0.0
google/gemma-4-e2b-it,3,16,5.3318128479527204e-14,1.0,1.0000000000000533,False,0.0
google/gemma-4-e2b-it,3,17,1.435037960133826e-14,1.0,1.0000000000000144,False,0.0
google/gemma-4-e2b-it,3,18,1.0,1.5581841173700477e-12,1.000000000001558,True,0.0
google/gemma-4-e2b-it,3,19,1.2917800047859961e-12,0.9999998807907247,0.9999998807920164,False,1.1920927533992653e-07
google/gemma-4-e2b-it,4,1,3.2020024986373665e-15,1.0,1.000000000000003,False,0.0
google/gemma-4-e2b-it,4,2,1.6586783589142312e-12,1.0,1.0000000000016587,False,0.0
google/gemma-4-e2b-it,4,3,1.039538011670222e-15,1.0,1.000000000000001,False,0.0
google/gemma-4-e2b-it,4,4,1.0,3.5114221133765118e-12,1.0000000000035114,True,0.0
google/gemma-4-e2b-it,4,5,1.334793228597603e-15,1.0,1.0000000000000013,False,0.0
google/gemma-4-e2b-it,4,6,2.4616969518153846e-10,1.0,1.0000000002461698,False,0.0
google/gemma-4-e2b-it,4,7,1.0956650033262367e-16,1.0,1.0,False,0.0
google/gemma-4-e2b-it,4,8,1.0,7.550744109306868e-12,1.0000000000075508,True,0.0
google/gemma-4-e2b-it,4,9,2.3659776091347615e-14,1.0,1.0000000000000238,False,0.0
google/gemma-4-e2b-it,4,10,5.384940217754036e-13,1.0,1.0000000000005385,False,0.0
google/gemma-4-e2b-it,4,11,2.0469717131642043e-16,1.0,1.0000000000000002,False,0.0
google/gemma-4-e2b-it,4,12,1.0,1.1399918530443554e-12,1.00000000000114,True,0.0
google/gemma-4-e2b-it,4,13,5.175555005801869e-17,1.0,1.0,False,0.0
google/gemma-4-e2b-it,4,14,2.761947433970946e-11,1.0,1.0000000000276195,False,0.0
google/gemma-4-e2b-it,4,15,2.0469717131642043e-16,1.0,1.0000000000000002,False,0.0
google/gemma-4-e2b-it,4,16,1.0,2.129785170955785e-12,1.0000000000021299,True,0.0
google/gemma-4-e2b-it,4,17,7.530388099325974e-17,1.0,1.0,False,0.0
google/gemma-4-e2b-it,4,18,1.8370862266141198e-08,1.0,1.0000000183708622,False,0.0
google/gemma-4-e2b-it,4,19,5.564246011263937e-16,1.0,1.0000000000000007,False,0.0
google/gemma-4-e2b-it,5,1,1.824446028469072e-15,1.0,1.0000000000000018,False,0.0
google/gemma-4-e2b-it,5,2,5.2792096283383845e-15,1.0,1.0000000000000053,False,0.0
google/gemma-4-e2b-it,5,3,4.0708893451447087e-16,1.0,1.0000000000000004,False,0.0
google/gemma-4-e2b-it,5,4,5.9821282237671354e-15,1.0,1.000000000000006,False,0.0
google/gemma-4-e2b-it,5,5,1.0,7.913111885083693e-12,1.000000000007913,True,0.0
google/gemma-4-e2b-it,5,6,2.5185700548476786e-14,1.0,1.000000000000025,False,0.0
google/gemma-4-e2b-it,5,7,5.175555005801869e-17,1.0,1.0,False,0.0
google/gemma-4-e2b-it,5,8,1.6100679690567228e-15,1.0,1.0000000000000016,False,0.0
google/gemma-4-e2b-it,5,9,5.564246011263937e-16,1.0,1.0000000000000007,False,0.0
google/gemma-4-e2b-it,5,10,1.0,3.03340582504162e-11,1.000000000030334,True,0.0
google/gemma-4-e2b-it,5,11,7.530388099325974e-17,1.0,1.0,False,0.0
google/gemma-4-e2b-it,5,12,2.825757287115611e-15,1.0,1.0000000000000029,False,0.0
google/gemma-4-e2b-it,5,13,5.175555005801869e-17,1.0,1.0,False,0.0
google/gemma-4-e2b-it,5,14,2.6283637069436874e-16,1.0,1.0000000000000002,False,0.0
google/gemma-4-e2b-it,5,15,1.0,5.611236560031702e-12,1.0000000000056113,True,0.0
google/gemma-4-e2b-it,5,16,3.374885804015305e-16,1.0,1.0000000000000004,False,0.0
google/gemma-4-e2b-it,5,17,2.444759076612131e-17,1.0,1.0,False,0.0
google/gemma-4-e2b-it,5,18,6.305116760146989e-16,1.0,1.0000000000000007,False,0.0
google/gemma-4-e2b-it,5,19,1.0956650033262367e-16,1.0,1.0,False,0.0
google/gemma-4-e2b-it,6,1,7.21582401942292e-15,1.0,1.000000000000007,False,0.0
google/gemma-4-e2b-it,6,2,1.748234128271057e-13,1.0,1.0000000000001747,False,0.0
google/gemma-4-e2b-it,6,3,1.1399918530443554e-12,1.0,1.00000000000114,False,0.0
google/gemma-4-e2b-it,6,4,1.2917800047859961e-12,1.0,1.0000000000012919,False,0.0
google/gemma-4-e2b-it,6,5,1.435037960133826e-14,1.0,1.0000000000000144,False,0.0
google/gemma-4-e2b-it,6,6,1.0,3.0988191387218256e-12,1.0000000000030989,True,0.0
google/gemma-4-e2b-it,6,7,8.618072811299709e-16,1.0,1.0000000000000009,False,0.0
google/gemma-4-e2b-it,6,8,6.041735480699455e-14,1.0,1.0000000000000604,False,0.0
google/gemma-4-e2b-it,6,9,4.752193062771153e-13,1.0,1.0000000000004752,False,0.0
google/gemma-4-e2b-it,6,10,7.433680672352188e-12,1.0,1.0000000000074336,False,0.0
google/gemma-4-e2b-it,6,11,2.2007019879753665e-15,1.0,1.0000000000000022,False,0.0
google/gemma-4-e2b-it,6,12,1.0,7.593982891595267e-13,1.0000000000007594,True,0.0
google/gemma-4-e2b-it,6,13,1.1779508898282764e-15,1.0,1.000000000000001,False,0.0
google/gemma-4-e2b-it,6,14,1.748234128271057e-13,1.0,1.0000000000001747,False,0.0
google/gemma-4-e2b-it,6,15,4.1937956583795446e-13,1.0,1.0000000000004194,False,0.0
google/gemma-4-e2b-it,6,16,1.304651588236747e-11,1.0,1.0000000000130465,False,0.0
google/gemma-4-e2b-it,6,17,1.1065824532574403e-15,1.0,1.000000000000001,False,0.0
google/gemma-4-e2b-it,6,18,1.0,3.0988191387218256e-12,1.0000000000030989,True,0.0
google/gemma-4-e2b-it,6,19,1.1896882546451464e-14,1.0,1.000000000000012,False,0.0
google/gemma-4-e2b-it,7,1,5.058683183027784e-13,0.9999998807907247,0.9999998807912305,False,1.1920927533992653e-07
google/gemma-4-e2b-it,7,2,2.911071178211687e-12,1.0,1.000000000002911,False,0.0
google/gemma-4-e2b-it,7,3,1.0815941557285693e-11,1.0,1.000000000010816,False,0.0
google/gemma-4-e2b-it,7,4,5.789356328730652e-12,1.0,1.0000000000057894,False,0.0
google/gemma-4-e2b-it,7,5,2.7346982915918745e-12,0.9999998807907247,0.9999998807934594,False,1.1920927533992653e-07
google/gemma-4-e2b-it,7,6,8.340358565590937e-13,1.0,1.000000000000834,False,0.0
google/gemma-4-e2b-it,7,7,1.0,2.6354686525515713e-11,1.0000000000263547,True,0.0
google/gemma-4-e2b-it,7,8,8.507397021943229e-11,1.0,1.000000000085074,False,0.0
google/gemma-4-e2b-it,7,9,5.15999712815652e-11,1.0,1.0000000000516,False,0.0
google/gemma-4-e2b-it,7,10,8.340358565590937e-13,0.9999998807907247,0.9999998807915587,False,1.1920927533992653e-07
google/gemma-4-e2b-it,7,11,7.75774191812223e-14,1.0,1.0000000000000775,False,0.0
google/gemma-4-e2b-it,7,12,2.020683909022217e-11,1.0,1.000000000020207,False,0.0
google/gemma-4-e2b-it,7,13,2.707717986972444e-13,0.9999998807907247,0.9999998807909954,False,1.1920927533992653e-07
google/gemma-4-e2b-it,7,14,1.0,1.478363929001648e-11,1.0000000000147837,True,0.0
google/gemma-4-e2b-it,7,15,4.799544972039692e-12,0.9999998807907247,0.9999998807955242,False,1.1920927533992653e-07
google/gemma-4-e2b-it,7,16,6.914400106940203e-13,1.0,1.0000000000006914,False,0.0
google/gemma-4-e2b-it,7,17,1.1399918530443554e-12,0.9999998807907247,0.9999998807918646,False,1.1920927533992653e-07
google/gemma-4-e2b-it,7,18,1.6918979226151304e-10,1.0,1.0000000001691898,False,0.0
google/gemma-4-e2b-it,7,19,1.7656539221911676e-12,0.9999998807907247,0.9999998807924904,False,1.1920927533992653e-07
google/gemma-4-e2b-it,8,1,8.703945206726412e-15,1.0,1.0000000000000087,False,0.0
google/gemma-4-e2b-it,8,2,5.384940217754036e-13,1.0,1.0000000000005385,False,0.0
google/gemma-4-e2b-it,8,3,1.5275899568992458e-14,1.0,1.0000000000000153,False,0.0
google/gemma-4-e2b-it,8,4,1.1399918530443554e-12,1.0,1.00000000000114,False,0.0
google/gemma-4-e2b-it,8,5,2.222630272345391e-14,1.0,1.0000000000000222,False,0.0
google/gemma-4-e2b-it,8,6,2.4374100555808313e-11,1.0,1.000000000024374,False,0.0
google/gemma-4-e2b-it,8,7,4.959358486191753e-15,1.0,1.0000000000000049,False,0.0
google/gemma-4-e2b-it,8,8,1.0,2.084827301773189e-11,1.0000000000208482,True,0.0
google/gemma-4-e2b-it,8,9,3.037975385443128e-14,1.0,1.0000000000000304,False,0.0
google/gemma-4-e2b-it,8,10,5.008774637843506e-14,1.0,1.0000000000000502,False,0.0
google/gemma-4-e2b-it,8,11,1.9421126879000225e-15,1.0,1.000000000000002,False,0.0
google/gemma-4-e2b-it,8,12,0.00011591874149975146,0.9998790172097274,0.9999949359512271,False,0.00012098279027261682
google/gemma-4-e2b-it,8,13,1.5125188821494485e-15,1.0,1.0000000000000016,False,0.0
google/gemma-4-e2b-it,8,14,4.152420021175756e-14,1.0,1.0000000000000415,False,0.0
google/gemma-4-e2b-it,8,15,2.3426350719292957e-15,1.0,1.0000000000000024,False,0.0
google/gemma-4-e2b-it,8,16,1.0,1.5252922376319218e-11,1.000000000015253,True,0.0
google/gemma-4-e2b-it,8,17,1.9421126879000225e-15,1.0,1.000000000000002,False,0.0
google/gemma-4-e2b-it,8,18,2.289734845645553e-11,1.0,1.0000000000228972,False,0.0
google/gemma-4-e2b-it,8,19,7.21582401942292e-15,1.0,1.000000000000007,False,0.0
google/gemma-4-e2b-it,9,1,1.19973527697938e-10,0.9999995231630692,0.9999995232830426,False,4.7683693082944956e-07
google/gemma-4-e2b-it,9,2,1.3615261080896538e-13,1.0,1.0000000000001361,False,0.0
google/gemma-4-e2b-it,9,3,2.911071178211687e-12,0.9999998807907247,0.9999998807936358,False,1.1920927533992653e-07
google/gemma-4-e2b-it,9,4,6.101936677605324e-13,1.0,1.0000000000006102,False,0.0
google/gemma-4-e2b-it,9,5,1.3750926572355787e-12,1.0,1.0000000000013751,False,0.0
google/gemma-4-e2b-it,9,6,5.789356328730652e-12,1.0,1.0000000000057894,False,0.0
google/gemma-4-e2b-it,9,7,2.2447770550209742e-13,1.0,1.0000000000002245,False,0.0
google/gemma-4-e2b-it,9,8,5.211412487888539e-10,0.9999996423722521,0.9999996428933934,False,3.5762774786007867e-07
google/gemma-4-e2b-it,9,9,1.0,1.187898789080476e-11,1.000000000011879,True,0.0
google/gemma-4-e2b-it,9,10,9.357622968840175e-14,0.9999998807907247,0.9999998807908183,False,1.1920927533992653e-07
google/gemma-4-e2b-it,9,11,1.8426252147235624e-14,1.0,1.0000000000000184,False,0.0
google/gemma-4-e2b-it,9,12,4.5990553786523166e-10,0.9999991655356624,0.9999991659955679,False,8.344643376290151e-07
google/gemma-4-e2b-it,9,13,3.2339079641330587e-14,1.0,1.0000000000000324,False,0.0
google/gemma-4-e2b-it,9,14,5.3318128479527204e-14,1.0,1.0000000000000533,False,0.0
google/gemma-4-e2b-it,9,15,3.0988191387218256e-12,0.9999996423722521,0.999999642375351,False,3.5762774786007867e-07
google/gemma-4-e2b-it,9,16,1.2015425731771786e-13,1.0,1.0000000000001201,False,0.0
google/gemma-4-e2b-it,9,17,3.664497806917865e-14,0.9999998807907247,0.9999998807907613,False,1.1920927533992653e-07
google/gemma-4-e2b-it,9,18,1.0,1.2645116787314019e-11,1.0000000000126452,True,0.0
google/gemma-4-e2b-it,9,19,2.911071178211687e-12,0.9999997615814777,0.9999997615843889,False,2.3841852225814364e-07
google/gemma-4-e2b-it,10,1,4.658886145103398e-15,1.0,1.0000000000000047,False,0.0
google/gemma-4-e2b-it,10,2,1.049896199765615e-14,1.0,1.0000000000000104,False,0.0
google/gemma-4-e2b-it,10,3,1.8064461965456932e-16,1.0,1.0000000000000002,False,0.0
google/gemma-4-e2b-it,10,4,1.824446028469072e-15,1.0,1.0000000000000018,False,0.0
google/gemma-4-e2b-it,10,5,1.6100679690567228e-15,1.0,1.0000000000000016,False,0.0
google/gemma-4-e2b-it,10,6,1.1176086870894152e-14,1.0,1.000000000000011,False,0.0
google/gemma-4-e2b-it,10,7,4.0307262913476244e-17,1.0,1.0,False,0.0
google/gemma-4-e2b-it,10,8,5.619689396832023e-15,1.0,1.0000000000000056,False,0.0
google/gemma-4-e2b-it,10,9,4.612921964056952e-16,1.0,1.0000000000000004,False,0.0
google/gemma-4-e2b-it,10,10,1.0,1.2135150107772189e-12,1.0000000000012135,True,0.0
google/gemma-4-e2b-it,10,11,4.0307262913476244e-17,1.0,1.0,False,0.0
google/gemma-4-e2b-it,10,12,4.959358486191753e-15,1.0,1.0000000000000049,False,0.0
google/gemma-4-e2b-it,10,13,1.6802567025824347e-17,1.0,1.0,False,0.0
google/gemma-4-e2b-it,10,14,7.530388099325974e-17,1.0,1.0,False,0.0
google/gemma-4-e2b-it,10,15,6.64554417291507e-17,1.0,1.0,False,0.0
google/gemma-4-e2b-it,10,16,2.9783262686202286e-16,1.0,1.0000000000000002,False,0.0
google/gemma-4-e2b-it,10,17,1.4828213355760042e-17,1.0,1.0,False,0.0
google/gemma-4-e2b-it,10,18,4.612921964056952e-16,1.0,1.0000000000000004,False,0.0
google/gemma-4-e2b-it,10,19,9.669209717057444e-17,1.0,1.0,False,0.0
google/gemma-4-e2b-it,11,1,4.752193062771153e-13,0.9999998807907247,0.9999998807911998,False,1.1920927533992653e-07
google/gemma-4-e2b-it,11,2,5.058683183027784e-13,1.0,1.0000000000005058,False,0.0
google/gemma-4-e2b-it,11,3,5.732239023403102e-13,1.0,1.0000000000005733,False,0.0
google/gemma-4-e2b-it,11,4,7.835041785064389e-13,1.0,1.0000000000007836,False,0.0
google/gemma-4-e2b-it,11,5,1.5581841173700477e-12,1.0,1.000000000001558,False,0.0
google/gemma-4-e2b-it,11,6,6.1627377326348205e-12,1.0,1.0000000000061628,False,0.0
google/gemma-4-e2b-it,11,7,2.7346982915918745e-12,1.0,1.0000000000027347,False,0.0
google/gemma-4-e2b-it,11,8,2.5690112979751028e-12,1.0,1.000000000002569,False,0.0
google/gemma-4-e2b-it,11,9,8.507397021943229e-11,0.9999998807907247,0.9999998808757986,False,1.1920927533992653e-07
google/gemma-4-e2b-it,11,10,5.438596960491441e-12,0.9999998807907247,0.9999998807961633,False,1.1920927533992653e-07
google/gemma-4-e2b-it,11,11,1.0,1.1447953986921148e-10,1.0000000001144795,True,0.0
google/gemma-4-e2b-it,11,12,5.780648287988534e-09,0.9999997615814777,0.999999767362126,False,2.3841852225814364e-07
google/gemma-4-e2b-it,11,13,2.2671445131678592e-12,0.9999997615814777,0.9999997615837449,False,2.3841852225814364e-07
google/gemma-4-e2b-it,11,14,2.7346982915918745e-12,0.9999997615814777,0.9999997615842124,False,2.3841852225814364e-07
google/gemma-4-e2b-it,11,15,2.5690112979751028e-12,0.9999998807907247,0.9999998807932937,False,1.1920927533992653e-07
google/gemma-4-e2b-it,11,16,2.5690112979751028e-12,0.9999998807907247,0.9999998807932937,False,1.1920927533992653e-07
google/gemma-4-e2b-it,11,17,2.413362771833214e-12,0.9999996423722521,0.9999996423746655,False,3.5762774786007867e-07
google/gemma-4-e2b-it,11,18,5.4927883509546835e-11,0.9999997615814777,0.9999997616364056,False,2.3841852225814364e-07
google/gemma-4-e2b-it,11,19,2.020683909022217e-11,0.9999996423722521,0.999999642392459,False,3.5762774786007867e-07
google/gemma-4-e2b-it,12,1,3.664497806917865e-14,1.0,1.0000000000000366,False,0.0
google/gemma-4-e2b-it,12,2,3.0988191387218256e-12,1.0,1.0000000000030989,False,0.0
google/gemma-4-e2b-it,12,3,1.5581841173700477e-12,1.0,1.000000000001558,False,0.0
google/gemma-4-e2b-it,12,4,3.0636313557607507e-10,1.0,1.0000000003063632,False,0.0
google/gemma-4-e2b-it,12,5,7.287724095819692e-14,1.0,1.0000000000000728,False,0.0
google/gemma-4-e2b-it,12,6,0.08064661077021869,0.9193534068106167,1.0000000175808355,False,0.08064659318938328
google/gemma-4-e2b-it,12,7,6.367942346736252e-15,1.0,1.0000000000000064,False,0.0
google/gemma-4-e2b-it,12,8,1.3887943864964021e-11,1.0,1.000000000013888,False,0.0
google/gemma-4-e2b-it,12,9,7.276762290268223e-11,1.0,1.0000000000727676,False,0.0
google/gemma-4-e2b-it,12,10,5.384940217754036e-13,1.0,1.0000000000005385,False,0.0
google/gemma-4-e2b-it,12,11,4.111452592548034e-15,1.0,1.0000000000000042,False,0.0
google/gemma-4-e2b-it,12,12,1.0,9.848026855989525e-12,1.0000000000098481,True,0.0
google/gemma-4-e2b-it,12,13,8.618072811299709e-16,1.0,1.0000000000000009,False,0.0
google/gemma-4-e2b-it,12,14,1.2015425731771786e-13,1.0,1.0000000000001201,False,0.0
google/gemma-4-e2b-it,12,15,1.5275899568992458e-14,1.0,1.0000000000000153,False,0.0
google/gemma-4-e2b-it,12,16,2.3552611737227186e-05,0.9999763971175267,0.999999949729264,False,2.360288247327258e-05
google/gemma-4-e2b-it,12,17,1.9421126879000225e-15,1.0,1.000000000000002,False,0.0
google/gemma-4-e2b-it,12,18,1.0,3.61743726377138e-09,1.0000000036174372,False,0.9999999963825628
google/gemma-4-e2b-it,12,19,8.703945206726412e-15,1.0,1.0000000000000087,False,0.0
google/gemma-4-e2b-it,13,1,3.701011678592672e-13,1.0,1.0000000000003701,False,0.0
google/gemma-4-e2b-it,13,2,1.463778514125909e-12,1.0,1.0000000000014637,False,0.0
google/gemma-4-e2b-it,13,3,7.05287985111216e-11,1.0,1.0000000000705287,False,0.0
google/gemma-4-e2b-it,13,4,1.783247290814639e-11,1.0,1.0000000000178324,False,0.0
google/gemma-4-e2b-it,13,5,3.97896253583724e-12,1.0,1.000000000003979,False,0.0
google/gemma-4-e2b-it,13,6,1.5893910094516368e-10,0.9999998807907247,0.9999998809496637,False,1.1920927533992653e-07
google/gemma-4-e2b-it,13,7,2.8496210568585866e-11,1.0,1.0000000000284963,False,0.0
google/gemma-4-e2b-it,13,8,5.4927883509546835e-11,1.0,1.0000000000549278,False,0.0
google/gemma-4-e2b-it,13,9,2.6204627647424615e-10,0.9999998807907247,0.9999998810527709,False,1.1920927533992653e-07
google/gemma-4-e2b-it,13,10,1.7656539221911676e-12,1.0,1.0000000000017657,False,0.0
google/gemma-4-e2b-it,13,11,7.835041785064389e-13,0.9999998807907247,0.9999998807915081,False,1.1920927533992653e-07
google/gemma-4-e2b-it,13,12,4.363462252943702e-09,1.0,1.0000000043634623,False,0.0
google/gemma-4-e2b-it,13,13,1.0,6.224144622907783e-11,1.0000000000622415,True,0.0
google/gemma-4-e2b-it,13,14,0.0007916284088209255,0.9992066959836,0.999998324392421,False,0.0007933040163999872
google/gemma-4-e2b-it,13,15,6.153468071516805e-09,0.9999997615814777,0.9999997677349458,False,2.3841852225814364e-07
google/gemma-4-e2b-it,13,16,1.675205799218013e-11,1.0,1.0000000000167522,False,0.0
google/gemma-4-e2b-it,13,17,1.0160636785541307e-11,0.9999998807907247,0.9999998808008853,False,1.1920927533992653e-07
google/gemma-4-e2b-it,13,18,1.5558403799997218e-09,1.0,1.0000000015558403,False,0.0
google/gemma-4-e2b-it,13,19,2.9400777392844726e-11,0.9999998807907247,0.9999998808201255,False,1.1920927533992653e-07
google/gemma-4-e2b-it,14,1,7.75774191812223e-14,1.0,1.0000000000000775,False,0.0
google/gemma-4-e2b-it,14,2,1.5581841173700477e-12,1.0,1.000000000001558,False,0.0
google/gemma-4-e2b-it,14,3,9.357622968840175e-14,1.0,1.0000000000000935,False,0.0
google/gemma-4-e2b-it,14,4,1.958514000995906e-11,1.0,1.0000000000195852,False,0.0
google/gemma-4-e2b-it,14,5,2.2447770550209742e-13,1.0,1.0000000000002245,False,0.0
google/gemma-4-e2b-it,14,6,5.323793019689792e-11,1.0,1.0000000000532379,False,0.0
google/gemma-4-e2b-it,14,7,8.340358565590937e-13,1.0,1.000000000000834,False,0.0
google/gemma-4-e2b-it,14,8,8.327813443461797e-10,1.0,1.0000000008327814,False,0.0
google/gemma-4-e2b-it,14,9,4.1937956583795446e-13,1.0,1.0000000000004194,False,0.0
google/gemma-4-e2b-it,14,10,2.020683909022217e-11,1.0,1.000000000020207,False,0.0
google/gemma-4-e2b-it,14,11,1.1176086870894152e-14,1.0,1.000000000000011,False,0.0
google/gemma-4-e2b-it,14,12,1.490848842889644e-07,0.9999998807907247,1.0000000298756089,False,1.1920927533992653e-07
google/gemma-4-e2b-it,14,13,1.449336997733435e-13,1.0,1.000000000000145,False,0.0
google/gemma-4-e2b-it,14,14,1.0,1.5893910094516368e-10,1.000000000158939,True,0.0
google/gemma-4-e2b-it,14,15,7.360340600578901e-13,1.0,1.000000000000736,False,0.0
google/gemma-4-e2b-it,14,16,7.582560427911907e-10,1.0,1.0000000007582561,False,0.0
google/gemma-4-e2b-it,14,17,2.3659776091347615e-14,1.0,1.0000000000000238,False,0.0
google/gemma-4-e2b-it,14,18,2.335593038799337e-09,1.0,1.000000002335593,False,0.0
google/gemma-4-e2b-it,14,19,2.1087728885906676e-13,1.0,1.000000000000211,False,0.0
google/gemma-4-e2b-it,15,1,2.222630272345391e-14,1.0,1.0000000000000222,False,0.0
google/gemma-4-e2b-it,15,2,6.367942346736252e-15,1.0,1.0000000000000064,False,0.0
google/gemma-4-e2b-it,15,3,7.360340600578901e-13,1.0,1.000000000000736,False,0.0
google/gemma-4-e2b-it,15,4,1.8426252147235624e-14,1.0,1.0000000000000184,False,0.0
google/gemma-4-e2b-it,15,5,5.789356328730652e-12,1.0,1.0000000000057894,False,0.0
google/gemma-4-e2b-it,15,6,5.438596960491441e-12,1.0,1.0000000000054385,False,0.0
google/gemma-4-e2b-it,15,7,1.34809340538292e-14,1.0,1.0000000000000135,False,0.0
google/gemma-4-e2b-it,15,8,1.0603575991523846e-13,1.0,1.0000000000001061,False,0.0
google/gemma-4-e2b-it,15,9,2.7346982915918745e-12,1.0,1.0000000000027347,False,0.0
google/gemma-4-e2b-it,15,10,1.463778514125909e-12,1.0,1.0000000000014637,False,0.0
google/gemma-4-e2b-it,15,11,3.628344178047045e-15,1.0,1.0000000000000036,False,0.0
google/gemma-4-e2b-it,15,12,4.5536814829435366e-11,0.9999998807907247,0.9999998808362615,False,1.1920927533992653e-07
google/gemma-4-e2b-it,15,13,2.825757287115611e-15,1.0,1.0000000000000029,False,0.0
google/gemma-4-e2b-it,15,14,2.6545533078567745e-15,1.0,1.0000000000000027,False,0.0
google/gemma-4-e2b-it,15,15,1.0,2.5946094982764667e-11,1.0000000000259461,True,0.0
google/gemma-4-e2b-it,15,16,1.334793228597603e-15,1.0,1.0000000000000013,False,0.0
google/gemma-4-e2b-it,15,17,1.1065824532574403e-15,1.0,1.000000000000001,False,0.0
google/gemma-4-e2b-it,15,18,5.789356328730652e-12,1.0,1.0000000000057894,False,0.0
google/gemma-4-e2b-it,15,19,3.8623522725779546e-15,1.0,1.0000000000000038,False,0.0
google/gemma-4-e2b-it,16,1,1.9810087980489796e-13,1.0,1.000000000000198,False,0.0
google/gemma-4-e2b-it,16,2,1.3887943864964021e-11,1.0,1.000000000013888,False,0.0
google/gemma-4-e2b-it,16,3,3.900837610180715e-14,1.0,1.000000000000039,False,0.0
google/gemma-4-e2b-it,16,4,5.780648287988534e-09,1.0,1.0000000057806482,False,0.0
google/gemma-4-e2b-it,16,5,1.1287447887691582e-13,1.0,1.0000000000001128,False,0.0
google/gemma-4-e2b-it,16,6,8.507397021943229e-11,1.0,1.000000000085074,False,0.0
google/gemma-4-e2b-it,16,7,6.367942346736252e-15,1.0,1.0000000000000064,False,0.0
google/gemma-4-e2b-it,16,8,3.611982329099943e-06,0.9999964237340748,1.0000000357164038,False,3.5762659251759032e-06
google/gemma-4-e2b-it,16,9,2.543665647376923e-13,1.0,1.0000000000002545,False,0.0
google/gemma-4-e2b-it,16,10,4.464272240178801e-13,1.0,1.0000000000004465,False,0.0
google/gemma-4-e2b-it,16,11,3.628344178047045e-15,1.0,1.0000000000000036,False,0.0
google/gemma-4-e2b-it,16,12,2.126899145866915e-08,1.0,1.0000000212689915,False,0.0
google/gemma-4-e2b-it,16,13,1.9421126879000225e-15,1.0,1.000000000000002,False,0.0
google/gemma-4-e2b-it,16,14,1.2135150107772189e-12,1.0,1.0000000000012135,False,0.0
google/gemma-4-e2b-it,16,15,6.778639342809131e-15,1.0,1.0000000000000069,False,0.0
google/gemma-4-e2b-it,16,16,1.0,7.276762290268223e-11,1.0000000000727676,True,0.0
google/gemma-4-e2b-it,16,17,2.493722053335376e-15,1.0,1.0000000000000024,False,0.0
google/gemma-4-e2b-it,16,18,2.761947433970946e-11,1.0,1.0000000000276195,False,0.0
google/gemma-4-e2b-it,16,19,1.049896199765615e-14,1.0,1.0000000000000104,False,0.0
google/gemma-4-e2b-it,17,1,1.6586783589142312e-12,1.0,1.0000000000016587,False,0.0
google/gemma-4-e2b-it,17,2,6.1627377326348205e-12,1.0,1.0000000000061628,False,0.0
google/gemma-4-e2b-it,17,3,2.514781756217544e-11,0.9999998807907247,0.9999998808158724,False,1.1920927533992653e-07
google/gemma-4-e2b-it,17,4,1.675205799218013e-11,0.9999998807907247,0.9999998808074767,False,1.1920927533992653e-07
google/gemma-4-e2b-it,17,5,2.15100682437863e-11,0.9999998807907247,0.9999998808122347,False,1.1920927533992653e-07
google/gemma-4-e2b-it,17,6,8.507397021943229e-11,0.9999998807907247,0.9999998808757986,False,1.1920927533992653e-07
google/gemma-4-e2b-it,17,7,3.1608814543136926e-10,0.9999998807907247,0.9999998811068128,False,1.1920927533992653e-07
google/gemma-4-e2b-it,17,8,1.103256032343554e-09,0.9999998807907247,0.9999998818939807,False,1.1920927533992653e-07
google/gemma-4-e2b-it,17,9,3.331544542166412e-11,0.9999998807907247,0.9999998808240401,False,1.1920927533992653e-07
google/gemma-4-e2b-it,17,10,2.5690112979751028e-12,1.0,1.000000000002569,False,0.0
google/gemma-4-e2b-it,17,11,2.2671445131678592e-12,1.0,1.000000000002267,False,0.0
google/gemma-4-e2b-it,17,12,1.8795288165390832e-12,1.0,1.0000000000018796,False,0.0
google/gemma-4-e2b-it,17,13,1.478363929001648e-11,1.0,1.0000000000147837,False,0.0
google/gemma-4-e2b-it,17,14,1.5404905889384314e-10,0.9999998807907247,0.9999998809447738,False,1.1920927533992653e-07
google/gemma-4-e2b-it,17,15,1.5893910094516368e-10,0.9999998807907247,0.9999998809496637,False,1.1920927533992653e-07
google/gemma-4-e2b-it,17,16,8.071593559922058e-10,0.9999998807907247,0.999999881597884,False,1.1920927533992653e-07
google/gemma-4-e2b-it,17,17,1.0,1.5893910094516368e-10,1.000000000158939,True,0.0
google/gemma-4-e2b-it,17,18,0.00022693385412004115,0.9997729578673664,0.9999998917214865,False,0.00022704213263358142
google/gemma-4-e2b-it,17,19,1.0693124126838808e-09,0.9999998807907247,0.9999998818600371,False,1.1920927533992653e-07
google/gemma-4-e2b-it,18,1,7.287724095819692e-14,1.0,1.0000000000000728,False,0.0
google/gemma-4-e2b-it,18,2,1.5581841173700477e-12,1.0,1.000000000001558,False,0.0
google/gemma-4-e2b-it,18,3,6.224144622907783e-11,1.0,1.0000000000622415,False,0.0
google/gemma-4-e2b-it,18,4,4.799544972039692e-12,1.0,1.0000000000047995,False,0.0
google/gemma-4-e2b-it,18,5,4.752193062771153e-13,1.0,1.0000000000004752,False,0.0
google/gemma-4-e2b-it,18,6,2.8901423123868236e-08,1.0,1.000000028901423,False,0.0
google/gemma-4-e2b-it,18,7,6.431393941452e-14,1.0,1.0000000000000644,False,0.0
google/gemma-4-e2b-it,18,8,6.34880011604368e-09,1.0,1.0000000063488002,False,0.0
google/gemma-4-e2b-it,18,9,4.718027628504553e-09,1.0,1.0000000047180275,False,0.0
google/gemma-4-e2b-it,18,10,1.1399918530443554e-12,1.0,1.00000000000114,False,0.0
google/gemma-4-e2b-it,18,11,4.959358486191753e-15,1.0,1.0000000000000049,False,0.0
google/gemma-4-e2b-it,18,12,0.6224593298742985,0.377540667992942,0.9999999978672405,False,0.6224593320070579
google/gemma-4-e2b-it,18,13,3.4085139172406173e-15,1.0,1.0000000000000033,False,0.0
google/gemma-4-e2b-it,18,14,3.664497806917865e-14,1.0,1.0000000000000366,False,0.0
google/gemma-4-e2b-it,18,15,2.129785170955785e-12,1.0,1.0000000000021299,False,0.0
google/gemma-4-e2b-it,18,16,5.058683183027784e-13,1.0,1.0000000000005058,False,0.0
google/gemma-4-e2b-it,18,17,4.959358486191753e-15,1.0,1.0000000000000049,False,0.0
google/gemma-4-e2b-it,18,18,1.0,5.847042763599827e-11,1.0000000000584703,True,0.0
google/gemma-4-e2b-it,18,19,7.287724095819692e-14,1.0,1.0000000000000728,False,0.0
google/gemma-4-e2b-it,19,1,5.789356328730652e-12,1.0,1.0000000000057894,False,0.0
google/gemma-4-e2b-it,19,2,2.5946094982764667e-11,1.0,1.0000000000259461,False,0.0
google/gemma-4-e2b-it,19,3,7.276762290268223e-11,1.0,1.0000000000727676,False,0.0
google/gemma-4-e2b-it,19,4,5.847042763599827e-11,1.0,1.0000000000584703,False,0.0
google/gemma-4-e2b-it,19,5,4.8473687062702556e-11,1.0,1.0000000000484737,False,0.0
google/gemma-4-e2b-it,19,6,1.493094676197164e-10,1.0,1.0000000001493095,False,0.0
google/gemma-4-e2b-it,19,7,1.0923714006028706e-10,1.0,1.000000000109237,False,0.0
google/gemma-4-e2b-it,19,8,3.8127508250269574e-10,1.0,1.000000000381275,False,0.0
google/gemma-4-e2b-it,19,9,2.8172629737368306e-09,1.0,1.0000000028172629,False,0.0
google/gemma-4-e2b-it,19,10,4.235583571640497e-12,1.0,1.0000000000042355,False,0.0
google/gemma-4-e2b-it,19,11,2.7346982915918745e-12,1.0,1.0000000000027347,False,0.0
google/gemma-4-e2b-it,19,12,8.966730491527304e-12,1.0,1.0000000000089668,False,0.0
google/gemma-4-e2b-it,19,13,7.913111885083693e-12,1.0,1.000000000007913,False,0.0
google/gemma-4-e2b-it,19,14,4.277787868968998e-11,1.0,1.0000000000427778,False,0.0
google/gemma-4-e2b-it,19,15,1.4026326428368726e-10,1.0,1.0000000001402634,False,0.0
google/gemma-4-e2b-it,19,16,8.966730491527304e-12,1.0,1.0000000000089668,False,0.0
google/gemma-4-e2b-it,19,17,4.018609804054498e-11,1.0,1.000000000040186,False,0.0
google/gemma-4-e2b-it,19,18,9.237449661970594e-09,1.0,1.0000000092374497,False,0.0
google/gemma-4-e2b-it,19,19,1.0,2.8333958235072826e-10,1.0000000002833396,True,0.0
microsoft/Phi-4-mini-instruct,1,1,0.9753255186839395,0.02293746032419865,0.9982629790081381,True,0.024674481316060537
microsoft/Phi-4-mini-instruct,1,2,0.9375712047052102,0.059936916487022124,0.9975081211922323,True,0.06242879529478984
microsoft/Phi-4-mini-instruct,1,3,0.9508271643306863,0.0473389002108746,0.9981660645415609,True,0.04917283566931374
microsoft/Phi-4-mini-instruct,1,4,0.9504460143724948,0.04731992016868587,0.9977659345411807,True,0.04955398562750524
microsoft/Phi-4-mini-instruct,1,5,0.9382115908845148,0.05997785723650047,0.9981894481210153,True,0.06178840911548522
microsoft/Phi-4-mini-instruct,1,6,0.968887205823427,0.029257856267348604,0.9981450620907756,True,0.031112794176572978
microsoft/Phi-4-mini-instruct,1,7,0.9610807682181585,0.03726514156290455,0.998345909781063,True,0.038919231781841535
microsoft/Phi-4-mini-instruct,1,8,0.9689939773471936,0.029261079179677945,0.9982550565268715,True,0.031006022652806386
microsoft/Phi-4-mini-instruct,1,9,0.9381518893059018,0.05997403930194387,0.9981259286078457,True,0.061848110694098235
microsoft/Phi-4-mini-instruct,1,10,0.9843002122653378,0.014040288699799074,0.9983405009651369,True,0.015699787734662185
microsoft/Phi-4-mini-instruct,1,11,0.9377462345007728,0.059948106659795886,0.9976943411605687,True,0.06225376549922723
microsoft/Phi-4-mini-instruct,1,12,0.9796574646053874,0.017943054796137704,0.997600519401525,True,0.020342535394612615
microsoft/Phi-4-mini-instruct,1,13,0.9377929910234827,0.05995109391738564,0.9977440849408683,True,0.06220700897651732
microsoft/Phi-4-mini-instruct,1,14,0.9685016196636203,0.029246216279427823,0.9977478359430481,True,0.03149838033637975
microsoft/Phi-4-mini-instruct,1,15,0.9604693822495955,0.037241435836237145,0.9977108180858327,True,0.03953061775040445
microsoft/Phi-4-mini-instruct,1,16,0.9683728208169103,0.029242325692768828,0.9976151465096792,True,0.03162717918308966
microsoft/Phi-4-mini-instruct,1,17,0.9606045553188078,0.03724668372463384,0.9978512390434416,True,0.03939544468119216
microsoft/Phi-4-mini-instruct,1,18,0.97482228682742,0.022925623607724595,0.9977479104351445,True,0.025177713172579996
microsoft/Phi-4-mini-instruct,1,19,0.9505827974244403,0.04732673495602562,0.9979095323804659,True,0.049417202575559704
microsoft/Phi-4-mini-instruct,2,1,0.0031711721274476972,0.996352436100697,0.9995236082281447,False,0.0036475638993029857
microsoft/Phi-4-mini-instruct,2,2,0.9370389667590835,0.05990290147536515,0.9969418682344486,True,0.06296103324091651
microsoft/Phi-4-mini-instruct,2,3,0.00406744501054324,0.995271143536305,0.9993385885468482,False,0.00472885646369503
microsoft/Phi-4-mini-instruct,2,4,0.8166621311509621,0.18222195754150963,0.9988840886924717,True,0.1833378688490379
microsoft/Phi-4-mini-instruct,2,5,0.00247140655619182,0.9970364442492222,0.999507850805414,False,0.00296355575077778
microsoft/Phi-4-mini-instruct,2,6,0.9037493694609563,0.09525448273945863,0.999003852200415,True,0.0962506305390437
microsoft/Phi-4-mini-instruct,2,7,0.004067609872142431,0.9953114120071443,0.9993790218792867,False,0.004688587992855653
microsoft/Phi-4-mini-instruct,2,8,0.9947769693681825,0.004065426482784949,0.9988423958509675,True,0.005223030631817505
microsoft/Phi-4-mini-instruct,2,9,0.004067456647613407,0.9952737416922064,0.9993411983398198,False,0.004726258307793607
microsoft/Phi-4-mini-instruct,2,10,0.9903633115481225,0.008568319907913586,0.9989316314560361,True,0.009636688451877484
microsoft/Phi-4-mini-instruct,2,11,0.0040674023415708084,0.9952605160091694,0.9993279183507402,False,0.004739483990830573
microsoft/Phi-4-mini-instruct,2,12,0.9962828564116506,0.0024695382276077173,0.9987523946392584,True,0.003717143588349403
microsoft/Phi-4-mini-instruct,2,13,0.004067516773006329,0.9952887384584895,0.9993562552314958,False,0.00471126154151047
microsoft/Phi-4-mini-instruct,2,14,0.9919866341464917,0.0066839531779327496,0.9986705873244245,True,0.008013365853508314
microsoft/Phi-4-mini-instruct,2,15,0.003170623270778317,0.9961803977897709,0.9993510210605492,False,0.003819602210229145
microsoft/Phi-4-mini-instruct,2,16,0.9963365786757631,0.002469671296330459,0.9988062499720936,True,0.003663421324236915
microsoft/Phi-4-mini-instruct,2,17,0.004066952405109525,0.9951502399257621,0.9992171923308717,False,0.004849760074237874
microsoft/Phi-4-mini-instruct,2,18,0.377197065907038,0.6218928258066116,0.9990898917136497,True,0.622802934092962
microsoft/Phi-4-mini-instruct,2,19,0.0031704146394460875,0.9961148635329466,0.9992852781723928,False,0.0038851364670533517
microsoft/Phi-4-mini-instruct,3,1,0.005216182056252835,0.9940285588201033,0.9992447408763562,False,0.005971441179896675
microsoft/Phi-4-mini-instruct,3,2,0.005216119874887756,0.9940166619336449,0.9992327818085327,False,0.005983338066355093
microsoft/Phi-4-mini-instruct,3,3,0.9376729672750043,0.05994343311521178,0.997616400390216,True,0.062327032724995735
microsoft/Phi-4-mini-instruct,3,4,0.004067208397337454,0.9952131674007262,0.9992803757980636,False,0.004786832599273816
microsoft/Phi-4-mini-instruct,3,5,0.00406723942779333,0.9952207241555974,0.9992879635833907,False,0.004779275844402631
microsoft/Phi-4-mini-instruct,3,6,0.9383115004433917,0.05998424960359007,0.9982957500469818,True,0.06168849955660827
microsoft/Phi-4-mini-instruct,3,7,0.005216629783964056,0.9941136102917877,0.9993302400757518,False,0.005886389708212314
microsoft/Phi-4-mini-instruct,3,8,0.004067573020146259,0.9953022008881262,0.9993697739082724,False,0.004697799111873846
microsoft/Phi-4-mini-instruct,3,9,0.9755701805810757,0.0229432141357105,0.9985133947167862,True,0.024429819418924303
microsoft/Phi-4-mini-instruct,3,10,0.004067421736502788,0.9952654754459164,0.9993328971824191,False,0.00473452455408363
microsoft/Phi-4-mini-instruct,3,11,0.0066869529658523195,0.9924318948443412,0.9991188478101936,False,0.007568105155658755
microsoft/Phi-4-mini-instruct,3,12,0.8164852707782828,0.182182491942323,0.9986677627206058,True,0.1835147292217172
microsoft/Phi-4-mini-instruct,3,13,0.006687593902684394,0.9925271246138119,0.9992147185164962,False,0.007472875386188127
microsoft/Phi-4-mini-instruct,3,14,0.004067161852097532,0.9952015969551334,0.999268758807231,False,0.0047984030448665616
microsoft/Phi-4-mini-instruct,3,15,0.8508776577287296,0.1478603747905643,0.9987380325192938,True,0.1491223422712704
microsoft/Phi-4-mini-instruct,3,16,0.0040668806526034775,0.9951328861003083,0.9991997667529118,False,0.004867113899691744
microsoft/Phi-4-mini-instruct,3,17,0.0052160850536470925,0.9940100659856619,0.999226151039309,False,0.005989934014338116
microsoft/Phi-4-mini-instruct,3,18,0.9956009447830992,0.0031687793245721734,0.9987697241076714,True,0.00439905521690076
microsoft/Phi-4-mini-instruct,3,19,0.0052169133647246915,0.9941676877884881,0.9993846011532128,False,0.005832312211511925
microsoft/Phi-4-mini-instruct,4,1,0.004067850388106934,0.995370344515157,0.999438194903264,False,0.004629655484842954
microsoft/Phi-4-mini-instruct,4,2,0.0052156000676763115,0.9939172598522635,0.9991328599199398,False,0.006082740147736465
microsoft/Phi-4-mini-instruct,4,3,0.005216413377438704,0.9940722603398987,0.9992886737173374,False,0.005927739660101294
microsoft/Phi-4-mini-instruct,4,4,0.9007226090414852,0.09493545958704165,0.9956580686285268,True,0.09927739095851484
microsoft/Phi-4-mini-instruct,4,5,0.003170780509260074,0.9962296130112267,0.9994003935204868,False,0.0037703869887733
microsoft/Phi-4-mini-instruct,4,6,0.004066997008656745,0.9951612189288215,0.9992282159374782,False,0.004838781071178522
microsoft/Phi-4-mini-instruct,4,7,0.006687469537003191,0.9925086879044872,0.9991961574414904,False,0.007491312095512792
microsoft/Phi-4-mini-instruct,4,8,0.2224529107431564,0.7764369041000163,0.9988898148431727,True,0.7775470892568436
microsoft/Phi-4-mini-instruct,4,9,0.005216321345200524,0.9940550618660952,0.9992713832112957,False,0.005944938133904842
microsoft/Phi-4-mini-instruct,4,10,0.003170455457539534,0.996127283715001,0.9992977391725406,False,0.003872716284998967
microsoft/Phi-4-mini-instruct,4,11,0.005216408402681614,0.9940715539532718,0.9992879623559534,False,0.005928446046728153
microsoft/Phi-4-mini-instruct,4,12,0.8508045660577538,0.1478476667526025,0.9986522328103563,True,0.14919543394224621
microsoft/Phi-4-mini-instruct,4,13,0.005216388503700698,0.9940677840976121,0.9992841726013127,False,0.005932215902387905
microsoft/Phi-4-mini-instruct,4,14,0.0024711367039337473,0.9969277881558918,0.9993989248598255,False,0.003072211844108219
microsoft/Phi-4-mini-instruct,4,15,0.0031706051283783405,0.9961743643184015,0.9993449694467798,False,0.0038256356815985493
microsoft/Phi-4-mini-instruct,4,16,0.9945126748278473,0.004064346855813947,0.9985770216836612,True,0.005487325172152668
microsoft/Phi-4-mini-instruct,4,17,0.005215863695481701,0.9939675470096386,0.9991834107051203,False,0.00603245299036137
microsoft/Phi-4-mini-instruct,4,18,0.0024712887131535374,0.9969888080392445,0.999460096752398,False,0.0030111919607554993
microsoft/Phi-4-mini-instruct,4,19,0.005216381041602425,0.9940661347902566,0.999282515831859,False,0.005933865209743372
microsoft/Phi-4-mini-instruct,5,1,0.005216535260469412,0.9940955857304515,0.9993121209909209,False,0.005904414269548464
microsoft/Phi-4-mini-instruct,5,2,0.004066983433612328,0.9951581497820107,0.999225133215623,False,0.00484185021798933
microsoft/Phi-4-mini-instruct,5,3,0.004067669999800328,0.9953261738907024,0.9993938438905028,False,0.004673826109297563
microsoft/Phi-4-mini-instruct,5,4,0.00406726464021305,0.9952266278813001,0.9992938925215131,False,0.004773372118699881
microsoft/Phi-4-mini-instruct,5,5,0.9687451074947636,0.029253566577690293,0.9979986740724539,True,0.03125489250523639
microsoft/Phi-4-mini-instruct,5,6,0.00406754392670091,0.9952951153273587,0.9993626592540596,False,0.004704884672641296
microsoft/Phi-4-mini-instruct,5,7,0.005216435763904318,0.9940767370652446,0.9992931728291489,False,0.005923262934755424
microsoft/Phi-4-mini-instruct,5,8,0.003170721543915629,0.9962112749930597,0.9993819965369753,False,0.0037887250069402745
microsoft/Phi-4-mini-instruct,5,9,0.005216485511949647,0.9940860433117843,0.9993025288237339,False,0.005913956688215705
microsoft/Phi-4-mini-instruct,5,10,0.9875549778103043,0.010970744124824792,0.9985257219351291,True,0.012445022189695676
microsoft/Phi-4-mini-instruct,5,11,0.005216619834041859,0.9941117252824248,0.9993283451164666,False,0.005888274717575248
microsoft/Phi-4-mini-instruct,5,12,0.0024710247651378273,0.9968825317986596,0.9993535565637974,False,0.003117468201340401
microsoft/Phi-4-mini-instruct,5,13,0.004067613751319346,0.9953123570392215,0.9993799707905409,False,0.004687642960778504
microsoft/Phi-4-mini-instruct,5,14,0.0031705129061168932,0.9961457368494963,0.9993162497556132,False,0.003854263150503745
microsoft/Phi-4-mini-instruct,5,15,0.9845223594842422,0.014043455759476419,0.9985658152437186,True,0.01547764051575784
microsoft/Phi-4-mini-instruct,5,16,0.003170469063687465,0.9961318970245601,0.9993023660882475,False,0.0038681029754399354
microsoft/Phi-4-mini-instruct,5,17,0.003170535583473457,0.9961524796358503,0.9993230152193238,False,0.0038475203641497036
microsoft/Phi-4-mini-instruct,5,18,0.0024711437739226814,0.9969305131936913,0.999401656967614,False,0.0030694868063086966
microsoft/Phi-4-mini-instruct,5,19,0.00406738876517345,0.9952570920147419,0.9993244807799153,False,0.004742907985258116
microsoft/Phi-4-mini-instruct,6,1,0.004067697154517811,0.9953325514629103,0.9994002486174282,False,0.004667448537089669
microsoft/Phi-4-mini-instruct,6,2,0.0040667681782496495,0.9951051444268671,0.9991719126051168,False,0.00489485557313285
microsoft/Phi-4-mini-instruct,6,3,0.004067266579636426,0.9952271001252566,0.999294366704893,False,0.004772899874743386
microsoft/Phi-4-mini-instruct,6,4,0.004066869017181243,0.9951299347428165,0.9991968037599978,False,0.004870065257183476
microsoft/Phi-4-mini-instruct,6,5,0.004067012523048704,0.9951653511470206,0.9992323636700694,False,0.004834648852979351
microsoft/Phi-4-mini-instruct,6,6,0.7724915673915169,0.22132255278356816,0.9938141201750851,True,0.22750843260848308
microsoft/Phi-4-mini-instruct,6,7,0.0040671579733515826,0.9952006520282211,0.9992678100015726,False,0.0047993479717789445
microsoft/Phi-4-mini-instruct,6,8,0.0024710483307787343,0.9968922461282492,0.9993632944590279,False,0.0031077538717507736
microsoft/Phi-4-mini-instruct,6,9,0.004067200639760476,0.9952112784526895,0.99927847909245,False,0.0047887215473104705
microsoft/Phi-4-mini-instruct,6,10,0.003170204510170414,0.9960485100723916,0.999218714582562,False,0.003951489927608409
microsoft/Phi-4-mini-instruct,6,11,0.005215692087188898,0.9939348067722641,0.999150498859453,False,0.00606519322773591
microsoft/Phi-4-mini-instruct,6,12,0.9934684302554405,0.005213242932143103,0.9986816731875836,True,0.0065315697445594845
microsoft/Phi-4-mini-instruct,6,13,0.00406729373166078,0.995234184738378,0.9993014784700388,False,0.004765815261622008
microsoft/Phi-4-mini-instruct,6,14,0.0024709128314125677,0.996837279352631,0.9993081921840435,False,0.0031627206473689995
microsoft/Phi-4-mini-instruct,6,15,0.0024711154940883083,0.9969192579536931,0.9993903734477814,False,0.003080742046306928
microsoft/Phi-4-mini-instruct,6,16,0.002470942287164455,0.9968494803907354,0.9993204226778999,False,0.0031505196092646015
microsoft/Phi-4-mini-instruct,6,17,0.003170184858504299,0.9960422420119924,0.9992124268704967,False,0.003957757988007571
microsoft/Phi-4-mini-instruct,6,18,0.9845980494730107,0.014044533927949056,0.9986425834009597,True,0.015401950526989339
microsoft/Phi-4-mini-instruct,6,19,0.003170500811593048,0.9961419514740649,0.999312452285658,False,0.003858048525935076
microsoft/Phi-4-mini-instruct,7,1,0.006688177495615268,0.992613328896628,0.9993015063922432,False,0.007386671103371989
microsoft/Phi-4-mini-instruct,7,2,0.006687265454743201,0.9924781572340671,0.9991654226888103,False,0.007521842765932929
microsoft/Phi-4-mini-instruct,7,3,0.005216104951470436,0.9940135995568434,0.9992297045083138,False,0.00598640044315657
microsoft/Phi-4-mini-instruct,7,4,0.006686968908809571,0.9924341255826963,0.9991210944915059,False,0.00756587441730372
microsoft/Phi-4-mini-instruct,7,5,0.005216107438703691,0.9940141883323036,0.9992302957710073,False,0.005985811667696406
microsoft/Phi-4-mini-instruct,7,6,0.006686911514341355,0.9924256721876135,0.9991125837019548,False,0.007574327812386539
microsoft/Phi-4-mini-instruct,7,7,0.8477324837177357,0.14731380790608373,0.9950462916238194,True,0.15226751628226431
microsoft/Phi-4-mini-instruct,7,8,0.005216418352200537,0.9940733208465831,0.9992897391987836,False,0.005926679153416936
microsoft/Phi-4-mini-instruct,7,9,0.006687338796088455,0.992489312420245,0.9991766512163334,False,0.007510687579755038
microsoft/Phi-4-mini-instruct,7,10,0.005216381041602425,0.9940663704054256,0.9992827514470279,False,0.005933629594574441
microsoft/Phi-4-mini-instruct,7,11,0.008570040157462329,0.9905617690052965,0.9991318091627588,False,0.009438230994703534
microsoft/Phi-4-mini-instruct,7,12,0.004067187064036369,0.9952080905134352,0.9992752775774716,False,0.004791909486564827
microsoft/Phi-4-mini-instruct,7,13,0.006688419877044991,0.9926495062538913,0.9993379261309362,False,0.007350493746108744
microsoft/Phi-4-mini-instruct,7,14,0.8500652543397613,0.14771918483326363,0.997784439173025,True,0.14993474566023868
microsoft/Phi-4-mini-instruct,7,15,0.004067549745373333,0.9952967685276651,0.9993643182730385,False,0.004703231472334868
microsoft/Phi-4-mini-instruct,7,16,0.005216102464238368,0.9940133639541823,0.9992294664184206,False,0.005986636045817728
microsoft/Phi-4-mini-instruct,7,17,0.005216254187564983,0.9940418690413955,0.9992581232289605,False,0.005958130958604535
microsoft/Phi-4-mini-instruct,7,18,0.003170695841416347,0.9962029935377958,0.9993736893792122,False,0.0037970064622041555
microsoft/Phi-4-mini-instruct,7,19,0.005216520335863666,0.9940926402268401,0.9993091605627037,False,0.005907359773159926
microsoft/Phi-4-mini-instruct,8,1,0.005216413377438704,0.9940722603398987,0.9992886737173374,False,0.005927739660101294
microsoft/Phi-4-mini-instruct,8,2,0.005216281547978794,0.9940471695724618,0.9992634511204406,False,0.005952830427538247
microsoft/Phi-4-mini-instruct,8,3,0.005216114900410572,0.9940153663471447,0.9992314812475552,False,0.005984633652855287
microsoft/Phi-4-mini-instruct,8,4,0.005216000488744684,0.9939935763071908,0.9992095767959355,False,0.006006423692809237
microsoft/Phi-4-mini-instruct,8,5,0.004066929133887776,0.995144809321505,0.9992117384553927,False,0.004855190678495047
microsoft/Phi-4-mini-instruct,8,6,0.004067169609600529,0.9952034858847942,0.9992706554943948,False,0.004796514115205763
microsoft/Phi-4-mini-instruct,8,7,0.006687246322350637,0.9924755737705407,0.9991628200928914,False,0.007524426229459258
microsoft/Phi-4-mini-instruct,8,8,0.7730873081686845,0.22149321558104781,0.9945805237497324,True,0.22691269183131546
microsoft/Phi-4-mini-instruct,8,9,0.006687510991973283,0.9925145593660364,0.9992020703580097,False,0.007485440633963614
microsoft/Phi-4-mini-instruct,8,10,0.004067161852097532,0.9952015969551334,0.999268758807231,False,0.0047984030448665616
microsoft/Phi-4-mini-instruct,8,11,0.004067375188821407,0.9952540216453493,0.9993213968341706,False,0.004745978354650737
microsoft/Phi-4-mini-instruct,8,12,0.0024711425955897875,0.9969301578241998,0.9994013004197896,False,0.003069842175800197
microsoft/Phi-4-mini-instruct,8,13,0.0052158661825999165,0.9939681362206734,0.9991840024032733,False,0.006031863779326629
microsoft/Phi-4-mini-instruct,8,14,0.0031706640915578265,0.9961931743594927,0.9993638384510506,False,0.003806825640507272
microsoft/Phi-4-mini-instruct,8,15,0.003170745734693517,0.9962184918652142,0.9993892375999077,False,0.003781508134785838
microsoft/Phi-4-mini-instruct,8,16,0.006687644925171377,0.9925345232421758,0.9992221681673472,True,0.9933123550748286
microsoft/Phi-4-mini-instruct,8,17,0.004067220033730664,0.9952160012929372,0.9992832213266678,False,0.004783998707062809
microsoft/Phi-4-mini-instruct,8,18,0.0024713158165547647,0.9969999466055953,0.9994712624221501,False,0.003000053394404678
microsoft/Phi-4-mini-instruct,8,19,0.0052160576942639324,0.9940048832213119,0.9992209409155758,False,0.0059951167786881365
microsoft/Phi-4-mini-instruct,9,1,0.005216597446786303,0.9941073664434215,0.9993239638902077,False,0.0058926335565785415
microsoft/Phi-4-mini-instruct,9,2,0.005214578014153746,0.993722752409186,0.9989373304233397,False,0.00627724759081405
microsoft/Phi-4-mini-instruct,9,3,0.008568140139293561,0.9903424989907581,0.9989106391300516,False,0.009657501009241898
microsoft/Phi-4-mini-instruct,9,4,0.0052157542634543195,0.9939467012905118,0.9991624555539661,False,0.006053298709488231
microsoft/Phi-4-mini-instruct,9,5,0.0040670474306470005,0.9951738515125597,0.9992408989432067,False,0.00482614848744034
microsoft/Phi-4-mini-instruct,9,6,0.005215856234134172,0.9939661339228536,0.9991819901569877,False,0.006033866077146399
microsoft/Phi-4-mini-instruct,9,7,0.008569353650676405,0.9904827037422207,0.9990520573928972,False,0.009517296257779306
microsoft/Phi-4-mini-instruct,9,8,0.00521518973015291,0.9938393063420314,0.9990544960721843,False,0.006160693657968563
microsoft/Phi-4-mini-instruct,9,9,0.6747638284817858,0.31873585407520166,0.9934996825569875,True,0.32523617151821416
microsoft/Phi-4-mini-instruct,9,10,0.005215736854025288,0.9939436395920869,0.9991593764461122,False,0.006056360407913131
microsoft/Phi-4-mini-instruct,9,11,0.006686420492916062,0.9923527653368667,0.9990391858297827,False,0.007647234663133329
microsoft/Phi-4-mini-instruct,9,12,0.0031700699742786354,0.9960065263231833,0.9991765962974619,False,0.003993473676816683
microsoft/Phi-4-mini-instruct,9,13,0.005216460637867678,0.9940813313886631,0.9992977920265307,False,0.005918668611336941
microsoft/Phi-4-mini-instruct,9,14,0.004067408160040692,0.9952621691520058,0.9993295773120465,False,0.004737830847994173
microsoft/Phi-4-mini-instruct,9,15,0.004066799205346907,0.9951128175980375,0.9991796168033844,False,0.004887182401962509
microsoft/Phi-4-mini-instruct,9,16,0.004066318311939578,0.9949951385373608,0.9990614568493004,False,0.005004861462639232
microsoft/Phi-4-mini-instruct,9,17,0.005215552815043986,0.9939083097094069,0.9991238625244508,False,0.006091690290593088
microsoft/Phi-4-mini-instruct,9,18,0.9610238430567701,0.0372629382219234,0.9982867812786935,True,0.03897615694322987
microsoft/Phi-4-mini-instruct,9,19,0.005215998001562427,0.9939934582767941,0.9992094562783566,False,0.006006541723205916
microsoft/Phi-4-mini-instruct,10,1,0.004067953193623608,0.9953955020541174,0.999463455247741,False,0.00460449794588258
microsoft/Phi-4-mini-instruct,10,2,0.005215704522382686,0.993937515297854,0.9991532198202367,False,0.006062484702145987
microsoft/Phi-4-mini-instruct,10,3,0.006687581147123471,0.9925248936664188,0.9992124748135423,False,0.007475106333581172
microsoft/Phi-4-mini-instruct,10,4,0.0040672161549292285,0.9952150568157813,0.9992822729707105,False,0.004784943184218737
microsoft/Phi-4-mini-instruct,10,5,0.0040674100995325025,0.9952626418762822,0.9993300519758147,False,0.004737358123717783
microsoft/Phi-4-mini-instruct,10,6,0.005215861208364672,0.9939674294451849,0.9991832906535496,False,0.006032570554815098
microsoft/Phi-4-mini-instruct,10,7,0.00668750461426885,0.9925135028331602,0.999201007447429,False,0.007486497166839801
microsoft/Phi-4-mini-instruct,10,8,0.0052160353094208136,0.9940004077452876,0.9992164430547085,False,0.00599959225471236
microsoft/Phi-4-mini-instruct,10,9,0.008569966600533304,0.9905533472415671,0.9991233138421004,False,0.009446652758432927
microsoft/Phi-4-mini-instruct,10,10,0.9505484342711049,0.047325019884021526,0.9978734541551264,True,0.049451565728895086
microsoft/Phi-4-mini-instruct,10,11,0.006687055001435563,0.9924468062724745,0.99913386127391,False,0.007553193727525498
microsoft/Phi-4-mini-instruct,10,12,0.0024709081185248514,0.9968352654727247,0.9993061735912496,False,0.0031647345272752814
microsoft/Phi-4-mini-instruct,10,13,0.005215963181135353,0.9939868629456438,0.9992028261267791,False,0.0060131370543562435
microsoft/Phi-4-mini-instruct,10,14,0.004066789509353586,0.995110574814669,0.9991773643240226,False,0.004889425185330976
microsoft/Phi-4-mini-instruct,10,15,0.0031706595558897055,0.9961917546294563,0.999362414185346,False,0.0038082453705436947
microsoft/Phi-4-mini-instruct,10,16,0.003170455457539534,0.9961276385663679,0.9992980940239075,False,0.003872361433632121
microsoft/Phi-4-mini-instruct,10,17,0.005216012924673759,0.9939959318265487,0.9992119447512224,False,0.006004068173451338
microsoft/Phi-4-mini-instruct,10,18,0.002471269858788868,0.9969812246279508,0.9994524944867397,False,0.0030187753720491983
microsoft/Phi-4-mini-instruct,10,19,0.0040673286416727196,0.9952423320826426,0.9993096607243153,False,0.004757667917357433
microsoft/Phi-4-mini-instruct,11,1,0.014054381903818587,0.98528834325385,0.9993427251576685,False,0.014711656746150048
microsoft/Phi-4-mini-instruct,11,2,0.010978054627526355,0.9882132185980141,0.9991912732255405,False,0.011786781401985857
microsoft/Phi-4-mini-instruct,11,3,0.00856986852561002,0.9905422354939568,0.9991121040195668,False,0.009457764506043187
microsoft/Phi-4-mini-instruct,11,4,0.010977850474394165,0.9881944768644756,0.9991723273388697,False,0.01180552313552441
microsoft/Phi-4-mini-instruct,11,5,0.006687772483091908,0.9925536657389294,0.9992414382220214,False,0.007446334261070553
microsoft/Phi-4-mini-instruct,11,6,0.008570624548830254,0.9906296162165805,0.9992002407654108,False,0.009370383783419478
microsoft/Phi-4-mini-instruct,11,7,0.008571446033439952,0.9907246176855956,0.9992960637190356,False,0.00927538231440439
microsoft/Phi-4-mini-instruct,11,8,0.006688142414820215,0.9926082786762679,0.9992964210910881,False,0.0073917213237321144
microsoft/Phi-4-mini-instruct,11,9,0.014052512267411162,0.9851572413311798,0.9992097535985909,False,0.014842758668820233
microsoft/Phi-4-mini-instruct,11,10,0.014053919497470237,0.9852559407441428,0.9993098602416131,False,0.0147440592558572
microsoft/Phi-4-mini-instruct,11,11,0.7266636510245311,0.26732460989161017,0.9939882609161412,True,0.2733363489754689
microsoft/Phi-4-mini-instruct,11,12,0.006688531503025914,0.9926661862683887,0.9993547177714146,False,0.007333813731611349
microsoft/Phi-4-mini-instruct,11,13,0.008571139500123608,0.990689165102172,0.9992603046022955,False,0.009310834897828024
microsoft/Phi-4-mini-instruct,11,14,0.0066883943627966385,0.992645629929844,0.9993340242926406,False,0.007354370070156047
microsoft/Phi-4-mini-instruct,11,15,0.0052168063982411484,0.9941474225599185,0.9993642289581597,False,0.005852577440081497
microsoft/Phi-4-mini-instruct,11,16,0.006688432634205665,0.9926512683084149,0.9993397009426206,False,0.00734873169158512
microsoft/Phi-4-mini-instruct,11,17,0.0066880913885377005,0.9926006442302944,0.999288735618832,False,0.007399355769705629
microsoft/Phi-4-mini-instruct,11,18,0.006689392680357009,0.9927941248500248,0.9994835175303818,False,0.007205875149975172
microsoft/Phi-4-mini-instruct,11,19,0.006688716487324475,0.9926933223410416,0.9993820388283661,False,0.007306677658958427
microsoft/Phi-4-mini-instruct,12,1,0.0040676350868585,0.995317316734295,0.9993849518211535,False,0.004682683265704979
microsoft/Phi-4-mini-instruct,12,2,0.004067074581208373,0.9951801090106212,0.9992471835918295,False,0.00481989098937885
microsoft/Phi-4-mini-instruct,12,3,0.004067095913919461,0.9951854216355774,0.9992525175494968,False,0.0048145783644225615
microsoft/Phi-4-mini-instruct,12,4,0.005215759237587573,0.9939476436382894,0.9991634028758769,False,0.006052356361710642
microsoft/Phi-4-mini-instruct,12,5,0.00406707264187655,0.9951799908393313,0.9992470634812078,False,0.0048200091606687145
microsoft/Phi-4-mini-instruct,12,6,0.005215490641180003,0.9938965336694633,0.9991120243106433,False,0.006103466330536711
microsoft/Phi-4-mini-instruct,12,7,0.005215973129805083,0.9939886292255605,0.9992046023553656,False,0.006011370774439473
microsoft/Phi-4-mini-instruct,12,8,0.005215289202951569,0.9938580283257935,0.9990733175287451,False,0.006141971674206492
microsoft/Phi-4-mini-instruct,12,9,0.0052159308480897795,0.9939802671953966,0.9991961980434864,False,0.006019732804603439
microsoft/Phi-4-mini-instruct,12,10,0.0040669543443840155,0.9951510661735503,0.9992180205179343,False,0.004848933826449686
microsoft/Phi-4-mini-instruct,12,11,0.006686997606228412,0.9924383523072395,0.9991253499134679,False,0.007561647692760465
microsoft/Phi-4-mini-instruct,12,12,0.4954112134985748,0.4954112134985748,0.9908224269971496,True,0.5045887865014251
microsoft/Phi-4-mini-instruct,12,13,0.005216346218618291,0.9940596560893373,0.9992760023079557,False,0.005940343910662671
microsoft/Phi-4-mini-instruct,12,14,0.004067142458404775,0.9951968741832422,0.999264016641647,False,0.004803125816757792
microsoft/Phi-4-mini-instruct,12,15,0.0040668321718971175,0.9951209630219684,0.9991877951938655,False,0.004879036978031603
microsoft/Phi-4-mini-instruct,12,16,0.004066799205346907,0.9951128175980375,0.9991796168033844,False,0.004887182401962509
microsoft/Phi-4-mini-instruct,12,17,0.005214809264205418,0.9937668986155734,0.9989817078797788,False,0.006233101384426565
microsoft/Phi-4-mini-instruct,12,18,0.0024712074047333315,0.9969561052366646,0.9994273126413978,False,0.003043894763335442
microsoft/Phi-4-mini-instruct,12,19,0.005215532919326873,0.9939046589554859,0.9991201918748127,False,0.0060953410445141465
microsoft/Phi-4-mini-instruct,13,1,0.008571531864733025,0.9907344461664633,0.9993059780311964,False,0.009265553833536666
microsoft/Phi-4-mini-instruct,13,2,0.008569206549234263,0.9904655120248678,0.999034718574102,False,0.009534487975132233
microsoft/Phi-4-mini-instruct,13,3,0.01097647908254073,0.9880710962160197,0.9990475752985605,False,0.01192890378398026
microsoft/Phi-4-mini-instruct,13,4,0.010976793126618712,0.9880994943947341,0.9990762875213528,False,0.011900505605265899
microsoft/Phi-4-mini-instruct,13,5,0.0066881009559360185,0.992602170929905,0.999290271885841,False,0.007397829070095008
microsoft/Phi-4-mini-instruct,13,6,0.008569978859977631,0.9905549847242517,0.9991249635842294,False,0.009445015275748259
microsoft/Phi-4-mini-instruct,13,7,0.010977468351812172,0.9881602523060118,0.9991377206578239,False,0.011839747693988212
microsoft/Phi-4-mini-instruct,13,8,0.008570612288462261,0.9906282120268828,0.999198824315345,False,0.009371787973117218
microsoft/Phi-4-mini-instruct,13,9,0.01404914888844939,0.9849211613013734,0.9989703101898229,False,0.015078838698626584
microsoft/Phi-4-mini-instruct,13,10,0.010977892351650228,0.9881983183202813,0.9991762106719315,False,0.011801681679718734
microsoft/Phi-4-mini-instruct,13,11,0.02295167245130472,0.9759298554499551,0.9988815279012598,False,0.02407014455004486
microsoft/Phi-4-mini-instruct,13,12,0.008570330304839035,0.9905956911075062,0.9991660214123452,False,0.009404308892493773
microsoft/Phi-4-mini-instruct,13,13,0.43410091056476546,0.5573966025724509,0.9914975131372163,True,0.5658990894352345
microsoft/Phi-4-mini-instruct,13,14,0.014051748401531276,0.985103445235719,0.9991551936372502,False,0.014896554764280978
microsoft/Phi-4-mini-instruct,13,15,0.008570175013471962,0.9905773257936269,0.9991475008070989,False,0.009422674206373105
microsoft/Phi-4-mini-instruct,13,16,0.00857002381142354,0.9905601315113967,0.9991301553228202,False,0.009439868488603342
microsoft/Phi-4-mini-instruct,13,17,0.014050991277206732,0.985050696078471,0.9991016873556777,False,0.014949303921529045
microsoft/Phi-4-mini-instruct,13,18,0.006688588911398664,0.9926744092003503,0.999362998111749,False,0.007325590799649673
microsoft/Phi-4-mini-instruct,13,19,0.010977588745163065,0.9881710787268787,0.9991486674720418,False,0.011828921273121296
microsoft/Phi-4-mini-instruct,14,1,0.006687951068268098,0.9925797379724172,0.9992676890406853,False,0.007420262027582836
microsoft/Phi-4-mini-instruct,14,2,0.006687255888540076,0.9924769828896162,0.9991642387781562,False,0.007523017110383834
microsoft/Phi-4-mini-instruct,14,3,0.005215823901751549,0.9939601275164444,0.9991759514181959,False,0.006039872483555642
microsoft/Phi-4-mini-instruct,14,4,0.006687680003356986,0.992539573087281,0.999227253090638,False,0.007460426912718976
microsoft/Phi-4-mini-instruct,14,5,0.0040674391920206415,0.9952697267424109,0.9993371659344316,False,0.004730273257589124
microsoft/Phi-4-mini-instruct,14,6,0.005215881105334112,0.9939711984574104,0.9991870795627446,False,0.006028801542589557
microsoft/Phi-4-mini-instruct,14,7,0.010977347959781655,0.9881495438003575,0.9991268917601391,False,0.011850456199642534
microsoft/Phi-4-mini-instruct,14,8,0.005216067643113932,0.9940065324270417,0.9992226000701556,False,0.0059934675729582665
microsoft/Phi-4-mini-instruct,14,9,0.005216485511949647,0.9940863969730905,0.9993028824850402,False,0.005913603026909464
microsoft/Phi-4-mini-instruct,14,10,0.005216485511949647,0.9940863969730905,0.9993028824850402,False,0.005913603026909464
microsoft/Phi-4-mini-instruct,14,11,0.008568703971692562,0.9904076267352498,0.9989763307069424,False,0.009592373264750154
microsoft/Phi-4-mini-instruct,14,12,0.0040673926441395,0.9952580365317899,0.9993254291759294,False,0.0047419634682100975
microsoft/Phi-4-mini-instruct,14,13,0.008571114977931876,0.9906860059495554,0.9992571209274872,False,0.00931399405044464
microsoft/Phi-4-mini-instruct,14,14,0.31800321728913794,0.673212856410601,0.991216073699739,True,0.6819967827108621
microsoft/Phi-4-mini-instruct,14,15,0.005216027847827789,0.9939989941489189,0.9992150219967467,False,0.006001005851081098
microsoft/Phi-4-mini-instruct,14,16,0.005216308908536116,0.994052706206614,0.9992690151151501,False,0.005947293793385988
microsoft/Phi-4-mini-instruct,14,17,0.005216376066876173,0.9940655459840274,0.9992819220509036,False,0.00593445401597259
microsoft/Phi-4-mini-instruct,14,18,0.004067512893921901,0.9952874398235833,0.9993549527175052,False,0.004712560176416747
microsoft/Phi-4-mini-instruct,14,19,0.006687195302904739,0.992467706495395,0.9991549017982997,False,0.007532293504605048
microsoft/Phi-4-mini-instruct,15,1,0.004067613751319346,0.9953123570392215,0.9993799707905409,False,0.004687642960778504
microsoft/Phi-4-mini-instruct,15,2,0.0040669446480208135,0.9951484688012947,0.9992154134493155,False,0.0048515311987052945
microsoft/Phi-4-mini-instruct,15,3,0.004067375188821407,0.9952540216453493,0.9993213968341706,False,0.004745978354650737
microsoft/Phi-4-mini-instruct,15,4,0.004067092035236395,0.9951845953592648,0.9992516873945012,False,0.004815404640735155
microsoft/Phi-4-mini-instruct,15,5,0.005216356168018609,0.9940614229615009,0.9992777791295195,False,0.005938577038499093
microsoft/Phi-4-mini-instruct,15,6,0.004066995069361911,0.9951611012231827,0.9992280962925446,False,0.004838898776817313
microsoft/Phi-4-mini-instruct,15,7,0.005216274086033521,0.9940461095565651,0.9992623836425987,False,0.005953890443434862
microsoft/Phi-4-mini-instruct,15,8,0.00406691168055885,0.9951404413187986,0.9992073529993575,False,0.004859558681201359
microsoft/Phi-4-mini-instruct,15,9,0.005216209416288301,0.9940336236727323,0.9992498330890206,False,0.005966376327267708
microsoft/Phi-4-mini-instruct,15,10,0.004066931073151169,0.9951452815266377,0.9992122125997889,False,0.004854718473362274
microsoft/Phi-4-mini-instruct,15,11,0.005216002975928127,0.9939941650707907,0.9992101680467189,False,0.006005834929209253
microsoft/Phi-4-mini-instruct,15,12,0.0031703299813720075,0.9960882501406053,0.9992585801219773,False,0.0039117498593946864
microsoft/Phi-4-mini-instruct,15,13,0.00521599302720147,0.9939921627205373,0.9992081557477387,False,0.006007837279462747
microsoft/Phi-4-mini-instruct,15,14,0.004066979555036532,0.9951570871911867,0.9992240667462232,False,0.004842912808813327
microsoft/Phi-4-mini-instruct,15,15,0.5559965346091903,0.43301053653862487,0.9890070711478152,True,0.4440034653908097
microsoft/Phi-4-mini-instruct,15,16,0.004066770117436293,0.9951059706372137,0.99917274075465,False,0.0048940293627862674
microsoft/Phi-4-mini-instruct,15,17,0.0052153265057402155,0.99386521102651,0.9990805375322502,False,0.0061347889734899574
microsoft/Phi-4-mini-instruct,15,18,0.0031707517824168265,0.9962205031073651,0.999391254889782,False,0.0037794968926349037
microsoft/Phi-4-mini-instruct,15,19,0.004067061005905031,0.9951769211712113,0.9992439821771163,False,0.0048230788287887405
microsoft/Phi-4-mini-instruct,16,1,0.005216435763904318,0.9940767370652446,0.9992931728291489,False,0.005923262934755424
microsoft/Phi-4-mini-instruct,16,2,0.0052158935409785554,0.9939735539237383,0.9991894474647168,False,0.006026446076261682
microsoft/Phi-4-mini-instruct,16,3,0.0052154757195629325,0.9938935896812782,0.9991090654008411,False,0.006106410318721833
microsoft/Phi-4-mini-instruct,16,4,0.008568618168716681,0.9903976880438486,0.9989663062125653,False,0.009602311956151355
microsoft/Phi-4-mini-instruct,16,5,0.0040674023415708084,0.9952606341900212,0.999328036531592,False,0.004739365809978802
microsoft/Phi-4-mini-instruct,16,6,0.005216224340004498,0.994036568538593,0.9992527928785975,False,0.005963431461406987
microsoft/Phi-4-mini-instruct,16,7,0.0052166695838426255,0.9941212679476181,0.9993379375314607,False,0.005878732052381874
microsoft/Phi-4-mini-instruct,16,8,0.008569218807591329,0.9904669159839425,0.9990361347915339,False,0.009533084016057458
microsoft/Phi-4-mini-instruct,16,9,0.006686901948644546,0.9924240283775683,0.9991109303262128,False,0.007575971622431732
microsoft/Phi-4-mini-instruct,16,10,0.004067132761593075,0.9951947489200319,0.999261881681625,False,0.004805251079968098
microsoft/Phi-4-mini-instruct,16,11,0.005216331294553398,0.9940568287300927,0.9992731600246461,False,0.005943171269907288
microsoft/Phi-4-mini-instruct,16,12,0.003170346610458147,0.9960930995968587,0.9992634462073168,False,0.003906900403141345
microsoft/Phi-4-mini-instruct,16,13,0.006688056308194296,0.992595476210076,0.9992835325182703,False,0.007404523789923956
microsoft/Phi-4-mini-instruct,16,14,0.005216316370531202,0.994053884267103,0.9992702006376342,False,0.00594611573289705
microsoft/Phi-4-mini-instruct,16,15,0.005216532773032156,0.9940953501083579,0.9993118828813901,False,0.0059046498916420775
microsoft/Phi-4-mini-instruct,16,16,0.3740491849972588,0.6167028475930278,0.9907520325902867,True,0.6259508150027412
microsoft/Phi-4-mini-instruct,16,17,0.006687405760627909,0.9924988237978708,0.9991862295584987,False,0.0075011762021292006
microsoft/Phi-4-mini-instruct,16,18,0.0031708107483236114,0.9962391964184631,0.9994100071667867,False,0.0037608035815368535
microsoft/Phi-4-mini-instruct,16,19,0.005216055207054398,0.9940044124830468,0.9992204676901012,False,0.005995587516953171
microsoft/Phi-4-mini-instruct,17,1,0.008571466469384156,0.9907269576154943,0.9992984240848785,False,0.009273042384505659
microsoft/Phi-4-mini-instruct,17,2,0.008569835834218343,0.9905381413837545,0.9991079772179728,False,0.009461858616245489
microsoft/Phi-4-mini-instruct,17,3,0.008569602911662312,0.9905112404194222,0.9990808433310845,False,0.009488759580577821
microsoft/Phi-4-mini-instruct,17,4,0.008568634512074418,0.990399324346832,0.9989679588589064,False,0.009600675653168023
microsoft/Phi-4-mini-instruct,17,5,0.006687217623864423,0.9924711116503598,0.9991583292742242,False,0.0075288883496401615
microsoft/Phi-4-mini-instruct,17,6,0.008568479251434512,0.9903813177837876,0.9989497970352221,False,0.009618682216212426
microsoft/Phi-4-mini-instruct,17,7,0.014050126999305912,0.9849897413247789,0.9990398683240849,False,0.0150102586752211
microsoft/Phi-4-mini-instruct,17,8,0.008570101455385464,0.9905689038976335,0.999139005353019,False,0.009431096102366476
microsoft/Phi-4-mini-instruct,17,9,0.01097686117068654,0.9881054299564664,0.999082291127153,False,0.011894570043533559
microsoft/Phi-4-mini-instruct,17,10,0.008568994073831347,0.9904411875045332,0.9990101815783646,False,0.00955881249546675
microsoft/Phi-4-mini-instruct,17,11,0.017966256314093248,0.9809242298728168,0.99889048618691,False,0.0190757701271832
microsoft/Phi-4-mini-instruct,17,12,0.005216351193316078,0.9940604805058507,0.9992768316991668,False,0.005939519494149281
microsoft/Phi-4-mini-instruct,17,13,0.017967224408757036,0.9809773418533677,0.9989445662621248,False,0.019022658146632287
microsoft/Phi-4-mini-instruct,17,14,0.014049792022167629,0.9849663787056925,0.9990161707278601,False,0.01503362129430752
microsoft/Phi-4-mini-instruct,17,15,0.008569692810846036,0.9905217669571529,0.999091459767999,False,0.009478233042847117
microsoft/Phi-4-mini-instruct,17,16,0.017964825685628842,0.980846467339492,0.9988112930251208,False,0.01915353266050801
microsoft/Phi-4-mini-instruct,17,17,0.43395122692185006,0.5572044049704852,0.9911556318923352,True,0.5660487730781499
microsoft/Phi-4-mini-instruct,17,18,0.014051399985270548,0.985079036805424,0.9991304367906945,False,0.014920963194576031
microsoft/Phi-4-mini-instruct,17,19,0.014052183934006191,0.9851339866714718,0.999186170605478,False,0.014866013328528216
microsoft/Phi-4-mini-instruct,18,1,0.004067237488382901,0.9952201337386097,0.9992873712269926,False,0.004779866261390264
microsoft/Phi-4-mini-instruct,18,2,0.004066973737179773,0.9951556705596546,0.9992226442968344,False,0.004844329440345407
microsoft/Phi-4-mini-instruct,18,3,0.006686296149056146,0.9923345698436016,0.9990208659926577,False,0.007665430156398423
microsoft/Phi-4-mini-instruct,18,4,0.004066781752575572,0.9951085678985477,0.9991753496511233,False,0.004891432101452264
microsoft/Phi-4-mini-instruct,18,5,0.004067041612693145,0.9951721985164199,0.999239240129113,False,0.004827801483580085
microsoft/Phi-4-mini-instruct,18,6,0.006686308902166127,0.9923363308769882,0.9990226397791544,False,0.0076636691230117515
microsoft/Phi-4-mini-instruct,18,7,0.006687003983449324,0.992439526605981,0.9991265305894304,False,0.007560473394018996
microsoft/Phi-4-mini-instruct,18,8,0.005215684626086856,0.9939336288528948,0.9991493134789817,False,0.006066371147105176
microsoft/Phi-4-mini-instruct,18,9,0.014046945038923188,0.9847670355808538,0.998813980619777,False,0.015232964419146233
microsoft/Phi-4-mini-instruct,18,10,0.0040671851246509095,0.9952073819294001,0.9992745670540509,False,0.004792618070599941
microsoft/Phi-4-mini-instruct,18,11,0.006686481071531662,0.9923616876089159,0.9990481686804475,False,0.0076383123910841455
microsoft/Phi-4-mini-instruct,18,12,0.004066605289872643,0.9950657188186992,0.9991323241085719,False,0.0049342811813007925
microsoft/Phi-4-mini-instruct,18,13,0.0066872686434806166,0.9924788615641092,0.9991661302075898,False,0.007521138435890751
microsoft/Phi-4-mini-instruct,18,14,0.004067115307390276,0.9951903802347034,0.9992574955420936,False,0.004809619765296591
microsoft/Phi-4-mini-instruct,18,15,0.0052156896001536975,0.9939343356043489,0.9991500252045026,False,0.006065664395651149
microsoft/Phi-4-mini-instruct,18,16,0.005215751776389471,0.9939464657037069,0.9991622174800964,False,0.006053534296293073
microsoft/Phi-4-mini-instruct,18,17,0.008568859236404392,0.9904252841849109,0.9989941434213153,False,0.009574715815089063
microsoft/Phi-4-mini-instruct,18,18,0.37394884835237346,0.6165374204323747,0.9904862687847482,True,0.6260511516476266
microsoft/Phi-4-mini-instruct,18,19,0.006688136036513611,0.9926075737921637,0.9992957098286773,False,0.007392426207836311
microsoft/Phi-4-mini-instruct,19,1,0.008570939237610898,0.9906657660218331,0.999236705259444,False,0.009334233978166906
microsoft/Phi-4-mini-instruct,19,2,0.008569733674423128,0.9905263287068278,0.9990960623812509,False,0.009473671293172226
microsoft/Phi-4-mini-instruct,19,3,0.006687536502851836,0.9925185521091396,0.9992060886119914,False,0.00748144789086036
microsoft/Phi-4-mini-instruct,19,4,0.008569733674423128,0.9905265620992365,0.9990962957736597,False,0.009473437900763493
microsoft/Phi-4-mini-instruct,19,5,0.0066877437823476635,0.9925489680120834,0.9992367117944311,False,0.007451031987916634
microsoft/Phi-4-mini-instruct,19,6,0.008569978859977631,0.99055475040262,0.9991247292625977,False,0.009445249597380023
microsoft/Phi-4-mini-instruct,19,7,0.010976620401263945,0.9880840142493962,0.9990606346506601,False,0.01191598575060382
microsoft/Phi-4-mini-instruct,19,8,0.008570350738123131,0.9905980307329014,0.9991683814710246,False,0.009401969267098576
microsoft/Phi-4-mini-instruct,19,9,0.02295189680871177,0.9759395062563312,0.998891403065043,False,0.02406049374366881
microsoft/Phi-4-mini-instruct,19,10,0.008570628635623483,0.9906302011424427,0.9992008297780662,False,0.009369798857557288
microsoft/Phi-4-mini-instruct,19,11,0.014049410157971764,0.9849398950749184,0.9989893052328902,False,0.015060104925081585
microsoft/Phi-4-mini-instruct,19,12,0.0052163113958666255,0.9940529418186002,0.9992692532144668,False,0.005947058181399845
microsoft/Phi-4-mini-instruct,19,13,0.017967747030211662,0.9810056786769878,0.9989734257071995,False,0.018994321323012153
microsoft/Phi-4-mini-instruct,19,14,0.010977494524167436,0.9881623478221125,0.99913984234628,False,0.011837652177887459
microsoft/Phi-4-mini-instruct,19,15,0.008569758192662914,0.9905294864277546,0.9990992446204175,False,0.009470513572245376
microsoft/Phi-4-mini-instruct,19,16,0.008569921649387476,0.9905483176497064,0.9991182392990939,False,0.009451682350293589
microsoft/Phi-4-mini-instruct,19,17,0.017965759436205195,0.9808972766609593,0.9988630360971644,False,0.019102723339040728
microsoft/Phi-4-mini-instruct,19,18,0.037283519657134244,0.9615546989978958,0.9988382186550301,False,0.03844530100210419
microsoft/Phi-4-mini-instruct,19,19,0.26702773717360134,0.7258566672857524,0.9928844044593537,True,0.7329722628263986
