model,k,x,p_yes,p_no,sum,is_correct,p_err
Qwen/Qwen3-4B-instruct-2507,1,353,0.9999998807907248,8.152020714470167e-09,0.9999998889427454,True,1.1920927533992653e-07
Qwen/Qwen3-4B-instruct-2507,2,353,6.82560337633487e-08,0.9999991655356624,0.999999233791696,False,8.344643376290151e-07
Qwen/Qwen3-4B-instruct-2507,3,353,3.726599862258728e-06,0.999985933501902,0.9999896601017644,False,1.4066498097986546e-05
Qwen/Qwen3-4B-instruct-2507,4,353,3.224174437983862e-08,0.9999961853172864,0.9999962175590308,False,3.814682713709771e-06
Qwen/Qwen3-4B-instruct-2507,5,353,0.9770186640292616,0.0229772742832996,0.9999959383125612,False,0.9770227257167003
Qwen/Qwen3-4B-instruct-2507,6,353,3.65346130838794e-08,0.9999936819476216,0.9999937184822348,False,6.318052378384564e-06
Qwen/Qwen3-4B-instruct-2507,7,353,0.9999198977744738,7.484583384938425e-05,0.9999947436083232,False,0.9999251541661506
Qwen/Qwen3-4B-instruct-2507,8,353,2.2159362976111183e-08,0.9999938011552556,0.9999938233146188,False,6.198844744287335e-06
Qwen/Qwen3-4B-instruct-2507,9,353,9.93102383337044e-08,0.9999831917733144,0.9999832910835528,False,1.680822668570503e-05
Qwen/Qwen3-4B-instruct-2507,10,353,5.602796437537268e-09,0.999999284744746,0.9999992903475424,False,7.152552541356272e-07
Qwen/Qwen3-4B-instruct-2507,11,353,4.005735065816981e-05,0.9998011984301816,0.9998412557808398,False,0.0001988015698183
Qwen/Qwen3-4B-instruct-2507,12,353,1.3440358680137724e-08,0.99999582769221,0.9999958411325688,False,4.172307789929164e-06
Qwen/Qwen3-4B-instruct-2507,13,353,1.0676653175439955e-06,0.9999634040871428,0.9999644717524604,False,3.659591285720687e-05
Qwen/Qwen3-4B-instruct-2507,14,353,4.1399140299392984e-08,0.9999936819476216,0.999993723346762,False,6.318052378384564e-06
Qwen/Qwen3-4B-instruct-2507,15,353,2.5109847877326692e-08,0.999994397195003,0.9999944223048508,False,5.602804996951427e-06
Qwen/Qwen3-4B-instruct-2507,16,353,9.237414423963841e-09,0.9999963045256736,0.9999963137630878,False,3.695474326548265e-06
Qwen/Qwen3-4B-instruct-2507,17,353,6.475742196971513e-07,0.9999679337281996,0.9999685813024194,False,3.206627180030175e-05
Qwen/Qwen3-4B-instruct-2507,18,353,1.7257729238158885e-08,0.9999945164027224,0.9999945336604515,False,5.483597277700092e-06
Qwen/Qwen3-4B-instruct-2507,19,353,3.466218324713492e-07,0.999968291333751,0.9999686379555834,False,3.170866624901958e-05
Qwen/Qwen3-4B-instruct-2507,20,353,9.237432042950414e-09,0.9999984502816872,0.9999984595191193,False,1.549718312787718e-06
Qwen/Qwen3-4B-instruct-2507,1,351,0.9999998807907248,1.0467401794744658e-08,0.9999998912581264,True,1.1920927533992653e-07
Qwen/Qwen3-4B-instruct-2507,2,351,1.4449774900307768e-07,0.9999979734461776,0.9999981179439263,False,2.026553822531696e-06
Qwen/Qwen3-4B-instruct-2507,3,351,0.999999642372252,4.1399377187851675e-08,0.9999996837716292,True,3.576277478600787e-07
Qwen/Qwen3-4B-instruct-2507,4,351,3.653447371565659e-08,0.9999897481064004,0.999989784640874,False,1.0251893599599882e-05
Qwen/Qwen3-4B-instruct-2507,5,351,0.0109868158490206,0.9890017489379418,0.9999885647869624,False,0.0109982510620582
Qwen/Qwen3-4B-instruct-2507,6,351,2.561191067392888e-06,0.9999619736836096,0.9999645348746772,False,3.802631639027165e-05
Qwen/Qwen3-4B-instruct-2507,7,351,0.6790577261974895,0.3207641381170268,0.9998218643145164,False,0.6792358618829731
Qwen/Qwen3-4B-instruct-2507,8,351,3.2241313908982893e-08,0.9999831917733144,0.9999832240146282,False,1.680822668570503e-05
Qwen/Qwen3-4B-instruct-2507,9,351,0.9999985694905718,8.76423150298272e-08,0.9999986571328868,True,1.430509428246296e-06
Qwen/Qwen3-4B-instruct-2507,10,351,4.9444410711567335e-09,0.9999988079084972,0.9999988128529382,False,1.1920915028440504e-06
Qwen/Qwen3-4B-instruct-2507,11,351,0.004067260761369,0.9952256833940594,0.9992929441554284,False,0.0047743166059406
Qwen/Qwen3-4B-instruct-2507,12,351,6.023447459603676e-08,0.9999784235841962,0.9999784838186708,False,2.1576415803803428e-05
Qwen/Qwen3-4B-instruct-2507,13,351,0.9999984502816872,7.734407154916583e-08,0.9999985276257588,True,1.549718312787718e-06
Qwen/Qwen3-4B-instruct-2507,14,351,3.2241313908982893e-08,0.9999831917733144,0.9999832240146282,False,1.680822668570503e-05
Qwen/Qwen3-4B-instruct-2507,15,351,4.1398824450223246e-08,0.9999868871505256,0.99998692854935,False,1.3112849474472554e-05
Qwen/Qwen3-4B-instruct-2507,16,351,9.237379186091506e-09,0.9999921322487634,0.9999921414861426,False,7.8677512366232e-06
Qwen/Qwen3-4B-instruct-2507,17,351,9.421735968498188e-07,0.9999240694467058,0.9999250116203026,False,7.593055329424558e-05
Qwen/Qwen3-4B-instruct-2507,18,351,4.539521066234457e-05,0.999896298672378,0.9999416938830404,False,0.000103701327622
Qwen/Qwen3-4B-instruct-2507,19,351,2.382231079242374e-07,0.9999414716651684,0.9999417098882764,False,5.852833483155351e-05
Qwen/Qwen3-4B-instruct-2507,20,351,6.348788006680007e-09,0.9999971389852362,0.9999971453340244,False,2.861014763766434e-06
Qwen/Qwen3-4B-instruct-2507,1,358,0.9999998807907248,9.237449661970594e-09,0.9999998900281744,True,1.1920927533992653e-07
Qwen/Qwen3-4B-instruct-2507,2,358,0.9999986886995842,7.33820819192633e-07,0.9999994225204034,True,1.3113004158071815e-06
Qwen/Qwen3-4B-instruct-2507,3,358,2.902262283995376e-06,0.9999802116501774,0.9999831139124612,False,1.9788349822635887e-05
Qwen/Qwen3-4B-instruct-2507,4,358,1.0129629890360015e-05,0.9999543449247886,0.999964474554679,False,4.5655075211370466e-05
Qwen/Qwen3-4B-instruct-2507,5,358,0.3775322518983996,0.6224454726305306,0.9999777245289304,False,0.3775545273694694
Qwen/Qwen3-4B-instruct-2507,6,358,2.1023757071080578e-07,0.9999722250068926,0.9999724352444632,False,2.777499310735454e-05
Qwen/Qwen3-4B-instruct-2507,7,358,0.8518044819568762,0.148021426084101,0.9998259080409772,False,0.8519785739158989
Qwen/Qwen3-4B-instruct-2507,8,358,3.466168740417277e-07,0.9999542257282245,0.9999545723450984,False,4.577427177565596e-05
Qwen/Qwen3-4B-instruct-2507,9,358,1.4449402834859574e-07,0.9999722250068926,0.9999723695009208,False,2.777499310735454e-05
Qwen/Qwen3-4B-instruct-2507,10,358,7.194119308618671e-09,0.9999984502816872,0.9999984574758064,False,1.549718312787718e-06
Qwen/Qwen3-4B-instruct-2507,11,358,4.005322509065099e-05,0.99969849142047,0.9997385446455606,False,0.00030150857953
Qwen/Qwen3-4B-instruct-2507,12,358,3.653419498080592e-08,0.9999831917733144,0.9999832283075092,False,1.680822668570503e-05
Qwen/Qwen3-4B-instruct-2507,13,358,1.2097494634671749e-06,0.999902496306142,0.9999037060556054,False,9.750369385808089e-05
Qwen/Qwen3-4B-instruct-2507,14,358,9.930985949593232e-08,0.9999784235841962,0.9999785228940556,False,2.1576415803803428e-05
Qwen/Qwen3-4B-instruct-2507,15,358,3.2241436900069496e-08,0.9999868871505256,0.9999869193919624,False,1.3112849474472554e-05
Qwen/Qwen3-4B-instruct-2507,16,358,3.2241436900069496e-08,0.9999868871505256,0.9999869193919624,False,1.3112849474472554e-05
Qwen/Qwen3-4B-instruct-2507,17,358,3.726358200639494e-06,0.999921208870625,0.9999249352288256,False,7.879112937503319e-05
Qwen/Qwen3-4B-instruct-2507,18,358,3.653405561417804e-08,0.9999784235841962,0.999978460118252,False,2.1576415803803428e-05
Qwen/Qwen3-4B-instruct-2507,19,358,2.699418887923522e-07,0.9999412332751232,0.999941503217012,False,5.876672487692414e-05
Qwen/Qwen3-4B-instruct-2507,20,358,1.7257729238158885e-08,0.999994397195003,0.9999944144527324,False,5.602804996951427e-06
Qwen/Qwen3-4B-instruct-2507,1,350,0.9999998807907248,8.152020714470167e-09,0.9999998889427454,True,1.1920927533992653e-07
Qwen/Qwen3-4B-instruct-2507,2,350,0.9999995231630692,2.382369667501818e-07,0.999999761400036,True,4.768369308294497e-07
Qwen/Qwen3-4B-instruct-2507,3,350,1.0676867000629394e-06,0.9999841454156853,0.9999852131023852,False,1.5854584314745068e-05
Qwen/Qwen3-4B-instruct-2507,4,350,0.9524865399398572,0.0474215101868901,0.9999080501267472,False,0.9525784898131098
Qwen/Qwen3-4B-instruct-2507,5,350,0.9999998807907248,1.3440409951135022e-08,0.9999998942311346,True,1.1920927533992653e-07
Qwen/Qwen3-4B-instruct-2507,6,350,2.382303780274771e-07,0.9999722250068926,0.9999724632372706,False,2.777499310735454e-05
Qwen/Qwen3-4B-instruct-2507,7,350,0.9999997615814776,1.9555681087850496e-08,0.9999997811371588,True,2.384185222581437e-07
Qwen/Qwen3-4B-instruct-2507,8,350,9.422113357295746e-07,0.9999636424897494,0.9999645847010852,False,3.6357510250550895e-05
Qwen/Qwen3-4B-instruct-2507,9,350,5.3156737259812953e-08,0.9999784235841962,0.9999784767409334,False,2.1576415803803428e-05
Qwen/Qwen3-4B-instruct-2507,10,350,0.9999997615814776,2.5109991557439826e-08,0.9999997866914692,True,2.384185222581437e-07
Qwen/Qwen3-4B-instruct-2507,11,350,6.143415502462824e-06,0.9998703171135284,0.9998764605290308,False,0.0001296828864716
Qwen/Qwen3-4B-instruct-2507,12,350,2.5109560519566853e-08,0.9999831917733144,0.9999832168828748,False,1.680822668570503e-05
Qwen/Qwen3-4B-instruct-2507,13,350,6.825421115494573e-08,0.9999723442092404,0.9999724124634516,False,2.765579075958424e-05
Qwen/Qwen3-4B-instruct-2507,14,350,0.9999991655356624,6.02357383788648e-08,0.9999992257714008,True,8.344643376290151e-07
Qwen/Qwen3-4B-instruct-2507,15,350,1.637341215920838e-07,0.9999783043793048,0.9999784681134264,False,2.1695620695205697e-05
Qwen/Qwen3-4B-instruct-2507,16,350,1.1861029658523816e-08,0.9999921322487634,0.9999921441097932,False,7.8677512366232e-06
Qwen/Qwen3-4B-instruct-2507,17,350,7.73425963421433e-08,0.9999784235841962,0.9999785009267924,False,2.1576415803803428e-05
Qwen/Qwen3-4B-instruct-2507,18,350,2.2159193914233397e-08,0.9999868871505256,0.9999869093097196,False,1.3112849474472554e-05
Qwen/Qwen3-4B-instruct-2507,19,350,5.3156737259812953e-08,0.9999783043793048,0.999978357536042,False,2.1695620695205697e-05
Qwen/Qwen3-4B-instruct-2507,20,350,0.9999974966112362,6.47593364802092e-07,0.999998144204601,False,0.9999993524066352
Qwen/Qwen3-4B-instruct-2507,1,381,0.9999998807907248,1.0467401794744658e-08,0.9999998912581264,True,1.1920927533992653e-07
Qwen/Qwen3-4B-instruct-2507,2,381,5.8291050224835536e-05,0.9999383725953735,0.9999966636455984,False,6.162740462634098e-05
Qwen/Qwen3-4B-instruct-2507,3,381,0.999999284744746,1.637375569067042e-07,0.9999994484823028,True,7.152552541356272e-07
Qwen/Qwen3-4B-instruct-2507,4,381,9.931061717292157e-08,0.9999868871505256,0.9999869864611428,False,1.3112849474472554e-05
Qwen/Qwen3-4B-instruct-2507,5,381,1.444974733957565e-07,0.9999965429424904,0.9999966874399638,False,3.457057509592687e-06
Qwen/Qwen3-4B-instruct-2507,6,381,2.699532162424455e-07,0.9999829533624088,0.9999832233156252,False,1.704663759105607e-05
Qwen/Qwen3-4B-instruct-2507,7,381,7.483905319435332e-05,0.9998288447627128,0.9999036838159072,False,0.0001711552372871
Qwen/Qwen3-4B-instruct-2507,8,381,4.6910834933580506e-08,0.9999831917733144,0.9999832386841492,False,1.680822668570503e-05
Qwen/Qwen3-4B-instruct-2507,9,381,6.962012579684706e-06,0.999957563295601,0.9999645253081808,False,4.243670439896263e-05
Qwen/Qwen3-4B-instruct-2507,10,381,8.152005165739432e-09,0.9999984502816872,0.9999984584336924,False,1.549718312787718e-06
Qwen/Qwen3-4B-instruct-2507,11,381,9.607013940509686e-05,0.9995682912057,0.9996643613451052,False,0.0004317087942998
Qwen/Qwen3-4B-instruct-2507,12,381,5.315714281508057e-08,0.9999868871505256,0.9999869403076684,False,1.3112849474472554e-05
Qwen/Qwen3-4B-instruct-2507,13,381,0.0003352624164417,0.9994033560562002,0.999738618472642,False,0.0005966439437997
Qwen/Qwen3-4B-instruct-2507,14,381,2.8453131008843787e-08,0.9999920130413285,0.9999920414944592,False,7.98695867165744e-06
Qwen/Qwen3-4B-instruct-2507,15,381,1.6373552693935324e-07,0.9999867679437158,0.9999869316792428,False,1.3232056284229188e-05
Qwen/Qwen3-4B-instruct-2507,16,381,1.955549459123185e-08,0.9999897481064004,0.999989767661895,False,1.0251893599599882e-05
Qwen/Qwen3-4B-instruct-2507,17,381,0.998470978982971,0.0015011404339602,0.9999721194169312,False,0.9984988595660398
Qwen/Qwen3-4B-instruct-2507,18,381,6.825486208093127e-08,0.9999831917733144,0.9999832600281764,False,1.680822668570503e-05
Qwen/Qwen3-4B-instruct-2507,19,381,0.9995336324430928,0.0004305417120273,0.99996417415512,False,0.9995694582879728
Qwen/Qwen3-4B-instruct-2507,20,381,1.0467381829779197e-08,0.9999971389852362,0.999997149452618,False,2.861014763766434e-06
Qwen/Qwen3-4B-instruct-2507,1,356,0.9999998807907248,7.194133030325383e-09,0.9999998879848576,True,1.1920927533992653e-07
Qwen/Qwen3-4B-instruct-2507,2,356,0.999999284744746,2.699575928845559e-07,0.9999995547023388,True,7.152552541356272e-07
Qwen/Qwen3-4B-instruct-2507,3,356,1.994695654318529e-06,0.9999811652878874,0.9999831599835416,False,1.8834712112614227e-05
Qwen/Qwen3-4B-instruct-2507,4,356,0.9999971389852362,3.059014453095186e-07,0.9999974448866816,True,2.861014763766434e-06
Qwen/Qwen3-4B-instruct-2507,5,356,0.2226939879472693,0.7772783461714428,0.999972334118712,False,0.2227216538285572
Qwen/Qwen3-4B-instruct-2507,6,356,3.927721203762156e-07,0.9999641192914956,0.999964512063616,False,3.588070850446545e-05
Qwen/Qwen3-4B-instruct-2507,7,356,0.8805937262971918,0.1191754049165184,0.9997691312137102,False,0.8808245950834815
Qwen/Qwen3-4B-instruct-2507,8,356,1.6700171773863484e-05,0.9999082172721176,0.9999249174438916,False,9.17827278823502e-05
Qwen/Qwen3-4B-instruct-2507,9,356,8.764064340127165e-08,0.9999784235841962,0.9999785112248396,False,2.1576415803803428e-05
Qwen/Qwen3-4B-instruct-2507,10,356,9.237432042950414e-09,0.9999977350285648,0.9999977442659967,False,2.2649714352951378e-06
Qwen/Qwen3-4B-instruct-2507,11,356,1.6698021831403193e-05,0.999779630595672,0.9997963286175034,False,0.0002203694043279
Qwen/Qwen3-4B-instruct-2507,12,356,6.825460170979211e-08,0.9999784235841962,0.999978491838798,False,2.1576415803803428e-05
Qwen/Qwen3-4B-instruct-2507,13,356,5.042990855827747e-07,0.9999032114269176,0.9999037157260032,False,9.678857308237364e-05
Qwen/Qwen3-4B-instruct-2507,14,356,1.125328136620996e-07,0.9999784235841962,0.9999785361170098,False,2.1576415803803428e-05
Qwen/Qwen3-4B-instruct-2507,15,356,2.8452968199188003e-08,0.9999868871505256,0.9999869156034936,False,1.3112849474472554e-05
Qwen/Qwen3-4B-instruct-2507,16,356,8.764014191892229e-08,0.9999723442092404,0.9999724318493824,False,2.765579075958424e-05
Qwen/Qwen3-4B-instruct-2507,17,356,7.337662347895196e-07,0.9999241886396754,0.99992492240591,False,7.58113603246402e-05
Qwen/Qwen3-4B-instruct-2507,18,356,2.5109464734377693e-08,0.9999784235841962,0.9999784486936608,False,2.1576415803803428e-05
Qwen/Qwen3-4B-instruct-2507,19,356,2.102311548672153e-07,0.9999413524701386,0.9999415627012934,False,5.864752986139976e-05
Qwen/Qwen3-4B-instruct-2507,20,356,5.315734559387467e-08,0.9999897481064004,0.999989801263746,False,1.0251893599599882e-05
Qwen/Qwen3-4B-instruct-2507,1,355,0.9999998807907248,8.152020714470167e-09,0.9999998889427454,True,1.1920927533992653e-07
Qwen/Qwen3-4B-instruct-2507,2,355,4.6911550741576676e-08,0.999998927117538,0.9999989740290888,False,1.0728824619832269e-06
Qwen/Qwen3-4B-instruct-2507,3,355,5.714931433390751e-07,0.9999862911193472,0.9999868626124906,False,1.3708880652774091e-05
Qwen/Qwen3-4B-instruct-2507,4,355,2.8453185278936072e-08,0.9999936819476216,0.9999937104008068,False,6.318052378384564e-06
Qwen/Qwen3-4B-instruct-2507,5,355,0.9999994039539004,7.734421907141567e-08,0.9999994812981194,True,5.960460995879657e-07
Qwen/Qwen3-4B-instruct-2507,6,355,2.8453131008843787e-08,0.9999920130413285,0.9999920414944592,False,7.98695867165744e-06
Qwen/Qwen3-4B-instruct-2507,7,355,0.7309183474216788,0.2688898251778999,0.9998081725995788,False,0.7311101748221001
Qwen/Qwen3-4B-instruct-2507,8,355,1.955549459123185e-08,0.999989867312656,0.9999898868681504,False,1.0132687344066582e-05
Qwen/Qwen3-4B-instruct-2507,9,355,6.023470437276057e-08,0.9999831917733144,0.9999832520080186,False,1.680822668570503e-05
Qwen/Qwen3-4B-instruct-2507,10,355,6.348788006680007e-09,0.9999988079084972,0.9999988142572852,False,1.1920915028440504e-06
Qwen/Qwen3-4B-instruct-2507,11,355,1.370825733126252e-06,0.9999023771230332,0.9999037479487664,False,9.762287696668535e-05
Qwen/Qwen3-4B-instruct-2507,12,355,9.237396805010873e-09,0.9999938011552556,0.9999938103926526,False,6.198844744287335e-06
Qwen/Qwen3-4B-instruct-2507,13,355,3.0587927460625377e-07,0.9999246654044206,0.9999249712836952,False,7.533459557940159e-05
Qwen/Qwen3-4B-instruct-2507,14,355,2.2159278445011066e-08,0.9999897481064004,0.9999897702656788,False,1.0251893599599882e-05
Qwen/Qwen3-4B-instruct-2507,15,355,3.2241436900069496e-08,0.9999868871505256,0.9999869193919624,False,1.3112849474472554e-05
Qwen/Qwen3-4B-instruct-2507,16,355,7.1941055869381294e-09,0.9999952316511552,0.9999952388452608,False,4.768348844774728e-06
Qwen/Qwen3-4B-instruct-2507,17,355,2.382260613769203e-07,0.9999542257282245,0.9999544639542856,False,4.577427177565596e-05
Qwen/Qwen3-4B-instruct-2507,18,355,1.046734189996251e-08,0.9999945164027224,0.9999945268700642,False,5.483597277700092e-06
Qwen/Qwen3-4B-instruct-2507,19,355,1.6372818803659308e-07,0.9999413524701386,0.9999415161983266,False,5.864752986139976e-05
Qwen/Qwen3-4B-instruct-2507,20,355,7.194119308618671e-09,0.9999974966112362,0.9999975038053556,False,2.5033887638414853e-06
Qwen/Qwen3-4B-instruct-2507,1,354,0.9999998807907248,9.237449661970594e-09,0.9999998900281744,True,1.1920927533992653e-07
Qwen/Qwen3-4B-instruct-2507,2,354,0.9999995231630692,2.1024338523818466e-07,0.9999997334064544,True,4.768369308294497e-07
Qwen/Qwen3-4B-instruct-2507,3,354,0.9999994039539004,9.931194312156245e-08,0.9999995032658436,True,5.960460995879657e-07
Qwen/Qwen3-4B-instruct-2507,4,354,2.5612106078045515e-06,0.9999697217572346,0.9999722829678424,False,3.0278242765358065e-05
Qwen/Qwen3-4B-instruct-2507,5,354,0.1480436964169078,0.8519326896508759,0.9999763860677836,False,0.1480673103491241
Qwen/Qwen3-4B-instruct-2507,6,354,0.9999990463265932,1.855389593177733e-07,0.9999992318655524,True,9.536734069115482e-07
Qwen/Qwen3-4B-instruct-2507,7,354,0.9913645969177172,0.0085769859572363,0.9999415828749536,False,0.9914230140427636
Qwen/Qwen3-4B-instruct-2507,8,354,1.2751455959701161e-07,0.9999643576942728,0.9999644852088324,False,3.564230572727922e-05
Qwen/Qwen3-4B-instruct-2507,9,354,1.147836349377526e-05,0.9999530337451736,0.9999645121086674,False,4.696625482636385e-05
Qwen/Qwen3-4B-instruct-2507,10,354,7.194119308618671e-09,0.9999985694905718,0.999998576684691,False,1.430509428246296e-06
Qwen/Qwen3-4B-instruct-2507,11,354,3.119375080209598e-05,0.999707426813772,0.999738620564574,False,0.0002925731862281
Qwen/Qwen3-4B-instruct-2507,12,354,3.5354634805637134e-05,0.9999191826344888,0.9999545372692944,False,8.081736551124319e-05
Qwen/Qwen3-4B-instruct-2507,13,354,2.9020325646082343e-06,0.999900827707538,0.9999037297401028,False,9.917229246192429e-05
Qwen/Qwen3-4B-instruct-2507,14,354,1.855350665963254e-07,0.9999783043793048,0.9999784899143714,False,2.1695620695205697e-05
Qwen/Qwen3-4B-instruct-2507,15,354,5.3156940037059986e-08,0.9999831917733144,0.9999832449302544,False,1.680822668570503e-05
Qwen/Qwen3-4B-instruct-2507,16,354,1.9555419993082388e-08,0.9999868871505256,0.9999869067059456,False,1.3112849474472554e-05
Qwen/Qwen3-4B-instruct-2507,17,354,1.300615646936674e-05,0.999911912093075,0.9999249182495444,False,8.808790692504953e-05
Qwen/Qwen3-4B-instruct-2507,18,354,2.4298421170671808e-05,0.999900827707538,0.9999251261287088,False,9.917229246192429e-05
Qwen/Qwen3-4B-instruct-2507,19,354,3.927631306386937e-07,0.9999411140801217,0.9999415068432524,False,5.888591987834868e-05
Qwen/Qwen3-4B-instruct-2507,20,354,1.7257729238158885e-08,0.999995112442896,0.9999951297006252,False,4.887557104038542e-06
Qwen/Qwen3-4B-instruct-2507,1,371,0.9999998807907248,1.0467401794744658e-08,0.9999998912581264,True,1.1920927533992653e-07
Qwen/Qwen3-4B-instruct-2507,2,371,2.3823651234966234e-07,0.9999977350285648,0.999997973265077,False,2.2649714352951378e-06
Qwen/Qwen3-4B-instruct-2507,3,371,7.338117215101431e-07,0.999986171913518,0.9999869057252394,False,1.3828086482092772e-05
Qwen/Qwen3-4B-instruct-2507,4,371,4.691128231229814e-08,0.9999920130413285,0.9999920599526106,False,7.98695867165744e-06
Qwen/Qwen3-4B-instruct-2507,5,371,6.825577338773998e-08,0.9999965429424904,0.9999966111982638,False,3.457057509592687e-06
Qwen/Qwen3-4B-instruct-2507,6,371,5.315714281508057e-08,0.9999868871505256,0.9999869403076684,False,1.3112849474472554e-05
Qwen/Qwen3-4B-instruct-2507,7,371,0.9999974966112362,5.043462196197153e-07,0.9999980009574556,True,2.5033887638414853e-06
Qwen/Qwen3-4B-instruct-2507,8,371,3.653433434796543e-08,0.9999868871505256,0.99998692368486,False,1.3112849474472554e-05
Qwen/Qwen3-4B-instruct-2507,9,371,9.930985949593232e-08,0.9999784235841962,0.9999785228940556,False,2.1576415803803428e-05
Qwen/Qwen3-4B-instruct-2507,10,371,4.9444410711567335e-09,0.9999988079084972,0.9999988128529382,False,1.1920915028440504e-06
Qwen/Qwen3-4B-instruct-2507,11,371,6.143198730036908e-06,0.9998352798920728,0.9998414230908028,False,0.0001647201079272
Qwen/Qwen3-4B-instruct-2507,12,371,1.3440307409336009e-08,0.9999921322487634,0.9999921456890708,False,7.8677512366232e-06
Qwen/Qwen3-4B-instruct-2507,13,371,2.14422998477564e-05,0.9998549433373866,0.9998763856372344,False,0.0001450566626134
Qwen/Qwen3-4B-instruct-2507,14,371,0.9706445274992214,0.0293109260009903,0.9999554535002118,False,0.9706890739990096
Qwen/Qwen3-4B-instruct-2507,15,371,2.2159278445011066e-08,0.999990940175962,0.9999909623352404,False,9.059824038093469e-06
Qwen/Qwen3-4B-instruct-2507,16,371,1.3440307409336009e-08,0.9999921322487634,0.9999921456890708,False,7.8677512366232e-06
Qwen/Qwen3-4B-instruct-2507,17,371,0.0040694955881911,0.9957725468463968,0.999842042434588,False,0.0042274531536031
Qwen/Qwen3-4B-instruct-2507,18,371,1.7257663405271917e-08,0.9999897481064004,0.9999897653640638,False,1.0251893599599882e-05
Qwen/Qwen3-4B-instruct-2507,19,371,8.314795540869607e-07,0.999940756491565,0.9999415879711192,False,5.924350843500292e-05
Qwen/Qwen3-4B-instruct-2507,20,371,7.194119308618671e-09,0.9999977350285648,0.999997742222684,False,2.2649714352951378e-06
Qwen/Qwen3-4B-instruct-2507,1,376,0.9999998807907248,1.0467401794744658e-08,0.9999998912581264,True,1.1920927533992653e-07
Qwen/Qwen3-4B-instruct-2507,2,376,0.9999997615814776,6.82560337633487e-08,0.9999998298375116,True,2.384185222581437e-07
Qwen/Qwen3-4B-instruct-2507,3,376,1.994695654318529e-06,0.9999811652878874,0.9999831599835416,False,1.8834712112614227e-05
Qwen/Qwen3-4B-instruct-2507,4,376,0.9999994039539004,8.764248219443637e-08,0.9999994915963826,True,5.960460995879657e-07
Qwen/Qwen3-4B-instruct-2507,5,376,9.931137485569145e-08,0.9999936819476216,0.9999937812589964,False,6.318052378384564e-06
Qwen/Qwen3-4B-instruct-2507,6,376,2.7534427342041773e-05,0.999926930045521,0.9999544644728632,False,7.306995447897702e-05
Qwen/Qwen3-4B-instruct-2507,7,376,1.8922817338472388e-05,0.9998575651864732,0.9998764880038116,False,0.0001424348135269
Qwen/Qwen3-4B-instruct-2507,8,376,0.9999977350285648,2.3823651234966234e-07,0.999997973265077,True,2.2649714352951378e-06
Qwen/Qwen3-4B-instruct-2507,9,376,1.637331847006054e-07,0.9999722250068926,0.9999723887400772,False,2.777499310735454e-05
Qwen/Qwen3-4B-instruct-2507,10,376,2.5109847877326692e-08,0.999995112442896,0.9999951375527438,False,4.887557104038542e-06
Qwen/Qwen3-4B-instruct-2507,11,376,0.0002611026324592,0.9994034751361984,0.9996645777686576,False,0.0005965248638015
Qwen/Qwen3-4B-instruct-2507,12,376,4.5394474700120025e-05,0.999879732291886,0.999925126766586,False,0.0001202677081141
Qwen/Qwen3-4B-instruct-2507,13,376,1.3005064995078025e-05,0.9998282489203052,0.9998412539853002,False,0.0001717510796949
Qwen/Qwen3-4B-instruct-2507,14,376,8.314906556108061e-07,0.9999537489348336,0.9999545804254892,False,4.6251065166424965e-05
Qwen/Qwen3-4B-instruct-2507,15,376,2.5109656305121405e-08,0.9999868871505256,0.999986912260182,False,1.3112849474472554e-05
Qwen/Qwen3-4B-instruct-2507,16,376,0.9995476862197712,0.0004305476657187,0.99997823388549,False,0.9995694523342812
Qwen/Qwen3-4B-instruct-2507,17,376,1.1477662931445608e-05,0.999892246414295,0.9999037240772264,False,0.000107753585705
Qwen/Qwen3-4B-instruct-2507,18,376,5.315643309539276e-08,0.9999723442092404,0.9999723973656736,False,2.765579075958424e-05
Qwen/Qwen3-4B-instruct-2507,19,376,2.9020934523132587e-06,0.999922043204773,0.9999249452982252,False,7.795679522704102e-05
Qwen/Qwen3-4B-instruct-2507,20,376,0.9998364716001732,0.0001584354856179,0.999994907085791,False,0.999841564514382
Qwen/Qwen3-4B-instruct-2507,1,390,0.9999998807907248,1.0467401794744658e-08,0.9999998912581264,True,1.1920927533992653e-07
Qwen/Qwen3-4B-instruct-2507,2,390,0.9999991655356624,4.450848255757729e-07,0.999999610620488,True,8.344643376290151e-07
Qwen/Qwen3-4B-instruct-2507,3,390,0.9999995231630692,3.2241867372567335e-08,0.9999995554049366,True,4.768369308294497e-07
Qwen/Qwen3-4B-instruct-2507,4,390,0.9626033663046756,0.0373241827065258,0.9999275490112016,False,0.962675817293474
Qwen/Qwen3-4B-instruct-2507,5,390,0.9999997615814776,3.2241867372567335e-08,0.9999997938233453,True,2.384185222581437e-07
Qwen/Qwen3-4B-instruct-2507,6,390,0.9999880792130388,7.889234541559306e-06,0.9999959684475802,True,1.1920786961328034e-05
Qwen/Qwen3-4B-instruct-2507,7,390,0.8517087449745215,0.1480047872854521,0.9997135322599736,False,0.8519952127145479
Qwen/Qwen3-4B-instruct-2507,8,390,1.0129233823021006e-05,0.999914891812595,0.999925021046418,False,8.510818740503634e-05
Qwen/Qwen3-4B-instruct-2507,9,390,4.784875535732778e-06,0.9999496962111042,0.99995448108664,False,5.030378889581133e-05
Qwen/Qwen3-4B-instruct-2507,10,390,0.9999997615814776,2.8453348089834e-08,0.999999790034826,True,2.384185222581437e-07
Qwen/Qwen3-4B-instruct-2507,11,390,0.1190800301286934,0.8798890622173734,0.9989690923460668,False,0.1201109377826266
Qwen/Qwen3-4B-instruct-2507,12,390,0.6790844402193427,0.3207767569266874,0.99986119714603,False,0.6792232430733126
Qwen/Qwen3-4B-instruct-2507,13,390,0.9999997615814776,2.2159489773365983e-08,0.9999997837409677,True,2.384185222581437e-07
Qwen/Qwen3-4B-instruct-2507,14,390,6.961939545649321e-06,0.9999475506632682,0.999954512602814,False,5.244933673176355e-05
Qwen/Qwen3-4B-instruct-2507,15,390,0.999998927117538,1.1253496007565217e-07,0.999999039652498,True,1.0728824619832269e-06
Qwen/Qwen3-4B-instruct-2507,16,390,6.825460170979211e-08,0.9999784235841962,0.999978491838798,False,2.1576415803803428e-05
Qwen/Qwen3-4B-instruct-2507,17,390,6.961395134255598e-06,0.999869363679742,0.9998763250748762,False,0.000130636320258
Qwen/Qwen3-4B-instruct-2507,18,390,1.2097956126270983e-06,0.999940398906774,0.9999416087023866,False,5.960109322600271e-05
Qwen/Qwen3-4B-instruct-2507,19,390,2.9020325646082343e-06,0.999900827707538,0.9999037297401028,False,9.917229246192429e-05
Qwen/Qwen3-4B-instruct-2507,20,390,0.999995112442896,1.7603379181908526e-06,0.9999968727808142,False,0.9999982396620818
Qwen/Qwen3-4B-instruct-2507,1,364,0.9999998807907248,6.34880011604368e-09,0.9999998871395248,True,1.1920927533992653e-07
Qwen/Qwen3-4B-instruct-2507,2,364,0.9999998807907248,2.5109991557439826e-08,0.9999999059007162,True,1.1920927533992653e-07
Qwen/Qwen3-4B-instruct-2507,3,364,3.726557214951845e-06,0.999974609065642,0.999978335622857,False,2.5390934357938377e-05
Qwen/Qwen3-4B-instruct-2507,4,364,0.9999957084838798,2.699568205307921e-07,0.9999959784407004,True,4.291516120247252e-06
Qwen/Qwen3-4B-instruct-2507,5,364,5.3157548373442334e-08,0.999995112442896,0.9999951656004444,False,4.887557104038542e-06
Qwen/Qwen3-4B-instruct-2507,6,364,1.9946385864344584e-06,0.9999525569523512,0.9999545515909376,False,4.744304764880969e-05
Qwen/Qwen3-4B-instruct-2507,7,364,0.9999973774024796,1.275186943143007e-07,0.9999975049211738,True,2.6225975204852148e-06
Qwen/Qwen3-4B-instruct-2507,8,364,1.4449141016768576e-07,0.9999543449247886,0.9999544894161988,False,4.5655075211370466e-05
Qwen/Qwen3-4B-instruct-2507,9,364,3.058938604144094e-07,0.9999721058045592,0.9999724116984195,False,2.789419544080296e-05
Qwen/Qwen3-4B-instruct-2507,10,364,8.152005165739432e-09,0.9999982118638472,0.9999982200158524,False,1.7881361529248352e-06
Qwen/Qwen3-4B-instruct-2507,11,364,0.0004303717585989,0.999138978070178,0.999569349828777,False,0.0008610219298219
Qwen/Qwen3-4B-instruct-2507,12,364,1.2098106114831244e-06,0.99995327214167,0.9999544819522816,False,4.672785832993131e-05
Qwen/Qwen3-4B-instruct-2507,13,364,0.9999947548186582,1.275184510919254e-07,0.9999948823371092,True,5.245181341817506e-06
Qwen/Qwen3-4B-instruct-2507,14,364,0.9999983310727032,9.931175369924417e-08,0.9999984303844568,True,1.6689272968051228e-06
Qwen/Qwen3-4B-instruct-2507,15,364,1.7257597572636077e-08,0.99998700635644,0.9999870236140376,False,1.2993643559888746e-05
Qwen/Qwen3-4B-instruct-2507,16,364,2.2159024853645447e-08,0.9999784235841962,0.999978445743221,False,2.1576415803803428e-05
Qwen/Qwen3-4B-instruct-2507,17,364,2.102311548672153e-07,0.9999413524701386,0.9999415627012934,False,5.864752986139976e-05
Qwen/Qwen3-4B-instruct-2507,18,364,1.4449141016768576e-07,0.9999543449247886,0.9999544894161988,False,4.5655075211370466e-05
Qwen/Qwen3-4B-instruct-2507,19,364,9.93073970856393e-08,0.999954464125005,0.999954563432402,False,4.553587499500633e-05
Qwen/Qwen3-4B-instruct-2507,20,364,4.6911013884555584e-08,0.9999868871505256,0.9999869340615394,False,1.3112849474472554e-05
Qwen/Qwen3-4B-instruct-2507,1,385,0.9999998807907248,7.194133030325383e-09,0.9999998879848576,True,1.1920927533992653e-07
Qwen/Qwen3-4B-instruct-2507,2,385,2.2603121621020218e-06,0.9999922514562126,0.9999945117683748,False,7.748543787378104e-06
Qwen/Qwen3-4B-instruct-2507,3,385,1.209845224937508e-06,0.9999821189265068,0.9999833287717316,False,1.7881073493208888e-05
Qwen/Qwen3-4B-instruct-2507,4,385,3.653447371565659e-08,0.9999897481064004,0.999989784640874,False,1.0251893599599882e-05
Qwen/Qwen3-4B-instruct-2507,5,385,0.9999808076722754,1.6701382233621983e-05,0.999997509054509,True,1.9192327724626423e-05
Qwen/Qwen3-4B-instruct-2507,6,385,5.3156737259812953e-08,0.9999784235841962,0.9999784767409334,False,2.1576415803803428e-05
Qwen/Qwen3-4B-instruct-2507,7,385,0.9999985694905718,1.1253496007565217e-07,0.999998682025532,True,1.430509428246296e-06
Qwen/Qwen3-4B-instruct-2507,8,385,2.5109560519566853e-08,0.9999833109787885,0.9999833360883488,False,1.6689021211657717e-05
Qwen/Qwen3-4B-instruct-2507,9,385,7.73425963421433e-08,0.9999784235841962,0.9999785009267924,False,2.1576415803803428e-05
Qwen/Qwen3-4B-instruct-2507,10,385,5.602785751061334e-09,0.9999985694905718,0.9999985750933575,False,1.430509428246296e-06
Qwen/Qwen3-4B-instruct-2507,11,385,0.9999979734461776,7.734407154916583e-08,0.9999980507902492,True,2.026553822531696e-06
Qwen/Qwen3-4B-instruct-2507,12,385,1.522977640390277e-08,0.9999868871505256,0.999986902380302,False,1.3112849474472554e-05
Qwen/Qwen3-4B-instruct-2507,13,385,3.466066268452794e-07,0.9999246654044206,0.9999250120110474,False,7.533459557940159e-05
Qwen/Qwen3-4B-instruct-2507,14,385,6.825421115494573e-08,0.9999723442092404,0.9999724124634516,False,2.765579075958424e-05
Qwen/Qwen3-4B-instruct-2507,15,385,4.691065598328809e-08,0.9999784235841962,0.9999784704948522,False,2.1576415803803428e-05
Qwen/Qwen3-4B-instruct-2507,16,385,7.194091865283758e-09,0.9999938011552556,0.9999938083493476,False,6.198844744287335e-06
Qwen/Qwen3-4B-instruct-2507,17,385,0.0002034074487693,0.9997002784985602,0.9999036859473296,False,0.0002997215014397
Qwen/Qwen3-4B-instruct-2507,18,385,1.7257531740251372e-08,0.9999831917733144,0.999983209030846,False,1.680822668570503e-05
Qwen/Qwen3-4B-instruct-2507,19,385,0.8805937262971918,0.1191754049165184,0.9997691312137102,False,0.8808245950834815
Qwen/Qwen3-4B-instruct-2507,20,385,7.1941055869381294e-09,0.9999966621509202,0.9999966693450256,False,3.337849079798616e-06
Qwen/Qwen3-4B-instruct-2507,1,352,0.9999998807907248,6.34880011604368e-09,0.9999998871395248,True,1.1920927533992653e-07
Qwen/Qwen3-4B-instruct-2507,2,352,0.9999997615814776,7.734421907141567e-08,0.9999998389256968,True,2.384185222581437e-07
Qwen/Qwen3-4B-instruct-2507,3,352,4.222662001733642e-06,0.9999555369130402,0.999959759575042,False,4.446308695982282e-05
Qwen/Qwen3-4B-instruct-2507,4,352,0.999999642372252,3.2241867372567335e-08,0.9999996746141196,True,3.576277478600787e-07
Qwen/Qwen3-4B-instruct-2507,5,352,0.0373256154373794,0.9626402631289552,0.9999658785663346,False,0.0373597368710448
Qwen/Qwen3-4B-instruct-2507,6,352,2.3822856048086717e-07,0.9999643576942728,0.9999645959228332,False,3.564230572727922e-05
Qwen/Qwen3-4B-instruct-2507,7,352,0.9522689908111632,0.0474106801137823,0.9996796709249456,False,0.9525893198862176
Qwen/Qwen3-4B-instruct-2507,8,352,0.9999983310727032,8.76423150298272e-08,0.9999984187150184,True,1.6689272968051228e-06
Qwen/Qwen3-4B-instruct-2507,9,352,1.275116410537609e-07,0.9999414716651684,0.9999415991768096,False,5.852833483155351e-05
Qwen/Qwen3-4B-instruct-2507,10,352,9.237414423963841e-09,0.9999966621509202,0.9999966713883346,False,3.337849079798616e-06
Qwen/Qwen3-4B-instruct-2507,11,352,0.9999967813595916,8.764214786553687e-08,0.9999968690017396,True,3.218640408420015e-06
Qwen/Qwen3-4B-instruct-2507,12,352,0.0953122756198034,0.9042977738934076,0.999610049513211,False,0.0957022261065924
Qwen/Qwen3-4B-instruct-2507,13,352,7.337046572603637e-07,0.999840642582435,0.9998413762870922,False,0.000159357417565
Qwen/Qwen3-4B-instruct-2507,14,352,1.855325894524729e-07,0.9999643576942728,0.999964543226862,False,3.564230572727922e-05
Qwen/Qwen3-4B-instruct-2507,15,352,2.8452859659935034e-08,0.9999831917733144,0.999983220226174,False,1.680822668570503e-05
Qwen/Qwen3-4B-instruct-2507,16,352,0.9999979734461776,1.4449774900307768e-07,0.9999981179439263,True,2.026553822531696e-06
Qwen/Qwen3-4B-instruct-2507,17,352,2.382231079242374e-07,0.9999413524701386,0.9999415906932464,False,5.864752986139976e-05
Qwen/Qwen3-4B-instruct-2507,18,352,3.2240698960587475e-08,0.9999644768920448,0.9999645091327436,False,3.552310795529312e-05
Qwen/Qwen3-4B-instruct-2507,19,352,1.8552834299709988e-07,0.9999413524701386,0.9999415379984816,False,5.864752986139976e-05
Qwen/Qwen3-4B-instruct-2507,20,352,3.058938604144094e-07,0.9999721058045592,0.9999724116984195,False,2.789419544080296e-05
Qwen/Qwen3-4B-instruct-2507,1,372,0.9999998807907248,9.237449661970594e-09,0.9999998900281744,True,1.1920927533992653e-07
Qwen/Qwen3-4B-instruct-2507,2,372,0.9999997615814776,6.82560337633487e-08,0.9999998298375116,True,2.384185222581437e-07
Qwen/Qwen3-4B-instruct-2507,3,372,0.9999991655356624,1.855389593177733e-07,0.9999993510746216,True,8.344643376290151e-07
Qwen/Qwen3-4B-instruct-2507,4,372,0.9999982118638472,1.855387823741175e-07,0.9999983974026294,True,1.7881361529248352e-06
Qwen/Qwen3-4B-instruct-2507,5,372,1.1253453078966649e-07,0.999995112442896,0.9999952249774268,False,4.887557104038542e-06
Qwen/Qwen3-4B-instruct-2507,6,372,0.9999990463265932,1.4449788680693537e-07,0.99999919082448,True,9.536734069115482e-07
Qwen/Qwen3-4B-instruct-2507,7,372,9.60905727540625e-05,0.9997802263800086,0.9998763169527628,False,0.0002197736199913
Qwen/Qwen3-4B-instruct-2507,8,372,0.999768668291261,0.0002034212221323,0.9999720895133932,False,0.9997965787778677
Qwen/Qwen3-4B-instruct-2507,9,372,3.4662051021651466e-07,0.999964238492877,0.9999645851133871,False,3.5761507123033276e-05
Qwen/Qwen3-4B-instruct-2507,10,372,1.9555606488989612e-08,0.9999963045256736,0.99999632408128,False,3.695474326548265e-06
Qwen/Qwen3-4B-instruct-2507,11,372,0.0002033393716187,0.999365851332918,0.9995691907045366,False,0.0006341486670821
Qwen/Qwen3-4B-instruct-2507,12,372,0.9999984502816872,2.3823651234966234e-07,0.9999986885181996,True,1.549718312787718e-06
Qwen/Qwen3-4B-instruct-2507,13,372,4.222162677765214e-06,0.999837067447481,0.9998412896101588,False,0.0001629325525189
Qwen/Qwen3-4B-instruct-2507,14,372,2.2602216286456077e-06,0.9999523185560252,0.999954578777654,False,4.768144397471197e-05
Qwen/Qwen3-4B-instruct-2507,15,372,3.2241436900069496e-08,0.9999868871505256,0.9999869193919624,False,1.3112849474472554e-05
Qwen/Qwen3-4B-instruct-2507,16,372,8.314898626399016e-07,0.9999536297383405,0.999954461228203,False,4.637026165965619e-05
Qwen/Qwen3-4B-instruct-2507,17,372,9.421538294684476e-07,0.999902734679677,0.9999036768335066,False,9.726532032294788e-05
Qwen/Qwen3-4B-instruct-2507,18,372,2.7533613328913172e-05,0.9998973713361716,0.9999249049495008,False,0.0001026286638282
Qwen/Qwen3-4B-instruct-2507,19,372,6.475569278307876e-07,0.9999408756865238,0.9999415232434516,False,5.9124313476210943e-05
Qwen/Qwen3-4B-instruct-2507,20,372,0.0373247878283764,0.9626189403286928,0.9999437281570692,False,0.0373810596713073
Qwen/Qwen3-4B-instruct-2507,1,377,0.9999998807907248,7.194133030325383e-09,0.9999998879848576,True,1.1920927533992653e-07
Qwen/Qwen3-4B-instruct-2507,2,377,3.927856053683021e-07,0.9999976158197796,0.999998008605385,False,2.3841802203605766e-06
Qwen/Qwen3-4B-instruct-2507,3,377,2.5612277057870513e-06,0.9999758010998766,0.9999783623275824,False,2.419890012339554e-05
Qwen/Qwen3-4B-instruct-2507,4,377,1.1253367222260789e-07,0.9999868871505256,0.9999869996841978,False,1.3112849474472554e-05
Qwen/Qwen3-4B-instruct-2507,5,377,1.444974733957565e-07,0.9999957084838798,0.9999958529813532,False,4.291516120247252e-06
Qwen/Qwen3-4B-instruct-2507,6,377,4.1398824450223246e-08,0.9999868871505256,0.99998692854935,False,1.3112849474472554e-05
Qwen/Qwen3-4B-instruct-2507,7,377,0.0007095826970523,0.999167063789188,0.9998766464862404,False,0.0008329362108119
Qwen/Qwen3-4B-instruct-2507,8,377,6.825460170979211e-08,0.9999784235841962,0.999978491838798,False,2.1576415803803428e-05
Qwen/Qwen3-4B-instruct-2507,9,377,1.855325894524729e-07,0.9999643576942728,0.999964543226862,False,3.564230572727922e-05
Qwen/Qwen3-4B-instruct-2507,10,377,5.602796437537268e-09,0.9999990463265932,0.9999990519293896,False,9.536734069115482e-07
Qwen/Qwen3-4B-instruct-2507,11,377,0.0001583948460463,0.999580321098438,0.9997387159444844,False,0.0004196789015619
Qwen/Qwen3-4B-instruct-2507,12,377,1.9555419993082388e-08,0.99998700635644,0.99998702591186,False,1.2993643559888746e-05
Qwen/Qwen3-4B-instruct-2507,13,377,0.9999979734461776,1.275188159256623e-07,0.9999981009649934,True,2.026553822531696e-06
Qwen/Qwen3-4B-instruct-2507,14,377,1.3440333044712421e-08,0.9999938011552556,0.9999938145955888,False,6.198844744287335e-06
Qwen/Qwen3-4B-instruct-2507,15,377,2.2159193914233397e-08,0.9999868871505256,0.9999869093097196,False,1.3112849474472554e-05
Qwen/Qwen3-4B-instruct-2507,16,377,1.3440281774008497e-08,0.999989867312656,0.9999898807529376,False,1.0132687344066582e-05
Qwen/Qwen3-4B-instruct-2507,17,377,0.0005527255484586,0.9993512074196144,0.9999039329680728,False,0.0006487925803857
Qwen/Qwen3-4B-instruct-2507,18,377,2.2159109383778193e-08,0.9999831917733144,0.9999832139324236,False,1.680822668570503e-05
Qwen/Qwen3-4B-instruct-2507,19,377,2.902143270476658e-06,0.99993873017944,0.9999416323227106,False,6.126982055987273e-05
Qwen/Qwen3-4B-instruct-2507,20,377,7.194119308618671e-09,0.9999974966112362,0.9999975038053556,False,2.5033887638414853e-06
Qwen/Qwen3-4B-instruct-2507,1,357,0.9999998807907248,9.237449661970594e-09,0.9999998900281744,True,1.1920927533992653e-07
Qwen/Qwen3-4B-instruct-2507,2,357,7.734407154916583e-08,0.9999986886995842,0.9999987660436558,False,1.3113004158071815e-06
Qwen/Qwen3-4B-instruct-2507,3,357,0.9999985694905718,2.102431847345636e-07,0.9999987797337564,True,1.430509428246296e-06
Qwen/Qwen3-4B-instruct-2507,4,357,6.825512245306362e-08,0.9999868871505256,0.999986955405648,False,1.3112849474472554e-05
Qwen/Qwen3-4B-instruct-2507,5,357,0.320813545501756,0.6791622406755633,0.9999757861773192,False,0.3208377593244367
Qwen/Qwen3-4B-instruct-2507,6,357,8.314906556108061e-07,0.9999537489348336,0.9999545804254892,False,4.6251065166424965e-05
Qwen/Qwen3-4B-instruct-2507,7,357,0.9999991655356624,5.3157852544244216e-08,0.9999992186935148,True,8.344643376290151e-07
Qwen/Qwen3-4B-instruct-2507,8,357,6.023412993259455e-08,0.9999723442092404,0.9999724044433704,False,2.765579075958424e-05
Qwen/Qwen3-4B-instruct-2507,9,357,5.828688107312711e-05,0.9998668609494784,0.9999251478305514,False,0.0001331390505217
Qwen/Qwen3-4B-instruct-2507,10,357,5.602796437537268e-09,0.9999991655356624,0.9999991711384588,False,8.344643376290151e-07
Qwen/Qwen3-4B-instruct-2507,11,357,0.0040664443470511,0.9950259426302468,0.999092386977298,False,0.0049740573697532
Qwen/Qwen3-4B-instruct-2507,12,357,7.734141619678398e-08,0.9999644768920448,0.9999645542334608,False,3.552310795529312e-05
Qwen/Qwen3-4B-instruct-2507,13,357,0.0031716212626638,0.996493992377689,0.9996656136403528,False,0.003506007622311
Qwen/Qwen3-4B-instruct-2507,14,357,3.466231547312278e-07,0.9999721058045592,0.999972452427714,False,2.789419544080296e-05
Qwen/Qwen3-4B-instruct-2507,15,357,7.73421537855233e-08,0.9999723442092404,0.9999724215513942,False,2.765579075958424e-05
Qwen/Qwen3-4B-instruct-2507,16,357,1.1861007035426688e-08,0.999989867312656,0.999989879173663,False,1.0132687344066582e-05
Qwen/Qwen3-4B-instruct-2507,17,357,0.999998927117538,8.76423150298272e-08,0.9999990147598532,True,1.0728824619832269e-06
Qwen/Qwen3-4B-instruct-2507,18,357,8.763930612138336e-08,0.9999644768920448,0.9999645645313509,False,3.552310795529312e-05
Qwen/Qwen3-4B-instruct-2507,19,357,0.0004304887483273,0.999410976448436,0.9998414651967634,False,0.0005890235515639
Qwen/Qwen3-4B-instruct-2507,20,357,8.151989617038353e-09,0.9999966621509202,0.9999966703029098,False,3.337849079798616e-06
Qwen/Qwen3-4B-instruct-2507,1,360,0.9999998807907248,1.1861120151343832e-08,0.9999998926518447,True,1.1920927533992653e-07
Qwen/Qwen3-4B-instruct-2507,2,360,0.9999997615814776,3.6534822137210456e-08,0.9999997981163,True,2.384185222581437e-07
Qwen/Qwen3-4B-instruct-2507,3,360,0.9999998807907248,2.2159489773365983e-08,0.9999999029502143,True,1.1920927533992653e-07
Qwen/Qwen3-4B-instruct-2507,4,360,0.9999997615814776,2.5109991557439826e-08,0.9999997866914692,True,2.384185222581437e-07
Qwen/Qwen3-4B-instruct-2507,5,360,0.999999642372252,6.82560337633487e-08,0.999999710628286,True,3.576277478600787e-07
Qwen/Qwen3-4B-instruct-2507,6,360,0.9999997615814776,2.5109991557439826e-08,0.9999997866914692,True,2.384185222581437e-07
Qwen/Qwen3-4B-instruct-2507,7,360,9.93083441592956e-08,0.9999644768920448,0.9999645762003888,False,3.552310795529312e-05
Qwen/Qwen3-4B-instruct-2507,8,360,0.9999965429424904,3.05901153579306e-07,0.999996848843644,True,3.457057509592687e-06
Qwen/Qwen3-4B-instruct-2507,9,360,0.9999994039539004,6.82560337633487e-08,0.999999472209934,True,5.960460995879657e-07
Qwen/Qwen3-4B-instruct-2507,10,360,0.9999997615814776,2.5109991557439826e-08,0.9999997866914692,True,2.384185222581437e-07
Qwen/Qwen3-4B-instruct-2507,11,360,4.222311663413651e-06,0.9998722239692784,0.999876446280942,False,0.0001277760307215
Qwen/Qwen3-4B-instruct-2507,12,360,0.9999997615814776,1.9555681087850496e-08,0.9999997811371588,True,2.384185222581437e-07
Qwen/Qwen3-4B-instruct-2507,13,360,4.6909940188944736e-08,0.9999644768920448,0.9999645238019848,False,3.552310795529312e-05
Qwen/Qwen3-4B-instruct-2507,14,360,6.023470437276057e-08,0.9999831917733144,0.9999832520080186,False,1.680822668570503e-05
Qwen/Qwen3-4B-instruct-2507,15,360,0.9999995231630692,3.6534822137210456e-08,0.9999995596978912,True,4.768369308294497e-07
Qwen/Qwen3-4B-instruct-2507,16,360,1.6373490233907768e-07,0.9999830725678546,0.9999832363027568,False,1.6927432145430465e-05
Qwen/Qwen3-4B-instruct-2507,17,360,6.825421115494573e-08,0.9999723442092404,0.9999724124634516,False,2.765579075958424e-05
Qwen/Qwen3-4B-instruct-2507,18,360,0.999999642372252,3.6534822137210456e-08,0.9999996789070744,True,3.576277478600787e-07
Qwen/Qwen3-4B-instruct-2507,19,360,4.691038755912938e-08,0.9999723442092404,0.999972391119628,False,2.765579075958424e-05
Qwen/Qwen3-4B-instruct-2507,20,360,0.9999997615814776,2.5109991557439826e-08,0.9999997866914692,True,2.384185222581437e-07
Qwen/Qwen3-4B-instruct-2507,1,375,0.9999998807907248,9.237449661970594e-09,0.9999998900281744,True,1.1920927533992653e-07
Qwen/Qwen3-4B-instruct-2507,2,375,3.224180587614433e-08,0.9999983310727032,0.9999983633145092,False,1.6689272968051228e-06
Qwen/Qwen3-4B-instruct-2507,3,375,0.9999980926550052,5.714996835964923e-07,0.9999986641546889,True,1.907344994833693e-06
Qwen/Qwen3-4B-instruct-2507,4,375,2.5109799984138346e-08,0.9999920130413285,0.9999920381511284,False,7.98695867165744e-06
Qwen/Qwen3-4B-instruct-2507,5,375,0.9999997615814776,3.6534822137210456e-08,0.9999997981163,True,2.384185222581437e-07
Qwen/Qwen3-4B-instruct-2507,6,375,4.691065598328809e-08,0.9999784235841962,0.9999784704948522,False,2.1576415803803428e-05
Qwen/Qwen3-4B-instruct-2507,7,375,3.927631306386937e-07,0.9999411140801217,0.9999415068432524,False,5.888591987834868e-05
Qwen/Qwen3-4B-instruct-2507,8,375,2.2159193914233397e-08,0.99998700635644,0.999987028515634,False,1.2993643559888746e-05
Qwen/Qwen3-4B-instruct-2507,9,375,3.927721203762156e-07,0.9999641192914956,0.999964512063616,False,3.588070850446545e-05
Qwen/Qwen3-4B-instruct-2507,10,375,7.194119308618671e-09,0.9999977350285648,0.999997742222684,False,2.2649714352951378e-06
Qwen/Qwen3-4B-instruct-2507,11,375,9.421538294684476e-07,0.9999029730532688,0.9999039152070984,False,9.702694673108248e-05
Qwen/Qwen3-4B-instruct-2507,12,375,1.522977640390277e-08,0.99998700635644,0.9999870215862166,False,1.2993643559888746e-05
Qwen/Qwen3-4B-instruct-2507,13,375,1.637219424210074e-07,0.9999035689838596,0.999903732705802,False,9.643101614031924e-05
Qwen/Qwen3-4B-instruct-2507,14,375,1.3440307409336009e-08,0.9999921322487634,0.9999921456890708,False,7.8677512366232e-06
Qwen/Qwen3-4B-instruct-2507,15,375,0.999999284744746,6.82560337633487e-08,0.9999993530007796,True,7.152552541356272e-07
Qwen/Qwen3-4B-instruct-2507,16,375,9.237379186091506e-09,0.9999921322487634,0.9999921414861426,False,7.8677512366232e-06
Qwen/Qwen3-4B-instruct-2507,17,375,1.12532169746017e-07,0.9999723442092404,0.99997245674141,False,2.765579075958424e-05
Qwen/Qwen3-4B-instruct-2507,18,375,1.522977640390277e-08,0.99998700635644,0.9999870215862166,False,1.2993643559888746e-05
Qwen/Qwen3-4B-instruct-2507,19,375,7.734141619678398e-08,0.9999644768920448,0.9999645542334608,False,3.552310795529312e-05
Qwen/Qwen3-4B-instruct-2507,20,375,5.602785751061334e-09,0.9999971389852362,0.999997144588022,False,2.861014763766434e-06
Qwen/Qwen3-4B-instruct-2507,1,440,0.9999998807907248,4.944450501938644e-09,0.9999998857351752,True,1.1920927533992653e-07
Qwen/Qwen3-4B-instruct-2507,2,440,0.9999998807907248,1.1861120151343832e-08,0.9999998926518447,True,1.1920927533992653e-07
Qwen/Qwen3-4B-instruct-2507,3,440,7.338089222459148e-07,0.9999825957461574,0.9999833295550796,False,1.7404253842556727e-05
Qwen/Qwen3-4B-instruct-2507,4,440,0.999999642372252,1.9555681087850496e-08,0.9999996619279332,True,3.576277478600787e-07
Qwen/Qwen3-4B-instruct-2507,5,440,0.999999642372252,2.8453348089834e-08,0.9999996708256004,True,3.576277478600787e-07
Qwen/Qwen3-4B-instruct-2507,6,440,1.0676541173478329e-06,0.9999533913417584,0.999954458995876,False,4.660865824146487e-05
Qwen/Qwen3-4B-instruct-2507,7,440,2.2602216286456077e-06,0.9999521993597024,0.9999544595813312,False,4.7800640297523955e-05
Qwen/Qwen3-4B-instruct-2507,8,440,0.9998935574378136,9.610138677765298e-05,0.9999896588245912,True,0.0001064425621862
Qwen/Qwen3-4B-instruct-2507,9,440,3.0588831772537957e-07,0.9999542257282245,0.999954531616542,False,4.577427177565596e-05
Qwen/Qwen3-4B-instruct-2507,10,440,0.9999997615814776,1.5229979744712632e-08,0.9999997768114576,True,2.384185222581437e-07
Qwen/Qwen3-4B-instruct-2507,11,440,0.999999642372252,2.5109991557439826e-08,0.9999996674822436,True,3.576277478600787e-07
Qwen/Qwen3-4B-instruct-2507,12,440,3.726468367963374e-06,0.9999507689867486,0.9999544954551166,False,4.9231013251382905e-05
Qwen/Qwen3-4B-instruct-2507,13,440,7.337662347895196e-07,0.9999241886396754,0.99992492240591,False,7.58113603246402e-05
Qwen/Qwen3-4B-instruct-2507,14,440,1.444948551524235e-07,0.9999783043793048,0.99997844887416,False,2.1695620695205697e-05
Qwen/Qwen3-4B-instruct-2507,15,440,9.930985949593232e-08,0.9999784235841962,0.9999785228940556,False,2.1576415803803428e-05
Qwen/Qwen3-4B-instruct-2507,16,440,1.0129533287142049e-05,0.9999444515564444,0.9999545810897316,False,5.554844355570854e-05
Qwen/Qwen3-4B-instruct-2507,17,440,8.314985853614439e-07,0.9999636424897494,0.9999644739883348,False,3.6357510250550895e-05
Qwen/Qwen3-4B-instruct-2507,18,440,4.139850860346325e-08,0.9999784235841962,0.9999784649827048,False,2.1576415803803428e-05
Qwen/Qwen3-4B-instruct-2507,19,440,1.4449292595085138e-07,0.999964238492877,0.9999643829858028,False,3.5761507123033276e-05
Qwen/Qwen3-4B-instruct-2507,20,440,0.999999284744746,3.2241867372567335e-08,0.9999993169866132,True,7.152552541356272e-07
Qwen/Qwen3-4B-instruct-2507,1,391,0.9999998807907248,8.152020714470167e-09,0.9999998889427454,True,1.1920927533992653e-07
Qwen/Qwen3-4B-instruct-2507,2,391,1.4449774900307768e-07,0.9999982118638472,0.999998356361596,False,1.7881361529248352e-06
Qwen/Qwen3-4B-instruct-2507,3,391,6.9621984879592954e-06,0.9999849798550976,0.9999919420535854,False,1.5020144902511134e-05
Qwen/Qwen3-4B-instruct-2507,4,391,4.6911371788553665e-08,0.9999936819476216,0.9999937288589934,False,6.318052378384564e-06
Qwen/Qwen3-4B-instruct-2507,5,391,9.931156427728717e-08,0.9999961853172864,0.9999962846288506,False,3.814682713709771e-06
Qwen/Qwen3-4B-instruct-2507,6,391,3.224162138757908e-08,0.9999920130413285,0.9999920452829496,False,7.98695867165744e-06
Qwen/Qwen3-4B-instruct-2507,7,391,1.670044252698157e-05,0.999924903790516,0.9999416042330432,False,7.509620948387141e-05
Qwen/Qwen3-4B-instruct-2507,8,391,3.653447371565659e-08,0.9999897481064004,0.999989784640874,False,1.0251893599599882e-05
Qwen/Qwen3-4B-instruct-2507,9,391,1.2751553245960644e-07,0.9999723442092404,0.9999724717247728,False,2.765579075958424e-05
Qwen/Qwen3-4B-instruct-2507,10,391,5.602796437537268e-09,0.9999991655356624,0.9999991711384588,False,8.344643376290151e-07
Qwen/Qwen3-4B-instruct-2507,11,391,0.000203373892226,0.9995354189064848,0.9997387927987108,False,0.0004645810935152
Qwen/Qwen3-4B-instruct-2507,12,391,1.955549459123185e-08,0.9999897481064004,0.999989767661895,False,1.0251893599599882e-05
Qwen/Qwen3-4B-instruct-2507,13,391,0.5620400062025648,0.4377171969480147,0.9997572031505796,False,0.5622828030519853
Qwen/Qwen3-4B-instruct-2507,14,391,4.1398982374506896e-08,0.9999897481064004,0.9999897895053828,False,1.0251893599599882e-05
Qwen/Qwen3-4B-instruct-2507,15,391,2.5109799984138346e-08,0.9999921322487634,0.9999921573585634,False,7.8677512366232e-06
Qwen/Qwen3-4B-instruct-2507,16,391,1.9555531890413292e-08,0.99999308590921,0.999993105464742,False,6.914090789900129e-06
Qwen/Qwen3-4B-instruct-2507,17,391,0.9999984502816872,2.1024298423113373e-07,0.9999986605246716,True,1.549718312787718e-06
Qwen/Qwen3-4B-instruct-2507,18,391,1.955549459123185e-08,0.999989867312656,0.9999898868681504,False,1.0132687344066582e-05
Qwen/Qwen3-4B-instruct-2507,19,391,0.9932494011581652,0.0066924619247189,0.999941863082884,False,0.993307538075281
Qwen/Qwen3-4B-instruct-2507,20,391,8.152005165739432e-09,0.9999982118638472,0.9999982200158524,False,1.7881361529248352e-06
Qwen/Qwen3-4B-instruct-2507,1,414,0.9999998807907248,7.194133030325383e-09,0.9999998879848576,True,1.1920927533992653e-07
Qwen/Qwen3-4B-instruct-2507,2,414,0.9999995231630692,3.059023205018258e-07,0.9999998290653896,True,4.768369308294497e-07
Qwen/Qwen3-4B-instruct-2507,3,414,0.9999997615814776,4.6911640218344184e-08,0.999999808493118,True,2.384185222581437e-07
Qwen/Qwen3-4B-instruct-2507,4,414,0.9889918381705108,0.0109867058322084,0.9999785440027192,False,0.9890132941677916
Qwen/Qwen3-4B-instruct-2507,5,414,1.8553789765836954e-07,0.9999935627400018,0.9999937482778996,False,6.4372599981599166e-06
Qwen/Qwen3-4B-instruct-2507,6,414,0.9999994039539004,9.931194312156245e-08,0.9999995032658436,True,5.960460995879657e-07
Qwen/Qwen3-4B-instruct-2507,7,414,2.260191451632629e-06,0.9999393261531684,0.99994158634462,False,6.067384683172694e-05
Qwen/Qwen3-4B-instruct-2507,8,414,1.6700171773863484e-05,0.9999083364559224,0.9999250366276964,False,9.166354407763588e-05
Qwen/Qwen3-4B-instruct-2507,9,414,0.9999994039539004,6.02357383788648e-08,0.9999994641896388,True,5.960460995879657e-07
Qwen/Qwen3-4B-instruct-2507,10,414,3.6534682768190175e-08,0.9999961853172864,0.999996221851969,False,3.814682713709771e-06
Qwen/Qwen3-4B-instruct-2507,11,414,0.0600351554293837,0.939107731538398,0.9991428869677816,False,0.0608922684616021
Qwen/Qwen3-4B-instruct-2507,12,414,0.9999972581939643,1.0677009553134769e-06,0.9999983258949198,False,0.9999989322990448
Qwen/Qwen3-4B-instruct-2507,13,414,7.337662347895196e-07,0.9999241886396754,0.99992492240591,False,7.58113603246402e-05
Qwen/Qwen3-4B-instruct-2507,14,414,0.0052196255732785,0.9946846094744964,0.999904235047775,False,0.0053153905255035
Qwen/Qwen3-4B-instruct-2507,15,414,2.382303780274771e-07,0.9999722250068926,0.9999724632372706,False,2.777499310735454e-05
Qwen/Qwen3-4B-instruct-2507,16,414,2.8452859659935034e-08,0.9999831917733144,0.999983220226174,False,1.680822668570503e-05
Qwen/Qwen3-4B-instruct-2507,17,414,1.855325894524729e-07,0.9999643576942728,0.999964543226862,False,3.564230572727922e-05
Qwen/Qwen3-4B-instruct-2507,18,414,0.999999284744746,9.931194312156245e-08,0.999999384056689,True,7.152552541356272e-07
Qwen/Qwen3-4B-instruct-2507,19,414,0.9997170772236764,0.0002611845685744,0.9999782617922508,False,0.9997388154314256
Qwen/Qwen3-4B-instruct-2507,20,414,4.1399140299392984e-08,0.9999936819476216,0.999993723346762,False,6.318052378384564e-06
Qwen/Qwen3-4B-instruct-2507,1,361,0.9999998807907248,1.0467401794744658e-08,0.9999998912581264,True,1.1920927533992653e-07
Qwen/Qwen3-4B-instruct-2507,2,361,0.0005527735184746,0.9994381248770507,0.9999908983955254,False,0.0005618751229492
Qwen/Qwen3-4B-instruct-2507,3,361,0.000430549924037,0.999552688517828,0.9999832384418652,False,0.000447311482172
Qwen/Qwen3-4B-instruct-2507,4,361,4.53971155611565e-05,0.999937776622214,0.9999831737377752,False,6.222337778605258e-05
Qwen/Qwen3-4B-instruct-2507,5,361,2.5109895770606383e-08,0.9999966621509202,0.999996687260816,False,3.337849079798616e-06
Qwen/Qwen3-4B-instruct-2507,6,361,8.764164637457893e-08,0.9999897481064004,0.9999898357480468,False,1.0251893599599882e-05
Qwen/Qwen3-4B-instruct-2507,7,361,1.637331847006054e-07,0.9999722250068926,0.9999723887400772,False,2.777499310735454e-05
Qwen/Qwen3-4B-instruct-2507,8,361,1.3440333044712421e-08,0.9999938011552556,0.9999938145955888,False,6.198844744287335e-06
Qwen/Qwen3-4B-instruct-2507,9,361,1.2098394559596732e-06,0.9999772315450164,0.9999784413844724,False,2.2768454983501663e-05
Qwen/Qwen3-4B-instruct-2507,10,361,5.602785751061334e-09,0.9999988079084972,0.999998813511283,False,1.1920915028440504e-06
Qwen/Qwen3-4B-instruct-2507,11,361,1.1476426105474642e-05,0.9997848735274768,0.999796349953582,False,0.0002151264725233
Qwen/Qwen3-4B-instruct-2507,12,361,8.764181353791274e-08,0.9999929667012066,0.9999930543430202,False,7.033298793368559e-06
Qwen/Qwen3-4B-instruct-2507,13,361,2.102311548672153e-07,0.9999413524701386,0.9999415627012934,False,5.864752986139976e-05
Qwen/Qwen3-4B-instruct-2507,14,361,1.046734189996251e-08,0.9999938011552556,0.9999938116225976,False,6.198844744287335e-06
Qwen/Qwen3-4B-instruct-2507,15,361,1.5229834500999985e-08,0.999989867312656,0.9999898825424904,False,1.0132687344066582e-05
Qwen/Qwen3-4B-instruct-2507,16,361,8.15197406836693e-09,0.9999938011552556,0.9999938093072298,False,6.198844744287335e-06
Qwen/Qwen3-4B-instruct-2507,17,361,0.9999917746265008,1.7603312030474177e-06,0.999993534957704,False,0.999998239668797
Qwen/Qwen3-4B-instruct-2507,18,361,9.93102383337044e-08,0.9999831917733144,0.9999832910835528,False,1.680822668570503e-05
Qwen/Qwen3-4B-instruct-2507,19,361,0.999999284744746,4.6911640218344184e-08,0.999999331656386,True,7.152552541356272e-07
Qwen/Qwen3-4B-instruct-2507,20,361,6.348788006680007e-09,0.9999971389852362,0.9999971453340244,False,2.861014763766434e-06
Qwen/Qwen3-4B-instruct-2507,1,400,0.9999998807907248,1.0467401794744658e-08,0.9999998912581264,True,1.1920927533992653e-07
Qwen/Qwen3-4B-instruct-2507,2,400,0.9999998807907248,1.3440409951135022e-08,0.9999998942311346,True,1.1920927533992653e-07
Qwen/Qwen3-4B-instruct-2507,3,400,6.47586571312971e-07,0.9999862911193472,0.9999869387059186,False,1.3708880652774091e-05
Qwen/Qwen3-4B-instruct-2507,4,400,0.9999997615814776,1.5229979744712632e-08,0.9999997768114576,True,2.384185222581437e-07
Qwen/Qwen3-4B-instruct-2507,5,400,0.9999998807907248,1.5229979744712632e-08,0.9999998960207044,True,1.1920927533992653e-07
Qwen/Qwen3-4B-instruct-2507,6,400,5.714849681225569e-07,0.9999718673999348,0.9999724388849028,False,2.813260006528928e-05
Qwen/Qwen3-4B-instruct-2507,7,400,5.043366000707302e-07,0.9999779467683536,0.9999784511049538,False,2.2053231646279592e-05
Qwen/Qwen3-4B-instruct-2507,8,400,0.9999994039539004,2.8453348089834e-08,0.9999994324072484,True,5.960460995879657e-07
Qwen/Qwen3-4B-instruct-2507,9,400,1.4449402834859574e-07,0.9999722250068926,0.9999723695009208,False,2.777499310735454e-05
Qwen/Qwen3-4B-instruct-2507,10,400,0.9999998807907248,1.1861120151343832e-08,0.9999998926518447,True,1.1920927533992653e-07
Qwen/Qwen3-4B-instruct-2507,11,400,0.0001584110099804,0.9996828846636252,0.9998412956736056,False,0.0003171153363749
Qwen/Qwen3-4B-instruct-2507,12,400,4.539624968815115e-05,0.9999191826344888,0.9999645788841768,False,8.081736551124319e-05
Qwen/Qwen3-4B-instruct-2507,13,400,3.927721203762156e-07,0.9999640000901282,0.9999643928622486,False,3.59999098717978e-05
Qwen/Qwen3-4B-instruct-2507,14,400,8.764131204886782e-08,0.9999868871505256,0.9999869747918376,False,1.3112849474472554e-05
Qwen/Qwen3-4B-instruct-2507,15,400,1.275173565969774e-07,0.9999868871505256,0.999987014667882,False,1.3112849474472554e-05
Qwen/Qwen3-4B-instruct-2507,16,400,0.9999939203633588,2.2603164733094454e-06,0.999996180679832,True,6.079636641342923e-06
Qwen/Qwen3-4B-instruct-2507,17,400,3.0589561075812653e-07,0.9999781851762466,0.9999784910718572,False,2.1814823753407708e-05
Qwen/Qwen3-4B-instruct-2507,18,400,4.1398666526542036e-08,0.9999831917733144,0.9999832331719808,False,1.680822668570503e-05
Qwen/Qwen3-4B-instruct-2507,19,400,1.855350665963254e-07,0.9999783043793048,0.9999784899143714,False,2.1695620695205697e-05
Qwen/Qwen3-4B-instruct-2507,20,400,0.9999998807907248,1.0467401794744658e-08,0.9999998912581264,True,1.1920927533992653e-07
Qwen/Qwen3-4B-instruct-2507,12,378,0.9999957084838798,1.0676999370749836e-06,0.9999967761838168,False,0.9999989323000628
Qwen/Qwen3-4B-instruct-2507,17,378,3.927631306386937e-07,0.9999412332751232,0.9999416260382538,False,5.876672487692414e-05
Qwen/Qwen3-4B-instruct-2507,18,378,0.9999995231630692,4.6911640218344184e-08,0.9999995700747094,True,4.768369308294497e-07
Qwen/Qwen3-4B-instruct-2507,10,363,7.194119308618671e-09,0.9999985694905718,0.999998576684691,False,1.430509428246296e-06
Qwen/Qwen3-4B-instruct-2507,11,363,0.9999984502816872,6.023562348842112e-08,0.9999985105173108,True,1.549718312787718e-06
Qwen/Qwen3-4B-instruct-2507,16,363,1.7257663405271917e-08,0.9999897481064004,0.9999897653640638,False,1.0251893599599882e-05
Qwen/Qwen3-4B-instruct-2507,10,368,1.5229950695859287e-08,0.9999977350285648,0.9999977502585154,False,2.2649714352951378e-06
Qwen/Qwen3-4B-instruct-2507,11,368,0.0005526341006767,0.99918610586699,0.9997387399676668,False,0.00081389413301
Qwen/Qwen3-4B-instruct-2507,16,368,0.9999816421070834,7.889181875412588e-06,0.9999895312889588,True,1.8357892916598395e-05
Qwen/Qwen3-4B-instruct-2507,10,378,1.5229921647061352e-08,0.9999963045256736,0.9999963197555952,False,3.695474326548265e-06
Qwen/Qwen3-4B-instruct-2507,11,378,0.0757528756116213,0.9228589633961684,0.9986118390077896,False,0.0771410366038316
Qwen/Qwen3-4B-instruct-2507,10,370,0.9999997615814776,1.9555681087850496e-08,0.9999997811371588,True,2.384185222581437e-07
Qwen/Qwen3-4B-instruct-2507,12,370,6.825486208093127e-08,0.9999831917733144,0.9999832600281764,False,1.680822668570503e-05
Qwen/Qwen3-4B-instruct-2507,14,370,3.0589561075812653e-07,0.9999781851762466,0.9999784910718572,False,2.1814823753407708e-05
Qwen/Qwen3-4B-instruct-2507,13,378,8.314256345080342e-07,0.9998756801664166,0.9998765115920512,False,0.0001243198335834
Qwen/Qwen3-4B-instruct-2507,14,378,0.9999979734461776,1.4449774900307768e-07,0.9999981179439263,True,2.026553822531696e-06
Qwen/Qwen3-4B-instruct-2507,15,370,8.764131204886782e-08,0.9999868871505256,0.9999869747918376,False,1.3112849474472554e-05
Qwen/Qwen3-4B-instruct-2507,18,370,5.3156940037059986e-08,0.9999831917733144,0.9999832449302544,False,1.680822668570503e-05
Qwen/Qwen3-4B-instruct-2507,15,378,1.4449292595085138e-07,0.9999643576942728,0.9999645021871988,False,3.564230572727922e-05
Qwen/Qwen3-4B-instruct-2507,16,378,2.5109464734377693e-08,0.9999784235841962,0.9999784486936608,False,2.1576415803803428e-05
Qwen/Qwen3-4B-instruct-2507,19,378,1.275116410537609e-07,0.9999414716651684,0.9999415991768096,False,5.852833483155351e-05
Qwen/Qwen3-4B-instruct-2507,12,363,7.48441921607522e-05,0.9998976097084852,0.9999724539006458,False,0.0001023902915149
Qwen/Qwen3-4B-instruct-2507,12,368,0.0293100944087371,0.9706170124497802,0.9999271068585172,False,0.0293829875502198
Qwen/Qwen3-4B-instruct-2507,13,363,0.003172038697868,0.9966250505816636,0.9997970892795318,False,0.0033749494183362
Qwen/Qwen3-4B-instruct-2507,13,368,1.3707878213329848e-06,0.9998750842669972,0.9998764550548188,False,0.0001249157330026
Qwen/Qwen3-4B-instruct-2507,14,363,3.653419498080592e-08,0.9999831917733144,0.9999832283075092,False,1.680822668570503e-05
Qwen/Qwen3-4B-instruct-2507,14,368,5.3156737259812953e-08,0.9999784235841962,0.9999784767409334,False,2.1576415803803428e-05
Qwen/Qwen3-4B-instruct-2507,15,363,6.825460170979211e-08,0.9999784235841962,0.999978491838798,False,2.1576415803803428e-05
Qwen/Qwen3-4B-instruct-2507,15,368,2.2159278445011066e-08,0.9999897481064004,0.9999897702656788,False,1.0251893599599882e-05
Qwen/Qwen3-4B-instruct-2507,17,363,0.0001233749719461,0.9997179112201972,0.9998412861921432,False,0.0002820887798028
Qwen/Qwen3-4B-instruct-2507,17,368,2.699418887923522e-07,0.9999412332751232,0.999941503217012,False,5.876672487692414e-05
Qwen/Qwen3-4B-instruct-2507,18,363,3.2885999285589434e-06,0.9999512457787184,0.9999545343786472,False,4.875422128147733e-05
Qwen/Qwen3-4B-instruct-2507,18,368,1.3709080968420132e-06,0.9999631656845928,0.9999645365926896,False,3.683431540713045e-05
Qwen/Qwen3-4B-instruct-2507,19,363,1.8922817338472388e-05,0.9998575651864732,0.9998764880038116,False,0.0001424348135269
Qwen/Qwen3-4B-instruct-2507,19,368,1.7602120135140505e-06,0.999923235110867,0.9999249953228804,False,7.67648891329964e-05
Qwen/Qwen3-4B-instruct-2507,14,396,3.535358960006481e-05,0.9998897435685532,0.9999250971581533,False,0.0001102564314467
Qwen/Qwen3-4B-instruct-2507,15,396,1.855325894524729e-07,0.9999643576942728,0.999964543226862,False,3.564230572727922e-05
Qwen/Qwen3-4B-instruct-2507,18,396,0.9999985694905718,9.931175369924417e-08,0.9999986688023256,True,1.430509428246296e-06
Qwen/Qwen3-4B-instruct-2507,21,350,3.726422168366506e-06,0.9999378958168176,0.999941622238986,False,6.210418318253197e-05
Qwen/Qwen3-4B-instruct-2507,21,352,7.734067861507885e-08,0.999954464125005,0.9999545414656836,False,4.553587499500633e-05
Qwen/Qwen3-4B-instruct-2507,21,357,0.0179802859329932,0.9816902520957406,0.9996705380287336,True,0.9820197140670068
Qwen/Qwen3-4B-instruct-2507,22,350,6.02349341503609e-08,0.9999868871505256,0.9999869473854596,False,1.3112849474472554e-05
Qwen/Qwen3-4B-instruct-2507,22,363,0.9990784086508188,0.0009110414128516,0.9999894500636703,False,0.9990889585871484
Qwen/Qwen3-4B-instruct-2507,23,350,2.5109704198035704e-08,0.99998843683307,0.9999884619427744,False,1.1563166929851045e-05
Qwen/Qwen3-4B-instruct-2507,23,352,6.961395134255598e-06,0.9998694828589156,0.9998764442540498,False,0.0001305171410844
Qwen/Qwen3-4B-instruct-2507,23,368,0.9999972581939643,1.275186943143007e-07,0.9999973857126588,True,2.741806035544414e-06
Qwen/Qwen3-4B-instruct-2507,24,350,2.2159109383778193e-08,0.9999831917733144,0.9999832139324236,False,1.680822668570503e-05
Qwen/Qwen3-4B-instruct-2507,24,352,0.9979771845748572,0.0019265495951526,0.99990373417001,False,0.9980734504048472
Qwen/Qwen3-4B-instruct-2507,10,384,1.5229921647061352e-08,0.9999963045256736,0.9999963197555952,False,3.695474326548265e-06
Qwen/Qwen3-4B-instruct-2507,11,384,7.481400578567168e-05,0.9994943316089624,0.999569145614748,False,0.0005056683910377
Qwen/Qwen3-4B-instruct-2507,24,384,0.9999994039539004,4.6911640218344184e-08,0.9999994508655408,True,5.960460995879657e-07
Qwen/Qwen3-4B-instruct-2507,25,360,1.067684663614114e-06,0.9999822381318528,0.9999833058165164,False,1.776186814717029e-05
Qwen/Qwen3-4B-instruct-2507,25,350,0.9999986886995842,7.734407154916583e-08,0.9999987660436558,True,1.3113004158071815e-06
Qwen/Qwen3-4B-instruct-2507,25,375,0.9999980926550052,2.1024298423113373e-07,0.9999983028979894,True,1.907344994833693e-06
Qwen/Qwen3-4B-instruct-2507,26,350,1.9555569189665882e-08,0.9999945164027224,0.9999945359582916,False,5.483597277700092e-06
Qwen/Qwen3-4B-instruct-2507,26,352,2.699532162424455e-07,0.9999829533624088,0.9999832233156252,False,1.704663759105607e-05
Qwen/Qwen3-4B-instruct-2507,26,364,0.9999966621509202,1.855386054306304e-07,0.9999968476895256,True,3.337849079798616e-06
Qwen/Qwen3-4B-instruct-2507,27,350,1.046734189996251e-08,0.9999938011552556,0.9999938116225976,False,6.198844744287335e-06
Qwen/Qwen3-4B-instruct-2507,27,352,3.2240391490788186e-08,0.999954464125005,0.9999544963653964,False,4.553587499500633e-05
Qwen/Qwen3-4B-instruct-2507,27,351,0.9999858142961154,3.726599862258728e-06,0.9999895408959776,True,1.418570388456164e-05
Qwen/Qwen3-4B-instruct-2507,28,350,0.6788509507011561,0.3206664929642717,0.9995174436654276,False,0.6793335070357283
Qwen/Qwen3-4B-instruct-2507,28,352,0.0002611220557178,0.9994776594389287,0.9997387814946468,False,0.0005223405610712
Qwen/Qwen3-4B-instruct-2507,28,364,0.9999855758836752,1.0676887365156493e-06,0.9999866435724118,True,1.4424116324684988e-05
Qwen/Qwen3-4B-instruct-2507,29,350,3.2241436900069496e-08,0.9999868871505256,0.9999869193919624,False,1.3112849474472554e-05
Qwen/Qwen3-4B-instruct-2507,29,352,7.337662347895196e-07,0.9999241886396754,0.99992492240591,False,7.58113603246402e-05
Qwen/Qwen3-4B-instruct-2507,29,377,0.9999856950894336,7.889211970310518e-06,0.9999935843014036,True,1.4304910566531603e-05
Qwen/Qwen3-4B-instruct-2507,21,372,9.422014515911524e-07,0.9999533913417584,0.9999543335432102,False,4.660865824146487e-05
Qwen/Qwen3-4B-instruct-2507,22,372,1.6700665503433644e-05,0.999937776622214,0.9999544772877174,False,6.222337778605258e-05
Qwen/Qwen3-4B-instruct-2507,22,352,0.9999995231630692,6.02357383788648e-08,0.9999995833988076,True,4.768369308294497e-07
Qwen/Qwen3-4B-instruct-2507,23,372,0.9999927282861518,7.338159204265076e-07,0.9999934621020724,False,0.9999992661840796
Qwen/Qwen3-4B-instruct-2507,23,360,2.2159109383778193e-08,0.9999831917733144,0.9999832139324236,False,1.680822668570503e-05
Qwen/Qwen3-4B-instruct-2507,24,372,0.9999895096921128,2.2603056953063047e-06,0.999991769997808,False,0.9999977396943048
Qwen/Qwen3-4B-instruct-2507,25,370,0.9932856248248174,0.0066927044614176,0.999978329286235,False,0.9933072955385824
Qwen/Qwen3-4B-instruct-2507,26,372,1.6373552693935324e-07,0.9999867679437158,0.9999869316792428,False,1.3232056284229188e-05
Qwen/Qwen3-4B-instruct-2507,26,360,2.5109799984138346e-08,0.9999920130413285,0.9999920381511284,False,7.98695867165744e-06
Qwen/Qwen3-4B-instruct-2507,27,372,3.466066268452794e-07,0.9999247845974611,0.999925131204088,False,7.521540253874193e-05
Qwen/Qwen3-4B-instruct-2507,28,372,4.784734078223732e-06,0.999920255344658,0.9999250400787364,False,7.974465534188457e-05
Qwen/Qwen3-4B-instruct-2507,28,360,5.3156737259812953e-08,0.9999784235841962,0.9999784767409334,False,2.1576415803803428e-05
Qwen/Qwen3-4B-instruct-2507,29,372,0.8517088211232208,0.1480048049289987,0.9997136260522196,False,0.8519951950710013
Qwen/Qwen3-4B-instruct-2507,29,360,2.5109560519566853e-08,0.9999831917733144,0.9999832168828748,False,1.680822668570503e-05
Qwen/Qwen3-4B-instruct-2507,10,359,7.194133030325383e-09,0.9999990463265932,0.9999990535207262,False,9.536734069115482e-07
Qwen/Qwen3-4B-instruct-2507,10,362,1.0467381829779197e-08,0.9999982118638472,0.9999982223312288,False,1.7881361529248352e-06
Qwen/Qwen3-4B-instruct-2507,10,365,9.237432042950414e-09,0.9999977350285648,0.9999977442659967,False,2.2649714352951378e-06
Qwen/Qwen3-4B-instruct-2507,10,366,1.3440384315611926e-08,0.9999971389852362,0.9999971524256206,False,2.861014763766434e-06
Qwen/Qwen3-4B-instruct-2507,10,367,6.34880011604368e-09,0.999999284744746,0.999999291093546,False,7.152552541356272e-07
Qwen/Qwen3-4B-instruct-2507,10,369,7.194119308618671e-09,0.9999985694905718,0.999998576684691,False,1.430509428246296e-06
Qwen/Qwen3-4B-instruct-2507,10,373,5.602796437537268e-09,0.9999990463265932,0.9999990519293896,False,9.536734069115482e-07
Qwen/Qwen3-4B-instruct-2507,10,374,9.237432042950414e-09,0.9999979734461776,0.9999979826836096,False,2.026553822531696e-06
Qwen/Qwen3-4B-instruct-2507,10,379,6.34880011604368e-09,0.9999991655356624,0.9999991718844624,False,8.344643376290151e-07
Qwen/Qwen3-4B-instruct-2507,10,380,0.9999997615814776,2.2159489773365983e-08,0.9999997837409677,True,2.384185222581437e-07
Qwen/Qwen3-4B-instruct-2507,10,382,7.194119308618671e-09,0.9999985694905718,0.999998576684691,False,1.430509428246296e-06
Qwen/Qwen3-4B-instruct-2507,10,383,8.152005165739432e-09,0.9999988079084972,0.9999988160605024,False,1.1920915028440504e-06
Qwen/Qwen3-4B-instruct-2507,10,386,9.237432042950414e-09,0.9999984502816872,0.9999984595191193,False,1.549718312787718e-06
Qwen/Qwen3-4B-instruct-2507,10,387,5.602796437537268e-09,0.999999284744746,0.9999992903475424,False,7.152552541356272e-07
Qwen/Qwen3-4B-instruct-2507,10,388,8.152005165739432e-09,0.9999982118638472,0.9999982200158524,False,1.7881361529248352e-06
Qwen/Qwen3-4B-instruct-2507,10,389,5.602796437537268e-09,0.9999990463265932,0.9999990519293896,False,9.536734069115482e-07
Qwen/Qwen3-4B-instruct-2507,10,392,9.237432042950414e-09,0.9999974966112362,0.9999975058486682,False,2.5033887638414853e-06
Qwen/Qwen3-4B-instruct-2507,10,393,6.348788006680007e-09,0.999998927117538,0.999998933466326,False,1.0728824619832269e-06
Qwen/Qwen3-4B-instruct-2507,10,394,7.194119308618671e-09,0.9999985694905718,0.999998576684691,False,1.430509428246296e-06
Qwen/Qwen3-4B-instruct-2507,10,395,1.3440384315611926e-08,0.9999985694905718,0.999998582930956,False,1.430509428246296e-06
Qwen/Qwen3-4B-instruct-2507,10,396,1.9555606488989612e-08,0.9999963045256736,0.99999632408128,False,3.695474326548265e-06
Qwen/Qwen3-4B-instruct-2507,10,397,7.194133030325383e-09,0.9999990463265932,0.9999990535207262,False,9.536734069115482e-07
Qwen/Qwen3-4B-instruct-2507,10,398,1.3440384315611926e-08,0.9999977350285648,0.9999977484689492,False,2.2649714352951378e-06
Qwen/Qwen3-4B-instruct-2507,10,399,7.194119308618671e-09,0.9999984502816872,0.9999984574758064,False,1.549718312787718e-06
Qwen/Qwen3-4B-instruct-2507,11,359,6.9615876651265865e-06,0.9998967754092748,0.9999037369969398,False,0.0001032245907253
Qwen/Qwen3-4B-instruct-2507,11,362,0.000158383064031,0.9995060024621776,0.9996643855262086,False,0.0004939975378224
Qwen/Qwen3-4B-instruct-2507,11,365,4.450517184617424e-07,0.999924546211394,0.9999249912631124,False,7.545378860596141e-05
Qwen/Qwen3-4B-instruct-2507,11,366,5.8271707878907447e-05,0.9996061684608548,0.9996644401687336,False,0.0003938315391451
Qwen/Qwen3-4B-instruct-2507,11,367,8.938591238964522e-06,0.9998674568439968,0.9998763954352357,False,0.0001325431560033
Qwen/Qwen3-4B-instruct-2507,11,369,0.0009107456219504,0.998753910245304,0.9996646558672544,False,0.0012460897546959
Qwen/Qwen3-4B-instruct-2507,11,370,0.0005525932571326,0.9991119648382822,0.9996645580954148,False,0.0008880351617177
Qwen/Qwen3-4B-instruct-2507,11,373,4.539066520404779e-05,0.9997959553400236,0.9998413460052276,False,0.0002040446599764
Qwen/Qwen3-4B-instruct-2507,11,374,0.9999933243243502,2.1024198171685258e-07,0.999993534566332,True,6.675675649825408e-06
Qwen/Qwen3-4B-instruct-2507,11,379,1.8922817338472388e-05,0.99985744600872,0.9998763688260586,False,0.0001425539912799
Qwen/Qwen3-4B-instruct-2507,11,380,0.0024717954780887,0.9971934865246698,0.9996652820027584,False,0.0028065134753302
Qwen/Qwen3-4B-instruct-2507,11,382,0.000158383064031,0.9995060024621776,0.9996643855262086,False,0.0004939975378224
Qwen/Qwen3-4B-instruct-2507,11,383,3.535187013555017e-05,0.9998410000951784,0.999876351965314,False,0.0001589999048214
Qwen/Qwen3-4B-instruct-2507,11,386,0.0005525932571326,0.9991119648382822,0.9996645580954148,False,0.0008880351617177
Qwen/Qwen3-4B-instruct-2507,11,387,0.008572782646801,0.990878858200461,0.999451640847262,False,0.009121141799539
Qwen/Qwen3-4B-instruct-2507,11,388,0.0003352624164417,0.9994033560562002,0.999738618472642,False,0.0005966439437997
Qwen/Qwen3-4B-instruct-2507,11,389,3.2885027061441347e-06,0.9999216856339492,0.9999249741366556,False,7.8314366050658e-05
Qwen/Qwen3-4B-instruct-2507,11,392,0.0003351645929824,0.9991118458511736,0.9994470104441562,False,0.0008881541488262
Qwen/Qwen3-4B-instruct-2507,11,393,0.0031716212626638,0.9964938740503838,0.9996654953130476,False,0.0035061259496161
Qwen/Qwen3-4B-instruct-2507,11,394,4.539066520404779e-05,0.9997959553400236,0.9998413460052276,False,0.0002040446599764
Qwen/Qwen3-4B-instruct-2507,11,395,6.143585410522161e-06,0.9998976097084852,0.9999037532938956,False,0.0001023902915149
Qwen/Qwen3-4B-instruct-2507,11,396,0.999999284744746,3.2241867372567335e-08,0.9999993169866132,True,7.152552541356272e-07
Qwen/Qwen3-4B-instruct-2507,11,397,2.4296382051580275e-05,0.9998170472131448,0.9998413435951964,False,0.0001829527868553
Qwen/Qwen3-4B-instruct-2507,11,398,0.0015005364207005,0.9980692068482164,0.9995697432689168,False,0.0019307931517835
Qwen/Qwen3-4B-instruct-2507,11,399,0.0066891725911589,0.9927614616340498,0.9994506342252087,False,0.0072385383659502
Qwen/Qwen3-4B-instruct-2507,12,359,1.0467361864851814e-08,0.99999582769221,0.999995838159572,False,4.172307789929164e-06
Qwen/Qwen3-4B-instruct-2507,12,362,0.0001584332191963,0.9998225288628968,0.9999809620820932,False,0.000177471137103
Qwen/Qwen3-4B-instruct-2507,12,365,3.4662679097190204e-07,0.9999829533624088,0.9999832999892,False,1.704663759105607e-05
Qwen/Qwen3-4B-instruct-2507,12,366,0.9889997667765104,0.0109867948933524,0.9999865616698628,False,0.9890132051066476
Qwen/Qwen3-4B-instruct-2507,12,367,1.855382515441625e-07,0.9999955892755636,0.9999957748138152,False,4.410724436465507e-06
Qwen/Qwen3-4B-instruct-2507,12,369,6.14409516289551e-06,0.9999808076722754,0.9999869517674382,False,1.9192327724626423e-05
Qwen/Qwen3-4B-instruct-2507,12,373,1.1861074904847522e-08,0.9999966621509202,0.9999966740119952,False,3.337849079798616e-06
Qwen/Qwen3-4B-instruct-2507,12,374,1.12532169746017e-07,0.9999723442092404,0.99997245674141,False,2.765579075958424e-05
Qwen/Qwen3-4B-instruct-2507,12,379,1.7257762154696544e-08,0.99999582769221,0.9999958449499722,False,4.172307789929164e-06
Qwen/Qwen3-4B-instruct-2507,12,380,1.12532169746017e-07,0.9999723442092404,0.99997245674141,False,2.765579075958424e-05
Qwen/Qwen3-4B-instruct-2507,12,382,2.8452968199188003e-08,0.9999868871505256,0.9999869156034936,False,1.3112849474472554e-05
Qwen/Qwen3-4B-instruct-2507,12,383,1.3440358680137724e-08,0.99999582769221,0.9999958411325688,False,4.172307789929164e-06
Qwen/Qwen3-4B-instruct-2507,12,384,0.9999995231630692,4.1399377187851675e-08,0.9999995645624464,True,4.768369308294497e-07
Qwen/Qwen3-4B-instruct-2507,12,386,4.1398824450223246e-08,0.9999868871505256,0.99998692854935,False,1.3112849474472554e-05
Qwen/Qwen3-4B-instruct-2507,12,387,9.930929124198392e-08,0.9999723442092404,0.9999724435185317,False,2.765579075958424e-05
Qwen/Qwen3-4B-instruct-2507,12,388,4.139850860346325e-08,0.9999784235841962,0.9999784649827048,False,2.1576415803803428e-05
Qwen/Qwen3-4B-instruct-2507,12,389,1.0467361864851814e-08,0.9999952316511552,0.9999952421185172,False,4.768348844774728e-06
Qwen/Qwen3-4B-instruct-2507,12,392,2.699454929294601e-07,0.9999542257282245,0.9999544956737172,False,4.577427177565596e-05
Qwen/Qwen3-4B-instruct-2507,12,393,4.6911013884555584e-08,0.9999868871505256,0.9999869340615394,False,1.3112849474472554e-05
Qwen/Qwen3-4B-instruct-2507,12,394,1.955549459123185e-08,0.9999897481064004,0.999989767661895,False,1.0251893599599882e-05
Qwen/Qwen3-4B-instruct-2507,12,395,1.3440307409336009e-08,0.9999920130413285,0.9999920264816358,False,7.98695867165744e-06
Qwen/Qwen3-4B-instruct-2507,12,396,0.999999284744746,4.6911640218344184e-08,0.999999331656386,True,7.152552541356272e-07
Qwen/Qwen3-4B-instruct-2507,12,397,1.3440358680137724e-08,0.99999582769221,0.9999958411325688,False,4.172307789929164e-06
Qwen/Qwen3-4B-instruct-2507,12,398,2.8452859659935034e-08,0.9999831917733144,0.999983220226174,False,1.680822668570503e-05
Qwen/Qwen3-4B-instruct-2507,12,399,9.930929124198392e-08,0.9999723442092404,0.9999724435185317,False,2.765579075958424e-05
Qwen/Qwen3-4B-instruct-2507,13,359,4.45069120612086e-07,0.9999640000901282,0.9999644451592488,False,3.59999098717978e-05
Qwen/Qwen3-4B-instruct-2507,13,362,8.314660738644138e-07,0.9999241886396754,0.9999250201057492,False,7.58113603246402e-05
Qwen/Qwen3-4B-instruct-2507,13,365,1.444896188080816e-07,0.9999413524701386,0.9999414969597574,False,5.864752986139976e-05
Qwen/Qwen3-4B-instruct-2507,13,366,7.88850477055931e-06,0.9998958219357084,0.999903710440479,False,0.0001041780642915
Qwen/Qwen3-4B-instruct-2507,13,367,5.714746130161836e-07,0.9999538681349788,0.9999544396095918,False,4.6131865021115104e-05
Qwen/Qwen3-4B-instruct-2507,13,369,1.9945377704960468e-06,0.9999017811931528,0.9999037757309234,False,9.821880684712792e-05
Qwen/Qwen3-4B-instruct-2507,13,370,6.9615876651265865e-06,0.9998967754092748,0.9999037369969398,False,0.0001032245907253
Qwen/Qwen3-4B-instruct-2507,13,373,2.561132447052378e-06,0.9999389685688888,0.9999415297013358,False,6.103143111124698e-05
Qwen/Qwen3-4B-instruct-2507,13,374,2.7530094968345226e-05,0.9997689066110692,0.9997964367060376,False,0.0002310933889309
Qwen/Qwen3-4B-instruct-2507,13,379,1.7602405511181905e-06,0.9999398029324064,0.9999415631729576,False,6.0197067593525944e-05
Qwen/Qwen3-4B-instruct-2507,13,380,2.102311548672153e-07,0.9999413524701386,0.9999415627012934,False,5.864752986139976e-05
Qwen/Qwen3-4B-instruct-2507,13,382,1.5533490589162109e-06,0.9999022579399388,0.999903811288998,False,9.7742060061079e-05
Qwen/Qwen3-4B-instruct-2507,13,383,2.561166642087953e-06,0.9999518417671815,0.9999544029338238,False,4.815823281834053e-05
Qwen/Qwen3-4B-instruct-2507,13,384,5.714457287111363e-07,0.9999032114269176,0.9999037828726464,False,9.678857308237364e-05
Qwen/Qwen3-4B-instruct-2507,13,386,4.78450136690495e-06,0.999871628071919,0.999876412573286,False,0.000128371928081
Qwen/Qwen3-4B-instruct-2507,13,387,4.53922668850356e-05,0.9998309898012308,0.999876382068116,False,0.0001690101987691
Qwen/Qwen3-4B-instruct-2507,13,388,2.2601073892209517e-06,0.9999015428198452,0.9999038029272344,False,9.845718015488723e-05
Qwen/Qwen3-4B-instruct-2507,13,389,3.466218324713492e-07,0.999968291333751,0.9999686379555834,False,3.170866624901958e-05
Qwen/Qwen3-4B-instruct-2507,13,392,0.0179764453397627,0.9814805189554284,0.9994569642951912,False,0.0185194810445715
Qwen/Qwen3-4B-instruct-2507,13,393,0.9999899865198352,1.7603295242655614e-06,0.9999917468493594,False,0.9999982396704756
Qwen/Qwen3-4B-instruct-2507,13,394,0.3207006692091528,0.6789233018099811,0.999623971019134,False,0.3210766981900189
Qwen/Qwen3-4B-instruct-2507,13,395,0.0758398525833359,0.9239184910072964,0.9997583435906322,False,0.0760815089927037
Qwen/Qwen3-4B-instruct-2507,13,396,0.9999266916589424,2.7534427342041773e-05,0.9999542260862844,False,0.999972465572658
Qwen/Qwen3-4B-instruct-2507,13,397,0.0066920311246241,0.9931853102851416,0.9998773414097658,False,0.0068146897148583
Qwen/Qwen3-4B-instruct-2507,13,398,0.6221838011743519,0.3773735513887936,0.9995573525631456,False,0.6226264486112064
Qwen/Qwen3-4B-instruct-2507,13,399,0.9932491657366356,0.0066924587335052,0.9999416244701408,False,0.9933075412664948
Qwen/Qwen3-4B-instruct-2507,14,359,2.5109847877326692e-08,0.9999938011552556,0.9999938262651036,False,6.198844744287335e-06
Qwen/Qwen3-4B-instruct-2507,14,362,3.653433434796543e-08,0.9999868871505256,0.99998692368486,False,1.3112849474472554e-05
Qwen/Qwen3-4B-instruct-2507,14,365,1.1861052281664094e-08,0.9999938011552556,0.999993813016308,False,6.198844744287335e-06
Qwen/Qwen3-4B-instruct-2507,14,366,1.637341215920838e-07,0.9999783043793048,0.9999784681134264,False,2.1695620695205697e-05
Qwen/Qwen3-4B-instruct-2507,14,367,2.2159362976111183e-08,0.999994397195003,0.999994419354366,False,5.602804996951427e-06
Qwen/Qwen3-4B-instruct-2507,14,369,2.2159320710520812e-08,0.9999920130413285,0.999992035200649,False,7.98695867165744e-06
Qwen/Qwen3-4B-instruct-2507,14,373,2.2159362976111183e-08,0.9999945164027224,0.9999945385620852,False,5.483597277700092e-06
Qwen/Qwen3-4B-instruct-2507,14,374,9.930985949593232e-08,0.9999784235841962,0.9999785228940556,False,2.1576415803803428e-05
Qwen/Qwen3-4B-instruct-2507,14,379,2.8453239549131867e-08,0.9999957084838798,0.9999957369371192,False,4.291516120247252e-06
Qwen/Qwen3-4B-instruct-2507,14,380,3.0589561075812653e-07,0.9999781851762466,0.9999784910718572,False,2.1814823753407708e-05
Qwen/Qwen3-4B-instruct-2507,14,382,5.3157345593874676e-08,0.9999897481064004,0.999989801263746,False,1.0251893599599882e-05
Qwen/Qwen3-4B-instruct-2507,14,383,2.5109847877326692e-08,0.999994397195003,0.9999944223048508,False,5.602804996951427e-06
Qwen/Qwen3-4B-instruct-2507,14,384,6.023447459603676e-08,0.9999784235841962,0.9999784838186708,False,2.1576415803803428e-05
Qwen/Qwen3-4B-instruct-2507,14,386,6.825538282618922e-08,0.9999897481064004,0.9999898163617832,False,1.0251893599599882e-05
Qwen/Qwen3-4B-instruct-2507,14,387,2.2159320710520812e-08,0.9999921322487634,0.999992154408084,False,7.8677512366232e-06
Qwen/Qwen3-4B-instruct-2507,14,388,5.3156940037059986e-08,0.9999831917733144,0.9999832449302544,False,1.680822668570503e-05
Qwen/Qwen3-4B-instruct-2507,14,389,1.18610975280741e-08,0.9999973774024796,0.9999973892635772,False,2.6225975204852148e-06
Qwen/Qwen3-4B-instruct-2507,14,392,0.9999994039539004,4.6911640218344184e-08,0.9999994508655408,True,5.960460995879657e-07
Qwen/Qwen3-4B-instruct-2507,14,393,2.8453131008843787e-08,0.9999929667012066,0.9999929951543376,False,7.033298793368559e-06
Qwen/Qwen3-4B-instruct-2507,14,394,3.224162138757908e-08,0.9999920130413285,0.9999920452829496,False,7.98695867165744e-06
Qwen/Qwen3-4B-instruct-2507,14,395,1.3440307409336009e-08,0.99999308590921,0.9999930993495176,False,6.914090789900129e-06
Qwen/Qwen3-4B-instruct-2507,14,397,1.5229921647061352e-08,0.9999963045256736,0.9999963197555952,False,3.695474326548265e-06
Qwen/Qwen3-4B-instruct-2507,14,398,3.653447371565659e-08,0.9999897481064004,0.999989784640874,False,1.0251893599599882e-05
Qwen/Qwen3-4B-instruct-2507,14,399,0.9990719832341164,0.0009110357654299,0.9999830189995464,False,0.99908896423457
Qwen/Qwen3-4B-instruct-2507,15,359,2.8453076738855012e-08,0.999990940175962,0.9999909686290388,False,9.059824038093469e-06
Qwen/Qwen3-4B-instruct-2507,15,362,2.5109656305121405e-08,0.9999868871505256,0.999986912260182,False,1.3112849474472554e-05
Qwen/Qwen3-4B-instruct-2507,15,365,4.6910834933580506e-08,0.9999831917733144,0.9999832386841492,False,1.680822668570503e-05
Qwen/Qwen3-4B-instruct-2507,15,366,6.023447459603676e-08,0.9999784235841962,0.9999784838186708,False,2.1576415803803428e-05
Qwen/Qwen3-4B-instruct-2507,15,367,2.2159362976111183e-08,0.999994397195003,0.999994419354366,False,5.602804996951427e-06
Qwen/Qwen3-4B-instruct-2507,15,369,8.764097772443205e-08,0.9999831917733144,0.999983279414292,False,1.680822668570503e-05
Qwen/Qwen3-4B-instruct-2507,15,373,2.2159362976111183e-08,0.9999945164027224,0.9999945385620852,False,5.483597277700092e-06
Qwen/Qwen3-4B-instruct-2507,15,374,3.2241436900069496e-08,0.9999868871505256,0.9999869193919624,False,1.3112849474472554e-05
Qwen/Qwen3-4B-instruct-2507,15,379,2.2159405241782167e-08,0.9999963045256736,0.9999963266850788,False,3.695474326548265e-06
Qwen/Qwen3-4B-instruct-2507,15,380,7.734318642157583e-08,0.9999868871505256,0.999986964493712,False,1.3112849474472554e-05
Qwen/Qwen3-4B-instruct-2507,15,382,2.5109752091041353e-08,0.9999897481064004,0.9999897732161525,False,1.0251893599599882e-05
Qwen/Qwen3-4B-instruct-2507,15,383,2.2159362976111183e-08,0.9999936819476216,0.9999937041069846,False,6.318052378384564e-06
Qwen/Qwen3-4B-instruct-2507,15,384,4.1398824450223246e-08,0.9999868871505256,0.99998692854935,False,1.3112849474472554e-05
Qwen/Qwen3-4B-instruct-2507,15,386,3.2241436900069496e-08,0.9999868871505256,0.9999869193919624,False,1.3112849474472554e-05
Qwen/Qwen3-4B-instruct-2507,15,387,7.734289138129681e-08,0.9999831917733144,0.9999832691162056,False,1.680822668570503e-05
Qwen/Qwen3-4B-instruct-2507,15,388,2.2159278445011066e-08,0.9999897481064004,0.9999897702656788,False,1.0251893599599882e-05
Qwen/Qwen3-4B-instruct-2507,15,389,2.2159405241782167e-08,0.9999952316511552,0.9999952538105604,False,4.768348844774728e-06
Qwen/Qwen3-4B-instruct-2507,15,392,2.2159109383778193e-08,0.9999831917733144,0.9999832139324236,False,1.680822668570503e-05
Qwen/Qwen3-4B-instruct-2507,15,393,1.1253388686375845e-07,0.99998843683307,0.999988549366957,False,1.1563166929851045e-05
Qwen/Qwen3-4B-instruct-2507,15,394,2.5109799984138346e-08,0.9999920130413285,0.9999920381511284,False,7.98695867165744e-06
Qwen/Qwen3-4B-instruct-2507,15,395,3.224162138757908e-08,0.9999920130413285,0.9999920452829496,False,7.98695867165744e-06
Qwen/Qwen3-4B-instruct-2507,15,397,2.5109847877326692e-08,0.9999936819476216,0.9999937070574696,False,6.318052378384564e-06
Qwen/Qwen3-4B-instruct-2507,15,398,3.653447371565659e-08,0.9999897481064004,0.999989784640874,False,1.0251893599599882e-05
Qwen/Qwen3-4B-instruct-2507,15,399,2.382317411965346e-07,0.9999783043793048,0.999978542611046,False,2.1695620695205697e-05
Qwen/Qwen3-4B-instruct-2507,16,359,9.237414423963841e-09,0.99999582769221,0.9999958369296243,False,4.172307789929164e-06
Qwen/Qwen3-4B-instruct-2507,16,362,2.8452859659935034e-08,0.9999831917733144,0.999983220226174,False,1.680822668570503e-05
Qwen/Qwen3-4B-instruct-2507,16,365,7.194091865283758e-09,0.9999938011552556,0.9999938083493476,False,6.198844744287335e-06
Qwen/Qwen3-4B-instruct-2507,16,366,2.2159109383778193e-08,0.9999831917733144,0.9999832139324236,False,1.680822668570503e-05
Qwen/Qwen3-4B-instruct-2507,16,367,9.237414423963841e-09,0.9999963045256736,0.9999963137630878,False,3.695474326548265e-06
Qwen/Qwen3-4B-instruct-2507,16,369,9.237396805010873e-09,0.9999938011552556,0.9999938103926526,False,6.198844744287335e-06
Qwen/Qwen3-4B-instruct-2507,16,370,9.93102383337044e-08,0.9999831917733144,0.9999832910835528,False,1.680822668570503e-05
Qwen/Qwen3-4B-instruct-2507,16,373,1.0467361864851814e-08,0.9999952316511552,0.9999952421185172,False,4.768348844774728e-06
Qwen/Qwen3-4B-instruct-2507,16,374,6.825421115494573e-08,0.9999723442092404,0.9999724124634516,False,2.765579075958424e-05
Qwen/Qwen3-4B-instruct-2507,16,379,1.0467361864851814e-08,0.9999966621509202,0.999996672618282,False,3.337849079798616e-06
Qwen/Qwen3-4B-instruct-2507,16,380,9.931061717292157e-08,0.9999868871505256,0.9999869864611428,False,1.3112849474472554e-05
Qwen/Qwen3-4B-instruct-2507,16,382,2.8452859659935034e-08,0.9999831917733144,0.999983220226174,False,1.680822668570503e-05
Qwen/Qwen3-4B-instruct-2507,16,383,1.0467361864851814e-08,0.99999582769221,0.999995838159572,False,4.172307789929164e-06
Qwen/Qwen3-4B-instruct-2507,16,384,0.999999642372252,3.2241867372567335e-08,0.9999996746141196,True,3.576277478600787e-07
Qwen/Qwen3-4B-instruct-2507,16,386,3.2241313908982893e-08,0.9999831917733144,0.9999832240146282,False,1.680822668570503e-05
Qwen/Qwen3-4B-instruct-2507,16,387,1.1861029658523816e-08,0.9999921322487634,0.9999921441097932,False,7.8677512366232e-06
Qwen/Qwen3-4B-instruct-2507,16,388,5.3156940037059986e-08,0.9999831917733144,0.9999832449302544,False,1.680822668570503e-05
Qwen/Qwen3-4B-instruct-2507,16,389,6.348788006680007e-09,0.9999971389852362,0.9999971453340244,False,2.861014763766434e-06
Qwen/Qwen3-4B-instruct-2507,16,392,0.006691498247321,0.9931061785120288,0.9997976767593498,False,0.0068938214879711
Qwen/Qwen3-4B-instruct-2507,16,393,1.1861029658523816e-08,0.9999921322487634,0.9999921441097932,False,7.8677512366232e-06
Qwen/Qwen3-4B-instruct-2507,16,394,1.5229863549631703e-08,0.9999921322487634,0.999992147478627,False,7.8677512366232e-06
Qwen/Qwen3-4B-instruct-2507,16,395,7.194105586938129e-09,0.9999963045256736,0.999996311719779,False,3.695474326548265e-06
Qwen/Qwen3-4B-instruct-2507,16,396,5.421814019075349e-06,0.9999196593968472,0.9999250812108662,False,8.034060315287306e-05
Qwen/Qwen3-4B-instruct-2507,16,397,1.046734189996251e-08,0.9999945164027224,0.9999945268700642,False,5.483597277700092e-06
Qwen/Qwen3-4B-instruct-2507,16,398,1.7257663405271917e-08,0.999989867312656,0.9999898845703192,False,1.0132687344066582e-05
Qwen/Qwen3-4B-instruct-2507,16,399,1.1861029658523816e-08,0.9999921322487634,0.9999921441097932,False,7.8677512366232e-06
Qwen/Qwen3-4B-instruct-2507,17,359,3.466231547312278e-07,0.9999719866022398,0.9999723332253946,False,2.8013397760151548e-05
Qwen/Qwen3-4B-instruct-2507,17,362,9.42189770470334e-07,0.9999406372966204,0.9999415794863908,False,5.936270337958405e-05
Qwen/Qwen3-4B-instruct-2507,17,365,7.73425963421433e-08,0.9999783043793048,0.9999783817219012,False,2.1695620695205697e-05
Qwen/Qwen3-4B-instruct-2507,17,366,6.475569278307876e-07,0.9999408756865238,0.9999415232434516,False,5.9124313476210943e-05
Qwen/Qwen3-4B-instruct-2507,17,367,2.1023757071080578e-07,0.9999721058045592,0.99997231604213,False,2.789419544080296e-05
Qwen/Qwen3-4B-instruct-2507,17,369,4.450648761224319e-07,0.9999539873315004,0.9999544323963768,False,4.601266849946217e-05
Qwen/Qwen3-4B-instruct-2507,17,370,0.9819206496423404,0.0179845046727166,0.999905154315057,False,0.9820154953272834
Qwen/Qwen3-4B-instruct-2507,17,373,1.3709080968420132e-06,0.9999630464869772,0.999964417395074,False,3.6953513022797146e-05
Qwen/Qwen3-4B-instruct-2507,17,374,0.999998927117538,8.76423150298272e-08,0.9999990147598532,True,1.0728824619832269e-06
Qwen/Qwen3-4B-instruct-2507,17,379,6.475810130566981e-07,0.9999777083605178,0.9999783559415308,False,2.229163948219703e-05
Qwen/Qwen3-4B-instruct-2507,17,380,0.9999699601613476,1.300691311325526e-05,0.9999829670744608,False,0.9999869930868868
Qwen/Qwen3-4B-instruct-2507,17,382,0.9967817263531048,0.0031725378772945,0.9999542642303992,False,0.9968274621227056
Qwen/Qwen3-4B-instruct-2507,17,383,0.1191754617437933,0.8805941855627287,0.999769647306522,False,0.1194058144372712
Qwen/Qwen3-4B-instruct-2507,17,384,0.8514366837630433,0.1479575101358736,0.9993941938989168,False,0.8520424898641263
Qwen/Qwen3-4B-instruct-2507,17,386,0.9980275274965834,0.001926646055863,0.9999541735524464,False,0.998073353944137
Qwen/Qwen3-4B-instruct-2507,17,387,0.9238545915590854,0.0758346090919404,0.9996892006510258,False,0.9241653909080596
Qwen/Qwen3-4B-instruct-2507,17,388,0.9980375018560388,0.0019266653485846,0.9999641672046234,False,0.9980733346514152
Qwen/Qwen3-4B-instruct-2507,17,389,0.0004305374007848,0.9995239855784952,0.99995452297928,False,0.0004760144215048
Qwen/Qwen3-4B-instruct-2507,17,392,8.314652809169524e-07,0.9999240694467058,0.9999249009119868,False,7.593055329424558e-05
Qwen/Qwen3-4B-instruct-2507,17,393,2.753303565677608e-05,0.9998761568862076,0.9999036899218644,False,0.0001238431137923
Qwen/Qwen3-4B-instruct-2507,17,394,1.3708950229059335e-06,0.9999530337451736,0.9999544046401966,False,4.696625482636385e-05
Qwen/Qwen3-4B-instruct-2507,17,395,3.9276837462724274e-07,0.9999539873315004,0.9999543800998753,False,4.601266849946217e-05
Qwen/Qwen3-4B-instruct-2507,17,396,4.539066520404779e-05,0.9997960744958984,0.9998414651611024,False,0.0002039255041016
Qwen/Qwen3-4B-instruct-2507,17,397,3.466241464294468e-07,0.9999752050825816,0.999975551706728,False,2.4794917418358153e-05
Qwen/Qwen3-4B-instruct-2507,17,398,1.994579618002829e-06,0.9999229967324448,0.9999249913120628,False,7.700326755533116e-05
Qwen/Qwen3-4B-instruct-2507,17,399,0.0005526910231664,0.9992888266901976,0.999841517713364,False,0.0007111733098024
Qwen/Qwen3-4B-instruct-2507,18,359,1.1861052281664094e-08,0.9999945164027224,0.9999945282637746,False,5.483597277700092e-06
Qwen/Qwen3-4B-instruct-2507,18,362,2.5612106078045515e-06,0.9999697217572346,0.9999722829678424,False,3.0278242765358065e-05
Qwen/Qwen3-4B-instruct-2507,18,365,1.1253324294153497e-07,0.9999831917733144,0.9999833043065572,False,1.680822668570503e-05
Qwen/Qwen3-4B-instruct-2507,18,366,0.0011694573304292,0.9987850662770116,0.9999545236074407,False,0.0012149337229884
Qwen/Qwen3-4B-instruct-2507,18,367,1.855371898888086e-07,0.9999896288992496,0.9999898144364392,False,1.037110075052805e-05
Qwen/Qwen3-4B-instruct-2507,18,369,0.0002034177302055,0.9997511529374614,0.999954570667667,False,0.0002488470625385
Qwen/Qwen3-4B-instruct-2507,18,373,1.9555569189665882e-08,0.9999938011552556,0.9999938207108248,False,6.198844744287335e-06
Qwen/Qwen3-4B-instruct-2507,18,374,4.691038755912938e-08,0.9999723442092404,0.999972391119628,False,2.765579075958424e-05
Qwen/Qwen3-4B-instruct-2507,18,379,2.2159362976111183e-08,0.9999938011552556,0.9999938233146188,False,6.198844744287335e-06
Qwen/Qwen3-4B-instruct-2507,18,380,3.653405561417804e-08,0.9999784235841962,0.999978460118252,False,2.1576415803803428e-05
Qwen/Qwen3-4B-instruct-2507,18,382,3.653405561417804e-08,0.9999784235841962,0.999978460118252,False,2.1576415803803428e-05
Qwen/Qwen3-4B-instruct-2507,18,383,1.7257696321684013e-08,0.9999921322487634,0.9999921495064596,False,7.8677512366232e-06
Qwen/Qwen3-4B-instruct-2507,18,384,1.0676225537907795e-06,0.9999240694467058,0.9999251370692596,False,7.593055329424558e-05
Qwen/Qwen3-4B-instruct-2507,18,386,4.139850860346325e-08,0.9999784235841962,0.9999784649827048,False,2.1576415803803428e-05
Qwen/Qwen3-4B-instruct-2507,18,387,0.9999187058723578,7.484576247086885e-05,0.9999935516348286,False,0.9999251542375291
Qwen/Qwen3-4B-instruct-2507,18,388,2.5109464734377693e-08,0.9999784235841962,0.9999784486936608,False,2.1576415803803428e-05
Qwen/Qwen3-4B-instruct-2507,18,389,1.3440333044712421e-08,0.9999945164027224,0.9999945298430554,False,5.483597277700092e-06
Qwen/Qwen3-4B-instruct-2507,18,392,2.510932105727906e-08,0.9999723442092404,0.9999723693185616,False,2.765579075958424e-05
Qwen/Qwen3-4B-instruct-2507,18,393,6.023470437276057e-08,0.9999831917733144,0.9999832520080186,False,1.680822668570503e-05
Qwen/Qwen3-4B-instruct-2507,18,394,1.955549459123185e-08,0.9999897481064004,0.999989767661895,False,1.0251893599599882e-05
Qwen/Qwen3-4B-instruct-2507,18,395,1.7257663405271917e-08,0.9999897481064004,0.9999897653640638,False,1.0251893599599882e-05
Qwen/Qwen3-4B-instruct-2507,18,397,2.2159320710520812e-08,0.9999920130413285,0.999992035200649,False,7.98695867165744e-06
Qwen/Qwen3-4B-instruct-2507,18,398,2.8452751121096112e-08,0.9999784235841962,0.9999784520369474,False,2.1576415803803428e-05
Qwen/Qwen3-4B-instruct-2507,18,399,6.023447459603676e-08,0.9999784235841962,0.9999784838186708,False,2.1576415803803428e-05
Qwen/Qwen3-4B-instruct-2507,19,359,2.102381722061808e-07,0.9999753242852848,0.9999755345234568,False,2.4675714715316488e-05
Qwen/Qwen3-4B-instruct-2507,19,362,3.9276837462724274e-07,0.9999539873315004,0.9999543800998753,False,4.601266849946217e-05
Qwen/Qwen3-4B-instruct-2507,19,365,4.691065598328809e-08,0.9999783043793048,0.9999783512899608,False,2.1695620695205697e-05
Qwen/Qwen3-4B-instruct-2507,19,366,4.450589339049196e-07,0.9999411140801217,0.9999415591390556,False,5.888591987834868e-05
Qwen/Qwen3-4B-instruct-2507,19,367,2.699480673425702e-07,0.9999641192914956,0.9999643892395628,False,3.588070850446545e-05
Qwen/Qwen3-4B-instruct-2507,19,369,5.043178424779305e-07,0.9999409948851344,0.9999414992029768,False,5.900511486556237e-05
Qwen/Qwen3-4B-instruct-2507,19,370,3.2885560213060133e-06,0.9999382534007132,0.9999415419567346,False,6.1746599286705e-05
Qwen/Qwen3-4B-instruct-2507,19,373,9.422068429265288e-07,0.9999588744847931,0.999959816691636,False,4.112551520674135e-05
Qwen/Qwen3-4B-instruct-2507,19,374,2.2601073892209517e-06,0.9999015428198452,0.9999038029272344,False,9.845718015488723e-05
Qwen/Qwen3-4B-instruct-2507,19,379,9.42223915692076e-07,0.9999774699527388,0.9999784121766544,False,2.2530047261271054e-05
Qwen/Qwen3-4B-instruct-2507,19,380,0.9999997615814776,2.2159489773365983e-08,0.9999997837409677,True,2.384185222581437e-07
Qwen/Qwen3-4B-instruct-2507,19,382,0.999972701818188,1.0129813439012308e-05,0.9999828316316268,False,0.9999898701865608
Qwen/Qwen3-4B-instruct-2507,19,383,0.994734267044702,0.0052198869155205,0.9999541539602226,False,0.9947801130844794
Qwen/Qwen3-4B-instruct-2507,19,384,0.9999326512895288,2.144395627835585e-05,0.9999540952458073,False,0.9999785560437215
Qwen/Qwen3-4B-instruct-2507,19,386,0.9999763971175268,1.012985208125764e-05,0.999986526969608,False,0.9999898701479188
Qwen/Qwen3-4B-instruct-2507,19,387,0.9998891476534776,7.484354977065488e-05,0.999963991203248,False,0.9999251564502294
Qwen/Qwen3-4B-instruct-2507,19,388,0.9999765163221908,6.144065865636588e-06,0.9999826603880564,False,0.9999938559341344
Qwen/Qwen3-4B-instruct-2507,19,389,0.1823864932066183,0.8173995653615919,0.9997860585682102,False,0.1826004346384081
Qwen/Qwen3-4B-instruct-2507,19,392,2.5609663633736616e-06,0.9998737733040752,0.9998763342704384,False,0.0001262266959248
Qwen/Qwen3-4B-instruct-2507,19,393,1.8922817338472388e-05,0.99985744600872,0.9998763688260586,False,0.0001425539912799
Qwen/Qwen3-4B-instruct-2507,19,394,7.337781310441634e-07,0.999940756491565,0.999941490269696,False,5.924350843500292e-05
Qwen/Qwen3-4B-instruct-2507,19,395,4.45069120612086e-07,0.9999640000901282,0.9999644451592488,False,3.59999098717978e-05
Qwen/Qwen3-4B-instruct-2507,19,396,2.753132896899211e-05,0.9998139489254384,0.9998414802544076,False,0.0001860510745614
Qwen/Qwen3-4B-instruct-2507,19,397,4.450729406873842e-07,0.9999718673999348,0.9999723124728754,False,2.813260006528928e-05
Qwen/Qwen3-4B-instruct-2507,19,398,2.561090925122958e-06,0.9999224007757244,0.9999249618666496,False,7.759922427552635e-05
Qwen/Qwen3-4B-instruct-2507,19,399,0.9999990463265932,8.764248219443637e-08,0.9999991339690752,True,9.536734069115482e-07
Qwen/Qwen3-4B-instruct-2507,21,351,6.023412993259455e-08,0.9999723442092404,0.9999724044433704,False,2.765579075958424e-05
Qwen/Qwen3-4B-instruct-2507,20,359,7.19411930861867e-09,0.9999979734461775,0.9999979806402968,False,2.026553822531696e-06
Qwen/Qwen3-4B-instruct-2507,20,362,2.510984787732669e-08,0.9999936819476216,0.9999937070574695,False,6.318052378384564e-06
Qwen/Qwen3-4B-instruct-2507,20,363,1.3440358680137724e-08,0.9999958276922101,0.9999958411325688,False,4.172307789929164e-06
Qwen/Qwen3-4B-instruct-2507,20,365,8.151989617038353e-09,0.9999952316511552,0.9999952398031449,False,4.768348844774728e-06
Qwen/Qwen3-4B-instruct-2507,20,366,1.2098533015526917e-06,0.9999885560391694,0.9999897658924709,False,1.1443960830637145e-05
Qwen/Qwen3-4B-instruct-2507,20,367,7.19411930861867e-09,0.9999984502816872,0.9999984574758065,False,1.5497183127877179e-06
Qwen/Qwen3-4B-instruct-2507,20,368,2.1444487999256937e-05,0.9999570864969811,0.9999785309849804,False,4.291350301888208e-05
Qwen/Qwen3-4B-instruct-2507,20,369,7.19411930861867e-09,0.9999977350285647,0.999997742222684,False,2.2649714352951378e-06
Qwen/Qwen3-4B-instruct-2507,20,370,0.9999990463265931,2.1024318473456359e-07,0.9999992565697778,False,0.9999997897568152
Qwen/Qwen3-4B-instruct-2507,20,373,8.152005165739432e-09,0.9999985694905718,0.9999985776425769,False,1.430509428246296e-06
Qwen/Qwen3-4B-instruct-2507,20,374,3.224162138757908e-08,0.9999920130413283,0.9999920452829497,False,7.98695867165744e-06
Qwen/Qwen3-4B-instruct-2507,20,378,2.8453131008843787e-08,0.9999920130413283,0.9999920414944593,False,7.98695867165744e-06
Qwen/Qwen3-4B-instruct-2507,20,379,7.19411930861867e-09,0.999998927117538,0.9999989343116573,False,1.0728824619832267e-06
Qwen/Qwen3-4B-instruct-2507,20,380,0.9999996423722521,4.139937718785167e-08,0.9999996837716293,True,3.5762774786007867e-07
Qwen/Qwen3-4B-instruct-2507,20,382,1.955560648898961e-08,0.9999961853172863,0.9999962048728928,False,3.8146827137097716e-06
Qwen/Qwen3-4B-instruct-2507,20,383,8.152005165739432e-09,0.9999979734461775,0.9999979815981827,False,2.026553822531696e-06
Qwen/Qwen3-4B-instruct-2507,20,384,0.0758514257094039,0.9240594529982044,0.9999108787076083,False,0.07594054700179564
Qwen/Qwen3-4B-instruct-2507,20,386,2.8453185278936072e-08,0.999995112442896,0.9999951408960812,False,4.887557104038542e-06
Qwen/Qwen3-4B-instruct-2507,20,387,7.19411930861867e-09,0.9999977350285647,0.999997742222684,False,2.2649714352951378e-06
Qwen/Qwen3-4B-instruct-2507,20,388,9.931118543445705e-08,0.9999920130413283,0.9999921123525137,False,7.98695867165744e-06
Qwen/Qwen3-4B-instruct-2507,20,389,7.19411930861867e-09,0.9999985694905718,0.999998576684691,False,1.430509428246296e-06
Qwen/Qwen3-4B-instruct-2507,20,392,1.3709277079799143e-06,0.9999771123402672,0.9999784832679752,False,2.2887659732795385e-05
Qwen/Qwen3-4B-instruct-2507,20,393,8.152005165739432e-09,0.9999977350285647,0.9999977431805699,False,2.2649714352951378e-06
Qwen/Qwen3-4B-instruct-2507,20,394,1.0467381829779195e-08,0.9999971389852362,0.9999971494526181,False,2.861014763766434e-06
Qwen/Qwen3-4B-instruct-2507,20,395,4.9444410711567335e-09,0.9999984502816872,0.9999984552261283,False,1.5497183127877179e-06
Qwen/Qwen3-4B-instruct-2507,20,396,5.422103582915055e-06,0.9999730594272631,0.999978481530846,False,2.6940572736888768e-05
Qwen/Qwen3-4B-instruct-2507,20,397,8.152005165739432e-09,0.9999984502816872,0.9999984584336924,False,1.5497183127877179e-06
Qwen/Qwen3-4B-instruct-2507,20,398,1.5229921647061352e-08,0.9999963045256735,0.9999963197555951,False,3.695474326548265e-06
Qwen/Qwen3-4B-instruct-2507,20,399,8.151989617038353e-09,0.9999966621509202,0.9999966703029098,False,3.337849079798616e-06
Qwen/Qwen3-4B-instruct-2507,21,353,4.1398982374506896e-08,0.9999897481064004,0.9999897895053828,False,1.0251893599599882e-05
Qwen/Qwen3-4B-instruct-2507,21,354,3.466251381305031e-07,0.9999781851762466,0.9999785318013847,False,2.1814823753407708e-05
Qwen/Qwen3-4B-instruct-2507,21,355,2.8452859659935034e-08,0.9999831917733143,0.9999832202261739,False,1.680822668570503e-05
Qwen/Qwen3-4B-instruct-2507,21,356,4.691065598328808e-08,0.9999784235841962,0.9999784704948522,False,2.1576415803803428e-05
Qwen/Qwen3-4B-instruct-2507,21,358,5.315673725981295e-08,0.9999784235841962,0.9999784767409334,False,2.1576415803803428e-05
Qwen/Qwen3-4B-instruct-2507,21,359,4.1398824450223246e-08,0.9999868871505255,0.99998692854935,False,1.3112849474472554e-05
Qwen/Qwen3-4B-instruct-2507,21,360,6.825421115494573e-08,0.9999723442092404,0.9999724124634516,False,2.7655790759584242e-05
Qwen/Qwen3-4B-instruct-2507,21,361,1.3440307409336009e-08,0.9999921322487634,0.9999921456890708,False,7.8677512366232e-06
Qwen/Qwen3-4B-instruct-2507,21,362,6.825356023516791e-08,0.9999643576942727,0.999964425947833,False,3.564230572727922e-05
Qwen/Qwen3-4B-instruct-2507,21,363,3.4662051021651466e-07,0.999964238492877,0.9999645851133871,False,3.5761507123033276e-05
Qwen/Qwen3-4B-instruct-2507,21,364,4.450589339049196e-07,0.9999412332751231,0.999941678334057,False,5.876672487692414e-05
Qwen/Qwen3-4B-instruct-2507,21,365,2.5109656305121405e-08,0.9999868871505255,0.9999869122601819,False,1.3112849474472554e-05
Qwen/Qwen3-4B-instruct-2507,21,366,3.726468367963374e-06,0.9999506497906105,0.9999543762589785,False,4.935020938945378e-05
Qwen/Qwen3-4B-instruct-2507,21,367,3.653447371565659e-08,0.9999909401759619,0.9999909767104356,False,9.059824038093467e-06
Qwen/Qwen3-4B-instruct-2507,21,368,3.2241313908982893e-08,0.9999831917733143,0.9999832240146282,False,1.680822668570503e-05
Qwen/Qwen3-4B-instruct-2507,21,369,3.927721203762156e-07,0.9999641192914955,0.9999645120636159,False,3.588070850446545e-05
Qwen/Qwen3-4B-instruct-2507,21,370,4.691110336029911e-08,0.9999884368330701,0.9999884837441735,False,1.1563166929851043e-05
Qwen/Qwen3-4B-instruct-2507,21,371,8.314906556108061e-07,0.9999537489348336,0.9999545804254892,False,4.6251065166424965e-05
Qwen/Qwen3-4B-instruct-2507,21,373,3.2241559891625255e-08,0.9999897481064004,0.9999897803479603,False,1.0251893599599882e-05
Qwen/Qwen3-4B-instruct-2507,21,374,5.315673725981295e-08,0.9999784235841962,0.9999784767409334,False,2.1576415803803428e-05
Qwen/Qwen3-4B-instruct-2507,21,375,2.5109656305121405e-08,0.9999868871505255,0.9999869122601819,False,1.3112849474472554e-05
Qwen/Qwen3-4B-instruct-2507,21,376,9.930929124198392e-08,0.9999723442092404,0.9999724435185317,False,2.7655790759584242e-05
Qwen/Qwen3-4B-instruct-2507,21,377,2.5109656305121405e-08,0.9999868871505255,0.9999869122601819,False,1.3112849474472554e-05
Qwen/Qwen3-4B-instruct-2507,21,378,0.999998927117538,6.825590357542018e-08,0.9999989953734416,True,1.0728824619832267e-06
Qwen/Qwen3-4B-instruct-2507,21,379,3.65346130838794e-08,0.9999936819476216,0.9999937184822347,False,6.318052378384564e-06
Qwen/Qwen3-4B-instruct-2507,21,380,2.8452968199188003e-08,0.9999868871505255,0.9999869156034937,False,1.3112849474472554e-05
Qwen/Qwen3-4B-instruct-2507,21,381,3.927721203762156e-07,0.9999641192914955,0.9999645120636159,False,3.588070850446545e-05
Qwen/Qwen3-4B-instruct-2507,21,382,5.315673725981295e-08,0.9999784235841962,0.9999784767409334,False,2.1576415803803428e-05
Qwen/Qwen3-4B-instruct-2507,21,383,3.224162138757908e-08,0.9999920130413283,0.9999920452829497,False,7.98695867165744e-06
Qwen/Qwen3-4B-instruct-2507,21,384,9.930929124198392e-08,0.9999723442092404,0.9999724435185317,False,2.7655790759584242e-05
Qwen/Qwen3-4B-instruct-2507,21,385,5.3156433095392757e-08,0.9999723442092404,0.9999723973656736,False,2.7655790759584242e-05
Qwen/Qwen3-4B-instruct-2507,21,386,4.691092440898271e-08,0.9999850990607846,0.999985145971709,False,1.4900939215412023e-05
Qwen/Qwen3-4B-instruct-2507,21,387,1.8553400495919595e-07,0.9999722250068926,0.9999724105408976,False,2.777499310735454e-05
Qwen/Qwen3-4B-instruct-2507,21,388,2.5109656305121405e-08,0.9999868871505255,0.9999869122601819,False,1.3112849474472554e-05
Qwen/Qwen3-4B-instruct-2507,21,389,2.2159405241782167e-08,0.9999952316511552,0.9999952538105604,False,4.768348844774728e-06
Qwen/Qwen3-4B-instruct-2507,21,390,3.9276837462724274e-07,0.9999541065280364,0.999954499296411,False,4.589347196359839e-05
Qwen/Qwen3-4B-instruct-2507,21,391,2.8453076738855012e-08,0.9999897481064004,0.9999897765594772,False,1.0251893599599882e-05
Qwen/Qwen3-4B-instruct-2507,21,392,0.005218766969462738,0.9945211640611261,0.9997399310305889,False,0.005478835938873883
Qwen/Qwen3-4B-instruct-2507,21,393,3.058938604144094e-07,0.9999719866022398,0.9999722924961003,False,2.8013397760151548e-05
Qwen/Qwen3-4B-instruct-2507,21,394,3.224143690006949e-08,0.9999868871505255,0.9999869193919624,False,1.3112849474472554e-05
Qwen/Qwen3-4B-instruct-2507,21,395,3.224143690006949e-08,0.9999868871505255,0.9999869193919624,False,1.3112849474472554e-05
Qwen/Qwen3-4B-instruct-2507,21,396,1.1477903744923534e-05,0.999913580732002,0.9999250586357469,False,8.641926799801691e-05
Qwen/Qwen3-4B-instruct-2507,21,397,3.2241559891625255e-08,0.9999909401759619,0.9999909724175218,False,9.059824038093467e-06
Qwen/Qwen3-4B-instruct-2507,21,398,6.023447459603676e-08,0.9999784235841962,0.9999784838186708,False,2.1576415803803428e-05
Qwen/Qwen3-4B-instruct-2507,21,399,0.9999961853172863,6.475927472092271e-07,0.9999968329100335,True,3.8146827137097716e-06
Qwen/Qwen3-4B-instruct-2507,22,351,1.9555531890413292e-08,0.9999929667012066,0.9999929862567385,False,7.033298793368559e-06
Qwen/Qwen3-4B-instruct-2507,22,353,1.7257762154696544e-08,0.9999963045256735,0.9999963217834356,False,3.695474326548265e-06
Qwen/Qwen3-4B-instruct-2507,22,354,6.825486208093125e-08,0.9999831917733143,0.9999832600281764,False,1.680822668570503e-05
Qwen/Qwen3-4B-instruct-2507,22,355,1.344033304471242e-08,0.9999946356109105,0.9999946490512436,False,5.364389089490551e-06
Qwen/Qwen3-4B-instruct-2507,22,356,9.931023833370438e-08,0.9999831917733143,0.9999832910835527,False,1.680822668570503e-05
Qwen/Qwen3-4B-instruct-2507,22,357,4.1398824450223246e-08,0.9999868871505255,0.99998692854935,False,1.3112849474472554e-05
Qwen/Qwen3-4B-instruct-2507,22,358,6.825512245306361e-08,0.9999868871505255,0.999986955405648,False,1.3112849474472554e-05
Qwen/Qwen3-4B-instruct-2507,22,359,2.510984787732669e-08,0.999994397195003,0.9999944223048509,False,5.602804996951427e-06
Qwen/Qwen3-4B-instruct-2507,22,360,8.764064340127165e-08,0.9999784235841962,0.9999785112248396,False,2.1576415803803428e-05
Qwen/Qwen3-4B-instruct-2507,22,361,1.1861074904847522e-08,0.9999952316511552,0.9999952435122301,False,4.768348844774728e-06
Qwen/Qwen3-4B-instruct-2507,22,362,1.4449526855611148e-07,0.9999808076722754,0.9999809521675439,False,1.9192327724626423e-05
Qwen/Qwen3-4B-instruct-2507,22,364,5.04329385529398e-07,0.9999640000901282,0.9999645044195137,False,3.59999098717978e-05
Qwen/Qwen3-4B-instruct-2507,22,365,1.9555531890413292e-08,0.9999920130413283,0.9999920325968602,False,7.98695867165744e-06
Qwen/Qwen3-4B-instruct-2507,22,366,7.33794926084947e-07,0.9999636424897494,0.9999643762846755,False,3.6357510250550895e-05
Qwen/Qwen3-4B-instruct-2507,22,367,1.955560648898961e-08,0.9999963045256735,0.9999963240812799,False,3.695474326548265e-06
Qwen/Qwen3-4B-instruct-2507,22,368,7.338005245172995e-07,0.9999716289935482,0.9999723627940728,False,2.8371006451810565e-05
Qwen/Qwen3-4B-instruct-2507,22,369,3.224162138757908e-08,0.9999920130413283,0.9999920452829497,False,7.98695867165744e-06
Qwen/Qwen3-4B-instruct-2507,22,370,1.4738580746850175e-05,0.9999576824925632,0.9999724210733101,False,4.2317507436773205e-05
Qwen/Qwen3-4B-instruct-2507,22,371,2.2159362976111183e-08,0.9999936819476216,0.9999937041069846,False,6.318052378384564e-06
Qwen/Qwen3-4B-instruct-2507,22,373,2.2159362976111183e-08,0.999995112442896,0.999995134602259,False,4.887557104038542e-06
Qwen/Qwen3-4B-instruct-2507,22,374,0.999997854237364,4.450844011100084e-07,0.9999982993217651,True,2.145762636018844e-06
Qwen/Qwen3-4B-instruct-2507,22,375,1.1861052281664094e-08,0.9999946356109105,0.9999946474719628,False,5.364389089490551e-06
Qwen/Qwen3-4B-instruct-2507,22,376,0.014061909873873178,0.9858161121988355,0.9998780220727086,False,0.01418388780116453
Qwen/Qwen3-4B-instruct-2507,22,377,1.9555531890413292e-08,0.9999929667012066,0.9999929862567385,False,7.033298793368559e-06
Qwen/Qwen3-4B-instruct-2507,22,378,2.1023757071080576e-07,0.9999722250068926,0.9999724352444633,False,2.777499310735454e-05
Qwen/Qwen3-4B-instruct-2507,22,379,2.2159405241782167e-08,0.9999965429424904,0.9999965651018956,False,3.457057509592687e-06
Qwen/Qwen3-4B-instruct-2507,22,380,6.96206569582803e-06,0.9999654305001977,0.9999723925658935,False,3.4569499802294956e-05
Qwen/Qwen3-4B-instruct-2507,22,381,3.224162138757908e-08,0.9999920130413283,0.9999920452829497,False,7.98695867165744e-06
Qwen/Qwen3-4B-instruct-2507,22,382,1.8553559741716817e-07,0.9999808076722754,0.9999809932078728,False,1.9192327724626423e-05
Qwen/Qwen3-4B-instruct-2507,22,383,2.8453185278936072e-08,0.999994397195003,0.9999944256481883,False,5.602804996951427e-06
Qwen/Qwen3-4B-instruct-2507,22,384,2.699503843353609e-07,0.9999721058045592,0.9999723757549436,False,2.789419544080296e-05
Qwen/Qwen3-4B-instruct-2507,22,385,1.3708950229059337e-06,0.9999531529452337,0.9999545238402566,False,4.684705476631912e-05
Qwen/Qwen3-4B-instruct-2507,22,386,2.699537311378345e-07,0.9999848606494245,0.9999851306031556,False,1.5139350575510413e-05
Qwen/Qwen3-4B-instruct-2507,22,387,2.8453076738855012e-08,0.9999909401759619,0.9999909686290387,False,9.059824038093467e-06
Qwen/Qwen3-4B-instruct-2507,22,388,2.3823287717670763e-07,0.9999828341569776,0.9999830723898548,False,1.7165843022359795e-05
Qwen/Qwen3-4B-instruct-2507,22,389,2.2159405241782167e-08,0.9999957084838798,0.999995730643285,False,4.291516120247252e-06
Qwen/Qwen3-4B-instruct-2507,22,390,1.3709198634910892e-06,0.9999710329823779,0.9999724039022414,False,2.8967017622116842e-05
Qwen/Qwen3-4B-instruct-2507,22,391,3.224162138757908e-08,0.9999929667012066,0.999992998942828,False,7.033298793368559e-06
Qwen/Qwen3-4B-instruct-2507,22,392,8.314898626399016e-07,0.9999536297383403,0.999954461228203,False,4.637026165965619e-05
Qwen/Qwen3-4B-instruct-2507,22,393,2.8453076738855012e-08,0.9999909401759619,0.9999909686290387,False,9.059824038093467e-06
Qwen/Qwen3-4B-instruct-2507,22,394,4.139914029939298e-08,0.9999936819476216,0.999993723346762,False,6.318052378384564e-06
Qwen/Qwen3-4B-instruct-2507,22,395,1.7257729238158885e-08,0.9999945164027223,0.9999945336604515,False,5.483597277700092e-06
Qwen/Qwen3-4B-instruct-2507,22,396,0.9999996423722521,4.139937718785167e-08,0.9999996837716293,True,3.5762774786007867e-07
Qwen/Qwen3-4B-instruct-2507,22,397,1.955560648898961e-08,0.9999965429424904,0.9999965624980969,False,3.457057509592687e-06
Qwen/Qwen3-4B-instruct-2507,22,398,1.1253367222260788e-07,0.9999868871505255,0.9999869996841978,False,1.3112849474472554e-05
Qwen/Qwen3-4B-instruct-2507,22,399,3.653447371565659e-08,0.9999897481064004,0.9999897846408741,False,1.0251893599599882e-05
Qwen/Qwen3-4B-instruct-2507,23,351,9.930910182472368e-08,0.9999722250068926,0.9999723243159945,False,2.777499310735454e-05
Qwen/Qwen3-4B-instruct-2507,23,353,2.699519290082697e-07,0.9999780659713836,0.9999783359233126,False,2.1934028616388268e-05
Qwen/Qwen3-4B-instruct-2507,23,354,8.314898626399016e-07,0.9999536297383403,0.999954461228203,False,4.637026165965619e-05
Qwen/Qwen3-4B-instruct-2507,23,355,3.0589123491761284e-07,0.9999641192914955,0.9999644251827304,False,3.588070850446545e-05
Qwen/Qwen3-4B-instruct-2507,23,356,3.0589123491761284e-07,0.9999641192914955,0.9999644251827304,False,3.588070850446545e-05
Qwen/Qwen3-4B-instruct-2507,23,357,6.475569278307876e-07,0.9999408756865238,0.9999415232434516,False,5.9124313476210943e-05
Qwen/Qwen3-4B-instruct-2507,23,358,4.4506487612243183e-07,0.9999539873315005,0.9999544323963767,False,4.601266849946217e-05
Qwen/Qwen3-4B-instruct-2507,23,359,1.4449554415922725e-07,0.9999829533624089,0.9999830978579531,False,1.704663759105607e-05
Qwen/Qwen3-4B-instruct-2507,23,361,5.714800630487805e-07,0.9999638808887751,0.9999644523688381,False,3.611911122491929e-05
Qwen/Qwen3-4B-instruct-2507,23,362,4.450669983621991e-07,0.9999593512842658,0.9999597963512642,False,4.0648715734170615e-05
Qwen/Qwen3-4B-instruct-2507,23,363,6.143714309425926e-06,0.9999188250646881,0.9999249687789975,False,8.117493531190068e-05
Qwen/Qwen3-4B-instruct-2507,23,364,8.314652809169524e-07,0.9999240694467058,0.9999249009119867,False,7.593055329424558e-05
Qwen/Qwen3-4B-instruct-2507,23,365,4.139866652654203e-08,0.9999830725678546,0.9999831139665211,False,1.6927432145430465e-05
Qwen/Qwen3-4B-instruct-2507,23,366,0.005219302024821579,0.9946229279656436,0.9998422299904651,False,0.005377072034356445
Qwen/Qwen3-4B-instruct-2507,23,367,1.444958197628687e-07,0.9999848606494245,0.9999850051452442,False,1.5139350575510413e-05
Qwen/Qwen3-4B-instruct-2507,23,369,8.314652809169524e-07,0.9999240694467058,0.9999249009119867,False,7.593055329424558e-05
Qwen/Qwen3-4B-instruct-2507,23,370,1.670044252698157e-05,0.9999247845974613,0.9999414850399883,False,7.521540253874193e-05
Qwen/Qwen3-4B-instruct-2507,23,371,3.0589123491761284e-07,0.9999641192914955,0.9999644251827304,False,3.588070850446545e-05
Qwen/Qwen3-4B-instruct-2507,23,373,4.4507124287209264e-07,0.9999681721318864,0.9999686172031292,False,3.1827868113620816e-05
Qwen/Qwen3-4B-instruct-2507,23,374,1.0676225537907797e-06,0.9999238310680846,0.9999248986906384,False,7.616893191542129e-05
Qwen/Qwen3-4B-instruct-2507,23,375,3.224143690006949e-08,0.9999868871505255,0.9999869193919624,False,1.3112849474472554e-05
Qwen/Qwen3-4B-instruct-2507,23,376,0.005219068086892822,0.9945784700179567,0.9997975381048496,False,0.0054215299820432605
Qwen/Qwen3-4B-instruct-2507,23,377,0.09532691113931173,0.9044366183715894,0.9997635295109011,False,0.0955633816284106
Qwen/Qwen3-4B-instruct-2507,23,378,5.315633170763946e-08,0.9999722250068926,0.9999722781632243,False,2.777499310735454e-05
Qwen/Qwen3-4B-instruct-2507,23,379,3.0589561075812653e-07,0.9999780659713836,0.9999783718669943,False,2.1934028616388268e-05
Qwen/Qwen3-4B-instruct-2507,23,380,0.9997031378243303,0.00026118108140747986,0.9999643189057378,False,0.9997388189185925
Qwen/Qwen3-4B-instruct-2507,23,381,5.4219743114328995e-06,0.9999489810279807,0.9999544030022921,False,5.101897201931216e-05
Qwen/Qwen3-4B-instruct-2507,23,382,2.7533639587025562e-05,0.9998974905186837,0.9999250241582708,False,0.000102509481316293
Qwen/Qwen3-4B-instruct-2507,23,383,1.2098221491912192e-06,0.9999631656845929,0.9999643755067421,False,3.683431540713045e-05
Qwen/Qwen3-4B-instruct-2507,23,384,1.7601734045507457e-06,0.9999020195665175,0.9999037797399221,False,9.798043348252516e-05
Qwen/Qwen3-4B-instruct-2507,23,385,1.637319355203067e-07,0.999964238492877,0.9999644022248125,False,3.5761507123033276e-05
Qwen/Qwen3-4B-instruct-2507,23,386,1.670044252698157e-05,0.9999247845974613,0.9999414850399883,False,7.521540253874193e-05
Qwen/Qwen3-4B-instruct-2507,23,387,5.42190192074913e-06,0.9999361079065316,0.9999415298084524,False,6.3892093468354e-05
Qwen/Qwen3-4B-instruct-2507,23,388,1.012939804418463e-05,0.9999314593576598,0.999941588755704,False,6.854064234018686e-05
Qwen/Qwen3-4B-instruct-2507,23,389,2.6995321624244547e-07,0.9999828341569776,0.9999831041101939,False,1.7165843022359795e-05
Qwen/Qwen3-4B-instruct-2507,23,390,3.2885560213060133e-06,0.9999382534007133,0.9999415419567346,False,6.1746599286705e-05
Qwen/Qwen3-4B-instruct-2507,23,391,3.2885999285589434e-06,0.9999511265788857,0.9999544151788143,True,0.9999967114000714
Qwen/Qwen3-4B-instruct-2507,23,392,3.9276837462724274e-07,0.9999539873315005,0.9999543800998751,False,4.601266849946217e-05
Qwen/Qwen3-4B-instruct-2507,23,393,1.892404452019574e-05,0.9999226391540047,0.9999415631985249,False,7.736084599530013e-05
Qwen/Qwen3-4B-instruct-2507,23,394,3.927721203762156e-07,0.9999640000901282,0.9999643928622486,False,3.59999098717978e-05
Qwen/Qwen3-4B-instruct-2507,23,395,8.314898626399016e-07,0.9999535105382235,0.9999543420280861,False,4.648946177654434e-05
Qwen/Qwen3-4B-instruct-2507,23,396,8.938591238964522e-06,0.9998674568439967,0.9998763954352357,False,0.00013254315600330635
Qwen/Qwen3-4B-instruct-2507,23,397,1.2751687015779368e-07,0.9999830725678546,0.9999832000847247,False,1.6927432145430465e-05
Qwen/Qwen3-4B-instruct-2507,23,398,6.475655737062516e-07,0.9999537489348336,0.9999543965004073,False,4.6251065166424965e-05
Qwen/Qwen3-4B-instruct-2507,23,399,0.9999945164027223,1.370951241715711e-06,0.999995887353964,False,0.9999986290487582
Qwen/Qwen3-4B-instruct-2507,24,351,1.5229718307027177e-08,0.9999833109787883,0.9999833262085066,False,1.6689021211657717e-05
Qwen/Qwen3-4B-instruct-2507,24,353,1.1861052281664094e-08,0.9999945164027223,0.9999945282637746,False,5.483597277700092e-06
Qwen/Qwen3-4B-instruct-2507,24,354,2.1023376128005986e-07,0.9999543449247886,0.9999545551585499,False,4.5655075211370466e-05
Qwen/Qwen3-4B-instruct-2507,24,355,1.1861029658523816e-08,0.9999921322487634,0.9999921441097931,False,7.8677512366232e-06
Qwen/Qwen3-4B-instruct-2507,24,356,6.02335554979068e-08,0.9999644768920447,0.9999645371256002,False,3.552310795529312e-05
Qwen/Qwen3-4B-instruct-2507,24,357,2.5109464734377693e-08,0.9999784235841962,0.9999784486936609,False,2.1576415803803428e-05
Qwen/Qwen3-4B-instruct-2507,24,358,2.8452751121096112e-08,0.9999784235841962,0.9999784520369474,False,2.1576415803803428e-05
Qwen/Qwen3-4B-instruct-2507,24,359,1.0467361864851814e-08,0.9999958276922101,0.9999958381595719,False,4.172307789929164e-06
Qwen/Qwen3-4B-instruct-2507,24,360,0.9999992847447459,5.3157852544244216e-08,0.9999993379025984,True,7.152552541356272e-07
Qwen/Qwen3-4B-instruct-2507,24,361,9.237361567205748e-09,0.9999898673126559,0.9999898765500175,False,1.0132687344066582e-05
Qwen/Qwen3-4B-instruct-2507,24,362,1.2751322192306301e-07,0.9999543449247886,0.9999544724380105,False,4.5655075211370466e-05
Qwen/Qwen3-4B-instruct-2507,24,363,4.139827171997462e-08,0.9999723442092404,0.9999723856075121,False,2.7655790759584242e-05
Qwen/Qwen3-4B-instruct-2507,24,364,6.825199805302815e-08,0.9999415908602124,0.9999416591122104,False,5.840913978760742e-05
Qwen/Qwen3-4B-instruct-2507,24,365,1.5229718307027177e-08,0.9999831917733143,0.9999832070030326,False,1.680822668570503e-05
Qwen/Qwen3-4B-instruct-2507,24,366,2.561132447052378e-06,0.9999390877636344,0.9999416488960814,False,6.091223636561782e-05
Qwen/Qwen3-4B-instruct-2507,24,367,2.215927844501106e-08,0.9999897481064004,0.9999897702656788,False,1.0251893599599882e-05
Qwen/Qwen3-4B-instruct-2507,24,368,0.00043048874832737384,0.999410976448436,0.9998414651967634,False,0.000589023551563983
Qwen/Qwen3-4B-instruct-2507,24,369,4.139827171997462e-08,0.9999723442092404,0.9999723856075121,False,2.7655790759584242e-05
Qwen/Qwen3-4B-instruct-2507,24,370,1.4449402834859571e-07,0.9999722250068926,0.9999723695009209,False,2.777499310735454e-05
Qwen/Qwen3-4B-instruct-2507,24,371,1.7257663405271917e-08,0.9999897481064004,0.9999897653640638,False,1.0251893599599882e-05
Qwen/Qwen3-4B-instruct-2507,24,373,1.5229892598318825e-08,0.9999936819476216,0.9999936971775142,False,6.318052378384564e-06
Qwen/Qwen3-4B-instruct-2507,24,374,1.1253002338568522e-07,0.999954464125005,0.9999545766550284,False,4.553587499500633e-05
Qwen/Qwen3-4B-instruct-2507,24,375,1.0467262040786102e-08,0.9999870063564401,0.9999870168237022,False,1.2993643559888746e-05
Qwen/Qwen3-4B-instruct-2507,24,376,0.9625581912267281,0.037322429688308914,0.999880620915037,False,0.9626775703116911
Qwen/Qwen3-4B-instruct-2507,24,377,1.3440281774008495e-08,0.9999898673126559,0.9999898807529377,False,1.0132687344066582e-05
Qwen/Qwen3-4B-instruct-2507,24,378,7.483434278512625e-05,0.9997666426842999,0.999841477027085,False,0.0002333573157000668
Qwen/Qwen3-4B-instruct-2507,24,379,1.7257729238158885e-08,0.999995112442896,0.9999951297006252,False,4.887557104038542e-06
Qwen/Qwen3-4B-instruct-2507,24,380,8.764014191892229e-08,0.9999723442092404,0.9999724318493823,False,2.7655790759584242e-05
Qwen/Qwen3-4B-instruct-2507,24,381,2.5109560519566853e-08,0.9999831917733143,0.9999832168828748,False,1.680822668570503e-05
Qwen/Qwen3-4B-instruct-2507,24,382,4.139827171997462e-08,0.9999723442092404,0.9999723856075121,False,2.7655790759584242e-05
Qwen/Qwen3-4B-instruct-2507,24,383,1.5229863549631703e-08,0.9999929667012066,0.9999929819310702,False,7.033298793368559e-06
Qwen/Qwen3-4B-instruct-2507,24,385,1.3440179233187392e-08,0.9999833109787883,0.9999833244189675,False,1.6689021211657717e-05
Qwen/Qwen3-4B-instruct-2507,24,386,4.691065598328808e-08,0.9999784235841962,0.9999784704948522,False,2.1576415803803428e-05
Qwen/Qwen3-4B-instruct-2507,24,387,1.7257597572636077e-08,0.9999868871505255,0.9999869044081231,False,1.3112849474472554e-05
Qwen/Qwen3-4B-instruct-2507,24,388,5.3156433095392757e-08,0.9999723442092404,0.9999723973656736,False,2.7655790759584242e-05
Qwen/Qwen3-4B-instruct-2507,24,389,1.1861052281664094e-08,0.9999945164027223,0.9999945282637746,False,5.483597277700092e-06
Qwen/Qwen3-4B-instruct-2507,24,390,6.961733726580695e-06,0.9999181099254703,0.9999250716591969,False,8.189007452974462e-05
Qwen/Qwen3-4B-instruct-2507,24,391,1.7257663405271917e-08,0.9999897481064004,0.9999897653640638,False,1.0251893599599882e-05
Qwen/Qwen3-4B-instruct-2507,24,392,1.9945377704960468e-06,0.9999019003761905,0.999903894913961,False,9.809962380946669e-05
Qwen/Qwen3-4B-instruct-2507,24,393,2.2159193914233397e-08,0.9999868871505255,0.9999869093097195,False,1.3112849474472554e-05
Qwen/Qwen3-4B-instruct-2507,24,394,2.2159193914233397e-08,0.9999868871505255,0.9999869093097195,False,1.3112849474472554e-05
Qwen/Qwen3-4B-instruct-2507,24,395,1.3440281774008495e-08,0.9999897481064004,0.9999897615466822,False,1.0251893599599882e-05
Qwen/Qwen3-4B-instruct-2507,24,396,0.9999816421070834,7.889181875412588e-06,0.9999895312889588,False,0.9999921108181246
Qwen/Qwen3-4B-instruct-2507,24,397,1.344033304471242e-08,0.9999938011552557,0.9999938145955888,False,6.198844744287335e-06
Qwen/Qwen3-4B-instruct-2507,24,398,2.5109560519566853e-08,0.9999831917733143,0.9999832168828748,False,1.680822668570503e-05
Qwen/Qwen3-4B-instruct-2507,24,399,2.8452751121096112e-08,0.9999784235841962,0.9999784520369474,False,2.1576415803803428e-05
Qwen/Qwen3-4B-instruct-2507,25,351,1.7257663405271917e-08,0.9999898673126559,0.9999898845703193,False,1.0132687344066582e-05
Qwen/Qwen3-4B-instruct-2507,25,352,6.023447459603676e-08,0.9999784235841962,0.9999784838186708,False,2.1576415803803428e-05
Qwen/Qwen3-4B-instruct-2507,25,353,1.955556918966588e-08,0.9999936819476216,0.9999937015031908,False,6.318052378384564e-06
Qwen/Qwen3-4B-instruct-2507,25,354,2.5109799984138346e-08,0.9999920130413283,0.9999920381511284,False,7.98695867165744e-06
Qwen/Qwen3-4B-instruct-2507,25,355,1.637341215920838e-07,0.9999783043793048,0.9999784681134264,False,2.1695620695205697e-05
Qwen/Qwen3-4B-instruct-2507,25,356,3.653433434796543e-08,0.9999868871505255,0.9999869236848599,False,1.3112849474472554e-05
Qwen/Qwen3-4B-instruct-2507,25,357,2.2159320710520812e-08,0.9999920130413283,0.999992035200649,False,7.98695867165744e-06
Qwen/Qwen3-4B-instruct-2507,25,358,2.8453131008843787e-08,0.9999920130413283,0.9999920414944593,False,7.98695867165744e-06
Qwen/Qwen3-4B-instruct-2507,25,359,1.7257729238158885e-08,0.9999936819476216,0.9999936992053509,False,6.318052378384564e-06
Qwen/Qwen3-4B-instruct-2507,25,361,7.194105586938129e-09,0.9999963045256735,0.999996311719779,False,3.695474326548265e-06
Qwen/Qwen3-4B-instruct-2507,25,362,2.5109799984138346e-08,0.9999920130413283,0.9999920381511284,False,7.98695867165744e-06
Qwen/Qwen3-4B-instruct-2507,25,363,1.9555531890413292e-08,0.9999921322487634,0.9999921518042952,False,7.8677512366232e-06
Qwen/Qwen3-4B-instruct-2507,25,364,1.725769632168401e-08,0.9999921322487634,0.9999921495064596,False,7.8677512366232e-06
Qwen/Qwen3-4B-instruct-2507,25,365,6.825486208093125e-08,0.9999831917733143,0.9999832600281764,False,1.680822668570503e-05
Qwen/Qwen3-4B-instruct-2507,25,366,7.734318642157583e-08,0.9999868871505255,0.9999869644937119,False,1.3112849474472554e-05
Qwen/Qwen3-4B-instruct-2507,25,367,1.1861074904847522e-08,0.9999963045256735,0.9999963163867484,False,3.695474326548265e-06
Qwen/Qwen3-4B-instruct-2507,25,368,3.2241559891625255e-08,0.9999897481064004,0.9999897803479603,False,1.0251893599599882e-05
Qwen/Qwen3-4B-instruct-2507,25,369,1.725769632168401e-08,0.9999920130413283,0.9999920302990246,False,7.98695867165744e-06
Qwen/Qwen3-4B-instruct-2507,25,371,1.955556918966588e-08,0.9999936819476216,0.9999937015031908,False,6.318052378384564e-06
Qwen/Qwen3-4B-instruct-2507,25,372,5.3157142815080565e-08,0.9999868871505255,0.9999869403076683,False,1.3112849474472554e-05
Qwen/Qwen3-4B-instruct-2507,25,373,1.5229921647061352e-08,0.9999952316511552,0.9999952468810769,False,4.768348844774728e-06
Qwen/Qwen3-4B-instruct-2507,25,374,2.8453076738855012e-08,0.9999897481064004,0.9999897765594772,False,1.0251893599599882e-05
Qwen/Qwen3-4B-instruct-2507,25,376,1.1253367222260788e-07,0.9999868871505255,0.9999869996841978,False,1.3112849474472554e-05
Qwen/Qwen3-4B-instruct-2507,25,377,1.9555531890413292e-08,0.9999921322487634,0.9999921518042952,False,7.8677512366232e-06
Qwen/Qwen3-4B-instruct-2507,25,378,2.5109656305121405e-08,0.9999868871505255,0.9999869122601819,False,1.3112849474472554e-05
Qwen/Qwen3-4B-instruct-2507,25,379,1.3440358680137724e-08,0.9999963045256735,0.9999963179660322,False,3.695474326548265e-06
Qwen/Qwen3-4B-instruct-2507,25,380,0.999890577847346,9.610111182977327e-05,0.9999866789591758,False,0.9999038988881702
Qwen/Qwen3-4B-instruct-2507,25,381,1.7257729238158885e-08,0.9999938011552557,0.999993818412985,False,6.198844744287335e-06
Qwen/Qwen3-4B-instruct-2507,25,382,2.2159362976111183e-08,0.9999938011552557,0.9999938233146187,False,6.198844744287335e-06
Qwen/Qwen3-4B-instruct-2507,25,383,1.7257729238158885e-08,0.9999938011552557,0.999993818412985,False,6.198844744287335e-06
Qwen/Qwen3-4B-instruct-2507,25,384,3.653433434796543e-08,0.9999868871505255,0.9999869236848599,False,1.3112849474472554e-05
Qwen/Qwen3-4B-instruct-2507,25,385,2.215927844501106e-08,0.9999897481064004,0.9999897702656788,False,1.0251893599599882e-05
Qwen/Qwen3-4B-instruct-2507,25,386,2.8453131008843787e-08,0.9999920130413283,0.9999920414944593,False,7.98695867165744e-06
Qwen/Qwen3-4B-instruct-2507,25,387,1.5229921647061352e-08,0.9999952316511552,0.9999952468810769,False,4.768348844774728e-06
Qwen/Qwen3-4B-instruct-2507,25,388,3.2241559891625255e-08,0.9999897481064004,0.9999897803479603,False,1.0251893599599882e-05
Qwen/Qwen3-4B-instruct-2507,25,389,1.18610975280741e-08,0.9999971389852362,0.9999971508463338,False,2.861014763766434e-06
Qwen/Qwen3-4B-instruct-2507,25,390,0.8518825086384474,0.14803497847077468,0.999917487109222,False,0.8519650215292254
Qwen/Qwen3-4B-instruct-2507,25,391,1.7257762154696544e-08,0.9999952316511552,0.9999952489089173,False,4.768348844774728e-06
Qwen/Qwen3-4B-instruct-2507,25,392,2.510975209104135e-08,0.9999897481064004,0.9999897732161525,False,1.0251893599599882e-05
Qwen/Qwen3-4B-instruct-2507,25,393,1.955556918966588e-08,0.9999936819476216,0.9999937015031908,False,6.318052378384564e-06
Qwen/Qwen3-4B-instruct-2507,25,394,1.955556918966588e-08,0.9999938011552557,0.9999938207108249,False,6.198844744287335e-06
Qwen/Qwen3-4B-instruct-2507,25,395,5.043423717781038e-07,0.9999892712787918,0.9999897756211635,False,1.072872120821966e-05
Qwen/Qwen3-4B-instruct-2507,25,396,6.023447459603676e-08,0.9999784235841962,0.9999784838186708,False,2.1576415803803428e-05
Qwen/Qwen3-4B-instruct-2507,25,397,1.3440384315611926e-08,0.9999971389852362,0.9999971524256206,False,2.861014763766434e-06
Qwen/Qwen3-4B-instruct-2507,25,398,1.955556918966588e-08,0.9999938011552557,0.9999938207108249,False,6.198844744287335e-06
Qwen/Qwen3-4B-instruct-2507,25,399,2.2159362976111183e-08,0.9999936819476216,0.9999937041069846,False,6.318052378384564e-06
Qwen/Qwen3-4B-instruct-2507,26,351,0.017984890582461464,0.981941567792009,0.9999264583744705,False,0.01805843220799097
Qwen/Qwen3-4B-instruct-2507,26,353,1.7257762154696544e-08,0.9999970197767496,0.9999970370345117,False,2.980223250403924e-06
Qwen/Qwen3-4B-instruct-2507,26,354,4.6911192836213296e-08,0.9999909401759619,0.9999909870871547,False,9.059824038093467e-06
Qwen/Qwen3-4B-instruct-2507,26,355,1.0467361864851814e-08,0.9999958276922101,0.9999958381595719,False,4.172307789929164e-06
Qwen/Qwen3-4B-instruct-2507,26,356,4.691128231229814e-08,0.9999929667012066,0.9999930136124889,False,7.033298793368559e-06
Qwen/Qwen3-4B-instruct-2507,26,357,2.8453185278936072e-08,0.9999936819476216,0.9999937104008069,False,6.318052378384564e-06
Qwen/Qwen3-4B-instruct-2507,26,358,9.931080659307211e-08,0.9999883176260755,0.9999884169368821,False,1.168237392445981e-05
Qwen/Qwen3-4B-instruct-2507,26,359,1.3440384315611926e-08,0.9999971389852362,0.9999971524256206,False,2.861014763766434e-06
Qwen/Qwen3-4B-instruct-2507,26,361,1.0467361864851814e-08,0.9999958276922101,0.9999958381595719,False,4.172307789929164e-06
Qwen/Qwen3-4B-instruct-2507,26,362,7.734348146298033e-08,0.9999909401759619,0.9999910175194434,False,9.059824038093467e-06
Qwen/Qwen3-4B-instruct-2507,26,363,4.139906133687463e-08,0.9999920130413283,0.9999920544403896,False,7.98695867165744e-06
Qwen/Qwen3-4B-instruct-2507,26,365,1.344033304471242e-08,0.9999945164027223,0.9999945298430554,False,5.483597277700092e-06
Qwen/Qwen3-4B-instruct-2507,26,366,5.043390049407754e-07,0.9999825957461574,0.9999831000851623,False,1.7404253842556727e-05
Qwen/Qwen3-4B-instruct-2507,26,367,1.955560648898961e-08,0.9999961853172863,0.9999962048728928,False,3.8146827137097716e-06
Qwen/Qwen3-4B-instruct-2507,26,368,2.6995321624244547e-07,0.9999828341569776,0.9999831041101939,False,1.7165843022359795e-05
Qwen/Qwen3-4B-instruct-2507,26,369,1.5229892598318825e-08,0.999995112442896,0.9999951276727885,False,4.887557104038542e-06
Qwen/Qwen3-4B-instruct-2507,26,370,6.475871888999462e-07,0.9999877215940446,0.9999883691812335,False,1.227840595541263e-05
Qwen/Qwen3-4B-instruct-2507,26,371,2.510984787732669e-08,0.9999936819476216,0.9999937070574695,False,6.318052378384564e-06
Qwen/Qwen3-4B-instruct-2507,26,373,2.2159405241782167e-08,0.9999961853172863,0.9999962074766915,False,3.8146827137097716e-06
Qwen/Qwen3-4B-instruct-2507,26,374,3.466251381305031e-07,0.9999780659713836,0.9999784125965218,False,2.1934028616388268e-05
Qwen/Qwen3-4B-instruct-2507,26,375,9.23741442396384e-09,0.9999965429424904,0.9999965521799048,False,3.457057509592687e-06
Qwen/Qwen3-4B-instruct-2507,26,376,0.00020341967015746447,0.999761042494754,0.9999644621649114,False,0.0002389575052460513
Qwen/Qwen3-4B-instruct-2507,26,377,0.9968170237635132,0.003172649825281645,0.9999896735887949,False,0.9968273501747184
Qwen/Qwen3-4B-instruct-2507,26,378,6.825512245306361e-08,0.9999868871505255,0.999986955405648,False,1.3112849474472554e-05
Qwen/Qwen3-4B-instruct-2507,26,379,1.7257795071296986e-08,0.9999977350285647,0.9999977522863598,False,2.2649714352951378e-06
Qwen/Qwen3-4B-instruct-2507,26,380,4.6911192836213296e-08,0.9999897481064004,0.9999897950175932,False,1.0251893599599882e-05
Qwen/Qwen3-4B-instruct-2507,26,381,3.2241682883650204e-08,0.9999936819476216,0.9999937141893045,False,6.318052378384564e-06
Qwen/Qwen3-4B-instruct-2507,26,382,3.653454339970154e-08,0.9999920130413283,0.9999920495758717,False,7.98695867165744e-06
Qwen/Qwen3-4B-instruct-2507,26,383,1.955560648898961e-08,0.9999966621509202,0.9999966817065267,False,3.337849079798616e-06
Qwen/Qwen3-4B-instruct-2507,26,384,1.855350665963254e-07,0.9999783043793048,0.9999784899143714,False,2.1695620695205697e-05
Qwen/Qwen3-4B-instruct-2507,26,385,1.1861074904847522e-08,0.9999963045256735,0.9999963163867484,False,3.695474326548265e-06
Qwen/Qwen3-4B-instruct-2507,26,386,5.3157345593874676e-08,0.9999897481064004,0.999989801263746,False,1.0251893599599882e-05
Qwen/Qwen3-4B-instruct-2507,26,387,1.7257729238158885e-08,0.999995112442896,0.9999951297006252,False,4.887557104038542e-06
Qwen/Qwen3-4B-instruct-2507,26,388,6.825538282618921e-08,0.9999897481064004,0.9999898163617832,False,1.0251893599599882e-05
Qwen/Qwen3-4B-instruct-2507,26,389,1.18610975280741e-08,0.9999974966112362,0.9999975084723337,False,2.5033887638414853e-06
Qwen/Qwen3-4B-instruct-2507,26,390,0.9999983310727032,1.275188159256623e-07,0.9999984585915191,True,1.6689272968051228e-06
Qwen/Qwen3-4B-instruct-2507,26,391,4.139914029939298e-08,0.9999936819476216,0.999993723346762,False,6.318052378384564e-06
Qwen/Qwen3-4B-instruct-2507,26,392,6.475810130566981e-07,0.9999778275635193,0.9999784751445323,False,2.217243648072742e-05
Qwen/Qwen3-4B-instruct-2507,26,393,8.764164637457892e-08,0.9999897481064004,0.9999898357480468,False,1.0251893599599882e-05
Qwen/Qwen3-4B-instruct-2507,26,394,6.825551301312449e-08,0.9999920130413283,0.9999920812968414,False,7.98695867165744e-06
Qwen/Qwen3-4B-instruct-2507,26,395,2.5109895770606383e-08,0.9999957084838798,0.9999957335937755,False,4.291516120247252e-06
Qwen/Qwen3-4B-instruct-2507,26,396,9.422185242590087e-07,0.9999715097912857,0.99997245200981,False,2.8490208714315735e-05
Qwen/Qwen3-4B-instruct-2507,26,397,2.8453185278936072e-08,0.999995112442896,0.9999951408960812,False,4.887557104038542e-06
Qwen/Qwen3-4B-instruct-2507,26,398,1.2751772142758293e-07,0.9999896288992495,0.9999897564169709,False,1.037110075052805e-05
Qwen/Qwen3-4B-instruct-2507,26,399,5.3157345593874676e-08,0.9999897481064004,0.999989801263746,False,1.0251893599599882e-05
Qwen/Qwen3-4B-instruct-2507,27,353,1.725769632168401e-08,0.9999921322487634,0.9999921495064596,False,7.8677512366232e-06
Qwen/Qwen3-4B-instruct-2507,27,354,6.475569278307876e-07,0.9999409948851344,0.9999416424420623,False,5.900511486556237e-05
Qwen/Qwen3-4B-instruct-2507,27,355,1.3440281774008495e-08,0.9999898673126559,0.9999898807529377,False,1.0132687344066582e-05
Qwen/Qwen3-4B-instruct-2507,27,356,1.7257531740251372e-08,0.9999833109787883,0.9999833282363201,False,1.6689021211657717e-05
Qwen/Qwen3-4B-instruct-2507,27,357,5.714457287111363e-07,0.9999033306101257,0.9999039020558544,False,9.666938987429319e-05
Qwen/Qwen3-4B-instruct-2507,27,358,3.2241313908982893e-08,0.9999831917733143,0.9999832240146282,False,1.680822668570503e-05
Qwen/Qwen3-4B-instruct-2507,27,359,1.7257729238158885e-08,0.9999938011552557,0.999993818412985,False,6.198844744287335e-06
Qwen/Qwen3-4B-instruct-2507,27,360,8.764014191892229e-08,0.9999723442092404,0.9999724318493823,False,2.7655790759584242e-05
Qwen/Qwen3-4B-instruct-2507,27,361,1.3440230503500154e-08,0.9999870063564401,0.9999870197966706,False,1.2993643559888746e-05
Qwen/Qwen3-4B-instruct-2507,27,362,3.2241313908982893e-08,0.9999831917733143,0.9999832240146282,False,1.680822668570503e-05
Qwen/Qwen3-4B-instruct-2507,27,363,9.930834415929558e-08,0.9999644768920447,0.9999645762003889,False,3.552310795529312e-05
Qwen/Qwen3-4B-instruct-2507,27,364,1.9555270797637174e-08,0.9999784235841962,0.999978443139467,False,2.1576415803803428e-05
Qwen/Qwen3-4B-instruct-2507,27,365,1.3440307409336009e-08,0.9999921322487634,0.9999921456890708,False,7.8677512366232e-06
Qwen/Qwen3-4B-instruct-2507,27,366,1.1253195510814158e-07,0.9999721058045592,0.9999722183365143,False,2.789419544080296e-05
Qwen/Qwen3-4B-instruct-2507,27,367,1.955556918966588e-08,0.9999938011552557,0.9999938207108249,False,6.198844744287335e-06
Qwen/Qwen3-4B-instruct-2507,27,368,4.139866652654203e-08,0.9999831917733143,0.9999832331719808,False,1.680822668570503e-05
Qwen/Qwen3-4B-instruct-2507,27,369,0.9998660267122992,0.0001233933282001111,0.9999894200404993,False,0.9998766066717999
Qwen/Qwen3-4B-instruct-2507,27,370,3.224143690006949e-08,0.9999868871505255,0.9999869193919624,False,1.3112849474472554e-05
Qwen/Qwen3-4B-instruct-2507,27,371,2.2159193914233397e-08,0.9999868871505255,0.9999869093097195,False,1.3112849474472554e-05
Qwen/Qwen3-4B-instruct-2507,27,373,2.215927844501106e-08,0.9999897481064004,0.9999897702656788,False,1.0251893599599882e-05
Qwen/Qwen3-4B-instruct-2507,27,374,2.8452751121096112e-08,0.9999784235841962,0.9999784520369474,False,2.1576415803803428e-05
Qwen/Qwen3-4B-instruct-2507,27,375,4.450589339049196e-07,0.9999412332751231,0.999941678334057,False,5.876672487692414e-05
Qwen/Qwen3-4B-instruct-2507,27,376,7.734141619678398e-08,0.9999644768920447,0.9999645542334609,False,3.552310795529312e-05
Qwen/Qwen3-4B-instruct-2507,27,377,2.2159109383778193e-08,0.9999831917733143,0.9999832139324237,False,1.680822668570503e-05
Qwen/Qwen3-4B-instruct-2507,27,378,0.9999965429424904,3.0590115357930596e-07,0.999996848843644,True,3.457057509592687e-06
Qwen/Qwen3-4B-instruct-2507,27,379,2.8453185278936072e-08,0.9999936819476216,0.9999937104008069,False,6.318052378384564e-06
Qwen/Qwen3-4B-instruct-2507,27,380,1.5229834500999985e-08,0.9999898673126559,0.9999898825424904,False,1.0132687344066582e-05
Qwen/Qwen3-4B-instruct-2507,27,381,2.6994549292946006e-07,0.9999541065280364,0.9999543764735294,False,4.589347196359839e-05
Qwen/Qwen3-4B-instruct-2507,27,382,2.8452859659935034e-08,0.9999831917733143,0.9999832202261739,False,1.680822668570503e-05
Qwen/Qwen3-4B-instruct-2507,27,383,1.955549459123185e-08,0.9999909401759619,0.9999909597314565,False,9.059824038093467e-06
Qwen/Qwen3-4B-instruct-2507,27,384,4.222428439623946e-06,0.9998995166672116,0.9999037390956512,False,0.00010048333278844801
Qwen/Qwen3-4B-instruct-2507,27,385,1.3440281774008495e-08,0.9999898673126559,0.9999898807529377,False,1.0132687344066582e-05
Qwen/Qwen3-4B-instruct-2507,27,386,2.5109656305121405e-08,0.9999868871505255,0.9999869122601819,False,1.3112849474472554e-05
Qwen/Qwen3-4B-instruct-2507,27,387,0.9999964237340748,3.466314189697482e-07,0.9999967703654938,False,0.999999653368581
Qwen/Qwen3-4B-instruct-2507,27,388,1.7257531740251372e-08,0.9999831917733143,0.999983209030846,False,1.680822668570503e-05
Qwen/Qwen3-4B-instruct-2507,27,389,1.5229892598318825e-08,0.9999945164027223,0.9999945316326149,False,5.483597277700092e-06
Qwen/Qwen3-4B-instruct-2507,27,390,3.6533498152982925e-08,0.9999644768920447,0.9999645134255428,False,3.552310795529312e-05
Qwen/Qwen3-4B-instruct-2507,27,391,2.510975209104135e-08,0.9999897481064004,0.9999897732161525,False,1.0251893599599882e-05
Qwen/Qwen3-4B-instruct-2507,27,392,2.2158898059050932e-08,0.9999723442092404,0.9999723663681385,False,2.7655790759584242e-05
Qwen/Qwen3-4B-instruct-2507,27,393,8.764014191892229e-08,0.9999723442092404,0.9999724318493823,False,2.7655790759584242e-05
Qwen/Qwen3-4B-instruct-2507,27,394,2.2159193914233397e-08,0.9999868871505255,0.9999869093097195,False,1.3112849474472554e-05
Qwen/Qwen3-4B-instruct-2507,27,395,1.5229834500999985e-08,0.9999897481064004,0.9999897633362349,False,1.0251893599599882e-05
Qwen/Qwen3-4B-instruct-2507,27,396,3.7262800193532384e-06,0.9999001125957424,0.9999038388757617,False,9.988740425759257e-05
Qwen/Qwen3-4B-instruct-2507,27,397,1.955549459123185e-08,0.9999897481064004,0.999989767661895,False,1.0251893599599882e-05
Qwen/Qwen3-4B-instruct-2507,27,398,2.2159193914233397e-08,0.9999868871505255,0.9999869093097195,False,1.3112849474472554e-05
Qwen/Qwen3-4B-instruct-2507,27,399,4.139787691717236e-08,0.9999644768920447,0.9999645182899216,False,3.552310795529312e-05
Qwen/Qwen3-4B-instruct-2507,28,351,1.7257531740251372e-08,0.9999833109787883,0.9999833282363201,False,1.6689021211657717e-05
Qwen/Qwen3-4B-instruct-2507,28,353,1.7257663405271917e-08,0.9999897481064004,0.9999897653640638,False,1.0251893599599882e-05
Qwen/Qwen3-4B-instruct-2507,28,354,4.1398508603463244e-08,0.9999784235841962,0.9999784649827048,False,2.1576415803803428e-05
Qwen/Qwen3-4B-instruct-2507,28,355,1.7257531740251372e-08,0.9999831917733143,0.999983209030846,False,1.680822668570503e-05
Qwen/Qwen3-4B-instruct-2507,28,356,9.930929124198392e-08,0.9999723442092404,0.9999724435185317,False,2.7655790759584242e-05
Qwen/Qwen3-4B-instruct-2507,28,357,3.653384656523305e-08,0.9999723442092404,0.999972380743087,False,2.7655790759584242e-05
Qwen/Qwen3-4B-instruct-2507,28,358,4.691038755912938e-08,0.9999723442092404,0.999972391119628,False,2.7655790759584242e-05
Qwen/Qwen3-4B-instruct-2507,28,359,1.5229892598318825e-08,0.9999936819476216,0.9999936971775142,False,6.318052378384564e-06
Qwen/Qwen3-4B-instruct-2507,28,361,9.237361567205748e-09,0.9999898673126559,0.9999898765500175,False,1.0132687344066582e-05
Qwen/Qwen3-4B-instruct-2507,28,362,8.763930612138335e-08,0.9999644768920447,0.9999645645313509,False,3.552310795529312e-05
Qwen/Qwen3-4B-instruct-2507,28,363,4.139827171997462e-08,0.9999723442092404,0.9999723856075121,False,2.7655790759584242e-05
Qwen/Qwen3-4B-instruct-2507,28,365,1.5229834500999985e-08,0.9999897481064004,0.9999897633362349,False,1.0251893599599882e-05
Qwen/Qwen3-4B-instruct-2507,28,366,1.2751455959701161e-07,0.9999643576942727,0.9999644852088323,False,3.564230572727922e-05
Qwen/Qwen3-4B-instruct-2507,28,367,1.9555531890413292e-08,0.9999920130413283,0.9999920325968602,False,7.98695867165744e-06
Qwen/Qwen3-4B-instruct-2507,28,368,3.2884337113353752e-06,0.9999005893344576,0.9999038777681689,False,9.941066554242095e-05
Qwen/Qwen3-4B-instruct-2507,28,369,1.9555419993082388e-08,0.9999868871505255,0.9999869067059455,False,1.3112849474472554e-05
Qwen/Qwen3-4B-instruct-2507,28,370,2.699483247852315e-07,0.999964238492877,0.9999645084412018,False,3.5761507123033276e-05
Qwen/Qwen3-4B-instruct-2507,28,371,1.2751455959701161e-07,0.9999644768920447,0.9999646044066043,False,3.552310795529312e-05
Qwen/Qwen3-4B-instruct-2507,28,373,2.2159320710520812e-08,0.9999920130413283,0.999992035200649,False,7.98695867165744e-06
Qwen/Qwen3-4B-instruct-2507,28,374,2.382231079242374e-07,0.9999414716651684,0.9999417098882764,False,5.852833483155351e-05
Qwen/Qwen3-4B-instruct-2507,28,375,9.237361567205748e-09,0.9999898673126559,0.9999898765500175,False,1.0132687344066582e-05
Qwen/Qwen3-4B-instruct-2507,28,376,0.8172860781119685,0.18236116534402613,0.9996472434559946,False,0.8176388346559739
Qwen/Qwen3-4B-instruct-2507,28,377,1.5229834500999985e-08,0.9999897481064004,0.9999897633362349,False,1.0251893599599882e-05
Qwen/Qwen3-4B-instruct-2507,28,378,0.0007095261939508254,0.9990870949796722,0.999796621173623,False,0.0009129050203278144
Qwen/Qwen3-4B-instruct-2507,28,379,1.9555531890413292e-08,0.9999929667012066,0.9999929862567385,False,7.033298793368559e-06
Qwen/Qwen3-4B-instruct-2507,28,380,1.8553064314836208e-07,0.9999543449247886,0.9999545304554318,False,4.5655075211370466e-05
Qwen/Qwen3-4B-instruct-2507,28,381,3.2241313908982893e-08,0.9999831917733143,0.9999832240146282,False,1.680822668570503e-05
Qwen/Qwen3-4B-instruct-2507,28,382,1.125310965607338e-07,0.9999644768920447,0.9999645894231413,False,3.552310795529312e-05
Qwen/Qwen3-4B-instruct-2507,28,383,1.955549459123185e-08,0.9999898673126559,0.9999898868681505,False,1.0132687344066582e-05
Qwen/Qwen3-4B-instruct-2507,28,384,3.535187013555017e-05,0.9998411192709713,0.9998764711411069,False,0.00015888072902869865
Qwen/Qwen3-4B-instruct-2507,28,385,1.3440179233187392e-08,0.9999833109787883,0.9999833244189675,False,1.6689021211657717e-05
Qwen/Qwen3-4B-instruct-2507,28,386,6.023412993259455e-08,0.9999723442092404,0.9999724044433703,False,2.7655790759584242e-05
Qwen/Qwen3-4B-instruct-2507,28,387,1.7257531740251372e-08,0.9999831917733143,0.999983209030846,False,1.680822668570503e-05
Qwen/Qwen3-4B-instruct-2507,28,388,1.4449141016768576e-07,0.9999543449247886,0.9999544894161988,False,4.5655075211370466e-05
Qwen/Qwen3-4B-instruct-2507,28,389,1.3440307409336009e-08,0.9999921322487634,0.9999921456890708,False,7.8677512366232e-06
Qwen/Qwen3-4B-instruct-2507,28,390,1.1253002338568522e-07,0.999954464125005,0.9999545766550284,False,4.553587499500633e-05
Qwen/Qwen3-4B-instruct-2507,28,391,2.510975209104135e-08,0.9999897481064004,0.9999897732161525,False,1.0251893599599882e-05
Qwen/Qwen3-4B-instruct-2507,28,392,0.999998927117538,6.023562348842112e-08,0.9999989873531615,True,1.0728824619832267e-06
Qwen/Qwen3-4B-instruct-2507,28,393,2.2159193914233397e-08,0.9999868871505255,0.9999869093097195,False,1.3112849474472554e-05
Qwen/Qwen3-4B-instruct-2507,28,394,2.8452859659935034e-08,0.9999831917733143,0.9999832202261739,False,1.680822668570503e-05
Qwen/Qwen3-4B-instruct-2507,28,395,1.5229834500999985e-08,0.9999897481064004,0.9999897633362349,False,1.0251893599599882e-05
Qwen/Qwen3-4B-instruct-2507,28,396,2.7530094968345222e-05,0.9997689066110691,0.9997964367060375,False,0.00023109338893090303
Qwen/Qwen3-4B-instruct-2507,28,397,1.1861052281664094e-08,0.9999938011552557,0.999993813016308,False,6.198844744287335e-06
Qwen/Qwen3-4B-instruct-2507,28,398,2.8452751121096112e-08,0.9999784235841962,0.9999784520369474,False,2.1576415803803428e-05
Qwen/Qwen3-4B-instruct-2507,28,399,1.2751322192306301e-07,0.9999543449247886,0.9999544724380105,False,4.5655075211370466e-05
Qwen/Qwen3-4B-instruct-2507,29,351,2.1023376128005986e-07,0.9999542257282243,0.9999544359619856,False,4.577427177565596e-05
Qwen/Qwen3-4B-instruct-2507,29,353,5.043366000707302e-07,0.9999778275635193,0.9999783319001193,False,2.217243648072742e-05
Qwen/Qwen3-4B-instruct-2507,29,354,0.9999846222381212,4.785044377589141e-06,0.9999894072824989,False,0.9999952149556224
Qwen/Qwen3-4B-instruct-2507,29,355,0.9999899865198352,1.7603295242655614e-06,0.9999917468493594,False,0.9999982396704757
Qwen/Qwen3-4B-instruct-2507,29,356,0.7769652688273919,0.22260427651281492,0.9995695453402068,False,0.7773957234871851
Qwen/Qwen3-4B-instruct-2507,29,357,4.784633691560806e-06,0.999898920739036,0.9999037053727275,False,0.00010107926096403208
Qwen/Qwen3-4B-instruct-2507,29,358,0.00033529694918496284,0.9995061215544063,0.9998414185035913,False,0.0004938784455936762
Qwen/Qwen3-4B-instruct-2507,29,359,2.6995321624244547e-07,0.9999828341569776,0.9999831041101939,False,1.7165843022359795e-05
Qwen/Qwen3-4B-instruct-2507,29,361,0.0007095579975382567,0.9991320758405197,0.9998416338380579,False,0.0008679241594803377
Qwen/Qwen3-4B-instruct-2507,29,362,6.143895944289702e-06,0.9999482658453687,0.999954409741313,False,5.173415463133324e-05
Qwen/Qwen3-4B-instruct-2507,29,363,2.2601914516326286e-06,0.9999393261531683,0.9999415863446199,False,6.067384683172694e-05
Qwen/Qwen3-4B-instruct-2507,29,364,6.475464294229121e-07,0.9999243078326592,0.9999249553790887,False,7.569216734082396e-05
Qwen/Qwen3-4B-instruct-2507,29,365,3.535358960006481e-05,0.9998897435685532,0.9999250971581533,False,0.00011025643144679798
Qwen/Qwen3-4B-instruct-2507,29,366,0.9996288008923624,0.00033533820128986614,0.9999641390936522,False,0.9996646617987102
Qwen/Qwen3-4B-instruct-2507,29,367,3.0589473558501603e-07,0.9999752050825816,0.9999755109773172,False,2.4794917418358153e-05
Qwen/Qwen3-4B-instruct-2507,29,368,0.9999703177676235,7.889091591407615e-06,0.9999782068592149,False,0.9999921109084086
Qwen/Qwen3-4B-instruct-2507,29,369,0.9999938011552557,1.0676979006009105e-06,0.9999948688531564,False,0.9999989323020994
Qwen/Qwen3-4B-instruct-2507,29,370,0.9999927282861518,8.315223750671064e-07,0.9999935598085269,False,0.9999991684776249
Qwen/Qwen3-4B-instruct-2507,29,371,3.2885027061441347e-06,0.9999216856339493,0.9999249741366555,False,7.8314366050658e-05
Qwen/Qwen3-4B-instruct-2507,29,373,1.3708767196048878e-06,0.9999401605169844,0.999941531393704,False,5.9839483015577954e-05
Qwen/Qwen3-4B-instruct-2507,29,374,2.260154808658527e-06,0.9999226391540047,0.9999248993088133,False,7.736084599530013e-05
Qwen/Qwen3-4B-instruct-2507,29,375,4.691065598328808e-08,0.9999783043793048,0.9999783512899608,False,2.1695620695205697e-05
Qwen/Qwen3-4B-instruct-2507,29,376,0.7770392537550149,0.22262548018423048,0.9996647339392454,False,0.7773745198157695
Qwen/Qwen3-4B-instruct-2507,29,378,1.2751322192306301e-07,0.9999542257282243,0.9999543532414462,False,4.577427177565596e-05
Qwen/Qwen3-4B-instruct-2507,29,379,6.475766900014682e-07,0.9999716289935482,0.9999722765702382,False,2.8371006451810565e-05
Qwen/Qwen3-4B-instruct-2507,29,380,0.005219068086892822,0.9945783519181076,0.9997974200050005,False,0.005421648081892383
Qwen/Qwen3-4B-instruct-2507,29,381,0.09531229834402344,0.9042979692821886,0.9996102676262121,False,0.09570203071781136
Qwen/Qwen3-4B-instruct-2507,29,382,0.00033530878066499,0.9995411356922493,0.9998764444729143,False,0.00045886430775066156
Qwen/Qwen3-4B-instruct-2507,29,383,2.2602625838076723e-06,0.9999700793634253,0.9999723396260091,False,2.9920636574698456e-05
Qwen/Qwen3-4B-instruct-2507,29,384,6.475569278307876e-07,0.9999408756865238,0.9999415232434516,False,5.9124313476210943e-05
Qwen/Qwen3-4B-instruct-2507,29,385,1.637319355203067e-07,0.999964238492877,0.9999644022248125,False,3.5761507123033276e-05
Qwen/Qwen3-4B-instruct-2507,29,386,0.004069495588191114,0.9957725468463968,0.999842042434588,False,0.004227453153603178
Qwen/Qwen3-4B-instruct-2507,29,387,0.9999916554191085,1.7603312030474177e-06,0.9999934157503115,False,0.999998239668797
Qwen/Qwen3-4B-instruct-2507,29,388,0.008575755008067763,0.9912223859555915,0.9997981409636593,False,0.008777614044408466
Qwen/Qwen3-4B-instruct-2507,29,389,5.043317903650416e-07,0.9999680529300359,0.9999685572618262,False,3.194706996412222e-05
Qwen/Qwen3-4B-instruct-2507,29,390,1.2097944588766444e-06,0.999940279711872,0.9999414895063309,False,5.972028812795127e-05
Qwen/Qwen3-4B-instruct-2507,29,391,0.02930643987542351,0.9704960722747917,0.9998025121502152,False,0.029503927725208268
Qwen/Qwen3-4B-instruct-2507,29,392,5.714577182454342e-07,0.9999244270256572,0.9999249984833755,False,7.557297434279686e-05
Qwen/Qwen3-4B-instruct-2507,29,393,0.9999311017761935,5.829066109139208e-05,0.9999893924372849,False,0.9999417093389086
Qwen/Qwen3-4B-instruct-2507,29,394,1.7602623743041253e-06,0.9999526761523544,0.9999544364147287,False,4.7323847645608375e-05
Qwen/Qwen3-4B-instruct-2507,29,395,0.9999905825550351,2.9022927300980684e-06,0.9999934848477653,False,0.9999970977072699
Qwen/Qwen3-4B-instruct-2507,29,396,1.5533060992263166e-06,0.999874845907329,0.9998763992134282,False,0.0001251540926709982
Qwen/Qwen3-4B-instruct-2507,29,397,2.1023757071080576e-07,0.9999721058045592,0.9999723160421299,False,2.789419544080296e-05
Qwen/Qwen3-4B-instruct-2507,29,398,2.9020934523132587e-06,0.999922043204773,0.9999249452982253,False,7.795679522704102e-05
Qwen/Qwen3-4B-instruct-2507,29,399,0.678923200642533,0.3207005927481641,0.9996237933906971,False,0.6792994072518359
