model,k,x,p_yes,p_no,sum,is_correct,p_err
Qwen/Qwen3-4B-instruct-2507,10,350,0.9999974966112362,1.0467381829779195e-08,0.999997507078618,True,2.5033887638414853e-06
Qwen/Qwen3-4B-instruct-2507,10,351,4.450827032509989e-07,0.9999939203633587,0.9999943654460619,False,6.079636641342923e-06
Qwen/Qwen3-4B-instruct-2507,10,352,4.4508015647462866e-07,0.9999889136593714,0.9999893587395279,False,1.1086340628629898e-05
Qwen/Qwen3-4B-instruct-2507,10,353,3.466314189697482e-07,0.9999960661089133,0.9999964127403324,False,3.933891086660424e-06
Qwen/Qwen3-4B-instruct-2507,10,354,3.9278298325024844e-07,0.9999916554191085,0.9999920482020918,False,8.344580891495035e-06
Qwen/Qwen3-4B-instruct-2507,10,355,1.8553825154416246e-07,0.9999955892755635,0.9999957748138151,False,4.410724436465507e-06
Qwen/Qwen3-4B-instruct-2507,10,356,5.043428527566997e-07,0.9999904633477849,0.9999909676906376,False,9.536652215147434e-06
Qwen/Qwen3-4B-instruct-2507,10,357,5.043447766756707e-07,0.9999946356109105,0.9999951399556872,False,5.364389089490551e-06
Qwen/Qwen3-4B-instruct-2507,10,358,4.450814298609922e-07,0.9999915362117302,0.99999198129316,False,8.463788269796879e-06
Qwen/Qwen3-4B-instruct-2507,10,359,2.699568205307921e-07,0.9999961853172863,0.9999964552741069,False,3.8146827137097716e-06
Qwen/Qwen3-4B-instruct-2507,10,360,0.9999966621509202,1.3440358680137724e-08,0.9999966755912789,True,3.337849079798616e-06
Qwen/Qwen3-4B-instruct-2507,10,361,7.338145207850498e-07,0.9999899865198352,0.999990720334356,False,1.0013480164827726e-05
Qwen/Qwen3-4B-instruct-2507,10,362,5.043428527566997e-07,0.9999901057270286,0.9999906100698813,False,9.894272971378015e-06
Qwen/Qwen3-4B-instruct-2507,10,363,5.714964134584279e-07,0.9999922514562126,0.999992822952626,False,7.748543787378104e-06
Qwen/Qwen3-4B-instruct-2507,10,364,4.450814298609922e-07,0.9999915362117302,0.99999198129316,False,8.463788269796879e-06
Qwen/Qwen3-4B-instruct-2507,10,365,2.3823583075050818e-07,0.9999949932351057,0.9999952314709364,False,5.006764894344151e-06
Qwen/Qwen3-4B-instruct-2507,10,366,5.043418907999665e-07,0.9999889136593714,0.9999894180012622,False,1.1086340628629898e-05
Qwen/Qwen3-4B-instruct-2507,10,367,5.714975035023703e-07,0.9999939203633587,0.9999944918608622,False,6.079636641342923e-06
Qwen/Qwen3-4B-instruct-2507,10,368,6.47586571312971e-07,0.9999867679437158,0.9999874155302871,False,1.3232056284229188e-05
Qwen/Qwen3-4B-instruct-2507,10,369,3.9278410701298514e-07,0.9999938011552557,0.9999941939393627,False,6.198844744287335e-06
Qwen/Qwen3-4B-instruct-2507,10,370,0.9999952316511552,1.7257762154696544e-08,0.9999952489089173,True,4.768348844774728e-06
Qwen/Qwen3-4B-instruct-2507,10,371,4.4508227878725854e-07,0.9999933243243502,0.999993769406629,False,6.675675649825408e-06
Qwen/Qwen3-4B-instruct-2507,10,372,1.3709368599402757e-06,0.9999840262101118,0.9999853971469718,False,1.597378988815734e-05
Qwen/Qwen3-4B-instruct-2507,10,373,5.043447766756707e-07,0.9999941587791524,0.9999946631239292,False,5.841220847568884e-06
Qwen/Qwen3-4B-instruct-2507,10,374,3.92782608663384e-07,0.9999907017622996,0.9999910945449083,False,9.29823770035032e-06
Qwen/Qwen3-4B-instruct-2507,10,375,1.6373708845046632e-07,0.9999957084838798,0.9999958722209682,False,4.291516120247252e-06
Qwen/Qwen3-4B-instruct-2507,10,376,9.422311043174879e-07,0.9999846222381212,0.9999855644692256,False,1.5377761878765384e-05
Qwen/Qwen3-4B-instruct-2507,10,377,3.059005701197153e-07,0.9999946356109105,0.9999949415114806,False,5.364389089490551e-06
Qwen/Qwen3-4B-instruct-2507,10,378,8.315176170715234e-07,0.9999866487378297,0.9999874802554468,False,1.3351262170280265e-05
Qwen/Qwen3-4B-instruct-2507,10,379,3.92783732425049e-07,0.999993205116773,0.9999935979005055,False,6.794883226968196e-06
Qwen/Qwen3-4B-instruct-2507,10,380,0.9999966621509202,1.0467361864851814e-08,0.9999966726182821,True,3.337849079798616e-06
Qwen/Qwen3-4B-instruct-2507,10,381,3.9278410701298514e-07,0.9999942779868433,0.9999946707709503,False,5.7220131567392585e-06
Qwen/Qwen3-4B-instruct-2507,10,382,6.475871888999462e-07,0.9999879600069962,0.9999886075941851,False,1.2039993003809535e-05
Qwen/Qwen3-4B-instruct-2507,10,383,4.450827032509989e-07,0.9999941587791524,0.9999946038618557,False,5.841220847568884e-06
Qwen/Qwen3-4B-instruct-2507,10,384,5.714925983210022e-07,0.9999853374722015,0.9999859089647999,False,1.4662527798470215e-05
Qwen/Qwen3-4B-instruct-2507,10,385,1.8553842848731202e-07,0.9999964237340748,0.9999966092725033,False,3.5762659251759032e-06
Qwen/Qwen3-4B-instruct-2507,10,386,3.4662976610628127e-07,0.9999914170043662,0.9999917636341323,False,8.582995633776846e-06
Qwen/Qwen3-4B-instruct-2507,10,387,3.059005701197153e-07,0.9999938011552557,0.9999941070558258,False,6.198844744287335e-06
Qwen/Qwen3-4B-instruct-2507,10,388,4.450810053984662e-07,0.9999907017622996,0.999991146843305,False,9.29823770035032e-06
Qwen/Qwen3-4B-instruct-2507,10,389,3.466310883964243e-07,0.9999949932351057,0.999995339866194,False,5.006764894344151e-06
Qwen/Qwen3-4B-instruct-2507,10,390,0.9999971389852362,1.18610975280741e-08,0.9999971508463338,True,2.861014763766434e-06
Qwen/Qwen3-4B-instruct-2507,10,391,4.4508312771514407e-07,0.999995112442896,0.9999955575260236,False,4.887557104038542e-06
Qwen/Qwen3-4B-instruct-2507,10,392,4.4508058093634505e-07,0.9999892712787918,0.9999897163593727,False,1.072872120821966e-05
Qwen/Qwen3-4B-instruct-2507,10,393,3.466310883964243e-07,0.9999948740268748,0.9999952206579632,False,5.125973125186256e-06
Qwen/Qwen3-4B-instruct-2507,10,394,3.0589998666123755e-07,0.9999926090786457,0.9999929149786324,False,7.390921354266666e-06
Qwen/Qwen3-4B-instruct-2507,10,395,1.8553842848731202e-07,0.9999964237340748,0.9999966092725033,False,3.5762659251759032e-06
Qwen/Qwen3-4B-instruct-2507,10,396,5.043418907999665e-07,0.9999883176260755,0.9999888219679663,False,1.168237392445981e-05
Qwen/Qwen3-4B-instruct-2507,10,397,2.699568205307921e-07,0.9999963045256735,0.999996574482494,False,3.695474326548265e-06
Qwen/Qwen3-4B-instruct-2507,10,398,3.0589998666123755e-07,0.9999920130413283,0.999992318941315,False,7.98695867165744e-06
Qwen/Qwen3-4B-instruct-2507,10,399,2.102425832248476e-07,0.9999961853172863,0.9999963955598695,False,3.8146827137097716e-06
Qwen/Qwen3-4B-instruct-2507,11,350,6.1436440005977066e-06,0.9999073829640566,0.9999135266080572,False,9.261703594343196e-05
Qwen/Qwen3-4B-instruct-2507,11,351,1.66998532464032e-05,0.9998889092831814,0.9999056091364278,False,0.00011109071681858484
Qwen/Qwen3-4B-instruct-2507,11,352,0.9999616160839557,8.763913896283206e-08,0.9999617037230947,True,3.838391604427116e-05
Qwen/Qwen3-4B-instruct-2507,11,353,0.0001584199235093683,0.9997389998029483,0.9998974197264577,False,0.000261000197051664
Qwen/Qwen3-4B-instruct-2507,11,354,2.753232671208162e-05,0.9998506530748744,0.9998781854015865,False,0.0001493469251255819
Qwen/Qwen3-4B-instruct-2507,11,355,1.147791469111076e-05,0.9999139382999274,0.9999254162146185,False,8.606170007263714e-05
Qwen/Qwen3-4B-instruct-2507,11,356,1.6699773615487413e-05,0.999884976265166,0.9999016760387816,False,0.00011502373483396333
Qwen/Qwen3-4B-instruct-2507,11,357,8.480027979536278e-05,0.9997878524828802,0.9998726527626756,False,0.0002121475171198428
Qwen/Qwen3-4B-instruct-2507,11,358,4.5393349133914254e-05,0.9998553008697935,0.9999006942189274,False,0.00014469913020653813
Qwen/Qwen3-4B-instruct-2507,11,359,3.119982012297905e-05,0.9999021387495836,0.9999333385697066,False,9.786125041644222e-05
Qwen/Qwen3-4B-instruct-2507,11,360,2.9020270294256684e-06,0.9998988015563536,0.999901703583383,False,0.00010119844364642194
Qwen/Qwen3-4B-instruct-2507,11,361,6.961879791099327e-06,0.9999387301794401,0.9999456920592312,False,6.126982055987273e-05
Qwen/Qwen3-4B-instruct-2507,11,362,4.005861133300191e-05,0.9998326581596212,0.9998727167709542,False,0.00016734184037880961
Qwen/Qwen3-4B-instruct-2507,11,363,0.9999616160839557,7.734126867988022e-08,0.9999616934252245,True,3.838391604427116e-05
Qwen/Qwen3-4B-instruct-2507,11,364,6.143772900730753e-06,0.9999283603516352,0.999934504124536,False,7.1639648364763e-05
Qwen/Qwen3-4B-instruct-2507,11,365,2.9021654121571177e-06,0.99994635869545,0.9999492608608622,False,5.36413045499895e-05
Qwen/Qwen3-4B-instruct-2507,11,366,1.6700092141428838e-05,0.9999033306101257,0.9999200307022671,False,9.666938987429319e-05
Qwen/Qwen3-4B-instruct-2507,11,367,1.8923846000109585e-05,0.999911912093075,0.9999308359390751,False,8.808790692504953e-05
Qwen/Qwen3-4B-instruct-2507,11,368,1.473744227054363e-05,0.9998809241038948,0.9998956615461654,False,0.00011907589610515856
Qwen/Qwen3-4B-instruct-2507,11,369,6.143931100044872e-06,0.9999541065280364,0.9999602504591365,False,4.589347196359839e-05
Qwen/Qwen3-4B-instruct-2507,11,370,2.7531801579632566e-05,0.9998308706266454,0.9998584024282251,False,0.00016912937335455958
Qwen/Qwen3-4B-instruct-2507,11,371,1.8923701623173157e-05,0.9999047608461067,0.9999236845477298,False,9.523915389331172e-05
Qwen/Qwen3-4B-instruct-2507,11,372,2.429737841793803e-05,0.9998578035420218,0.9998821009204397,False,0.00014219645797819425
Qwen/Qwen3-4B-instruct-2507,11,373,9.609240555376707e-05,0.999799649338783,0.9998957417443367,False,0.00020035066121704137
Qwen/Qwen3-4B-instruct-2507,11,374,0.9999382534007133,2.102303529005333e-07,0.9999384636310662,True,6.1746599286705e-05
Qwen/Qwen3-4B-instruct-2507,11,375,3.288618746132514e-06,0.9999567288990747,0.9999600175178208,False,4.3271100925279526e-05
Qwen/Qwen3-4B-instruct-2507,11,376,2.14429746744066e-05,0.9998867639967257,0.9999082069714001,False,0.00011323600327428629
Qwen/Qwen3-4B-instruct-2507,11,377,1.3006441756155282e-05,0.9999345583805643,0.9999475648223205,False,6.544161943566884e-05
Qwen/Qwen3-4B-instruct-2507,11,378,1.8924152804756872e-05,0.9999283603516352,0.99994728450444,False,7.1639648364763e-05
Qwen/Qwen3-4B-instruct-2507,11,379,4.00608271606727e-05,0.9998887901016923,0.999928850928853,False,0.000111209898307707
Qwen/Qwen3-4B-instruct-2507,11,380,1.012881845196173e-05,0.999874369188163,0.9998844980066149,False,0.00012563081183702973
Qwen/Qwen3-4B-instruct-2507,11,381,3.5352510710594816e-05,0.9998587569502351,0.9998941094609457,False,0.00014124304976492752
Qwen/Qwen3-4B-instruct-2507,11,382,4.0058840550870384e-05,0.9998389741816224,0.9998790330221733,False,0.00016102581837762475
Qwen/Qwen3-4B-instruct-2507,11,383,7.483776850788778e-05,0.9998125189430205,0.9998873567115284,False,0.00018748105697952155
Qwen/Qwen3-4B-instruct-2507,11,384,7.888474678359127e-06,0.9998924847781113,0.9999003732527897,False,0.00010751522188867657
Qwen/Qwen3-4B-instruct-2507,11,385,0.9999613776818321,7.734126867988022e-08,0.9999614550231009,True,3.8622318167869096e-05
Qwen/Qwen3-4B-instruct-2507,11,386,0.00010887844593643768,0.9997214854780982,0.9998303639240347,False,0.0002785145219017515
Qwen/Qwen3-4B-instruct-2507,11,387,4.539412836908415e-05,0.9998721047897782,0.9999174989181473,False,0.00012789521022182893
Qwen/Qwen3-4B-instruct-2507,11,388,1.6699566576883392e-05,0.9998724623283217,0.9998891618948986,False,0.00012753767167827945
Qwen/Qwen3-4B-instruct-2507,11,389,1.3006615412046868e-05,0.9999471930724098,0.9999601996878218,False,5.280692759024319e-05
Qwen/Qwen3-4B-instruct-2507,11,390,1.4737329833211082e-05,0.9998735349447193,0.9998882722745526,False,0.00012646505528068896
Qwen/Qwen3-4B-instruct-2507,11,391,2.753337700702853e-05,0.9998879558243913,0.9999154892013983,False,0.00011204417560872759
Qwen/Qwen3-4B-instruct-2507,11,392,7.888670279712242e-06,0.9999172755946042,0.9999251642648839,False,8.27244053958065e-05
Qwen/Qwen3-4B-instruct-2507,11,393,0.00015840995247636347,0.999675498444509,0.9998339083969854,False,0.0003245015554910191
Qwen/Qwen3-4B-instruct-2507,11,394,3.119848120068866e-05,0.9998585185944591,0.9998897170756598,False,0.00014148140554093303
Qwen/Qwen3-4B-instruct-2507,11,395,1.6700187700395977e-05,0.999909289963248,0.9999259901509484,False,9.071003675198419e-05
Qwen/Qwen3-4B-instruct-2507,11,396,0.9999831917733143,4.139866652654203e-08,0.9999832331719808,True,1.680822668570503e-05
Qwen/Qwen3-4B-instruct-2507,11,397,2.7534164754532158e-05,0.9999165604564946,0.9999440946212491,False,8.343954350542582e-05
Qwen/Qwen3-4B-instruct-2507,11,398,5.143411680207533e-05,0.9997915464080549,0.999842980524857,False,0.00020845359194510138
Qwen/Qwen3-4B-instruct-2507,11,399,1.8923954283534773e-05,0.9999178715482698,0.9999367955025533,False,8.212845173016792e-05
Qwen/Qwen3-4B-instruct-2507,12,350,1.0676612447317964e-06,0.9999595896822684,0.9999606573435131,False,4.0410317731609524e-05
Qwen/Qwen3-4B-instruct-2507,12,351,8.315088941503316e-07,0.9999762779146959,0.9999771094235901,False,2.3722085304100915e-05
Qwen/Qwen3-4B-instruct-2507,12,352,0.0003350923626093456,0.998896506594315,0.9992315989569243,False,0.001103493405685052
Qwen/Qwen3-4B-instruct-2507,12,353,1.3709290153990825e-06,0.9999783043793048,0.9999796753083202,False,2.1695620695205697e-05
Qwen/Qwen3-4B-instruct-2507,12,354,0.00013976803138762982,0.9994739678661001,0.9996137358974877,False,0.0005260321338999008
Qwen/Qwen3-4B-instruct-2507,12,355,8.315065151877061e-07,0.9999735362389561,0.9999743677454713,False,2.646376104387116e-05
Qwen/Qwen3-4B-instruct-2507,12,356,3.7262729120449163e-06,0.9998976097084851,0.9999013359813971,False,0.00010239029151493106
Qwen/Qwen3-4B-instruct-2507,12,357,1.209830225652355e-06,0.9999692449491794,0.999970454779405,False,3.075505082061891e-05
Qwen/Qwen3-4B-instruct-2507,12,358,2.260202229091012e-06,0.999943378794853,0.999945638997082,False,5.662120514704494e-05
Qwen/Qwen3-4B-instruct-2507,12,359,1.0676887365156493e-06,0.9999856950894335,0.99998676277817,False,1.4304910566531603e-05
Qwen/Qwen3-4B-instruct-2507,12,360,0.999995112442896,1.5229892598318825e-08,0.9999951276727885,True,4.887557104038542e-06
Qwen/Qwen3-4B-instruct-2507,12,361,1.2098475325363445e-06,0.9999840262101118,0.9999852360576443,False,1.597378988815734e-05
Qwen/Qwen3-4B-instruct-2507,12,362,8.93915387399387e-06,0.9999300290398373,0.9999389681937113,False,6.997096016270188e-05
Qwen/Qwen3-4B-instruct-2507,12,363,4.784953110981015e-06,0.9999656689032875,0.9999704538563985,False,3.433109671246992e-05
Qwen/Qwen3-4B-instruct-2507,12,364,2.2602496505184277e-06,0.9999649536978265,0.999967213947477,False,3.5046302173546984e-05
Qwen/Qwen3-4B-instruct-2507,12,365,8.315136520960014e-07,0.9999819997211749,0.9999828312348269,False,1.8000278825147653e-05
Qwen/Qwen3-4B-instruct-2507,12,366,0.9986612860955385,0.001169312352831793,0.9998305984483703,False,0.9988306876471682
Qwen/Qwen3-4B-instruct-2507,12,367,1.2098544553592622e-06,0.9999897481064004,0.9999909579608558,False,1.0251893599599882e-05
Qwen/Qwen3-4B-instruct-2507,12,368,0.9764301397921002,0.022963435018323427,0.9993935748104237,False,0.9770365649816766
Qwen/Qwen3-4B-instruct-2507,12,369,1.5534660930638978e-06,0.9999784235841962,0.9999799770502893,False,2.1576415803803428e-05
Qwen/Qwen3-4B-instruct-2507,12,370,2.56106161593102e-06,0.9999115545331495,0.9999141155947654,False,8.844546685049526e-05
Qwen/Qwen3-4B-instruct-2507,12,371,1.2098383021674072e-06,0.9999762779146959,0.9999774877529981,False,2.3722085304100915e-05
Qwen/Qwen3-4B-instruct-2507,12,372,0.9999523185560253,1.4449113457245496e-07,0.9999524630471599,True,4.768144397471197e-05
Qwen/Qwen3-4B-instruct-2507,12,373,1.0676897547434608e-06,0.9999862911193472,0.999987358809102,False,1.3708880652774091e-05
Qwen/Qwen3-4B-instruct-2507,12,374,1.7602254429171892e-06,0.9999313401638235,0.9999331003892664,False,6.865983617654337e-05
Qwen/Qwen3-4B-instruct-2507,12,375,5.043341952121523e-07,0.9999732978321718,0.999973802166367,False,2.6702167828185353e-05
Qwen/Qwen3-4B-instruct-2507,12,376,0.00033512943466154025,0.9990066630685706,0.9993417925032321,False,0.000993336931429445
Qwen/Qwen3-4B-instruct-2507,12,377,6.475785427358901e-07,0.9999740130508765,0.9999746606294193,False,2.5986949123479874e-05
Qwen/Qwen3-4B-instruct-2507,12,378,0.9763268370248853,0.022961004287142213,0.9992878413120275,False,0.9770389957128578
Qwen/Qwen3-4B-instruct-2507,12,379,9.422320028995207e-07,0.9999860527077029,0.9999869949397058,False,1.3947292297089575e-05
Qwen/Qwen3-4B-instruct-2507,12,380,1.9944217433648337e-06,0.9998433835264354,0.9998453779481787,False,0.00015661647356457475
Qwen/Qwen3-4B-instruct-2507,12,381,1.0676602265311742e-06,0.9999588744847933,0.9999599421450198,False,4.112551520674135e-05
Qwen/Qwen3-4B-instruct-2507,12,382,1.5534260930595963e-06,0.9999519609634618,0.9999535143895549,False,4.8039036538161106e-05
Qwen/Qwen3-4B-instruct-2507,12,383,1.0676816089481587e-06,0.9999789004002659,0.9999799680818748,False,2.109959973406461e-05
Qwen/Qwen3-4B-instruct-2507,12,384,0.9999903441405488,2.8453076738855012e-08,0.9999903725936256,True,9.655859451229709e-06
Qwen/Qwen3-4B-instruct-2507,12,385,6.475779251571605e-07,0.9999732978321718,0.999973945410097,False,2.6702167828185353e-05
Qwen/Qwen3-4B-instruct-2507,12,386,1.5534083156105113e-06,0.9999406372966204,0.9999421907049361,False,5.936270337958405e-05
Qwen/Qwen3-4B-instruct-2507,12,387,7.337970254920738e-07,0.9999669801176596,0.9999677139146851,False,3.301988234039044e-05
Qwen/Qwen3-4B-instruct-2507,12,388,1.5533816498183434e-06,0.9999237118751575,0.9999252652568074,False,7.628812484250513e-05
Qwen/Qwen3-4B-instruct-2507,12,389,9.422338000661571e-07,0.9999871255623688,0.9999880677961689,False,1.2874437631205105e-05
Qwen/Qwen3-4B-instruct-2507,12,390,4.784432924553433e-06,0.9998570884900959,0.9998618729230204,False,0.00014291150990408674
Qwen/Qwen3-4B-instruct-2507,12,391,1.3709290153990825e-06,0.9999781851762466,0.999979556105262,False,2.1814823753407708e-05
Qwen/Qwen3-4B-instruct-2507,12,392,1.7601129748300363e-06,0.999867576022943,0.9998693361359178,False,0.000132423977057039
Qwen/Qwen3-4B-instruct-2507,12,393,9.422113357295746e-07,0.9999632848858607,0.9999642270971965,False,3.6715114139274085e-05
Qwen/Qwen3-4B-instruct-2507,12,394,8.31500964301382e-07,0.9999667417142571,0.9999675732152215,False,3.325828574285428e-05
Qwen/Qwen3-4B-instruct-2507,12,395,6.475816306383725e-07,0.9999785427891018,0.9999791903707325,False,2.1457210898190304e-05
Qwen/Qwen3-4B-instruct-2507,12,396,0.99997663552505,4.1398429642149765e-08,0.9999766769234797,True,2.336447494999394e-05
Qwen/Qwen3-4B-instruct-2507,12,397,8.315176170715234e-07,0.9999862911193472,0.9999871226369643,False,1.3708880652774091e-05
Qwen/Qwen3-4B-instruct-2507,12,398,1.0676530991540077e-06,0.9999524377560001,0.9999535054090992,False,4.756224399993236e-05
Qwen/Qwen3-4B-instruct-2507,12,399,5.043370810438218e-07,0.9999785427891018,0.9999790471261829,False,2.1457210898190304e-05
Qwen/Qwen3-4B-instruct-2507,13,350,4.222573407688479e-06,0.9999338432228186,0.9999380657962263,False,6.61567771813587e-05
Qwen/Qwen3-4B-instruct-2507,13,351,0.9999763971175267,6.023435970800357e-08,0.9999764573518864,True,2.360288247327258e-05
Qwen/Qwen3-4B-instruct-2507,13,352,2.4297725997210403e-05,0.9998717472513625,0.9998960449773597,False,0.0001282527486374807
Qwen/Qwen3-4B-instruct-2507,13,353,0.0002034078367386595,0.9997026612452213,0.99990606908196,False,0.00029733875477866434
Qwen/Qwen3-4B-instruct-2507,13,354,0.0003353027049879637,0.9995233901068512,0.9998586928118391,False,0.00047660989314879387
Qwen/Qwen3-4B-instruct-2507,13,355,4.5393608877484616e-05,0.9998603062350644,0.9999056998439418,False,0.00013969376493561114
Qwen/Qwen3-4B-instruct-2507,13,356,5.828465764747735e-05,0.9998283680800286,0.9998866527376761,False,0.00017163191997138227
Qwen/Qwen3-4B-instruct-2507,13,357,0.0015010015752724784,0.9983784072231411,0.9998794087984135,False,0.0016215927768589156
Qwen/Qwen3-4B-instruct-2507,13,358,0.00015841569329750474,0.9997120732882576,0.9998704889815552,False,0.00028792671174238116
Qwen/Qwen3-4B-instruct-2507,13,359,6.604762613414933e-05,0.9998653116399425,0.9999313592660767,False,0.00013468836005747775
Qwen/Qwen3-4B-instruct-2507,13,360,1.9945777158243825e-06,0.9999221623902257,0.9999241569679415,False,7.783760977431164e-05
Qwen/Qwen3-4B-instruct-2507,13,361,6.143702591232013e-06,0.999917156409734,0.9999233001123252,False,8.284359026600185e-05
Qwen/Qwen3-4B-instruct-2507,13,362,7.48337718465786e-05,0.9997586594489113,0.9998334932207579,False,0.000241340551088709
Qwen/Qwen3-4B-instruct-2507,13,363,0.001169262730014195,0.9986189629630272,0.9997882256930414,False,0.0013810370369727876
Qwen/Qwen3-4B-instruct-2507,13,364,0.999985218266486,3.653426466431922e-08,0.9999852548007506,True,1.4781733513991036e-05
Qwen/Qwen3-4B-instruct-2507,13,365,2.4297957719487643e-05,0.9998819967293698,0.9999062946870894,False,0.00011800327063016258
Qwen/Qwen3-4B-instruct-2507,13,366,0.00033531645536175205,0.9995641224941466,0.9998994389495084,False,0.00043587750585338814
Qwen/Qwen3-4B-instruct-2507,13,367,2.42985138619694e-05,0.9999045224793639,0.9999288209932259,False,9.547752063610027e-05
Qwen/Qwen3-4B-instruct-2507,13,368,3.5351195858568886e-05,0.9998214563739627,0.9998568075698213,False,0.00017854362603730856
Qwen/Qwen3-4B-instruct-2507,13,369,4.539443140859604e-05,0.9998788980294174,0.999924292460826,False,0.0001211019705825711
Qwen/Qwen3-4B-instruct-2507,13,370,0.0002611277833648614,0.9994996906525438,0.9997608184359087,False,0.0005003093474561515
Qwen/Qwen3-4B-instruct-2507,13,371,0.002471833194982304,0.9972086601167491,0.9996804933117315,False,0.002791339883250865
Qwen/Qwen3-4B-instruct-2507,13,372,0.00026114372182631864,0.999560787549058,0.9998219312708843,False,0.0004392124509420281
Qwen/Qwen3-4B-instruct-2507,13,373,0.00015842128324431394,0.9997472210068633,0.9999056422901076,False,0.00025277899313669305
Qwen/Qwen3-4B-instruct-2507,13,374,0.00015841539114383688,0.999710524451331,0.9998689398424748,False,0.0002894755486689826
Qwen/Qwen3-4B-instruct-2507,13,375,1.300633012144931e-05,0.9999258573209157,0.9999388636510371,False,7.414267908434358e-05
Qwen/Qwen3-4B-instruct-2507,13,376,0.0007095292389134451,0.9990917356632187,0.9998012649021322,False,0.0009082643367812615
Qwen/Qwen3-4B-instruct-2507,13,377,0.9999746090656421,5.714860581446691e-07,0.9999751805517002,True,2.5390934357938377e-05
Qwen/Qwen3-4B-instruct-2507,13,378,0.00012338662079068677,0.9998123997851859,0.9999357864059766,False,0.00018760021481412092
Qwen/Qwen3-4B-instruct-2507,13,379,0.0001584264201261011,0.9997797497496013,0.9999381761697274,False,0.0002202502503987347
Qwen/Qwen3-4B-instruct-2507,13,380,1.0128055372780346e-05,0.9997985768743912,0.999808704929764,False,0.0002014231256087795
Qwen/Qwen3-4B-instruct-2507,13,381,0.0009108072914226041,0.9988216949665017,0.9997325022579243,False,0.0011783050334982503
Qwen/Qwen3-4B-instruct-2507,13,382,9.608104275909934e-05,0.9996816933277003,0.9997777743704593,False,0.00031830667229970633
Qwen/Qwen3-4B-instruct-2507,13,383,9.609396346100183e-05,0.9998163322194643,0.9999124261829253,False,0.0001836677805356901
Qwen/Qwen3-4B-instruct-2507,13,384,1.8923304592277587e-05,0.9998836652674489,0.9999025885720412,False,0.00011633473255112659
Qwen/Qwen3-4B-instruct-2507,13,385,4.5391963859973416e-05,0.9998240780479425,0.9998694700118025,False,0.0001759219520575117
Qwen/Qwen3-4B-instruct-2507,13,386,0.00033529119348076606,0.9994887344719359,0.9998240256654166,False,0.000511265528064131
Qwen/Qwen3-4B-instruct-2507,13,387,0.0004304977804355053,0.9994315757947204,0.9998620735751559,False,0.0005684242052795829
Qwen/Qwen3-4B-instruct-2507,13,388,3.5353218728095774e-05,0.9998790172097274,0.9999143704284554,False,0.00012098279027261682
Qwen/Qwen3-4B-instruct-2507,13,389,1.892442351887051e-05,0.999942425229556,0.9999613496530749,False,5.7574770443991063e-05
Qwen/Qwen3-4B-instruct-2507,13,390,0.9999905825550351,2.8453076738855012e-08,0.9999906110081119,True,9.417444964854305e-06
Qwen/Qwen3-4B-instruct-2507,13,391,0.0019265394900244205,0.997972197916433,0.9998987374064574,False,0.0020278020835670096
Qwen/Qwen3-4B-instruct-2507,13,392,1.4738145023307575e-05,0.9999283603516352,0.9999430984966585,False,7.1639648364763e-05
Qwen/Qwen3-4B-instruct-2507,13,393,0.9523621805341499,0.047415326115661204,0.9997775066498111,False,0.9525846738843388
Qwen/Qwen3-4B-instruct-2507,13,394,0.0009109406333577401,0.998967879505606,0.9998788201389637,False,0.001032120494394051
Qwen/Qwen3-4B-instruct-2507,13,395,0.0002611770961308569,0.9996877691935837,0.9999489462897145,False,0.00031223080641629153
Qwen/Qwen3-4B-instruct-2507,13,396,2.429902367042662e-05,0.999925142169393,0.9999494411930634,False,7.485783060701134e-05
Qwen/Qwen3-4B-instruct-2507,13,397,0.0005527579672991125,0.9994099047790921,0.9999626627463912,False,0.0005900952209079158
Qwen/Qwen3-4B-instruct-2507,13,398,0.0019265422459632383,0.9979733852691213,0.9998999275150845,False,0.0020266147308787286
Qwen/Qwen3-4B-instruct-2507,13,399,0.00012339050398328173,0.9998439793924122,0.9999673698963955,False,0.00015602060758779235
Qwen/Qwen3-4B-instruct-2507,14,350,0.9979039349476998,0.001926408128180074,0.9998303430758799,True,0.0020960650523002
Qwen/Qwen3-4B-instruct-2507,14,351,7.338075226178049e-07,0.9999812844913009,0.9999820182988235,False,1.8715508699140848e-05
Qwen/Qwen3-4B-instruct-2507,14,352,1.9945891289222735e-06,0.99992728761822,0.999929282207349,False,7.27123817799713e-05
Qwen/Qwen3-4B-instruct-2507,14,353,9.42230205736312e-07,0.9999834301824576,0.9999843724126634,False,1.6569817542388954e-05
Qwen/Qwen3-4B-instruct-2507,14,354,2.561161757054919e-06,0.9999505305908489,0.9999530917526059,False,4.9469409151070565e-05
Qwen/Qwen3-4B-instruct-2507,14,355,5.714838781025238e-07,0.9999700793634253,0.9999706508473034,False,2.9920636574698456e-05
Qwen/Qwen3-4B-instruct-2507,14,356,1.9946442931493933e-06,0.9999555369130402,0.9999575315573334,False,4.446308695982282e-05
Qwen/Qwen3-4B-instruct-2507,14,357,1.0676805907281155e-06,0.9999780659713836,0.9999791336519743,False,2.1934028616388268e-05
Qwen/Qwen3-4B-instruct-2507,14,358,1.994659511135707e-06,0.9999631656845929,0.999965160344104,False,3.683431540713045e-05
Qwen/Qwen3-4B-instruct-2507,14,359,7.338103218766942e-07,0.999984264621273,0.9999849984315948,False,1.5735378727010918e-05
Qwen/Qwen3-4B-instruct-2507,14,360,9.421394534515798e-07,0.9998877174616545,0.999888659601108,False,0.0001122825383454984
Qwen/Qwen3-4B-instruct-2507,14,361,7.338040235592098e-07,0.9999760395072578,0.9999767733112813,False,2.3960492742225448e-05
Qwen/Qwen3-4B-instruct-2507,14,362,4.784656506526527e-06,0.9999039265409296,0.9999087111974362,False,9.607345907036713e-05
Qwen/Qwen3-4B-instruct-2507,14,363,1.3708911007494228e-06,0.999949934606805,0.9999513054979058,False,5.0065393194964614e-05
Qwen/Qwen3-4B-instruct-2507,14,364,0.999969840959284,4.691020861054355e-08,0.9999698878694926,True,3.0159040716015717e-05
Qwen/Qwen3-4B-instruct-2507,14,365,6.475773075790199e-07,0.9999721058045592,0.9999727533818668,False,2.789419544080296e-05
Qwen/Qwen3-4B-instruct-2507,14,366,1.6699455095621324e-05,0.9998653116399425,0.9998820110950382,False,0.00013468836005747775
Qwen/Qwen3-4B-instruct-2507,14,367,9.422275099979263e-07,0.9999805692637573,0.9999815114912673,False,1.9430736242664892e-05
Qwen/Qwen3-4B-instruct-2507,14,368,3.288430575242099e-06,0.999900231778581,0.9999035202091563,False,9.976822141899433e-05
Qwen/Qwen3-4B-instruct-2507,14,369,7.338061229923647e-07,0.9999789004002659,0.9999796342063889,False,2.109959973406461e-05
Qwen/Qwen3-4B-instruct-2507,14,370,1.8920958670657275e-05,0.9997593743577031,0.9997782953163737,False,0.00024062564229687666
Qwen/Qwen3-4B-instruct-2507,14,371,2.1442933775217175e-05,0.9998843803602065,0.9999058232939818,False,0.00011561963979345169
Qwen/Qwen3-4B-instruct-2507,14,372,0.00012335461852441452,0.999552688517828,0.9996760431363524,False,0.0004473114821720303
Qwen/Qwen3-4B-instruct-2507,14,373,1.2098394559596732e-06,0.9999768739326302,0.9999780837720862,False,2.312606736976086e-05
Qwen/Qwen3-4B-instruct-2507,14,374,5.421788165913096e-06,0.9999151301890851,0.9999205519772509,False,8.486981091493373e-05
Qwen/Qwen3-4B-instruct-2507,14,375,6.475779251571605e-07,0.9999736554414602,0.9999743030193854,False,2.634455853978146e-05
Qwen/Qwen3-4B-instruct-2507,14,376,9.608003483413563e-05,0.9996712097084249,0.9997672897432591,False,0.0003287902915750651
Qwen/Qwen3-4B-instruct-2507,14,377,9.422158285540439e-07,0.99996864893943,0.9999695911552586,False,3.135106056995074e-05
Qwen/Qwen3-4B-instruct-2507,14,378,0.9999706753740273,6.825408097049357e-08,0.9999707436281082,True,2.9324625972715346e-05
Qwen/Qwen3-4B-instruct-2507,14,379,9.422275099979263e-07,0.9999810460826691,0.9999819883101791,False,1.8953917330866155e-05
Qwen/Qwen3-4B-instruct-2507,14,380,4.784405547886966e-06,0.9998516064617196,0.9998563908672674,False,0.00014839353828044466
Qwen/Qwen3-4B-instruct-2507,14,381,1.3709067894427946e-06,0.9999622120822376,0.999963582989027,False,3.7787917762432954e-05
Qwen/Qwen3-4B-instruct-2507,14,382,1.0128538327609003e-05,0.9998466011836493,0.9998567297219769,False,0.00015339881635068053
Qwen/Qwen3-4B-instruct-2507,14,383,1.0676795725090437e-06,0.99997663552505,0.9999777032046225,False,2.336447494999394e-05
Qwen/Qwen3-4B-instruct-2507,14,384,2.5608882100751226e-06,0.9998431451888738,0.9998457060770839,False,0.0001568548111261503
Qwen/Qwen3-4B-instruct-2507,14,385,1.0676581901328428e-06,0.9999567288990747,0.9999577965572648,False,4.3271100925279526e-05
Qwen/Qwen3-4B-instruct-2507,14,386,8.938923700837849e-06,0.9999047608461067,0.9999136997698075,False,9.523915389331172e-05
Qwen/Qwen3-4B-instruct-2507,14,387,6.475816306383725e-07,0.9999789004002659,0.9999795479818966,False,2.109959973406461e-05
Qwen/Qwen3-4B-instruct-2507,14,388,4.7846428175340396e-06,0.9999004701515762,0.9999052547943937,False,9.952984842376278e-05
Qwen/Qwen3-4B-instruct-2507,14,389,8.315136520960014e-07,0.9999821189265068,0.9999829504401588,False,1.7881073493208888e-05
Qwen/Qwen3-4B-instruct-2507,14,390,6.143222164525003e-06,0.9998388550060853,0.9998449982282498,False,0.00016114499391473025
Qwen/Qwen3-4B-instruct-2507,14,391,1.553440907755912e-06,0.9999614968828868,0.9999630503237946,False,3.8503117113175556e-05
Qwen/Qwen3-4B-instruct-2507,14,392,0.99998354938796,3.2241313908982893e-08,0.9999835816292739,True,1.6450612040030954e-05
Qwen/Qwen3-4B-instruct-2507,14,393,1.553406834165604e-06,0.9999394453479565,0.9999409987547907,False,6.055465204346522e-05
Qwen/Qwen3-4B-instruct-2507,14,394,2.561088482677486e-06,0.999921447248621,0.9999240083371036,False,7.855275137902407e-05
Qwen/Qwen3-4B-instruct-2507,14,395,7.337998247109196e-07,0.9999700793634253,0.99997081316325,False,2.9920636574698456e-05
Qwen/Qwen3-4B-instruct-2507,14,396,8.938480421087906e-06,0.9998553008697935,0.9998642393502145,False,0.00014469913020653813
Qwen/Qwen3-4B-instruct-2507,14,397,6.47586571312971e-07,0.9999866487378297,0.9999872963244011,False,1.3351262170280265e-05
Qwen/Qwen3-4B-instruct-2507,14,398,3.2884901615257806e-06,0.9999181099254703,0.9999213984156318,False,8.189007452974462e-05
Qwen/Qwen3-4B-instruct-2507,14,399,1.3709211709027762e-06,0.9999718673999347,0.9999732383211056,False,2.813260006528928e-05
Qwen/Qwen3-4B-instruct-2507,15,350,1.3708100453604909e-06,0.9998911737632742,0.9998925445733196,False,0.00010882623672581193
Qwen/Qwen3-4B-instruct-2507,15,351,7.337802304032391e-07,0.999943378794853,0.9999441125750833,False,5.662120514704494e-05
Qwen/Qwen3-4B-instruct-2507,15,352,8.314954134521139e-07,0.9999595896822684,0.9999604211776818,False,4.0410317731609524e-05
Qwen/Qwen3-4B-instruct-2507,15,353,1.0676775360738128e-06,0.9999755626925522,0.9999766303700882,False,2.4437307447833234e-05
Qwen/Qwen3-4B-instruct-2507,15,354,9.421834806960315e-07,0.9999337240286982,0.9999346662121789,False,6.627597130182128e-05
Qwen/Qwen3-4B-instruct-2507,15,355,6.475736021225445e-07,0.9999663841092601,0.9999670316828622,False,3.361589073991311e-05
Qwen/Qwen3-4B-instruct-2507,15,356,9.422032486995168e-07,0.9999551793156879,0.9999561215189366,False,4.482068431210795e-05
Qwen/Qwen3-4B-instruct-2507,15,357,8.314977923829771e-07,0.9999630464869772,0.9999638779847696,False,3.6953513022797146e-05
Qwen/Qwen3-4B-instruct-2507,15,358,8.315025502651219e-07,0.9999688873432871,0.9999697188458374,False,3.111265671285057e-05
Qwen/Qwen3-4B-instruct-2507,15,359,9.422167271215085e-07,0.9999691257472011,0.9999700679639282,False,3.087425279890699e-05
Qwen/Qwen3-4B-instruct-2507,15,360,0.9999881984200047,2.5109704198035704e-08,0.999988223529709,True,1.1801579995251998e-05
Qwen/Qwen3-4B-instruct-2507,15,361,9.422113357295746e-07,0.9999636424897494,0.9999645847010852,False,3.6357510250550895e-05
Qwen/Qwen3-4B-instruct-2507,15,362,7.337956258866552e-07,0.999964238492877,0.9999649722885029,False,3.5761507123033276e-05
Qwen/Qwen3-4B-instruct-2507,15,363,7.337795306162131e-07,0.9999427828150717,0.9999435165946022,False,5.721718492834871e-05
Qwen/Qwen3-4B-instruct-2507,15,364,8.31500964301382e-07,0.9999667417142571,0.9999675732152215,False,3.325828574285428e-05
Qwen/Qwen3-4B-instruct-2507,15,365,6.475612507540902e-07,0.999947073876698,0.9999477214379487,False,5.2926123301988426e-05
Qwen/Qwen3-4B-instruct-2507,15,366,6.475637210089345e-07,0.9999511265788857,0.9999517741426067,False,4.887342111425941e-05
Qwen/Qwen3-4B-instruct-2507,15,367,1.0676775360738128e-06,0.9999749666753994,0.9999760343529355,False,2.503332460057628e-05
Qwen/Qwen3-4B-instruct-2507,15,368,5.04329385529398e-07,0.999963523288439,0.9999640276178244,False,3.647671156103982e-05
Qwen/Qwen3-4B-instruct-2507,15,369,9.421735968498187e-07,0.9999239502537504,0.9999248924273472,False,7.604974624964012e-05
Qwen/Qwen3-4B-instruct-2507,15,370,1.55335202169724e-06,0.9999046416627282,0.9999061950147499,False,9.535833727181142e-05
Qwen/Qwen3-4B-instruct-2507,15,371,1.067676517857654e-06,0.9999743706604208,0.9999754383369387,False,2.5629339579169574e-05
Qwen/Qwen3-4B-instruct-2507,15,372,7.337592370827637e-07,0.999915368565632,0.999916102324869,False,8.46314343679877e-05
Qwen/Qwen3-4B-instruct-2507,15,373,9.422230171177557e-07,0.9999762779146959,0.9999772201377131,False,2.3722085304100915e-05
Qwen/Qwen3-4B-instruct-2507,15,374,8.314985853614439e-07,0.9999637616874363,0.9999645931860216,False,3.62383125637189e-05
Qwen/Qwen3-4B-instruct-2507,15,375,0.9999809268774651,3.653412529742552e-08,0.9999809634115904,True,1.9073122534907228e-05
Qwen/Qwen3-4B-instruct-2507,15,376,7.337858287234719e-07,0.9999512457787185,0.9999519795645473,False,4.875422128147733e-05
Qwen/Qwen3-4B-instruct-2507,15,377,7.337900274916763e-07,0.9999572056975242,0.9999579394875517,False,4.279430247577931e-05
Qwen/Qwen3-4B-instruct-2507,15,378,2.901919095475795e-06,0.9998613788093218,0.9998642807284173,False,0.0001386211906782009
Qwen/Qwen3-4B-instruct-2507,15,379,8.315120661110865e-07,0.9999802116501774,0.9999810431622435,False,1.9788349822635887e-05
Qwen/Qwen3-4B-instruct-2507,15,380,7.337648352428296e-07,0.9999231159180111,0.9999238496828463,False,7.688408198891494e-05
Qwen/Qwen3-4B-instruct-2507,15,381,1.5533179500565828e-06,0.9998825926329088,0.9998841459508588,False,0.00011740736709120458
Qwen/Qwen3-4B-instruct-2507,15,382,7.337963256890309e-07,0.9999653112986742,0.9999660450949999,False,3.468870132583568e-05
Qwen/Qwen3-4B-instruct-2507,15,383,9.422149299874362e-07,0.9999672185211188,0.9999681607360488,False,3.2781478881194204e-05
Qwen/Qwen3-4B-instruct-2507,15,384,8.314557656063988e-07,0.9999125080362685,0.9999133394920341,False,8.74919637314786e-05
Qwen/Qwen3-4B-instruct-2507,15,385,9.421825821602731e-07,0.9999334856404999,0.9999344278230821,False,6.651435950011386e-05
Qwen/Qwen3-4B-instruct-2507,15,386,8.315057222016768e-07,0.9999718673999347,0.9999726989056569,False,2.813260006528928e-05
Qwen/Qwen3-4B-instruct-2507,15,387,1.0676256082877768e-06,0.9999264532796961,0.9999275209053043,False,7.354672030390752e-05
Qwen/Qwen3-4B-instruct-2507,15,388,5.043322713335463e-07,0.9999694833531786,0.9999699876854499,False,3.0516646821410198e-05
Qwen/Qwen3-4B-instruct-2507,15,389,9.422257128432872e-07,0.9999793772183819,0.9999803194440948,False,2.0622781618073738e-05
Qwen/Qwen3-4B-instruct-2507,15,390,0.9999880792130387,2.845302246896975e-08,0.9999881076660612,True,1.1920786961328034e-05
Qwen/Qwen3-4B-instruct-2507,15,391,1.2098290718688918e-06,0.9999688873432871,0.9999700971723591,False,3.111265671285057e-05
Qwen/Qwen3-4B-instruct-2507,15,392,8.314882767003614e-07,0.9999517225672779,0.9999525540555546,False,4.827743272206586e-05
Qwen/Qwen3-4B-instruct-2507,15,393,1.0676357900075485e-06,0.9999363462880796,0.9999374139238696,False,6.365371192040836e-05
Qwen/Qwen3-4B-instruct-2507,15,394,6.475791603152086e-07,0.9999754434898208,0.9999760910689811,False,2.4556510179185587e-05
Qwen/Qwen3-4B-instruct-2507,15,395,6.475692791167878e-07,0.9999594704850789,0.999960118054358,False,4.0529514921061605e-05
Qwen/Qwen3-4B-instruct-2507,15,396,8.314391140749542e-07,0.9998917696795575,0.9998926011186716,False,0.00010823032044249281
Qwen/Qwen3-4B-instruct-2507,15,397,7.338075226178049e-07,0.9999811652878874,0.99998189909541,False,1.8834712112614227e-05
Qwen/Qwen3-4B-instruct-2507,15,398,6.475680439775866e-07,0.999957563295601,0.999958210863645,False,4.243670439896263e-05
Qwen/Qwen3-4B-instruct-2507,15,399,9.421762924339576e-07,0.9999268108522246,0.999927753028517,False,7.318914777543206e-05
Qwen/Qwen3-4B-instruct-2507,16,350,7.337935264835328e-07,0.9999613776818321,0.9999621114753586,False,3.8622318167869096e-05
Qwen/Qwen3-4B-instruct-2507,16,351,6.4758410097096e-07,0.9999824765407688,0.9999831241248698,False,1.752345923122789e-05
Qwen/Qwen3-4B-instruct-2507,16,352,0.9999390877636344,9.930588178657566e-08,0.9999391870695161,True,6.091223636561782e-05
Qwen/Qwen3-4B-instruct-2507,16,353,8.315160310790459e-07,0.9999843838268748,0.9999852153429059,False,1.5616173125176935e-05
Qwen/Qwen3-4B-instruct-2507,16,354,1.5534142414042678e-06,0.9999449283417642,0.9999464817560055,False,5.5071658235816834e-05
Qwen/Qwen3-4B-instruct-2507,16,355,5.714871481688603e-07,0.9999760395072578,0.9999766109944059,False,2.3960492742225448e-05
Qwen/Qwen3-4B-instruct-2507,16,356,1.6699582502838727e-05,0.9998734157650628,0.9998901153475657,False,0.00012658423493716597
Qwen/Qwen3-4B-instruct-2507,16,357,8.315136520960014e-07,0.9999819997211749,0.9999828312348269,False,1.8000278825147653e-05
Qwen/Qwen3-4B-instruct-2507,16,358,2.9021155936136354e-06,0.999929671466158,0.9999325735817516,False,7.032853384203452e-05
Qwen/Qwen3-4B-instruct-2507,16,359,5.043418907999665e-07,0.9999886752461923,0.9999891795880831,False,1.1324753807717691e-05
Qwen/Qwen3-4B-instruct-2507,16,360,1.7601448680352082e-06,0.9998858105399812,0.9998875706848492,False,0.00011418946001884311
Qwen/Qwen3-4B-instruct-2507,16,361,5.714898732384341e-07,0.9999812844913009,0.9999818559811741,False,1.8715508699140848e-05
Qwen/Qwen3-4B-instruct-2507,16,362,1.3708832564700653e-06,0.9999449283417642,0.9999462992250207,False,5.5071658235816834e-05
Qwen/Qwen3-4B-instruct-2507,16,363,1.0676714267914255e-06,0.999969006545237,0.9999700742166638,False,3.099345476298421e-05
Qwen/Qwen3-4B-instruct-2507,16,364,8.314969994052664e-07,0.9999614968828868,0.9999623283798862,False,3.8503117113175556e-05
Qwen/Qwen3-4B-instruct-2507,16,365,6.475791603152086e-07,0.999974847472739,0.9999754950518993,False,2.515252726098538e-05
Qwen/Qwen3-4B-instruct-2507,16,366,2.2601979181014917e-06,0.9999414716651684,0.9999437318630865,False,5.852833483155351e-05
Qwen/Qwen3-4B-instruct-2507,16,367,6.475871888999462e-07,0.9999877215940446,0.9999883691812335,False,1.227840595541263e-05
Qwen/Qwen3-4B-instruct-2507,16,368,0.999921566441278,8.31463695024298e-07,0.9999223979049731,True,7.843355872194646e-05
Qwen/Qwen3-4B-instruct-2507,16,369,6.475828658034883e-07,0.9999810460826691,0.9999816936655349,False,1.8953917330866155e-05
Qwen/Qwen3-4B-instruct-2507,16,370,6.143509244259291e-06,0.9998850954462006,0.9998912389554448,False,0.00011490455379936648
Qwen/Qwen3-4B-instruct-2507,16,371,9.422230171177557e-07,0.9999758010998766,0.9999767433228938,False,2.419890012339554e-05
Qwen/Qwen3-4B-instruct-2507,16,372,1.1477520634947137e-05,0.9998798514722953,0.9998913289929302,False,0.00012014852770469986
Qwen/Qwen3-4B-instruct-2507,16,373,7.338103218766942e-07,0.999984503032491,0.9999852368428128,False,1.5496967509021076e-05
Qwen/Qwen3-4B-instruct-2507,16,374,2.561139774521567e-06,0.9999420676405305,0.999944628780305,False,5.793235946949249e-05
Qwen/Qwen3-4B-instruct-2507,16,375,3.466244769961503e-07,0.9999765163221908,0.9999768629466678,False,2.3483677809243986e-05
Qwen/Qwen3-4B-instruct-2507,16,376,0.9976352478394989,0.0019258891987041647,0.999561137038203,False,0.9980741108012958
Qwen/Qwen3-4B-instruct-2507,16,377,6.47570514258345e-07,0.999961735281401,0.9999623828519152,False,3.8264718599023695e-05
Qwen/Qwen3-4B-instruct-2507,16,378,9.422068429265288e-07,0.99995911288632,0.9999600550931629,False,4.088711367999931e-05
Qwen/Qwen3-4B-instruct-2507,16,379,5.043414098222879e-07,0.9999879600069962,0.999988464348406,False,1.2039993003809535e-05
Qwen/Qwen3-4B-instruct-2507,16,380,3.726123661701567e-06,0.9998580418976274,0.9998617680212891,False,0.00014195810237260797
Qwen/Qwen3-4B-instruct-2507,16,381,8.315041362318869e-07,0.9999704369697439,0.9999712684738801,False,2.9563030256141154e-05
Qwen/Qwen3-4B-instruct-2507,16,382,1.7602120135140503e-06,0.9999238310680846,0.9999255912800981,False,7.616893191542129e-05
Qwen/Qwen3-4B-instruct-2507,16,383,6.4758410097096e-07,0.9999830725678546,0.9999837201519556,False,1.6927432145430465e-05
Qwen/Qwen3-4B-instruct-2507,16,384,0.9999936819476216,1.955556918966588e-08,0.9999937015031908,True,6.318052378384564e-06
Qwen/Qwen3-4B-instruct-2507,16,385,5.043351571542074e-07,0.9999753242852847,0.9999758286204419,False,2.4675714715316488e-05
Qwen/Qwen3-4B-instruct-2507,16,386,1.553417204309623e-06,0.9999468354816792,0.9999483888988835,False,5.316451832082514e-05
Qwen/Qwen3-4B-instruct-2507,16,387,5.043380429913811e-07,0.9999811652878874,0.9999816696259304,False,1.8834712112614227e-05
Qwen/Qwen3-4B-instruct-2507,16,388,3.7263297708910677e-06,0.9999133423558813,0.9999170686856521,False,8.665764411874832e-05
Qwen/Qwen3-4B-instruct-2507,16,389,4.450810053984662e-07,0.9999904633477849,0.9999909084287902,False,9.536652215147434e-06
Qwen/Qwen3-4B-instruct-2507,16,390,1.55335202169724e-06,0.9999048800367747,0.9999064333887964,False,9.511996322530969e-05
Qwen/Qwen3-4B-instruct-2507,16,391,8.315088941503316e-07,0.9999759203026506,0.9999767518115448,False,2.4079697349410623e-05
Qwen/Qwen3-4B-instruct-2507,16,392,5.143102665694709e-05,0.9997307787248307,0.9997822097514877,False,0.0002692212751692624
Qwen/Qwen3-4B-instruct-2507,16,393,7.337998247109196e-07,0.9999700793634253,0.99997081316325,False,2.9920636574698456e-05
Qwen/Qwen3-4B-instruct-2507,16,394,1.067659208331523e-06,0.9999578016931774,0.9999588693523858,False,4.219830682261616e-05
Qwen/Qwen3-4B-instruct-2507,16,395,5.043356381259229e-07,0.9999762779146959,0.999976782250334,False,2.3722085304100915e-05
Qwen/Qwen3-4B-instruct-2507,16,396,3.726233822091458e-06,0.9998877174616545,0.9998914436954766,False,0.0001122825383454984
Qwen/Qwen3-4B-instruct-2507,16,397,5.043428527566997e-07,0.9999899865198352,0.9999904908626879,False,1.0013480164827726e-05
Qwen/Qwen3-4B-instruct-2507,16,398,9.421996544862157e-07,0.9999516033710262,0.9999525455706807,False,4.8396628973823574e-05
Qwen/Qwen3-4B-instruct-2507,16,399,4.450767607954704e-07,0.9999812844913009,0.9999817295680616,False,1.8715508699140848e-05
Qwen/Qwen3-4B-instruct-2507,17,350,5.421855384391371e-06,0.9999274068115732,0.9999328286669577,False,7.259318842678386e-05
Qwen/Qwen3-4B-instruct-2507,17,351,5.143696186173766e-05,0.9998463628307711,0.9998977997926328,False,0.00015363716922889292
Qwen/Qwen3-4B-instruct-2507,17,352,2.144250433843798e-05,0.9998645965826473,0.9998860390869857,False,0.00013540341735274186
Qwen/Qwen3-4B-instruct-2507,17,353,0.00020341055254440458,0.9997157666424947,0.9999191771950391,False,0.00028423335750527023
Qwen/Qwen3-4B-instruct-2507,17,354,0.00043049223798305144,0.9994188350624195,0.9998493273004025,False,0.0005811649375805361
Qwen/Qwen3-4B-instruct-2507,17,355,0.00012338297305441938,0.9997827286751891,0.9999061116482435,False,0.00021727132481086375
Qwen/Qwen3-4B-instruct-2507,17,356,8.480157375481673e-05,0.9998031050231739,0.9998879065969287,False,0.0001968949768260675
Qwen/Qwen3-4B-instruct-2507,17,357,0.9999755626925522,6.825434133964623e-08,0.9999756309468935,True,2.4437307447833234e-05
Qwen/Qwen3-4B-instruct-2507,17,358,0.0004304961382199317,0.9994278845084504,0.9998583806466703,False,0.000572115491549563
Qwen/Qwen3-4B-instruct-2507,17,359,7.484147988451418e-05,0.9998616171657796,0.9999364586456642,False,0.00013838283422040742
Qwen/Qwen3-4B-instruct-2507,17,360,2.561144659512673e-06,0.9999438555760236,0.9999464167206831,False,5.6144423976389746e-05
Qwen/Qwen3-4B-instruct-2507,17,361,0.07580181837444157,0.9234552083175308,0.9992570266919724,False,0.0765447916824692
Qwen/Qwen3-4B-instruct-2507,17,362,0.00015840164376159738,0.9996233213811837,0.9997817230249453,False,0.00037667861881629516
Qwen/Qwen3-4B-instruct-2507,17,363,0.0019261885993579178,0.9977905797978869,0.9997167683972448,False,0.0022094202021131215
Qwen/Qwen3-4B-instruct-2507,17,364,1.6699662132843218e-05,0.9998778254072664,0.9998945250693992,False,0.00012217459273355935
Qwen/Qwen3-4B-instruct-2507,17,365,7.888685326171065e-06,0.9999188250646881,0.9999267137500143,False,8.117493531190068e-05
Qwen/Qwen3-4B-instruct-2507,17,366,0.00012338297305441938,0.999782609520905,0.9999059924939594,False,0.0002173904790949699
Qwen/Qwen3-4B-instruct-2507,17,367,2.429844434346306e-05,0.9999019003761905,0.999926198820534,False,9.809962380946669e-05
Qwen/Qwen3-4B-instruct-2507,17,368,1.3005722349303641e-05,0.9998786596688399,0.9998916653911892,False,0.00012134033116006915
Qwen/Qwen3-4B-instruct-2507,17,369,2.753398094476544e-05,0.9999101242729004,0.9999376582538452,False,8.987572709961977e-05
Qwen/Qwen3-4B-instruct-2507,17,370,0.0024717742625890234,0.9971847146764081,0.9996564889389972,False,0.0028152853235918762
Qwen/Qwen3-4B-instruct-2507,17,371,0.00669064636996353,0.9929800404992111,0.9996706868691746,False,0.00701995950078893
Qwen/Qwen3-4B-instruct-2507,17,372,5.14371090242765e-05,0.9998488654660775,0.9999003025751018,False,0.000151134533922459
Qwen/Qwen3-4B-instruct-2507,17,373,0.00026116538973245014,0.9996430955916169,0.9999042609813493,False,0.00035690440838309634
Qwen/Qwen3-4B-instruct-2507,17,374,0.9999815229018083,7.734274386157936e-08,0.9999816002445522,True,1.847709819169374e-05
Qwen/Qwen3-4B-instruct-2507,17,375,1.3006466563997842e-05,0.9999362271009362,0.9999492335675002,False,6.377289906378536e-05
Qwen/Qwen3-4B-instruct-2507,17,376,0.0002611457142024021,0.999567814778149,0.9998289604923515,False,0.00043218522185095587
Qwen/Qwen3-4B-instruct-2507,17,377,0.00317194945891415,0.9965967524175833,0.9997687018764975,False,0.003403247582416724
Qwen/Qwen3-4B-instruct-2507,17,378,3.120008791433243e-05,0.9999101242729004,0.9999413243608147,False,8.987572709961977e-05
Qwen/Qwen3-4B-instruct-2507,17,379,0.00015842657121338104,0.9997807030106431,0.9999391295818565,False,0.00021929698935685416
Qwen/Qwen3-4B-instruct-2507,17,380,0.000910738239265383,0.9987459432064697,0.999656681445735,False,0.0012540567935303004
Qwen/Qwen3-4B-instruct-2507,17,381,0.008572954337015559,0.9908987564143378,0.9994717107513533,False,0.009101243585662222
Qwen/Qwen3-4B-instruct-2507,17,382,0.002471725939074976,0.997165393014697,0.9996371189537719,False,0.002834606985303023
Qwen/Qwen3-4B-instruct-2507,17,383,0.0019265073376961755,0.9979554577880406,0.9998819651257368,False,0.002044542211959377
Qwen/Qwen3-4B-instruct-2507,17,384,8.479647890364987e-05,0.9997434082413271,0.9998282047202308,False,0.000256591758672875
Qwen/Qwen3-4B-instruct-2507,17,385,0.00012338238471995967,0.999778081566788,0.999901463951508,False,0.00022191843321195392
Qwen/Qwen3-4B-instruct-2507,17,386,0.037312393687072475,0.9622992553713764,0.9996116490584489,False,0.037700744628623606
Qwen/Qwen3-4B-instruct-2507,17,387,0.0019264099653469049,0.9979051222191712,0.999831532184518,False,0.002094877780828841
Qwen/Qwen3-4B-instruct-2507,17,388,0.0009109006721627287,0.9989239839288242,0.9998348846009869,False,0.0010760160711758004
Qwen/Qwen3-4B-instruct-2507,17,389,0.00012338838586308006,0.9998266997287968,0.9999500881146599,False,0.0001733002712032139
Qwen/Qwen3-4B-instruct-2507,17,390,8.479332510156236e-05,0.9997067119712221,0.9997915052963237,False,0.00029328802877792715
Qwen/Qwen3-4B-instruct-2507,17,391,0.9999692449491794,1.2751516763526358e-07,0.999969372464347,True,3.075505082061891e-05
Qwen/Qwen3-4B-instruct-2507,17,392,2.4297216215979163e-05,0.9998516064617196,0.9998759036779356,False,0.00014839353828044466
Qwen/Qwen3-4B-instruct-2507,17,393,0.014056305409421974,0.9854229528074878,0.9994792582169097,False,0.014577047192512183
Qwen/Qwen3-4B-instruct-2507,17,394,0.0001584036076003023,0.9996353525762656,0.9997937561838659,False,0.00036464742373443215
Qwen/Qwen3-4B-instruct-2507,17,395,0.00010888083415791231,0.9997436465405656,0.9998525273747235,False,0.0002563534594344219
Qwen/Qwen3-4B-instruct-2507,17,396,0.00010888311859268878,0.9997644979147686,0.9998733810333613,False,0.00023550208523137606
Qwen/Qwen3-4B-instruct-2507,17,397,3.535446622200316e-05,0.9999139382999274,0.9999492927661494,False,8.606170007263714e-05
Qwen/Qwen3-4B-instruct-2507,17,398,7.483855359144065e-05,0.9998222905303066,0.999897129083898,False,0.00017770946969342116
Qwen/Qwen3-4B-instruct-2507,17,399,0.8804946355176608,0.1191619944374048,0.9996566299550657,False,0.8808380055625952
Qwen/Qwen3-4B-instruct-2507,18,350,6.475791603152086e-07,0.999974847472739,0.9999754950518993,False,2.515252726098538e-05
Qwen/Qwen3-4B-instruct-2507,18,351,9.422212199716861e-07,0.9999744898630243,0.9999754320842442,False,2.5510136975714914e-05
Qwen/Qwen3-4B-instruct-2507,18,352,1.2097886901408805e-06,0.9999355119347216,0.9999367217234117,False,6.448806527836748e-05
Qwen/Qwen3-4B-instruct-2507,18,353,6.47586571312971e-07,0.9999862911193472,0.9999869387059186,False,1.3708880652774091e-05
Qwen/Qwen3-4B-instruct-2507,18,354,0.0002033669100574822,0.9995010006013881,0.9997043675114456,False,0.0004989993986118657
Qwen/Qwen3-4B-instruct-2507,18,355,5.043399668920043e-07,0.999984264621273,0.9999847689612399,False,1.5735378727010918e-05
Qwen/Qwen3-4B-instruct-2507,18,356,8.315001713206464e-07,0.9999653112986742,0.9999661427988454,False,3.468870132583568e-05
Qwen/Qwen3-4B-instruct-2507,18,357,8.315128591031658e-07,0.9999806884689187,0.9999815199817779,False,1.9311531081256383e-05
Qwen/Qwen3-4B-instruct-2507,18,358,1.3709120190471503e-06,0.9999653112986742,0.9999666822106932,False,3.468870132583568e-05
Qwen/Qwen3-4B-instruct-2507,18,359,5.714947783964125e-07,0.9999893904859,0.9999899619806784,False,1.0609514100035078e-05
Qwen/Qwen3-4B-instruct-2507,18,360,0.9999941587791524,3.65346130838794e-08,0.9999941953137655,True,5.841220847568884e-06
Qwen/Qwen3-4B-instruct-2507,18,361,8.315199960659118e-07,0.9999892712787918,0.9999901027987879,False,1.072872120821966e-05
Qwen/Qwen3-4B-instruct-2507,18,362,1.012934974356601e-05,0.9999263340864565,0.9999364634362,False,7.366591354351915e-05
Qwen/Qwen3-4B-instruct-2507,18,363,5.42201567797186e-06,0.9999572056975242,0.9999626277132022,False,4.279430247577931e-05
Qwen/Qwen3-4B-instruct-2507,18,364,9.422212199716861e-07,0.9999741322534375,0.9999750744746574,False,2.5867746562546756e-05
Qwen/Qwen3-4B-instruct-2507,18,365,7.338068228047511e-07,0.9999794964234012,0.999980230230224,False,2.0503576598773776e-05
Qwen/Qwen3-4B-instruct-2507,18,366,0.7768026656850672,0.2225576832998184,0.9993603489848856,False,0.7774423167001816
Qwen/Qwen3-4B-instruct-2507,18,367,1.0676917912019968e-06,0.9999883176260755,0.9999893853178667,False,1.168237392445981e-05
Qwen/Qwen3-4B-instruct-2507,18,368,3.7264754756444996e-06,0.9999521993597025,0.9999559258351781,False,4.7800640297523955e-05
Qwen/Qwen3-4B-instruct-2507,18,369,8.939469306093018e-06,0.9999655497017356,0.9999744891710417,False,3.4450298264432355e-05
Qwen/Qwen3-4B-instruct-2507,18,370,1.370885871224864e-06,0.9999462394998376,0.9999476103857089,False,5.376050016236977e-05
Qwen/Qwen3-4B-instruct-2507,18,371,8.315152380839415e-07,0.9999840262101118,0.99998485772535,False,1.597378988815734e-05
Qwen/Qwen3-4B-instruct-2507,18,372,9.607710274890663e-05,0.9996403557494544,0.9997364328522034,False,0.0003596442505455766
Qwen/Qwen3-4B-instruct-2507,18,373,6.475853361407876e-07,0.9999846222381212,0.9999852698234574,False,1.5377761878765384e-05
Qwen/Qwen3-4B-instruct-2507,18,374,8.315001713206464e-07,0.9999654305001977,0.999966262000369,False,3.4569499802294956e-05
Qwen/Qwen3-4B-instruct-2507,18,375,5.714882381951305e-07,0.9999779467683537,0.9999785182565919,False,2.2053231646279592e-05
Qwen/Qwen3-4B-instruct-2507,18,376,1.3708597239013028e-06,0.9999277643917183,0.9999291352514421,False,7.223560828173436e-05
Qwen/Qwen3-4B-instruct-2507,18,377,5.714893282234798e-07,0.9999800924450729,0.9999806639344011,False,1.9907554927089954e-05
Qwen/Qwen3-4B-instruct-2507,18,378,0.99998354938796,5.3156940037059986e-08,0.9999836025449,True,1.6450612040030954e-05
Qwen/Qwen3-4B-instruct-2507,18,379,6.475871888999462e-07,0.9999876023871354,0.9999882499743242,False,1.2397612864645247e-05
Qwen/Qwen3-4B-instruct-2507,18,380,7.337893276953071e-07,0.9999560137072835,0.9999567474966112,False,4.398629271651355e-05
Qwen/Qwen3-4B-instruct-2507,18,381,1.2098163803234179e-06,0.999957563295601,0.9999587731119813,False,4.243670439896263e-05
Qwen/Qwen3-4B-instruct-2507,18,382,1.067663281135954e-06,0.9999613776818321,0.9999624453451132,False,3.8622318167869096e-05
Qwen/Qwen3-4B-instruct-2507,18,383,7.33811021693085e-07,0.9999853374722015,0.9999860712832233,False,1.4662527798470215e-05
Qwen/Qwen3-4B-instruct-2507,18,384,1.1476831069213739e-05,0.9998196688755632,0.9998311457066323,False,0.00018033112443682775
Qwen/Qwen3-4B-instruct-2507,18,385,6.475810130566981e-07,0.9999778275635193,0.9999784751445323,False,2.217243648072742e-05
Qwen/Qwen3-4B-instruct-2507,18,386,1.0676642993394893e-06,0.9999624504845601,0.9999635181488594,False,3.754951543988305e-05
Qwen/Qwen3-4B-instruct-2507,18,387,7.888865885915457e-06,0.9999413524701386,0.9999492413360245,False,5.864752986139976e-05
Qwen/Qwen3-4B-instruct-2507,18,388,8.314938275019864e-07,0.9999576824925632,0.9999585139863907,False,4.2317507436773205e-05
Qwen/Qwen3-4B-instruct-2507,18,389,6.475884240756635e-07,0.9999893904859,0.9999900380743241,False,1.0609514100035078e-05
Qwen/Qwen3-4B-instruct-2507,18,390,2.560985902070963e-06,0.9998814008261862,0.9998839618120883,False,0.00011859917381384921
Qwen/Qwen3-4B-instruct-2507,18,391,8.315120661110865e-07,0.9999798540367254,0.9999806855487915,False,2.0145963274598166e-05
Qwen/Qwen3-4B-instruct-2507,18,392,5.714844231122804e-07,0.9999717481958249,0.999972319680248,False,2.825180417509454e-05
Qwen/Qwen3-4B-instruct-2507,18,393,7.337942262839063e-07,0.9999630464869772,0.9999637802812035,False,3.6953513022797146e-05
Qwen/Qwen3-4B-instruct-2507,18,394,5.714855131333531e-07,0.9999729402230112,0.9999735117085243,False,2.7059776988802575e-05
Qwen/Qwen3-4B-instruct-2507,18,395,5.714882381951305e-07,0.9999779467683537,0.9999785182565919,False,2.2053231646279592e-05
Qwen/Qwen3-4B-instruct-2507,18,396,0.9999704369697439,8.763997475877685e-08,0.9999705246097186,True,2.9563030256141154e-05
Qwen/Qwen3-4B-instruct-2507,18,397,3.92782608663384e-07,0.9999908209686689,0.9999912137512775,False,9.179031331130183e-06
Qwen/Qwen3-4B-instruct-2507,18,398,6.475760724245056e-07,0.9999699601613475,0.99997060773742,False,3.0039838652462514e-05
Qwen/Qwen3-4B-instruct-2507,18,399,3.9278036114969935e-07,0.9999843838268748,0.999984776607236,False,1.5616173125176935e-05
Qwen/Qwen3-4B-instruct-2507,19,350,1.7602086561792747e-06,0.999921447248621,0.9999232074572771,False,7.855275137902407e-05
Qwen/Qwen3-4B-instruct-2507,19,351,7.88864771007782e-06,0.9999141766761902,0.9999220653239003,False,8.582332380979718e-05
Qwen/Qwen3-4B-instruct-2507,19,352,8.938488945491178e-06,0.9998555392102526,0.9998644776991981,False,0.00014446078974739152
Qwen/Qwen3-4B-instruct-2507,19,353,7.484033790287215e-05,0.9998462436543534,0.9999210839922562,False,0.00015375634564662732
Qwen/Qwen3-4B-instruct-2507,19,354,2.753303565677608e-05,0.9998756801664166,0.9999032132020733,False,0.00012431983358340837
Qwen/Qwen3-4B-instruct-2507,19,355,1.6699471021470343e-05,0.9998663842486692,0.9998830837196907,False,0.0001336157513307512
Qwen/Qwen3-4B-instruct-2507,19,356,8.939068623985772e-06,0.9999208513000997,0.9999297903687236,False,7.914869990033324e-05
Qwen/Qwen3-4B-instruct-2507,19,357,0.0009108711367539945,0.9988913918462349,0.9998022629829889,False,0.0011086081537651227
Qwen/Qwen3-4B-instruct-2507,19,358,4.539330584346369e-05,0.9998541091101509,0.9998995024159943,False,0.00014589088984906518
Qwen/Qwen3-4B-instruct-2507,19,359,2.1443485920856464e-05,0.9999107202150285,0.9999321637009493,False,8.927978497152989e-05
Qwen/Qwen3-4B-instruct-2507,19,360,1.0676164448230027e-06,0.9999179907332253,0.9999190583496701,False,8.200926677470743e-05
Qwen/Qwen3-4B-instruct-2507,19,361,0.9999746090656421,9.930948065960544e-08,0.9999747083751227,True,2.5390934357938377e-05
Qwen/Qwen3-4B-instruct-2507,19,362,4.005188819234098e-05,0.9996651340595625,0.9997051859477548,False,0.00033486594043752316
Qwen/Qwen3-4B-instruct-2507,19,363,9.608608254252428e-05,0.9997341147899055,0.999830200872448,False,0.0002658852100945186
Qwen/Qwen3-4B-instruct-2507,19,364,2.5610445190572865e-06,0.9999047608461067,0.9999073218906257,False,9.523915389331172e-05
Qwen/Qwen3-4B-instruct-2507,19,365,1.7602371937289837e-06,0.9999381342060671,0.9999398944432609,False,6.186579393285818e-05
Qwen/Qwen3-4B-instruct-2507,19,366,3.1199433317304155e-05,0.9998889092831814,0.9999201087164987,False,0.00011109071681858484
Qwen/Qwen3-4B-instruct-2507,19,367,1.012938838404248e-05,0.9999307442021305,0.9999408735905145,False,6.92557978695385e-05
Qwen/Qwen3-4B-instruct-2507,19,368,0.0004303943330880723,0.9991915806260341,0.9996219749591222,False,0.0008084193739659185
Qwen/Qwen3-4B-instruct-2507,19,369,7.88865523328212e-06,0.999914891812595,0.9999227804678282,False,8.510818740503634e-05
Qwen/Qwen3-4B-instruct-2507,19,370,0.00015837581399572612,0.9994601542883964,0.9996185301023921,False,0.0005398457116035926
Qwen/Qwen3-4B-instruct-2507,19,371,5.828248988913012e-05,0.9997914272527199,0.999849709742609,False,0.00020857274728014463
Qwen/Qwen3-4B-instruct-2507,19,372,5.828026663098753e-05,0.9997530593477284,0.9998113396143594,False,0.0002469406522715989
Qwen/Qwen3-4B-instruct-2507,19,373,9.609093931120679e-05,0.999784396894854,0.9998804878341652,False,0.00021560310514601166
Qwen/Qwen3-4B-instruct-2507,19,374,4.005830571121753e-05,0.9998257463947996,0.9998658047005108,False,0.0001742536052004029
Qwen/Qwen3-4B-instruct-2507,19,375,3.7263901843657403e-06,0.9999297906597954,0.9999335170499797,False,7.020934020462999e-05
Qwen/Qwen3-4B-instruct-2507,19,376,8.479437635589152e-05,0.9997189834816779,0.9998037778580338,False,0.00028101651832213026
Qwen/Qwen3-4B-instruct-2507,19,377,9.608974800560039e-05,0.9997717663077113,0.9998678560557168,False,0.00022823369228874846
Qwen/Qwen3-4B-instruct-2507,19,378,5.4219587990621545e-06,0.9999462394998376,0.9999516614586367,False,5.376050016236977e-05
Qwen/Qwen3-4B-instruct-2507,19,379,0.0001233850910817032,0.9997994110116466,0.9999227961027283,False,0.00020058898835340067
Qwen/Qwen3-4B-instruct-2507,19,380,0.9999902249342363,3.653447371565659e-08,0.99999026146871,True,9.77506576371745e-06
Qwen/Qwen3-4B-instruct-2507,19,381,0.004069538279122692,0.9957834214275865,0.9998529597067092,False,0.004216578572413532
Qwen/Qwen3-4B-instruct-2507,19,382,0.11911737000422573,0.8801648243944734,0.9992821943986991,False,0.11983517560552659
Qwen/Qwen3-4B-instruct-2507,19,383,0.14798506311594395,0.8515952148363725,0.9995802779523164,False,0.14840478516362754
Qwen/Qwen3-4B-instruct-2507,19,384,1.6700076214987476e-05,0.9999028538701035,0.9999195539463185,False,9.714612989653038e-05
Qwen/Qwen3-4B-instruct-2507,19,385,0.00012338473807463102,0.9997970277870544,0.999920412525129,False,0.00020297221294562906
Qwen/Qwen3-4B-instruct-2507,19,386,0.14796789922939452,0.8514964942449926,0.9994643934743872,False,0.14850350575500737
Qwen/Qwen3-4B-instruct-2507,19,387,0.0019265110122208165,0.9979575949880464,0.9998841060002672,False,0.0020424050119536297
Qwen/Qwen3-4B-instruct-2507,19,388,0.005218834159449558,0.9945337801839172,0.9997526143433668,False,0.005466219816082751
Qwen/Qwen3-4B-instruct-2507,19,389,0.0007096449571765913,0.9992543063060755,0.9999639512632521,False,0.0007456936939245207
Qwen/Qwen3-4B-instruct-2507,19,390,2.4294806485851427e-05,0.9997523444434523,0.9997766392499381,False,0.0002476555565477101
Qwen/Qwen3-4B-instruct-2507,19,391,0.0011691774282945144,0.9985463324366914,0.9997155098649859,False,0.0014536675633085583
Qwen/Qwen3-4B-instruct-2507,19,392,1.6699136581830465e-05,0.9998466011836493,0.9998633003202312,False,0.00015339881635068053
Qwen/Qwen3-4B-instruct-2507,19,393,0.000709489993729752,0.9990362880606635,0.9997457780543932,False,0.0009637119393365312
Qwen/Qwen3-4B-instruct-2507,19,394,4.005788548507124e-05,0.9998152597371771,0.9998553176226622,False,0.00018474026282289113
Qwen/Qwen3-4B-instruct-2507,19,395,5.8281934066643456e-05,0.999781179641505,0.9998394615755717,False,0.0002188203584949644
Qwen/Qwen3-4B-instruct-2507,19,396,5.1433675341404246e-05,0.9997827286751891,0.9998341623505306,False,0.00021727132481086375
Qwen/Qwen3-4B-instruct-2507,19,397,1.6700633649472505e-05,0.9999364654825127,0.9999531661161621,False,6.353451748730699e-05
Qwen/Qwen3-4B-instruct-2507,19,398,4.005926078703577e-05,0.9998489846428079,0.9998890439035949,False,0.0001510153571920858
Qwen/Qwen3-4B-instruct-2507,19,399,0.9999865295319578,6.02349341503609e-08,0.9999865897668919,True,1.347046804223151e-05
Qwen/Qwen3-4B-instruct-2507,20,350,0.0002610859495316729,0.9993389449317065,0.9996000308812382,False,0.0006610550682935035
Qwen/Qwen3-4B-instruct-2507,20,351,8.315128591031658e-07,0.9999811652878874,0.9999819968007465,False,1.8834712112614227e-05
Qwen/Qwen3-4B-instruct-2507,20,352,1.9943475656213836e-06,0.9998060840910962,0.9998080784386618,False,0.00019391590890383004
Qwen/Qwen3-4B-instruct-2507,20,353,9.422311043174879e-07,0.999984503032491,0.9999854452635953,False,1.5496967509021076e-05
Qwen/Qwen3-4B-instruct-2507,20,354,1.0676530991540077e-06,0.9999526761523544,0.9999537438054535,False,4.7323847645608375e-05
Qwen/Qwen3-4B-instruct-2507,20,355,5.043370810438218e-07,0.9999787811971367,0.9999792855342178,False,2.1218802863320896e-05
Qwen/Qwen3-4B-instruct-2507,20,356,2.2600815244925184e-06,0.9998902202950495,0.999892480376574,False,0.00010977970495051892
Qwen/Qwen3-4B-instruct-2507,20,357,1.2098325332225825e-06,0.9999709137801864,0.9999721236127197,False,2.9086219813567737e-05
Qwen/Qwen3-4B-instruct-2507,20,358,1.370885871224864e-06,0.999946597090355,0.9999479679762263,False,5.340290964495065e-05
Qwen/Qwen3-4B-instruct-2507,20,359,8.315152380839415e-07,0.9999837877990074,0.9999846193142455,False,1.621220099257137e-05
Qwen/Qwen3-4B-instruct-2507,20,360,0.9999903441405488,2.510975209104135e-08,0.9999903692503008,True,9.655859451229709e-06
Qwen/Qwen3-4B-instruct-2507,20,361,9.422203213999366e-07,0.9999729402230112,0.9999738824433326,False,2.7059776988802575e-05
Qwen/Qwen3-4B-instruct-2507,20,362,1.2097909976318852e-06,0.9999367038714213,0.9999379136624189,False,6.329612857869371e-05
Qwen/Qwen3-4B-instruct-2507,20,363,9.422203213999366e-07,0.9999735362389561,0.9999744784592776,False,2.646376104387116e-05
Qwen/Qwen3-4B-instruct-2507,20,364,7.337900274916763e-07,0.9999568480995752,0.9999575818896027,False,4.315190042480932e-05
Qwen/Qwen3-4B-instruct-2507,20,365,5.043337142418128e-07,0.9999719866022398,0.9999724909359541,False,2.8013397760151548e-05
Qwen/Qwen3-4B-instruct-2507,20,366,2.260049193998221e-06,0.9998755609865043,0.9998778210356983,False,0.00012443901349568076
Qwen/Qwen3-4B-instruct-2507,20,367,8.315168240749066e-07,0.9999860527077029,0.999986884224527,False,1.3947292297089575e-05
Qwen/Qwen3-4B-instruct-2507,20,368,6.142882373197047e-06,0.9997832053070167,0.9997893481893899,False,0.000216794692983302
Qwen/Qwen3-4B-instruct-2507,20,369,6.475803954756127e-07,0.9999774699527387,0.9999781175331343,False,2.2530047261271058e-05
Qwen/Qwen3-4B-instruct-2507,20,370,0.05999220168656017,0.9384359898318682,0.9984281915184283,False,0.061564010168131844
Qwen/Qwen3-4B-instruct-2507,20,371,1.067684663614114e-06,0.9999814036965474,0.999982471381211,False,1.8596303452578233e-05
Qwen/Qwen3-4B-instruct-2507,20,372,7.887188344144501e-06,0.9997295872736379,0.999737474461982,False,0.00027041272636207925
Qwen/Qwen3-4B-instruct-2507,20,373,1.0676826271691727e-06,0.9999797348316635,0.9999808025142907,False,2.0265168336530692e-05
Qwen/Qwen3-4B-instruct-2507,20,374,1.3708937155191832e-06,0.9999521993597025,0.999953570253418,False,4.7800640297523955e-05
Qwen/Qwen3-4B-instruct-2507,20,375,3.927788628143875e-07,0.9999805692637573,0.9999809620426201,False,1.9430736242664892e-05
Qwen/Qwen3-4B-instruct-2507,20,376,0.0003351096197786118,0.9989475371294939,0.9992826467492725,False,0.0010524628705060879
Qwen/Qwen3-4B-instruct-2507,20,377,7.338019241320615e-07,0.9999732978321718,0.9999740316340959,False,2.6702167828185353e-05
Qwen/Qwen3-4B-instruct-2507,20,378,1.2097840751720745e-06,0.999931697745375,0.9999329075294502,False,6.830225462495232e-05
Qwen/Qwen3-4B-instruct-2507,20,379,9.422320028995207e-07,0.9999855758836753,0.9999865181156782,False,1.4424116324684988e-05
Qwen/Qwen3-4B-instruct-2507,20,380,0.9999905825550351,2.8453076738855012e-08,0.9999906110081119,True,9.417444964854305e-06
Qwen/Qwen3-4B-instruct-2507,20,381,1.0676714267914255e-06,0.999969840959284,0.9999709086307108,False,3.0159040716015717e-05
Qwen/Qwen3-4B-instruct-2507,20,382,1.2098094577183667e-06,0.9999523185560253,0.999953528365483,False,4.768144397471197e-05
Qwen/Qwen3-4B-instruct-2507,20,383,9.42224814267253e-07,0.9999780659713836,0.9999790081961979,False,2.1934028616388268e-05
Qwen/Qwen3-4B-instruct-2507,20,384,5.420242370897503e-06,0.999629634757054,0.999635054999425,False,0.0003703652429459803
Qwen/Qwen3-4B-instruct-2507,20,385,5.714855131333531e-07,0.9999729402230112,0.9999735117085243,False,2.7059776988802575e-05
Qwen/Qwen3-4B-instruct-2507,20,386,1.06764189908602e-06,0.9999421868356455,0.9999432544775446,False,5.781316435449213e-05
Qwen/Qwen3-4B-instruct-2507,20,387,8.315104801291966e-07,0.9999784235841962,0.9999792550946763,False,2.1576415803803428e-05
Qwen/Qwen3-4B-instruct-2507,20,388,1.7601985842133693e-06,0.9999159645108857,0.9999177247094699,False,8.403548911428693e-05
Qwen/Qwen3-4B-instruct-2507,20,389,7.338117215101431e-07,0.9999870063564401,0.9999877401681616,False,1.2993643559888746e-05
Qwen/Qwen3-4B-instruct-2507,20,390,0.00856883880667631,0.9904232964032135,0.9989921352098898,False,0.009576703596786529
Qwen/Qwen3-4B-instruct-2507,20,391,9.422257128432872e-07,0.9999789004002659,0.9999798426259788,False,2.109959973406461e-05
Qwen/Qwen3-4B-instruct-2507,20,392,1.0676093177381096e-06,0.9999114353416858,0.9999125029510035,False,8.856465831419413e-05
Qwen/Qwen3-4B-instruct-2507,20,393,8.315104801291966e-07,0.9999781851762466,0.9999790166867267,False,2.1814823753407708e-05
Qwen/Qwen3-4B-instruct-2507,20,394,9.422014515911525e-07,0.9999532721416701,0.9999542143431217,False,4.6727858329931315e-05
Qwen/Qwen3-4B-instruct-2507,20,395,5.043370810438218e-07,0.9999785427891018,0.9999790471261829,False,2.1457210898190304e-05
Qwen/Qwen3-4B-instruct-2507,20,396,1.3708074307503186e-06,0.9998889092831814,0.9998902800906122,False,0.00011109071681858484
Qwen/Qwen3-4B-instruct-2507,20,397,1.0676877182888089e-06,0.9999846222381212,0.9999856899258395,False,1.5377761878765384e-05
Qwen/Qwen3-4B-instruct-2507,20,398,1.5533949826572087e-06,0.9999320553197789,0.9999336087147616,False,6.794468022108813e-05
Qwen/Qwen3-4B-instruct-2507,20,399,5.714909632699021e-07,0.9999831917733143,0.9999837632642775,False,1.680822668570503e-05
Qwen/Qwen3-4B-instruct-2507,21,350,1.0676225537907797e-06,0.9999235926822447,0.9999246603047985,False,7.64073177552671e-05
Qwen/Qwen3-4B-instruct-2507,21,351,1.370885871224864e-06,0.9999469546810004,0.9999483255668716,False,5.304531899963383e-05
Qwen/Qwen3-4B-instruct-2507,21,352,8.314898626399016e-07,0.9999536297383403,0.999954461228203,False,4.637026165965619e-05
Qwen/Qwen3-4B-instruct-2507,21,353,1.2098221491912192e-06,0.9999629272857378,0.999964137107887,False,3.70727142622318e-05
Qwen/Qwen3-4B-instruct-2507,21,354,1.9946100531046893e-06,0.9999375382330494,0.9999395328431026,False,6.246176695057226e-05
Qwen/Qwen3-4B-instruct-2507,21,355,6.475736021225445e-07,0.9999667417142571,0.9999673892878592,False,3.325828574285428e-05
Qwen/Qwen3-4B-instruct-2507,21,356,9.422077414854241e-07,0.9999601856829804,0.9999611278907219,False,3.981431701960414e-05
Qwen/Qwen3-4B-instruct-2507,21,357,0.11905825630576762,0.8797280431213904,0.998786299427158,True,0.8809417436942324
Qwen/Qwen3-4B-instruct-2507,21,358,1.0676673539559214e-06,0.9999651921008026,0.9999662597681566,False,3.480789919740879e-05
Qwen/Qwen3-4B-instruct-2507,21,359,9.422176256898301e-07,0.9999705561718785,0.9999714983895042,False,2.9443828121533677e-05
Qwen/Qwen3-4B-instruct-2507,21,360,7.337424428588271e-07,0.9998917696795575,0.9998925034220003,False,0.00010823032044249281
Qwen/Qwen3-4B-instruct-2507,21,361,6.475736021225445e-07,0.9999665033109116,0.9999671508845137,False,3.3496689088363674e-05
Qwen/Qwen3-4B-instruct-2507,21,362,1.3708466504265411e-06,0.9999176331638507,0.9999190040105012,False,8.236683614926132e-05
Qwen/Qwen3-4B-instruct-2507,21,363,4.222223076718802e-06,0.999850772237268,0.9998549944603448,False,0.0001492277627319627
Qwen/Qwen3-4B-instruct-2507,21,364,1.5533579472762518e-06,0.9999086940219724,0.9999102473799196,False,9.130597802764484e-05
Qwen/Qwen3-4B-instruct-2507,21,365,5.714718880193759e-07,0.9999491002239198,0.9999496716958078,False,5.089977608019325e-05
Qwen/Qwen3-4B-instruct-2507,21,366,2.260156964111147e-06,0.9999239502537504,0.9999262104107145,False,7.604974624964012e-05
Qwen/Qwen3-4B-instruct-2507,21,367,1.067663281135954e-06,0.9999618544824983,0.9999629221457794,False,3.814551750169759e-05
Qwen/Qwen3-4B-instruct-2507,21,368,6.475618683169178e-07,0.999948861828418,0.9999495093902864,False,5.113817158197698e-05
Qwen/Qwen3-4B-instruct-2507,21,369,3.534849887924823e-05,0.9997453146368258,0.999780663135705,False,0.00025468536317418966
Qwen/Qwen3-4B-instruct-2507,21,370,1.3707969723594987e-06,0.9998819967293698,0.9998833675263422,False,0.00011800327063016258
Qwen/Qwen3-4B-instruct-2507,21,371,9.607994320511778e-05,0.9996702566681586,0.9997663366113637,False,0.00032974333184143667
Qwen/Qwen3-4B-instruct-2507,21,372,6.143210447269781e-06,0.9998373057981433,0.9998434490085906,False,0.00016269420185666128
Qwen/Qwen3-4B-instruct-2507,21,373,1.2098106114831244e-06,0.9999533913417585,0.99995460115237,False,4.660865824146487e-05
Qwen/Qwen3-4B-instruct-2507,21,374,1.370880641720254e-06,0.9999430212054865,0.9999443920861282,False,5.6978794513495856e-05
Qwen/Qwen3-4B-instruct-2507,21,375,1.0676449536383643e-06,0.9999445707518435,0.9999456383967972,False,5.5429248156491084e-05
Qwen/Qwen3-4B-instruct-2507,21,376,1.5533579472762518e-06,0.9999083364559224,0.9999098898138696,False,9.166354407763588e-05
Qwen/Qwen3-4B-instruct-2507,21,377,1.209799073885061e-06,0.999943378794853,0.9999445885939269,False,5.662120514704494e-05
Qwen/Qwen3-4B-instruct-2507,21,378,0.999985218266486,4.691092440898271e-08,0.9999852651774104,True,1.4781733513991036e-05
Qwen/Qwen3-4B-instruct-2507,21,379,1.3708989450736658e-06,0.9999560137072835,0.9999573846062285,False,4.398629271651355e-05
Qwen/Qwen3-4B-instruct-2507,21,380,7.337725327826589e-07,0.9999334856404999,0.9999342194130326,False,6.651435950011386e-05
Qwen/Qwen3-4B-instruct-2507,21,381,6.143181154229502e-06,0.9998317048053932,0.9998378479865474,False,0.00016829519460681563
Qwen/Qwen3-4B-instruct-2507,21,382,1.3708623386112165e-06,0.9999297906597954,0.999931161522134,False,7.020934020462999e-05
Qwen/Qwen3-4B-instruct-2507,21,383,1.3708950229059337e-06,0.999952795348734,0.999954166243757,False,4.720465126595297e-05
Qwen/Qwen3-4B-instruct-2507,21,384,1.209765615472897e-06,0.9999159645108857,0.9999171742765012,False,8.403548911428693e-05
Qwen/Qwen3-4B-instruct-2507,21,385,1.553400908400104e-06,0.9999359887121412,0.9999375421130495,False,6.401128785882282e-05
Qwen/Qwen3-4B-instruct-2507,21,386,1.2097944588766444e-06,0.9999398029324065,0.9999410127268653,False,6.0197067593525944e-05
Qwen/Qwen3-4B-instruct-2507,21,387,7.888391925400525e-06,0.9998819967293698,0.9998898851212953,False,0.00011800327063016258
Qwen/Qwen3-4B-instruct-2507,21,388,7.337767314747831e-07,0.9999390877636344,0.9999398215403659,False,6.091223636561782e-05
Qwen/Qwen3-4B-instruct-2507,21,389,9.422203213999366e-07,0.9999732978321718,0.9999742400524932,False,2.6702167828185353e-05
Qwen/Qwen3-4B-instruct-2507,21,390,1.7601448680352082e-06,0.9998859297211151,0.9998876898659832,False,0.0001140702788848813
Qwen/Qwen3-4B-instruct-2507,21,391,1.2098013813958713e-06,0.9999458819130859,0.9999470917144673,False,5.4118086914134444e-05
Qwen/Qwen3-4B-instruct-2507,21,392,4.222186837242968e-06,0.9998421918100967,0.999846413996934,False,0.00015780818990329681
Qwen/Qwen3-4B-instruct-2507,21,393,8.938258789456317e-06,0.9998297981142137,0.9998387363730031,False,0.00017020188578631412
Qwen/Qwen3-4B-instruct-2507,21,394,9.421897704703341e-07,0.9999405181016902,0.9999414602914606,False,5.9481898309843295e-05
Qwen/Qwen3-4B-instruct-2507,21,395,8.314890696697535e-07,0.9999519609634618,0.9999527924525315,False,4.8039036538161106e-05
Qwen/Qwen3-4B-instruct-2507,21,396,2.5609541517635468e-06,0.9998691253359875,0.9998716862901392,False,0.00013087466401251469
Qwen/Qwen3-4B-instruct-2507,21,397,1.067659208331523e-06,0.9999581592914675,0.9999592269506759,False,4.184070853252564e-05
Qwen/Qwen3-4B-instruct-2507,21,398,1.0676194993025217e-06,0.9999208513000997,0.9999219189195989,False,7.914869990033324e-05
Qwen/Qwen3-4B-instruct-2507,21,399,0.9999688873432871,3.9277399326409796e-07,0.9999692801172804,True,3.111265671285057e-05
Qwen/Qwen3-4B-instruct-2507,22,350,9.421879733876773e-07,0.9999390877636344,0.9999400299516078,False,6.091223636561782e-05
Qwen/Qwen3-4B-instruct-2507,22,351,8.315017572828739e-07,0.9999678145263777,0.9999686460281351,False,3.218547362227042e-05
Qwen/Qwen3-4B-instruct-2507,22,352,0.9999471930724098,9.930663943321728e-08,0.9999472923790492,True,5.280692759024319e-05
Qwen/Qwen3-4B-instruct-2507,22,353,1.3709002524654035e-06,0.9999568480995752,0.9999582189998276,False,4.315190042480932e-05
Qwen/Qwen3-4B-instruct-2507,22,354,2.9019578405343807e-06,0.9998750842669973,0.9998779862248379,False,0.0001249157330026618
Qwen/Qwen3-4B-instruct-2507,22,355,8.314962064283121e-07,0.9999607816804097,0.9999616131766161,False,3.9218319590306194e-05
Qwen/Qwen3-4B-instruct-2507,22,356,4.784140914853835e-06,0.9997961936663362,0.9998009778072511,False,0.00020380633366379186
Qwen/Qwen3-4B-instruct-2507,22,357,1.2098163803234179e-06,0.9999583976891858,0.9999596075055661,False,4.160231081418164e-05
Qwen/Qwen3-4B-instruct-2507,22,358,4.222299583300364e-06,0.9998696020381034,0.9998738243376867,False,0.00013039796189662223
Qwen/Qwen3-4B-instruct-2507,22,359,8.315065151877061e-07,0.9999728210205924,0.9999736525271076,False,2.7178979407627146e-05
Qwen/Qwen3-4B-instruct-2507,22,360,5.71460443174675e-07,0.9999295522725348,0.999930123732978,False,7.04477274652282e-05
Qwen/Qwen3-4B-instruct-2507,22,361,6.47569896687272e-07,0.9999611392834032,0.9999617868533,False,3.886071659675583e-05
Qwen/Qwen3-4B-instruct-2507,22,362,3.7261307687252165e-06,0.999860067878919,0.9998637940096877,False,0.00013993212108098785
Qwen/Qwen3-4B-instruct-2507,22,363,6.961673973797252e-06,0.999909051580875,0.9999160132548488,False,9.094841912504759e-05
Qwen/Qwen3-4B-instruct-2507,22,364,1.5532735099092818e-06,0.9998539899473596,0.9998555432208696,False,0.00014601005264036626
Qwen/Qwen3-4B-instruct-2507,22,365,6.475680439775866e-07,0.999957920890168,0.999958568458212,False,4.2079109832005024e-05
Qwen/Qwen3-4B-instruct-2507,22,366,3.726248036572542e-06,0.9998911737632742,0.9998949000113108,False,0.00010882623672581193
Qwen/Qwen3-4B-instruct-2507,22,367,1.2098198416407977e-06,0.9999606624830781,0.9999618723029198,False,3.933751692186682e-05
Qwen/Qwen3-4B-instruct-2507,22,368,2.5608955368455432e-06,0.9998461244924994,0.9998486853880363,False,0.0001538755075005671
Qwen/Qwen3-4B-instruct-2507,22,369,6.475742196971513e-07,0.99996769532457,0.9999683428987897,False,3.230467543002824e-05
Qwen/Qwen3-4B-instruct-2507,22,370,6.142161843432437e-06,0.9996659679836566,0.9996721101455001,False,0.00033403201634341073
Qwen/Qwen3-4B-instruct-2507,22,371,1.370880641720254e-06,0.9999429020102719,0.9999442728909136,False,5.709798972808322e-05
Qwen/Qwen3-4B-instruct-2507,22,372,1.3001270354269717e-05,0.9995364907976888,0.9995494920680431,False,0.0004635092023111964
Qwen/Qwen3-4B-instruct-2507,22,373,1.553440907755912e-06,0.9999618544824983,0.9999634079234061,False,3.814551750169759e-05
Qwen/Qwen3-4B-instruct-2507,22,374,0.9998249122210231,3.7259992909819816e-06,0.9998286382203141,True,0.0001750877789769012
Qwen/Qwen3-4B-instruct-2507,22,375,6.475736021225445e-07,0.9999661457096376,0.9999667932832397,False,3.385429036240062e-05
Qwen/Qwen3-4B-instruct-2507,22,376,1.3003576768660368e-05,0.9997140986828226,0.9997271022595913,False,0.0002859013171774283
Qwen/Qwen3-4B-instruct-2507,22,377,8.314906556108061e-07,0.9999541065280364,0.9999549380186921,False,4.589347196359839e-05
Qwen/Qwen3-4B-instruct-2507,22,378,2.2601785187504045e-06,0.9999332472523584,0.9999355074308772,False,6.675274764156303e-05
Qwen/Qwen3-4B-instruct-2507,22,379,1.2098348407972113e-06,0.9999728210205924,0.9999740308554331,False,2.7178979407627146e-05
Qwen/Qwen3-4B-instruct-2507,22,380,1.7601314392468045e-06,0.9998779445874486,0.9998797047188879,False,0.00012205541255139174
Qwen/Qwen3-4B-instruct-2507,22,381,1.553399426962261e-06,0.9999350351575294,0.9999365885569563,False,6.496484247064949e-05
Qwen/Qwen3-4B-instruct-2507,22,382,4.221969406919803e-06,0.9997914272527199,0.9997956492221268,False,0.00020857274728014463
Qwen/Qwen3-4B-instruct-2507,22,383,1.3708937155191832e-06,0.9999526761523544,0.9999540470460699,False,4.7323847645608375e-05
Qwen/Qwen3-4B-instruct-2507,22,384,1.7601012248474896e-06,0.9998609021111264,0.9998626622123513,False,0.00013909788887356278
Qwen/Qwen3-4B-instruct-2507,22,385,3.288336493834524e-06,0.9998711513688372,0.9998744397053311,False,0.00012884863116280343
Qwen/Qwen3-4B-instruct-2507,22,386,5.421519300333429e-06,0.9998653116399425,0.9998707331592429,False,0.00013468836005747775
Qwen/Qwen3-4B-instruct-2507,22,387,1.3708793343472184e-06,0.9999420676405305,0.9999434385198649,False,5.793235946949249e-05
Qwen/Qwen3-4B-instruct-2507,22,388,4.222215023475069e-06,0.9998495805121227,0.9998538027271462,False,0.00015041948787730686
Qwen/Qwen3-4B-instruct-2507,22,389,1.0676785542909426e-06,0.9999756818971167,0.9999767495756711,False,2.4318102883280623e-05
Qwen/Qwen3-4B-instruct-2507,22,390,1.760067653901e-06,0.9998412384322287,0.9998429984998827,False,0.0001587615677712817
Qwen/Qwen3-4B-instruct-2507,22,391,1.0676612447317964e-06,0.9999595896822684,0.9999606573435131,False,4.0410317731609524e-05
Qwen/Qwen3-4B-instruct-2507,22,392,2.2597517751497817e-06,0.9997441231392131,0.9997463828909883,False,0.00025587686078687444
Qwen/Qwen3-4B-instruct-2507,22,393,1.067646990011449e-06,0.999946597090355,0.9999476647373451,False,5.340290964495065e-05
Qwen/Qwen3-4B-instruct-2507,22,394,1.994514944953318e-06,0.999890577847346,0.999892572362291,False,0.0001094221526539707
Qwen/Qwen3-4B-instruct-2507,22,395,8.314874837317256e-07,0.9999507689867486,0.9999516004742324,False,4.9231013251382905e-05
Qwen/Qwen3-4B-instruct-2507,22,396,0.9999761587100603,5.31566358714795e-08,0.9999762118666962,True,2.38412899397078e-05
Qwen/Qwen3-4B-instruct-2507,22,397,8.315104801291966e-07,0.9999780659713836,0.9999788974818637,False,2.1934028616388268e-05
Qwen/Qwen3-4B-instruct-2507,22,398,1.7601666900348793e-06,0.999897967263424,0.999899727430114,False,0.00010203273657605205
Qwen/Qwen3-4B-instruct-2507,22,399,6.475729845485267e-07,0.9999653112986742,0.9999659588716587,False,3.468870132583568e-05
Qwen/Qwen3-4B-instruct-2507,23,350,6.4756310344434e-07,0.9999502921986438,0.9999509397617473,False,4.9707801356158043e-05
Qwen/Qwen3-4B-instruct-2507,23,351,2.2601526532079627e-06,0.999921924012059,0.9999241841647123,False,7.807598794096204e-05
Qwen/Qwen3-4B-instruct-2507,23,352,1.892131956274552e-05,0.9997785581818514,0.9997974795014141,False,0.00022144181814864883
Qwen/Qwen3-4B-instruct-2507,23,353,2.4298421170671808e-05,0.9999010660806753,0.999925364501846,False,9.89339193246952e-05
Qwen/Qwen3-4B-instruct-2507,23,354,4.539144439314458e-05,0.9998126381008693,0.9998580295452625,False,0.00018736189913071133
Qwen/Qwen3-4B-instruct-2507,23,355,3.535082501171107e-05,0.9998110889771968,0.9998464398022086,False,0.00018891102280316208
Qwen/Qwen3-4B-instruct-2507,23,356,6.961541191670205e-06,0.9998902202950495,0.9998971818362411,False,0.00010977970495051892
Qwen/Qwen3-4B-instruct-2507,23,357,2.1442422541931327e-05,0.9998607829329756,0.9998822253555176,False,0.00013921706702435532
Qwen/Qwen3-4B-instruct-2507,23,358,1.6699789541640194e-05,0.9998858105399812,0.9999025103295228,False,0.00011418946001884311
Qwen/Qwen3-4B-instruct-2507,23,359,8.939136823927209e-06,0.9999282411581683,0.9999371802949922,False,7.17588418317483e-05
Qwen/Qwen3-4B-instruct-2507,23,360,3.0588540056096666e-07,0.9999444515564443,0.9999447574418449,False,5.554844355570854e-05
Qwen/Qwen3-4B-instruct-2507,23,361,2.560902863636926e-06,0.9998496996743885,0.9998522605772522,False,0.00015030032561147433
Qwen/Qwen3-4B-instruct-2507,23,362,6.143257316424763e-06,0.9998444560679898,0.9998505993253062,False,0.00015554393201022698
Qwen/Qwen3-4B-instruct-2507,23,363,2.753138148088486e-05,0.9998154980680914,0.9998430294495724,False,0.0001845019319085539
Qwen/Qwen3-4B-instruct-2507,23,364,2.260047038648379e-06,0.9998753226267224,0.999877582673761,False,0.00012467737327759298
Qwen/Qwen3-4B-instruct-2507,23,365,9.421717997980107e-07,0.999922043204773,0.9999229853765728,False,7.795679522704102e-05
Qwen/Qwen3-4B-instruct-2507,23,366,1.8922979755013413e-05,0.9998665034129377,0.9998854263926927,False,0.0001334965870622984
Qwen/Qwen3-4B-instruct-2507,23,367,3.7263617543732984e-06,0.999921566441278,0.9999252928030324,False,7.843355872194646e-05
Qwen/Qwen3-4B-instruct-2507,23,368,0.9999758010998766,1.4449457955062187e-07,0.9999759455944561,True,2.419890012339554e-05
Qwen/Qwen3-4B-instruct-2507,23,369,1.1477695769349633e-05,0.9998953451992663,0.9999068228950356,False,0.0001046548007337389
Qwen/Qwen3-4B-instruct-2507,23,370,5.827387523622869e-05,0.9996432147292739,0.9997014886045101,False,0.0003567852707261343
Qwen/Qwen3-4B-instruct-2507,23,371,2.1441522800951748e-05,0.999818953880008,0.9998403954028089,False,0.00018104611999203435
Qwen/Qwen3-4B-instruct-2507,23,372,0.9999328896775282,2.561117792176892e-06,0.9999354507953204,False,0.9999974388822078
Qwen/Qwen3-4B-instruct-2507,23,373,3.11986597203408e-05,0.999864954118506,0.9998961527782263,False,0.00013504588149404473
Qwen/Qwen3-4B-instruct-2507,23,374,7.888580001561983e-06,0.9999059527170496,0.9999138412970512,False,9.404728295037135e-05
Qwen/Qwen3-4B-instruct-2507,23,375,1.5533875755103778e-06,0.9999277643917183,0.9999293177792937,False,7.223560828173436e-05
Qwen/Qwen3-4B-instruct-2507,23,376,0.0005526283033446966,0.9991756326502103,0.9997282609535549,False,0.0008243673497897452
Qwen/Qwen3-4B-instruct-2507,23,377,0.0002033960040082334,0.9996442868524509,0.9998476828564591,False,0.0003557131475491193
Qwen/Qwen3-4B-instruct-2507,23,378,2.260189296147119e-06,0.9999376574276245,0.9999399176169207,False,6.234257237547336e-05
Qwen/Qwen3-4B-instruct-2507,23,379,2.4298467516276408e-05,0.9999022579399389,0.9999265564074552,False,9.7742060061079e-05
Qwen/Qwen3-4B-instruct-2507,23,380,8.478604754441401e-05,0.9996202242756612,0.9997050103232056,False,0.00037977572433878226
Qwen/Qwen3-4B-instruct-2507,23,381,4.538889043436934e-05,0.999756395574443,0.9998017844648773,False,0.00024360442555704243
Qwen/Qwen3-4B-instruct-2507,23,382,6.602438767904729e-05,0.999513862550616,0.999579886938295,False,0.0004861374493839721
Qwen/Qwen3-4B-instruct-2507,23,383,4.005933719408493e-05,0.9998514872846768,0.9998915466218709,False,0.00014851271532323462
Qwen/Qwen3-4B-instruct-2507,23,384,4.7845287441197e-06,0.9998768719663205,0.9998816564950646,False,0.0001231280336795315
Qwen/Qwen3-4B-instruct-2507,23,385,7.888452109284322e-06,0.9998893860165551,0.9998972744686644,False,0.00011061398344491824
Qwen/Qwen3-4B-instruct-2507,23,386,9.608324190481302e-05,0.9997046866207177,0.9998007698626225,False,0.000295313379282347
Qwen/Qwen3-4B-instruct-2507,23,387,2.7532720567991536e-05,0.999864954118506,0.999892486839074,False,0.00013504588149404473
Qwen/Qwen3-4B-instruct-2507,23,388,2.429591863928885e-05,0.9997979810791193,0.9998222769977586,False,0.00020201892088067552
Qwen/Qwen3-4B-instruct-2507,23,389,1.0129185523185452e-05,0.999910362648254,0.9999204918337772,False,8.963735174605247e-05
Qwen/Qwen3-4B-instruct-2507,23,390,1.3004705324754068e-05,0.9998007217897762,0.9998137264951009,False,0.00019927821022380776
Qwen/Qwen3-4B-instruct-2507,23,391,8.93877025535979e-06,0.9998872407290764,0.9998961794993317,True,0.9999910612297447
Qwen/Qwen3-4B-instruct-2507,23,392,2.5609810173826626e-06,0.9998797322918859,0.9998822932729032,False,0.00012026770811413012
Qwen/Qwen3-4B-instruct-2507,23,393,0.0015006401734580692,0.998138323794447,0.9996389639679051,False,0.0018616762055529978
Qwen/Qwen3-4B-instruct-2507,23,394,7.888015786529595e-06,0.9998337306896703,0.9998416187054568,False,0.00016626931032970305
Qwen/Qwen3-4B-instruct-2507,23,395,0.00012336544189131578,0.9996408322406742,0.9997641976825655,False,0.0003591677593257625
Qwen/Qwen3-4B-instruct-2507,23,396,7.88828660470874e-06,0.9998685294404747,0.9998764177270794,False,0.00013147055952533737
Qwen/Qwen3-4B-instruct-2507,23,397,5.421948457506314e-06,0.9999449283417642,0.9999503502902217,False,5.5071658235816834e-05
Qwen/Qwen3-4B-instruct-2507,23,398,1.0128876409691627e-05,0.999880209013609,0.9998903378900187,False,0.00011979098639103292
Qwen/Qwen3-4B-instruct-2507,23,399,0.999892246414295,5.8288381933389505e-05,0.9999505347962283,False,0.9999417116180667
Qwen/Qwen3-4B-instruct-2507,24,350,4.450725162329541e-07,0.9999716289935482,0.9999720740660645,False,2.8371006451810565e-05
Qwen/Qwen3-4B-instruct-2507,24,351,4.450767607954704e-07,0.9999809268774651,0.9999813719542259,False,1.9073122534907228e-05
Qwen/Qwen3-4B-instruct-2507,24,352,0.0003351323111128952,0.9990153481339895,0.9993504804451024,False,0.0009846518660104886
Qwen/Qwen3-4B-instruct-2507,24,353,8.315128591031658e-07,0.9999804500586101,0.9999812815714693,False,1.9549941389862546e-05
Qwen/Qwen3-4B-instruct-2507,24,354,6.1436440005977066e-06,0.9999072637730902,0.9999134074170909,False,9.273622690975092e-05
Qwen/Qwen3-4B-instruct-2507,24,355,5.043375620173722e-07,0.9999798540367254,0.9999803583742874,False,2.0145963274598166e-05
Qwen/Qwen3-4B-instruct-2507,24,356,1.5533757241489137e-06,0.9999196593968471,0.9999212127725713,False,8.034060315287306e-05
Qwen/Qwen3-4B-instruct-2507,24,357,6.475791603152086e-07,0.9999753242852847,0.999975971864445,False,2.4675714715316488e-05
Qwen/Qwen3-4B-instruct-2507,24,358,1.0676622629333897e-06,0.9999609008813933,0.9999619685436563,False,3.909911860666693e-05
Qwen/Qwen3-4B-instruct-2507,24,359,7.338096220609707e-07,0.9999840262101118,0.9999847600197339,False,1.597378988815734e-05
Qwen/Qwen3-4B-instruct-2507,24,360,0.9982443929502824,0.001500799752044351,0.9997451927023268,True,0.0017556070497175558
Qwen/Qwen3-4B-instruct-2507,24,361,5.043385239658489e-07,0.9999816421070834,0.9999821464456073,False,1.8357892916598395e-05
Qwen/Qwen3-4B-instruct-2507,24,362,7.337942262839063e-07,0.9999631656845929,0.9999638994788191,False,3.683431540713045e-05
Qwen/Qwen3-4B-instruct-2507,24,363,7.338012243243468e-07,0.9999721058045592,0.9999728396057835,False,2.789419544080296e-05
Qwen/Qwen3-4B-instruct-2507,24,364,5.714849681225569e-07,0.9999718673999347,0.9999724388849028,False,2.813260006528928e-05
Qwen/Qwen3-4B-instruct-2507,24,365,5.043385239658489e-07,0.9999819997211749,0.9999825040596988,False,1.8000278825147653e-05
Qwen/Qwen3-4B-instruct-2507,24,366,2.902182018528322e-06,0.9999521993597025,0.999955101541721,False,4.7800640297523955e-05
Qwen/Qwen3-4B-instruct-2507,24,367,6.475847185555793e-07,0.9999839070045525,0.999984554589271,False,1.6092995447469782e-05
Qwen/Qwen3-4B-instruct-2507,24,368,0.0002610784799095939,0.9993106114154511,0.9995716898953607,False,0.0006893885845489223
Qwen/Qwen3-4B-instruct-2507,24,369,4.450763363373972e-07,0.9999802116501774,0.9999806567265137,False,1.9788349822635887e-05
Qwen/Qwen3-4B-instruct-2507,24,370,1.7600844392942053e-06,0.9998516064617196,0.9998533665461589,False,0.00014839353828044466
Qwen/Qwen3-4B-instruct-2507,24,371,6.475834833869297e-07,0.9999822381318528,0.9999828857153362,False,1.776186814717029e-05
Qwen/Qwen3-4B-instruct-2507,24,372,0.9990763858235311,0.0005525734952111156,0.9996289593187422,False,0.9994474265047889
Qwen/Qwen3-4B-instruct-2507,24,373,5.71492053303449e-07,0.9999843838268748,0.9999849553189282,False,1.5616173125176935e-05
Qwen/Qwen3-4B-instruct-2507,24,374,1.0676581901328428e-06,0.9999574440950153,0.9999585117532054,False,4.255590498469797e-05
Qwen/Qwen3-4B-instruct-2507,24,375,3.058964859337409e-07,0.9999805692637573,0.9999808751602433,False,1.9430736242664892e-05
Qwen/Qwen3-4B-instruct-2507,24,376,0.0011686373285642391,0.9980847632571491,0.9992534005857133,False,0.0019152367428508787
Qwen/Qwen3-4B-instruct-2507,24,377,5.043327523025098e-07,0.9999700793634253,0.9999705836961776,False,2.9920636574698456e-05
Qwen/Qwen3-4B-instruct-2507,24,378,1.8923088033481893e-05,0.9998719856102921,0.9998909086983256,False,0.0001280143897078867
Qwen/Qwen3-4B-instruct-2507,24,379,5.71492053303449e-07,0.999984503032491,0.9999850745245443,False,1.5496967509021076e-05
Qwen/Qwen3-4B-instruct-2507,24,380,6.475600156302018e-07,0.9999454051273113,0.999946052687327,False,5.459487268866248e-05
Qwen/Qwen3-4B-instruct-2507,24,381,8.314977923829771e-07,0.9999631656845929,0.9999639971823853,False,3.683431540713045e-05
Qwen/Qwen3-4B-instruct-2507,24,382,9.421861763084483e-07,0.999937061454891,0.9999380036410673,False,6.293854510897035e-05
Qwen/Qwen3-4B-instruct-2507,24,383,5.043394859161604e-07,0.9999841454156853,0.9999846497551712,False,1.5854584314745068e-05
Qwen/Qwen3-4B-instruct-2507,24,384,0.9999924898711537,3.224162138757908e-08,0.9999925221127751,True,7.510128846255348e-06
Qwen/Qwen3-4B-instruct-2507,24,385,4.4507463850915234e-07,0.9999765163221908,0.9999769613968292,False,2.3483677809243986e-05
Qwen/Qwen3-4B-instruct-2507,24,386,9.422005530382557e-07,0.9999524377560001,0.9999533799565531,False,4.756224399993236e-05
Qwen/Qwen3-4B-instruct-2507,24,387,3.927788628143875e-07,0.9999811652878874,0.9999815580667502,False,1.8834712112614227e-05
Qwen/Qwen3-4B-instruct-2507,24,388,9.421888719285773e-07,0.9999399221272516,0.9999408643161235,False,6.00778727484208e-05
Qwen/Qwen3-4B-instruct-2507,24,389,5.714936883576678e-07,0.9999871255623688,0.9999876970560572,False,1.2874437631205105e-05
Qwen/Qwen3-4B-instruct-2507,24,390,2.260021174610599e-06,0.9998638815258633,0.9998661415470379,False,0.00013611847413674827
Qwen/Qwen3-4B-instruct-2507,24,391,5.714909632699021e-07,0.9999824765407688,0.999983048031732,False,1.752345923122789e-05
Qwen/Qwen3-4B-instruct-2507,24,392,1.5532972111629515e-06,0.999869363679742,0.9998709169769532,False,0.0001306363202580041
Qwen/Qwen3-4B-instruct-2507,24,393,6.475742196971513e-07,0.9999672185211188,0.9999678660953385,False,3.2781478881194204e-05
Qwen/Qwen3-4B-instruct-2507,24,394,6.475674264088694e-07,0.9999568480995752,0.9999574956670017,False,4.315190042480932e-05
Qwen/Qwen3-4B-instruct-2507,24,395,3.927784882314526e-07,0.9999799732399826,0.9999803660184707,False,2.002676001744419e-05
Qwen/Qwen3-4B-instruct-2507,24,396,0.03727948423150315,0.961450663391854,0.9987301476233572,False,0.03854933660814597
Qwen/Qwen3-4B-instruct-2507,24,397,5.714942333767803e-07,0.9999885560391694,0.9999891275334027,False,1.1443960830637145e-05
Qwen/Qwen3-4B-instruct-2507,24,398,6.475729845485267e-07,0.9999651921008026,0.9999658396737872,False,3.480789919740879e-05
Qwen/Qwen3-4B-instruct-2507,24,399,3.92779611981329e-07,0.9999824765407688,0.9999828693203807,False,1.752345923122789e-05
Qwen/Qwen3-4B-instruct-2507,25,350,0.9999847414437658,4.691092440898271e-08,0.9999847883546902,True,1.5258556234187814e-05
Qwen/Qwen3-4B-instruct-2507,25,351,7.337984251001619e-07,0.9999680529300359,0.999968786728461,False,3.194706996412222e-05
Qwen/Qwen3-4B-instruct-2507,25,352,6.475624858803344e-07,0.9999492194198731,0.999949866982359,False,5.0780580126863484e-05
Qwen/Qwen3-4B-instruct-2507,25,353,7.338054231806457e-07,0.9999778275635193,0.9999785613689425,False,2.217243648072742e-05
Qwen/Qwen3-4B-instruct-2507,25,354,7.337893276953071e-07,0.9999564905017542,0.9999572242910819,False,4.3509498245830613e-05
Qwen/Qwen3-4B-instruct-2507,25,355,1.300492856723246e-05,0.9998182388704149,0.9998312437989821,False,0.00018176112958512292
Qwen/Qwen3-4B-instruct-2507,25,356,7.337886278996053e-07,0.9999555369130402,0.999956270701668,False,4.446308695982282e-05
Qwen/Qwen3-4B-instruct-2507,25,357,8.314985853614439e-07,0.9999637616874363,0.9999645931860216,False,3.62383125637189e-05
Qwen/Qwen3-4B-instruct-2507,25,358,8.314874837317256e-07,0.9999507689867486,0.9999516004742324,False,4.9231013251382905e-05
Qwen/Qwen3-4B-instruct-2507,25,359,7.338005245172995e-07,0.9999717481958249,0.9999724819963495,False,2.825180417509454e-05
Qwen/Qwen3-4B-instruct-2507,25,360,5.04290428789534e-07,0.9998867639967257,0.9998872682871545,False,0.00011323600327428629
Qwen/Qwen3-4B-instruct-2507,25,361,5.714795180431818e-07,0.9999626888833015,0.9999632603628196,False,3.731111669846854e-05
Qwen/Qwen3-4B-instruct-2507,25,362,3.9277586616091094e-07,0.9999728210205924,0.9999732137964585,False,2.7178979407627146e-05
Qwen/Qwen3-4B-instruct-2507,25,363,6.47570514258345e-07,0.9999616160839557,0.9999622636544699,False,3.838391604427116e-05
Qwen/Qwen3-4B-instruct-2507,25,364,3.9277361868580704e-07,0.9999673377228697,0.9999677304964885,False,3.2662277130279804e-05
Qwen/Qwen3-4B-instruct-2507,25,365,5.714697080312853e-07,0.9999457627138926,0.9999463341836006,False,5.423728610742806e-05
Qwen/Qwen3-4B-instruct-2507,25,366,5.714707980242911e-07,0.9999479082542545,0.9999484797250525,False,5.209174574549724e-05
Qwen/Qwen3-4B-instruct-2507,25,367,5.043385239658489e-07,0.9999814036965474,0.9999819080350714,False,1.8596303452578233e-05
Qwen/Qwen3-4B-instruct-2507,25,368,3.9276949834818377e-07,0.99995696730009,0.9999573600695884,False,4.3032699910017236e-05
Qwen/Qwen3-4B-instruct-2507,25,369,3.927766153221367e-07,0.9999750858798929,0.9999754786565083,False,2.491412010707794e-05
Qwen/Qwen3-4B-instruct-2507,25,370,1.891947908506005e-05,0.9996816933277003,0.9997006128067853,False,0.00031830667229970633
Qwen/Qwen3-4B-instruct-2507,25,371,5.714860581446691e-07,0.9999743706604208,0.999974942146479,False,2.5629339579169574e-05
Qwen/Qwen3-4B-instruct-2507,25,372,5.714680730456747e-07,0.9999431404007152,0.9999437118687883,False,5.685959928480866e-05
Qwen/Qwen3-4B-instruct-2507,25,373,7.338040235592098e-07,0.9999756818971167,0.9999764157011403,False,2.4318102883280623e-05
Qwen/Qwen3-4B-instruct-2507,25,374,5.714816980686947e-07,0.9999663841092601,0.9999669555909582,False,3.361589073991311e-05
Qwen/Qwen3-4B-instruct-2507,25,375,0.9999898673126559,1.955549459123185e-08,0.9999898868681505,True,1.0132687344066582e-05
Qwen/Qwen3-4B-instruct-2507,25,376,6.47549517172266e-07,0.999929671466158,0.9999303190156751,False,7.032853384203452e-05
Qwen/Qwen3-4B-instruct-2507,25,377,5.71478973038103e-07,0.9999618544824983,0.9999624259614713,False,3.814551750169759e-05
Qwen/Qwen3-4B-instruct-2507,25,378,4.450678472609395e-07,0.9999607816804097,0.9999612267482569,False,3.9218319590306194e-05
Qwen/Qwen3-4B-instruct-2507,25,379,5.714860581446691e-07,0.9999738938465109,0.9999744653325691,False,2.610615348908052e-05
Qwen/Qwen3-4B-instruct-2507,25,380,3.7259850774497846e-06,0.9998205030304157,0.9998242290154932,False,0.00017949696958430295
Qwen/Qwen3-4B-instruct-2507,25,381,6.475754548481319e-07,0.9999694833531786,0.9999701309286334,False,3.0516646821410198e-05
Qwen/Qwen3-4B-instruct-2507,25,382,5.043298664956094e-07,0.9999648344963598,0.9999653388262263,False,3.516550364024429e-05
Qwen/Qwen3-4B-instruct-2507,25,383,6.475803954756127e-07,0.999977350747961,0.9999779983283565,False,2.264925203898649e-05
Qwen/Qwen3-4B-instruct-2507,25,384,5.043207282160288e-07,0.9999464778947144,0.9999469822154425,False,5.352210528564161e-05
Qwen/Qwen3-4B-instruct-2507,25,385,3.927702474972639e-07,0.99995911288632,0.9999595056565675,False,4.088711367999931e-05
Qwen/Qwen3-4B-instruct-2507,25,386,4.4507166732530836e-07,0.999969006545237,0.9999694516169043,False,3.099345476298421e-05
Qwen/Qwen3-4B-instruct-2507,25,387,4.4507463850915234e-07,0.9999761587100603,0.9999766037846988,False,2.38412899397078e-05
Qwen/Qwen3-4B-instruct-2507,25,388,4.4506657391343605e-07,0.9999576824925632,0.9999581275591372,False,4.2317507436773205e-05
Qwen/Qwen3-4B-instruct-2507,25,389,4.450771852539484e-07,0.9999822381318528,0.999982683209038,False,1.776186814717029e-05
Qwen/Qwen3-4B-instruct-2507,25,390,0.0011685838338171847,0.9980391640265988,0.999207747860416,False,0.0019608359734012426
Qwen/Qwen3-4B-instruct-2507,25,391,6.475760724245056e-07,0.9999703177676235,0.9999709653436959,False,2.9682232376537776e-05
Qwen/Qwen3-4B-instruct-2507,25,392,3.4661588236431507e-07,0.9999517225672779,0.9999520691831603,False,4.827743272206586e-05
Qwen/Qwen3-4B-instruct-2507,25,393,4.4507336514221903e-07,0.9999728210205924,0.9999732660939575,False,2.7178979407627146e-05
Qwen/Qwen3-4B-instruct-2507,25,394,3.927754915808339e-07,0.9999722250068926,0.9999726177823842,False,2.777499310735454e-05
Qwen/Qwen3-4B-instruct-2507,25,395,6.1431460027655445e-06,0.9998259847282137,0.9998321278742165,False,0.0001740152717862875
Qwen/Qwen3-4B-instruct-2507,25,396,3.4661951852869887e-07,0.9999622120822376,0.9999625587017561,False,3.7787917762432954e-05
Qwen/Qwen3-4B-instruct-2507,25,397,4.4507845863181117e-07,0.9999848606494245,0.9999853057278831,False,1.5139350575510413e-05
Qwen/Qwen3-4B-instruct-2507,25,398,3.9277249495307764e-07,0.9999644768920447,0.9999648696645397,False,3.552310795529312e-05
Qwen/Qwen3-4B-instruct-2507,25,399,3.0589706938554157e-07,0.9999830725678546,0.9999833784649239,False,1.6927432145430465e-05
Qwen/Qwen3-4B-instruct-2507,26,350,1.0676571719351338e-06,0.9999564905017542,0.9999575581589261,False,4.3509498245830613e-05
Qwen/Qwen3-4B-instruct-2507,26,351,1.1477892798746745e-05,0.9999125080362685,0.9999239859290673,False,8.74919637314786e-05
Qwen/Qwen3-4B-instruct-2507,26,352,7.88814367173333e-06,0.9998499380280622,0.9998578261717339,False,0.00015006197193778714
Qwen/Qwen3-4B-instruct-2507,26,353,1.7602976277144838e-06,0.9999722250068926,0.9999739853045203,False,2.777499310735454e-05
Qwen/Qwen3-4B-instruct-2507,26,354,4.784766019876357e-06,0.9999265724729498,0.9999313572389696,False,7.342752705019606e-05
Qwen/Qwen3-4B-instruct-2507,26,355,1.067676517857654e-06,0.9999740130508765,0.9999750807273944,False,2.5986949123479874e-05
Qwen/Qwen3-4B-instruct-2507,26,356,6.143462373182259e-06,0.9998775870469447,0.9998837305093179,False,0.000122412953055262
Qwen/Qwen3-4B-instruct-2507,26,357,2.5611593145418954e-06,0.9999491002239198,0.9999516613832343,False,5.089977608019325e-05
Qwen/Qwen3-4B-instruct-2507,26,358,6.961474801556407e-06,0.9998804473745557,0.9998874088493572,False,0.0001195526254442747
Qwen/Qwen3-4B-instruct-2507,26,359,1.370918556080649e-06,0.9999707945761903,0.9999721654947464,False,2.920542380968616e-05
Qwen/Qwen3-4B-instruct-2507,26,360,1.0675950637110576e-06,0.9998976097084851,0.9998986773035488,False,0.00010239029151493106
Qwen/Qwen3-4B-instruct-2507,26,361,7.337942262839063e-07,0.9999629272857378,0.999963661079964,False,3.70727142622318e-05
Qwen/Qwen3-4B-instruct-2507,26,362,6.961501357525949e-06,0.9998842611792573,0.9998912226806148,False,0.00011573882074267239
Qwen/Qwen3-4B-instruct-2507,26,363,1.760275804091488e-06,0.9999598280839657,0.9999615883597698,False,4.017191603433723e-05
Qwen/Qwen3-4B-instruct-2507,26,364,0.9999754434898208,6.825434133964623e-08,0.9999755117441621,True,2.4556510179185587e-05
Qwen/Qwen3-4B-instruct-2507,26,365,8.31494620476672e-07,0.9999592320834669,0.9999600635780874,False,4.076791653306877e-05
Qwen/Qwen3-4B-instruct-2507,26,366,1.8923683576133552e-05,0.9999036881743856,0.9999226118579617,False,9.631182561442575e-05
Qwen/Qwen3-4B-instruct-2507,26,367,1.2098394559596732e-06,0.9999771123402672,0.9999783221797232,False,2.2887659732795385e-05
Qwen/Qwen3-4B-instruct-2507,26,368,6.143438937777843e-06,0.999874369188163,0.9998805126271008,False,0.00012563081183702973
Qwen/Qwen3-4B-instruct-2507,26,369,8.315081011620335e-07,0.9999753242852847,0.9999761557933858,False,2.4675714715316488e-05
Qwen/Qwen3-4B-instruct-2507,26,370,1.4734027369243954e-05,0.9996490518517953,0.9996637858791646,False,0.00035094814820468834
Qwen/Qwen3-4B-instruct-2507,26,371,3.2885027061441347e-06,0.9999213280559782,0.9999246165586844,False,7.86719440217798e-05
Qwen/Qwen3-4B-instruct-2507,26,372,1.3004358066293591e-05,0.9997736728009314,0.9997866771589977,False,0.00022632719906856558
Qwen/Qwen3-4B-instruct-2507,26,373,1.760269089184999e-06,0.9999556561097608,0.9999574163788499,False,4.434389023921792e-05
Qwen/Qwen3-4B-instruct-2507,26,374,8.938173547984372e-06,0.9998206222037653,0.9998295603773133,False,0.00017937779623466987
Qwen/Qwen3-4B-instruct-2507,26,375,5.714898732384341e-07,0.9999809268774651,0.9999814983673383,False,1.9073122534907228e-05
Qwen/Qwen3-4B-instruct-2507,26,376,7.482185449888665e-05,0.9995993789360562,0.9996742007905551,False,0.0004006210639437846
Qwen/Qwen3-4B-instruct-2507,26,377,0.00020340609088268503,0.9996942024984583,0.999897608589341,False,0.0003057975015416936
Qwen/Qwen3-4B-instruct-2507,26,378,5.4218657257696885e-06,0.9999290755054595,0.9999344973711852,False,7.092449454049188e-05
Qwen/Qwen3-4B-instruct-2507,26,379,1.9946671201724033e-06,0.9999665033109116,0.9999684979780318,False,3.3496689088363674e-05
Qwen/Qwen3-4B-instruct-2507,26,380,1.7601448680352082e-06,0.9998853338155873,0.9998870939604554,False,0.00011466618441269283
Qwen/Qwen3-4B-instruct-2507,26,381,2.561130004567307e-06,0.9999381342060671,0.9999406953360717,False,6.186579393285818e-05
Qwen/Qwen3-4B-instruct-2507,26,382,3.726354646909079e-06,0.9999201361521574,0.9999238625068043,False,7.986384784264278e-05
Qwen/Qwen3-4B-instruct-2507,26,383,1.7602976277144838e-06,0.9999723442092404,0.9999741045068681,False,2.7655790759584242e-05
Qwen/Qwen3-4B-instruct-2507,26,384,4.222359984212415e-06,0.999883426905735,0.9998876492657192,False,0.00011657309426504892
Qwen/Qwen3-4B-instruct-2507,26,385,8.314985853614439e-07,0.9999640000901282,0.9999648315887135,False,3.59999098717978e-05
Qwen/Qwen3-4B-instruct-2507,26,386,5.421845043032779e-06,0.9999253805556022,0.9999308024006452,False,7.461944439779433e-05
Qwen/Qwen3-4B-instruct-2507,26,387,1.3709172486714555e-06,0.9999694833531786,0.9999708542704273,False,3.0516646821410198e-05
Qwen/Qwen3-4B-instruct-2507,26,388,5.421741630531699e-06,0.9999067870239174,0.999912208765548,False,9.32129760825573e-05
Qwen/Qwen3-4B-instruct-2507,26,389,1.2098406097530395e-06,0.9999780659713836,0.9999792758119934,False,2.1934028616388268e-05
Qwen/Qwen3-4B-instruct-2507,26,390,0.9999763971175267,2.1023837270502155e-07,0.9999766073558994,True,2.360288247327258e-05
Qwen/Qwen3-4B-instruct-2507,26,391,1.0676836453911577e-06,0.9999804500586101,0.9999815177422555,False,1.9549941389862546e-05
Qwen/Qwen3-4B-instruct-2507,26,392,3.726319109791328e-06,0.9999101242729004,0.9999138505920102,False,8.987572709961977e-05
Qwen/Qwen3-4B-instruct-2507,26,393,1.994670924701636e-06,0.99996864893943,0.9999706436103547,False,3.135106056995074e-05
Qwen/Qwen3-4B-instruct-2507,26,394,2.260236717303188e-06,0.9999593512842658,0.9999616115209832,False,4.0648715734170615e-05
Qwen/Qwen3-4B-instruct-2507,26,395,1.067670408581093e-06,0.999968291333751,0.9999693590041595,False,3.170866624901958e-05
Qwen/Qwen3-4B-instruct-2507,26,396,1.994646195391333e-06,0.9999564905017542,0.9999584851479496,False,4.3509498245830613e-05
Qwen/Qwen3-4B-instruct-2507,26,397,1.3709381673681717e-06,0.9999848606494245,0.9999862315875918,False,1.5139350575510413e-05
Qwen/Qwen3-4B-instruct-2507,26,398,3.726468367963374e-06,0.9999505305908489,0.9999542570592169,False,4.9469409151070565e-05
Qwen/Qwen3-4B-instruct-2507,26,399,8.315136520960014e-07,0.9999817613105537,0.9999825928242058,False,1.8238689446281597e-05
Qwen/Qwen3-4B-instruct-2507,27,350,5.714876931817355e-07,0.9999767547297425,0.9999773262174356,False,2.3245270257543638e-05
Qwen/Qwen3-4B-instruct-2507,27,351,0.9999200169669461,9.421700027496303e-07,0.9999209591369489,True,7.998303305389864e-05
Qwen/Qwen3-4B-instruct-2507,27,352,9.421798865581393e-07,0.9999303866209199,0.9999313288008065,False,6.961337908006904e-05
Qwen/Qwen3-4B-instruct-2507,27,353,1.2098336870093468e-06,0.9999718673999347,0.9999730772336217,False,2.813260006528928e-05
Qwen/Qwen3-4B-instruct-2507,27,354,1.0129050284871154e-05,0.9998973713361717,0.9999075003864566,False,0.00010262866382826363
Qwen/Qwen3-4B-instruct-2507,27,355,1.209824456746042e-06,0.9999647152949072,0.9999659251193639,False,3.528470509284176e-05
Qwen/Qwen3-4B-instruct-2507,27,356,9.422131328567916e-07,0.9999653112986742,0.999966253511807,False,3.468870132583568e-05
Qwen/Qwen3-4B-instruct-2507,27,357,2.14429746744066e-05,0.9998866448154923,0.9999080877901667,False,0.00011335518450772408
Qwen/Qwen3-4B-instruct-2507,27,358,1.7602707679092198e-06,0.99995696730009,0.9999587275708579,False,4.3032699910017236e-05
Qwen/Qwen3-4B-instruct-2507,27,359,9.422230171177557e-07,0.9999765163221908,0.9999774585452079,False,2.3483677809243986e-05
Qwen/Qwen3-4B-instruct-2507,27,360,7.337676343388791e-07,0.9999263340864565,0.9999270678540908,False,7.366591354351915e-05
Qwen/Qwen3-4B-instruct-2507,27,361,6.475655737062516e-07,0.9999541065280364,0.9999547540936101,False,4.589347196359839e-05
Qwen/Qwen3-4B-instruct-2507,27,362,8.314969994052664e-07,0.9999616160839557,0.9999624475809551,False,3.838391604427116e-05
Qwen/Qwen3-4B-instruct-2507,27,363,2.90211282594185e-06,0.9999287179248457,0.9999316200376717,False,7.128207515427754e-05
Qwen/Qwen3-4B-instruct-2507,27,364,6.475729845485267e-07,0.9999655497017356,0.9999661972747201,False,3.4450298264432355e-05
Qwen/Qwen3-4B-instruct-2507,27,365,5.714827880845698e-07,0.9999681721318864,0.9999687436146745,False,3.1827868113620816e-05
Qwen/Qwen3-4B-instruct-2507,27,366,1.5534201672206294e-06,0.9999486234366107,0.9999501768567779,False,5.1376563389271546e-05
Qwen/Qwen3-4B-instruct-2507,27,367,7.338040235592098e-07,0.9999763971175267,0.9999771309215503,False,2.360288247327258e-05
Qwen/Qwen3-4B-instruct-2507,27,368,8.314938275019864e-07,0.9999580400908106,0.999958871584638,False,4.195990918942627e-05
Qwen/Qwen3-4B-instruct-2507,27,369,0.9965045277404244,0.0031716560468326134,0.999676183787257,False,0.9968283439531674
Qwen/Qwen3-4B-instruct-2507,27,370,1.7601499038572733e-06,0.9998880750057809,0.9998898351556847,False,0.00011192499421908142
Qwen/Qwen3-4B-instruct-2507,27,371,1.9946442931493933e-06,0.9999552985160037,0.9999572931602969,False,4.470148399626783e-05
Qwen/Qwen3-4B-instruct-2507,27,372,3.2884650724326334e-06,0.9999107202150285,0.9999140086801009,False,8.927978497152989e-05
Qwen/Qwen3-4B-instruct-2507,27,373,1.553449796641518e-06,0.99996769532457,0.9999692487743667,False,3.230467543002824e-05
Qwen/Qwen3-4B-instruct-2507,27,374,1.3708832564700653e-06,0.9999448091463223,0.9999461800295788,False,5.519085367766685e-05
Qwen/Qwen3-4B-instruct-2507,27,375,3.7263297708910677e-06,0.999912984788169,0.9999167111179399,False,8.701521183096528e-05
Qwen/Qwen3-4B-instruct-2507,27,376,1.553392019794238e-06,0.9999307442021305,0.9999322975941503,False,6.92557978695385e-05
Qwen/Qwen3-4B-instruct-2507,27,377,1.5534246115977353e-06,0.9999513649749275,0.9999529183995391,False,4.86350250724632e-05
Qwen/Qwen3-4B-instruct-2507,27,378,0.999838020821372,5.828521349593822e-05,0.9998963060348679,True,0.00016197917862803557
Qwen/Qwen3-4B-instruct-2507,27,379,1.553449796641518e-06,0.99996769532457,0.9999692487743667,False,3.230467543002824e-05
Qwen/Qwen3-4B-instruct-2507,27,380,6.475637210089345e-07,0.9999516033710262,0.9999522509347472,False,4.8396628973823574e-05
Qwen/Qwen3-4B-instruct-2507,27,381,8.938505994322105e-06,0.9998579227198175,0.9998668612258119,False,0.00014207728018245103
Qwen/Qwen3-4B-instruct-2507,27,382,1.2097840751720745e-06,0.9999313401638235,0.9999325499478986,False,6.865983617654337e-05
Qwen/Qwen3-4B-instruct-2507,27,383,1.0676744814282495e-06,0.9999718673999347,0.9999729350744161,False,2.813260006528928e-05
Qwen/Qwen3-4B-instruct-2507,27,384,2.9020823817264172e-06,0.9999177523560532,0.9999206544384349,False,8.224764394682005e-05
Qwen/Qwen3-4B-instruct-2507,27,385,7.337970254920738e-07,0.9999668609159512,0.9999675947129767,False,3.3139084048783296e-05
Qwen/Qwen3-4B-instruct-2507,27,386,1.0676571719351338e-06,0.9999562521044904,0.9999573197616622,False,4.3747895509649304e-05
Qwen/Qwen3-4B-instruct-2507,27,387,0.9999350351575294,2.9021321996997747e-06,0.999937937289729,False,0.9999970978678003
Qwen/Qwen3-4B-instruct-2507,27,388,6.475742196971513e-07,0.9999678145263777,0.9999684621005974,False,3.218547362227042e-05
Qwen/Qwen3-4B-instruct-2507,27,389,1.0676734632150038e-06,0.9999713905890374,0.9999724582625006,False,2.860941096261005e-05
Qwen/Qwen3-4B-instruct-2507,27,390,8.314502150588635e-07,0.9999059527170496,0.9999067841672646,False,9.404728295037135e-05
Qwen/Qwen3-4B-instruct-2507,27,391,1.0676642993394893e-06,0.9999624504845601,0.9999635181488594,False,3.754951543988305e-05
Qwen/Qwen3-4B-instruct-2507,27,392,5.714773380259851e-07,0.999958755287689,0.999959326765027,False,4.124471231103932e-05
Qwen/Qwen3-4B-instruct-2507,27,393,5.4217261188266595e-06,0.9999033306101257,0.9999087523362445,False,9.666938987429319e-05
Qwen/Qwen3-4B-instruct-2507,27,394,5.714806080548988e-07,0.9999643576942727,0.9999649291748808,False,3.564230572727922e-05
Qwen/Qwen3-4B-instruct-2507,27,395,9.422041472549844e-07,0.9999562521044904,0.9999571943086376,False,4.3747895509649304e-05
Qwen/Qwen3-4B-instruct-2507,27,396,3.7262977876833522e-06,0.9999042841054026,0.9999080104031902,False,9.571589459744789e-05
Qwen/Qwen3-4B-instruct-2507,27,397,6.475828658034883e-07,0.9999806884689187,0.9999813360517845,False,1.9311531081256383e-05
Qwen/Qwen3-4B-instruct-2507,27,398,7.337907272887129e-07,0.999957920890168,0.9999586546808953,False,4.2079109832005024e-05
Qwen/Qwen3-4B-instruct-2507,27,399,1.0676642993394893e-06,0.9999626888833015,0.9999637565476008,False,3.731111669846854e-05
Qwen/Qwen3-4B-instruct-2507,28,350,4.784679321601038e-06,0.9999083364559224,0.999913121135244,False,9.166354407763588e-05
Qwen/Qwen3-4B-instruct-2507,28,351,6.475828658034883e-07,0.9999805692637573,0.9999812168466231,False,1.9430736242664892e-05
Qwen/Qwen3-4B-instruct-2507,28,352,2.42941114158055e-05,0.9997232726263888,0.9997475667378046,False,0.00027672737361117417
Qwen/Qwen3-4B-instruct-2507,28,353,1.0676785542909426e-06,0.9999763971175267,0.9999774647960811,False,2.360288247327258e-05
Qwen/Qwen3-4B-instruct-2507,28,354,1.7602489446192234e-06,0.9999448091463223,0.9999465693952669,False,5.519085367766685e-05
Qwen/Qwen3-4B-instruct-2507,28,355,5.043370810438218e-07,0.999979138810205,0.999979643147286,False,2.0861189795051693e-05
Qwen/Qwen3-4B-instruct-2507,28,356,3.7264008456688265e-06,0.9999324129015863,0.999936139302432,False,6.75870984137017e-05
Qwen/Qwen3-4B-instruct-2507,28,357,1.0676805907281155e-06,0.9999777083605178,0.9999787760411085,False,2.2291639482197034e-05
Qwen/Qwen3-4B-instruct-2507,28,358,2.260228095200808e-06,0.9999549409187368,0.9999572011468321,False,4.5059081263176815e-05
Qwen/Qwen3-4B-instruct-2507,28,359,5.714936883576678e-07,0.9999877215940446,0.999988293087733,False,1.227840595541263e-05
Qwen/Qwen3-4B-instruct-2507,28,360,5.043139948528186e-07,0.9999334856404999,0.9999339899544948,False,6.651435950011386e-05
Qwen/Qwen3-4B-instruct-2507,28,361,5.043366000707302e-07,0.9999777083605178,0.9999782126971178,False,2.2291639482197034e-05
Qwen/Qwen3-4B-instruct-2507,28,362,1.5534112785045638e-06,0.9999429020102719,0.9999444554215504,False,5.709798972808322e-05
Qwen/Qwen3-4B-instruct-2507,28,363,7.338019241320615e-07,0.9999731786297104,0.9999739124316345,False,2.6821370289642488e-05
Qwen/Qwen3-4B-instruct-2507,28,364,0.9999330088642737,2.9021266643271706e-06,0.999935910990938,True,6.69911357262798e-05
Qwen/Qwen3-4B-instruct-2507,28,365,4.4507336514221903e-07,0.9999734170346474,0.9999738621080125,False,2.6582965352628385e-05
Qwen/Qwen3-4B-instruct-2507,28,366,3.288474480820132e-06,0.9999132231714799,0.9999165116459607,False,8.67768285200965e-05
Qwen/Qwen3-4B-instruct-2507,28,367,8.315112731197634e-07,0.9999790196052284,0.9999798511165016,False,2.098039477160807e-05
Qwen/Qwen3-4B-instruct-2507,28,368,5.421617538133992e-06,0.9998836652674489,0.999889086884987,False,0.00011633473255112659
Qwen/Qwen3-4B-instruct-2507,28,369,4.4507845863181117e-07,0.999984503032491,0.9999849481109496,False,1.5496967509021076e-05
Qwen/Qwen3-4B-instruct-2507,28,370,3.725775434147788e-06,0.9997640213064081,0.9997677470818422,False,0.0002359786935919317
Qwen/Qwen3-4B-instruct-2507,28,371,1.9946366841997753e-06,0.9999514841747886,0.9999534788114728,False,4.8515825211370434e-05
Qwen/Qwen3-4B-instruct-2507,28,372,1.3004085226865439e-05,0.9997529401969801,0.999765944282207,False,0.00024705980301986674
Qwen/Qwen3-4B-instruct-2507,28,373,6.475803954756127e-07,0.9999774699527387,0.9999781175331343,False,2.2530047261271058e-05
Qwen/Qwen3-4B-instruct-2507,28,374,2.5610542886854446e-06,0.9999086940219724,0.999911255076261,False,9.130597802764484e-05
Qwen/Qwen3-4B-instruct-2507,28,375,4.450763363373972e-07,0.9999798540367254,0.9999802991130617,False,2.0145963274598166e-05
Qwen/Qwen3-4B-instruct-2507,28,376,0.0009105463104571714,0.998535397110388,0.9994459434208451,False,0.0014646028896120322
Qwen/Qwen3-4B-instruct-2507,28,377,6.475760724245056e-07,0.9999699601613475,0.99997060773742,False,3.0039838652462514e-05
Qwen/Qwen3-4B-instruct-2507,28,378,0.00043047951114006587,0.9993891872665374,0.9998196667776774,False,0.0006108127334626401
Qwen/Qwen3-4B-instruct-2507,28,379,8.315096871393859e-07,0.99997663552505,0.9999774670347371,False,2.336447494999394e-05
Qwen/Qwen3-4B-instruct-2507,28,380,1.3707629831403865e-06,0.9998564926163067,0.9998578633792898,False,0.00014350738369328653
Qwen/Qwen3-4B-instruct-2507,28,381,1.0676602265311742e-06,0.9999585168898854,0.9999595845501119,False,4.148311011464845e-05
Qwen/Qwen3-4B-instruct-2507,28,382,2.90205747306043e-06,0.9999095283384027,0.9999124303958759,False,9.047166159725784e-05
Qwen/Qwen3-4B-instruct-2507,28,383,8.315073081744917e-07,0.9999746090656421,0.9999754405729503,False,2.5390934357938377e-05
Qwen/Qwen3-4B-instruct-2507,28,384,6.960976895883923e-06,0.9998094206693467,0.9998163816462426,False,0.00019057933065325106
Qwen/Qwen3-4B-instruct-2507,28,385,5.714871481688603e-07,0.9999763971175267,0.9999769686046749,False,2.360288247327258e-05
Qwen/Qwen3-4B-instruct-2507,28,386,1.9946157597379893e-06,0.999940756491565,0.9999427511073248,False,5.924350843500292e-05
Qwen/Qwen3-4B-instruct-2507,28,387,5.714866031565047e-07,0.999974847472739,0.9999754189593422,False,2.515252726098538e-05
Qwen/Qwen3-4B-instruct-2507,28,388,4.222331797012599e-06,0.9998769911463891,0.999881213478186,False,0.00012300885361093972
Qwen/Qwen3-4B-instruct-2507,28,389,5.714915082864157e-07,0.9999833109787883,0.9999838824702967,False,1.6689021211657717e-05
Qwen/Qwen3-4B-instruct-2507,28,390,1.0675960818495357e-06,0.9998990399290077,0.9999001075250896,False,0.0001009600709922509
Qwen/Qwen3-4B-instruct-2507,28,391,8.315041362318869e-07,0.9999705561718785,0.9999713876760147,False,2.9443828121533677e-05
Qwen/Qwen3-4B-instruct-2507,28,392,0.9999834301824576,5.3156940037059986e-08,0.9999834833393977,True,1.6569817542388954e-05
Qwen/Qwen3-4B-instruct-2507,28,393,5.714860581446691e-07,0.9999740130508765,0.9999745845369347,False,2.5986949123479874e-05
Qwen/Qwen3-4B-instruct-2507,28,394,9.422005530382557e-07,0.9999523185560253,0.9999532607565783,False,4.768144397471197e-05
Qwen/Qwen3-4B-instruct-2507,28,395,5.043327523025098e-07,0.9999707945761903,0.9999712989089427,False,2.920542380968616e-05
Qwen/Qwen3-4B-instruct-2507,28,396,2.5610518462749113e-06,0.9999078597062382,0.9999104207580845,False,9.214029376181099e-05
Qwen/Qwen3-4B-instruct-2507,28,397,6.475834833869297e-07,0.9999815229018083,0.9999821704852917,False,1.847709819169374e-05
Qwen/Qwen3-4B-instruct-2507,28,398,1.0676530991540077e-06,0.9999521993597025,0.9999532670128016,False,4.7800640297523955e-05
Qwen/Qwen3-4B-instruct-2507,28,399,5.043390049407754e-07,0.9999830725678546,0.9999835769068595,False,1.6927432145430465e-05
Qwen/Qwen3-4B-instruct-2507,29,350,1.7602388724227866e-06,0.9999386109847371,0.9999403712236096,False,6.138901526286933e-05
Qwen/Qwen3-4B-instruct-2507,29,351,1.4737653092854289e-05,0.9998948684630514,0.9999096061161443,False,0.00010513153694857724
Qwen/Qwen3-4B-instruct-2507,29,352,1.4736851984117786e-05,0.9998407617436356,0.9998554985956197,False,0.00015923825636443567
Qwen/Qwen3-4B-instruct-2507,29,353,0.0001233842674001058,0.9997930954868989,0.999916479754299,False,0.0002069045131011249
Qwen/Qwen3-4B-instruct-2507,29,354,0.9957083664224265,0.004069231690555291,0.9997775981129818,False,0.9959307683094447
Qwen/Qwen3-4B-instruct-2507,29,355,0.9910594905293267,0.008574344336771494,0.9996338348660982,False,0.9914256556632285
Qwen/Qwen3-4B-instruct-2507,29,356,0.006690821841448569,0.993005900128882,0.9996967219703305,False,0.006994099871117987
Qwen/Qwen3-4B-instruct-2507,29,357,0.00020339891363222083,0.9996588202558313,0.9998622191694635,False,0.0003411797441686959
Qwen/Qwen3-4B-instruct-2507,29,358,0.001926151860576372,0.9977713534925146,0.9996975053530909,False,0.0022286465074854434
Qwen/Qwen3-4B-instruct-2507,29,359,9.609121422998264e-05,0.9997876141585559,0.9998837053727858,False,0.0002123858414441182
Qwen/Qwen3-4B-instruct-2507,29,360,6.47569896687272e-07,0.9999604240811819,0.9999610716510786,False,3.957591881809108e-05
Qwen/Qwen3-4B-instruct-2507,29,361,0.0011675055455678594,0.9971185741141574,0.9982860796597253,False,0.0028814258858426145
Qwen/Qwen3-4B-instruct-2507,29,362,0.00010883546690642646,0.999326563697922,0.9994353991648285,False,0.0006734363020779455
Qwen/Qwen3-4B-instruct-2507,29,363,5.143289053178914e-05,0.9997677150562424,0.9998191479467742,False,0.00023228494375759912
Qwen/Qwen3-4B-instruct-2507,29,364,4.222513003723403e-06,0.9999197785820156,0.9999240010950193,False,8.022141798436078e-05
Qwen/Qwen3-4B-instruct-2507,29,365,5.1427201020200154e-05,0.9996563185617119,0.9997077457627321,False,0.0003436814382881126
Qwen/Qwen3-4B-instruct-2507,29,366,0.00020339930158523066,0.9996604880359932,0.9998638873375784,False,0.00033951196400683337
Qwen/Qwen3-4B-instruct-2507,29,367,1.3006119258507831e-05,0.9999094091471806,0.9999224152664391,False,9.059085281937218e-05
Qwen/Qwen3-4B-instruct-2507,29,368,0.9999297906597954,5.4218657257696885e-06,0.9999352125255211,False,0.9999945781342743
Qwen/Qwen3-4B-instruct-2507,29,369,0.991173664336121,0.00857533382683015,0.9997489981629512,False,0.9914246661731698
Qwen/Qwen3-4B-instruct-2507,29,370,0.9520655859346597,0.04740055318155358,0.9994661391162133,False,0.9525994468184464
Qwen/Qwen3-4B-instruct-2507,29,371,0.0002611208105938701,0.9994727769827637,0.9997338977933575,False,0.0005272230172362891
Qwen/Qwen3-4B-instruct-2507,29,372,0.9991743235349113,0.0007095881107593346,0.9998839116456707,False,0.9992904118892406
Qwen/Qwen3-4B-instruct-2507,29,373,0.00026116314814154934,0.9996351143319332,0.9998962774800747,False,0.00036488566806680556
Qwen/Qwen3-4B-instruct-2507,29,374,2.7533166944833888e-05,0.999881162465012,0.9999086956319568,False,0.00011883753498798111
Qwen/Qwen3-4B-instruct-2507,29,375,3.2885842473298866e-06,0.9999468354816792,0.9999501240659265,False,5.316451832082514e-05
Qwen/Qwen3-4B-instruct-2507,29,376,0.1190947943075117,0.8799981686807874,0.9990929629882991,False,0.1200018313192126
Qwen/Qwen3-4B-instruct-2507,29,377,0.9983984886986191,0.0015010316363731724,0.9998995203349923,True,0.0016015113013808646
Qwen/Qwen3-4B-instruct-2507,29,378,6.9618200370622075e-06,0.9999300290398373,0.9999369908598743,False,6.997096016270188e-05
Qwen/Qwen3-4B-instruct-2507,29,379,0.000158423096242396,0.9997585402974957,0.999916963393738,False,0.0002414597025043319
Qwen/Qwen3-4B-instruct-2507,29,380,6.602797682507719e-05,0.999567814778149,0.9996338427549741,False,0.00043218522185095587
Qwen/Qwen3-4B-instruct-2507,29,381,0.022951984363416764,0.9759431401032419,0.9988951244666586,False,0.024056859896758098
Qwen/Qwen3-4B-instruct-2507,29,382,0.00043037011686410104,0.9991355269493887,0.9995658970662528,False,0.0008644730506113252
Qwen/Qwen3-4B-instruct-2507,29,383,0.00012337944308974167,0.9997537742525157,0.9998771536956054,False,0.000246225747484341
Qwen/Qwen3-4B-instruct-2507,29,384,4.784651943524679e-06,0.9999028538701035,0.999907638522047,False,9.714612989653038e-05
Qwen/Qwen3-4B-instruct-2507,29,385,1.4737343887830738e-05,0.9998738924837743,0.9998886298276621,False,0.00012610751622565974
Qwen/Qwen3-4B-instruct-2507,29,386,0.00247180844320599,0.9971987023991382,0.9996705108423442,False,0.002801297600861785
Qwen/Qwen3-4B-instruct-2507,29,387,0.999341206901095,0.0005527200137246446,0.9998939269148196,False,0.9994472799862754
Qwen/Qwen3-4B-instruct-2507,29,388,0.0005525924666421911,0.9991105368776039,0.9996631293442461,False,0.000889463122396128
Qwen/Qwen3-4B-instruct-2507,29,389,3.119984987746036e-05,0.9999028538701035,0.9999340537199809,False,9.714612989653038e-05
Qwen/Qwen3-4B-instruct-2507,29,390,3.535021817978977e-05,0.9997939296050322,0.999829279823212,False,0.00020607039496778334
Qwen/Qwen3-4B-instruct-2507,29,391,0.000709404067890516,0.9989154194354162,0.9996248235033067,False,0.0010845805645838258
Qwen/Qwen3-4B-instruct-2507,29,392,7.888121103605544e-06,0.9998477929052435,0.9998556810263471,False,0.00015220709475649574
Qwen/Qwen3-4B-instruct-2507,29,393,0.9983545244650409,0.001500965073316714,0.9998554895383577,False,0.9984990349266832
Qwen/Qwen3-4B-instruct-2507,29,394,6.603603737280875e-05,0.9996902710245996,0.9997563070619724,False,0.0003097289754003807
Qwen/Qwen3-4B-instruct-2507,29,395,0.998639054043598,0.0011692861472612144,0.9998083401908592,False,0.9988307138527388
Qwen/Qwen3-4B-instruct-2507,29,396,1.4737273614866492e-05,0.9998691253359875,0.9998838626096024,False,0.00013087466401251469
Qwen/Qwen3-4B-instruct-2507,29,397,1.4738383966880965e-05,0.9999448091463223,0.9999595475302893,False,5.519085367766685e-05
Qwen/Qwen3-4B-instruct-2507,29,398,9.608479966348125e-05,0.9997205323317099,0.9998166171313734,False,0.00027946766829012315
Qwen/Qwen3-4B-instruct-2507,29,399,0.9992207405686209,0.0007096209322422662,0.9999303615008631,False,0.9992903790677578
